ISO-10303-21;
HEADER;
FILE_DESCRIPTION (( 'STEP AP214' ),
    '1' );
FILE_NAME ('SOD993_L1.0-W0.6-H0.3-LS1.0-RD.step',
    '2022-07-29T07:54:40',
    ( '' ),
    ( '' ),
    'SwSTEP 2.0',
    'SolidWorks 2020',
    '' );
FILE_SCHEMA (( 'AUTOMOTIVE_DESIGN' ));
ENDSEC;

DATA;
#1 = MECHANICAL_DESIGN_GEOMETRIC_PRESENTATION_REPRESENTATION (  '', ( #5733 ), #193 ) ;
#2 = CARTESIAN_POINT ( 'NONE',  ( 0.2265750020595469760, 0.3000000000000000444, 0.08909462447471964974 ) ) ;
#3 =( NAMED_UNIT ( * ) SI_UNIT ( $, .STERADIAN. ) SOLID_ANGLE_UNIT ( ) );
#4 = CARTESIAN_POINT ( 'NONE',  ( -0.5000000000000000000, -0.2999999999999999334, 0.2499999999999999445 ) ) ;
#5 = VECTOR ( 'NONE', #4287, 1000.000000000000114 ) ;
#6 = CARTESIAN_POINT ( 'NONE',  ( -0.1011360593096691241, 0.3000000000383806209, 0.09143328301897346577 ) ) ;
#7 = CARTESIAN_POINT ( 'NONE',  ( -0.08296386798547464303, 0.3010000000383806773, 0.07356350449083751131 ) ) ;
#8 = CARTESIAN_POINT ( 'NONE',  ( -0.4134856939638866247, 0.2375113646789956401, 0.2999999999999999889 ) ) ;
#9 = EDGE_CURVE ( 'NONE', #4448, #561, #1608, .T. ) ;
#10 = ADVANCED_FACE ( 'NONE', ( #5550 ), #6466, .F. ) ;
#11 = PRESENTATION_STYLE_ASSIGNMENT (( #10403 ) ) ;
#12 = CARTESIAN_POINT ( 'NONE',  ( -0.1046489127492169630, 0.3010000000383806218, 0.07874379867667745392 ) ) ;
#13 = ORIENTED_EDGE ( 'NONE', *, *, #2164, .T. ) ;
#14 = COLOUR_RGB ( '',1.000000000000000000, 1.000000000000000000, 1.000000000000000000 ) ;
#15 = CARTESIAN_POINT ( 'NONE',  ( 0.3032626830731077749, 0.3000000000000000444, 0.1638195300207760940 ) ) ;
#16 =( NAMED_UNIT ( * ) PLANE_ANGLE_UNIT ( ) SI_UNIT ( $, .RADIAN. ) );
#17 = ORIENTED_EDGE ( 'NONE', *, *, #3927, .F. ) ;
#18 =( GEOMETRIC_REPRESENTATION_CONTEXT ( 3 ) GLOBAL_UNCERTAINTY_ASSIGNED_CONTEXT ( ( #7432 ) ) GLOBAL_UNIT_ASSIGNED_CONTEXT ( ( #11999, #1547, #1619 ) ) REPRESENTATION_CONTEXT ( 'NONE', 'WORKASPACE' ) );
#19 = UNCERTAINTY_MEASURE_WITH_UNIT (LENGTH_MEASURE( 1.000000000000000082E-05 ), #3857, 'distance_accuracy_value', 'NONE');
#20 = B_SPLINE_SURFACE_WITH_KNOTS ( 'NONE', 3, 1, ( 
 ( #9230, #12205 ),
 ( #5515, #7436 ),
 ( #12145, #11210 ),
 ( #2977, #6864 ) ),
 .UNSPECIFIED., .F., .F., .F.,
 ( 4, 4 ),
 ( 2, 2 ),
 ( 24.00000000000000000, 25.00000000000000000 ),
 ( 0.0000000000000000000, 1.000000000000000000 ),
 .UNSPECIFIED. ) ;
#21 = STYLED_ITEM ( 'NONE', ( #4982 ), #9762 ) ;
#22 =( LENGTH_UNIT ( ) NAMED_UNIT ( * ) SI_UNIT ( .MILLI., .METRE. ) );
#23 = VECTOR ( 'NONE', #5287, 1000.000000000000000 ) ;
#24 = CARTESIAN_POINT ( 'NONE',  ( -0.06673863277530867055, 0.3010000000383806773, 0.07511348166149579841 ) ) ;
#25 = ORIENTED_EDGE ( 'NONE', *, *, #10086, .F. ) ;
#26 = SURFACE_SIDE_STYLE ('',( #2145 ) ) ;
#27 = VECTOR ( 'NONE', #10182, 1000.000000000000000 ) ;
#28 = ADVANCED_FACE ( 'NONE', ( #7739 ), #6010, .T. ) ;
#29 = AXIS2_PLACEMENT_3D ( 'NONE', #7035, #10805, #8956 ) ;
#30 = ADVANCED_FACE ( 'NONE', ( #9831 ), #2179, .F. ) ;
#31 =( NAMED_UNIT ( * ) SI_UNIT ( $, .STERADIAN. ) SOLID_ANGLE_UNIT ( ) );
#32 = STYLED_ITEM ( 'NONE', ( #8531 ), #10187 ) ;
#33 = VECTOR ( 'NONE', #6435, 1000.000000000000000 ) ;
#34 =( NAMED_UNIT ( * ) SI_UNIT ( $, .STERADIAN. ) SOLID_ANGLE_UNIT ( ) );
#35 = ORIENTED_EDGE ( 'NONE', *, *, #5914, .T. ) ;
#36 = COLOUR_RGB ( '',1.000000000000000000, 1.000000000000000000, 1.000000000000000000 ) ;
#37 = COLOUR_RGB ( '',1.000000000000000000, 1.000000000000000000, 1.000000000000000000 ) ;
#38 =( GEOMETRIC_REPRESENTATION_CONTEXT ( 3 ) GLOBAL_UNCERTAINTY_ASSIGNED_CONTEXT ( ( #2168 ) ) GLOBAL_UNIT_ASSIGNED_CONTEXT ( ( #8841, #10636, #6054 ) ) REPRESENTATION_CONTEXT ( 'NONE', 'WORKASPACE' ) );
#39 = CARTESIAN_POINT ( 'NONE',  ( -0.08308532021538193868, 0.3010000000383806218, 0.09068788668674329645 ) ) ;
#40 = CARTESIAN_POINT ( 'NONE',  ( -0.1125910249069113911, 0.3000000000000000444, 0.07481947365459803989 ) ) ;
#41 = CARTESIAN_POINT ( 'NONE',  ( -0.04820000645229045172, 0.3010000000383806773, 0.1529168339975156554 ) ) ;
#42 = ORIENTED_EDGE ( 'NONE', *, *, #7606, .F. ) ;
#43 =( GEOMETRIC_REPRESENTATION_CONTEXT ( 3 ) GLOBAL_UNCERTAINTY_ASSIGNED_CONTEXT ( ( #7676 ) ) GLOBAL_UNIT_ASSIGNED_CONTEXT ( ( #3036, #2117, #3394 ) ) REPRESENTATION_CONTEXT ( 'NONE', 'WORKASPACE' ) );
#44 = MECHANICAL_DESIGN_GEOMETRIC_PRESENTATION_REPRESENTATION (  '', ( #5383 ), #9132 ) ;
#45 = VECTOR ( 'NONE', #8626, 1000.000000000000000 ) ;
#46 = PRESENTATION_LAYER_ASSIGNMENT (  '', '', ( #8747 ) ) ;
#47 = LINE ( 'NONE', #1290, #4970 ) ;
#48 = ORIENTED_EDGE ( 'NONE', *, *, #3187, .F. ) ;
#49 = DIRECTION ( 'NONE',  ( 0.0000000000000000000, -0.0000000000000000000, -1.000000000000000000 ) ) ;
#50 = CARTESIAN_POINT ( 'NONE',  ( -0.2454290338427567442, 0.3000000000383806209, 0.06168067198567349363 ) ) ;
#51 = ORIENTED_EDGE ( 'NONE', *, *, #12055, .F. ) ;
#52 = DIRECTION ( 'NONE',  ( 0.007092178509962503846, -0.0000000000000000000, -0.9999748501857348426 ) ) ;
#53 = LINE ( 'NONE', #4866, #3368 ) ;
#54 = ORIENTED_EDGE ( 'NONE', *, *, #1481, .T. ) ;
#55 = PRESENTATION_LAYER_ASSIGNMENT (  '', '', ( #11490 ) ) ;
#56 = PLANE ( 'NONE',  #8228 ) ;
#57 = ORIENTED_EDGE ( 'NONE', *, *, #11040, .T. ) ;
#58 = EDGE_CURVE ( 'NONE', #1625, #11425, #8819, .T. ) ;
#59 = CARTESIAN_POINT ( 'NONE',  ( -0.2028220619280017845, 0.3000000000000000444, 0.1831073017652502244 ) ) ;
#60 = CARTESIAN_POINT ( 'NONE',  ( -0.06170677045693973711, 0.3010000000383806218, 0.05615231452637654136 ) ) ;
#61 = CARTESIAN_POINT ( 'NONE',  ( -0.04820231503667324335, 0.3000000000000000444, 0.06307947426199814189 ) ) ;
#62 = CARTESIAN_POINT ( 'NONE',  ( -0.2325172464158174468, 0.3000000000383806764, 0.2005522263714948628 ) ) ;
#63 = SURFACE_STYLE_FILL_AREA ( #3041 ) ;
#64 = ORIENTED_EDGE ( 'NONE', *, *, #2875, .T. ) ;
#65 = DIRECTION ( 'NONE',  ( 0.007092178509958387347, -0.0000000000000000000, -0.9999748501857349536 ) ) ;
#66 = CARTESIAN_POINT ( 'NONE',  ( -0.07130338486278821331, 0.3010000000383806218, 0.06119998952027910777 ) ) ;
#67 = SURFACE_STYLE_FILL_AREA ( #2500 ) ;
#68 = B_SPLINE_CURVE_WITH_KNOTS ( 'NONE', 3,
 ( #9328, #8389, #4802, #2043 ),
 .UNSPECIFIED., .F., .F.,
 ( 4, 4 ),
 ( 11.00000000000000000, 12.00000000000000000 ),
 .UNSPECIFIED. ) ;
#69 = B_SPLINE_CURVE_WITH_KNOTS ( 'NONE', 3,
 ( #2269, #8869, #4163, #11729 ),
 .UNSPECIFIED., .F., .F.,
 ( 4, 4 ),
 ( 17.00000000000000000, 18.00000000000000000 ),
 .UNSPECIFIED. ) ;
#70 = CARTESIAN_POINT ( 'NONE',  ( 0.2109310183554720664, 0.3010000000383806218, 0.2152215261950932990 ) ) ;
#71 = CARTESIAN_POINT ( 'NONE',  ( 0.1120895504005327420, 0.3010000000383806773, 0.08351078173869919130 ) ) ;
#72 = STYLED_ITEM ( 'NONE', ( #6577 ), #5317 ) ;
#73 = EDGE_CURVE ( 'NONE', #8015, #2512, #3809, .T. ) ;
#74 = LINE ( 'NONE', #7, #9624 ) ;
#75 = DIRECTION ( 'NONE',  ( -0.0000000000000000000, -1.000000000000000000, -0.0000000000000000000 ) ) ;
#76 = CARTESIAN_POINT ( 'NONE',  ( 0.08957883040271545638, 0.3010000000383806218, 0.1991776039546407917 ) ) ;
#77 = ORIENTED_EDGE ( 'NONE', *, *, #9317, .T. ) ;
#78 =( NAMED_UNIT ( * ) SI_UNIT ( $, .STERADIAN. ) SOLID_ANGLE_UNIT ( ) );
#79 = CARTESIAN_POINT ( 'NONE',  ( -0.1945930286049418756, 0.3000000000383806209, 0.1905585297204474005 ) ) ;
#80 = VERTEX_POINT ( 'NONE', #6837 ) ;
#81 = VECTOR ( 'NONE', #7598, 1000.000000000000114 ) ;
#82 = CARTESIAN_POINT ( 'NONE',  ( -0.2141954948231271638, 0.3000000000383806764, 0.08242752886748960783 ) ) ;
#83 = EDGE_CURVE ( 'NONE', #11261, #1908, #1906, .T. ) ;
#84 = ADVANCED_FACE ( 'NONE', ( #11474 ), #6744, .T. ) ;
#85 = CARTESIAN_POINT ( 'NONE',  ( -0.05995991569839129870, 0.3010000000383806773, 0.08913625659843754656 ) ) ;
#86 = SURFACE_STYLE_FILL_AREA ( #1907 ) ;
#87 = LINE ( 'NONE', #11459, #3390 ) ;
#88 = VERTEX_POINT ( 'NONE', #8628 ) ;
#89 =( LENGTH_UNIT ( ) NAMED_UNIT ( * ) SI_UNIT ( .MILLI., .METRE. ) );
#90 = PRESENTATION_STYLE_ASSIGNMENT (( #3063 ) ) ;
#91 = STYLED_ITEM ( 'NONE', ( #1128 ), #6075 ) ;
#92 = DIRECTION ( 'NONE',  ( -1.000000000000000000, -0.0000000000000000000, -0.0000000000000000000 ) ) ;
#93 = UNCERTAINTY_MEASURE_WITH_UNIT (LENGTH_MEASURE( 1.000000000000000082E-05 ), #1067, 'distance_accuracy_value', 'NONE');
#94 = CARTESIAN_POINT ( 'NONE',  ( -0.07010858147790999251, 0.3000000000000000444, 0.08185857505698615477 ) ) ;
#95 = CARTESIAN_POINT ( 'NONE',  ( -0.1563250175356250826, 0.3010000000383806773, 0.06611823915281013486 ) ) ;
#96 = DIRECTION ( 'NONE',  ( -1.000000000000000000, 1.807003620809174139E-16, 0.0000000000000000000 ) ) ;
#97 = ORIENTED_EDGE ( 'NONE', *, *, #2164, .F. ) ;
#98 = EDGE_CURVE ( 'NONE', #9813, #6807, #10552, .T. ) ;
#99 = MECHANICAL_DESIGN_GEOMETRIC_PRESENTATION_REPRESENTATION (  '', ( #8996 ), #2283 ) ;
#100 = SURFACE_STYLE_USAGE ( .BOTH. , #10367 ) ;
#101 = SURFACE_STYLE_FILL_AREA ( #1855 ) ;
#102 = CARTESIAN_POINT ( 'NONE',  ( -0.05857630941871455610, 0.3000000000000000444, 0.1601425257019531423 ) ) ;
#103 = VERTEX_POINT ( 'NONE', #7769 ) ;
#104 = CARTESIAN_POINT ( 'NONE',  ( -0.2325172464158174468, 0.3010000000383806218, 0.2005522263714948350 ) ) ;
#105 =( NAMED_UNIT ( * ) SI_UNIT ( $, .STERADIAN. ) SOLID_ANGLE_UNIT ( ) );
#106 =( LENGTH_UNIT ( ) NAMED_UNIT ( * ) SI_UNIT ( .MILLI., .METRE. ) );
#107 = ORIENTED_EDGE ( 'NONE', *, *, #8782, .T. ) ;
#108 = B_SPLINE_CURVE_WITH_KNOTS ( 'NONE', 3,
 ( #5422, #11235, #900, #6341 ),
 .UNSPECIFIED., .F., .F.,
 ( 4, 4 ),
 ( 35.00000000000000000, 36.00000000000000000 ),
 .UNSPECIFIED. ) ;
#109 = CARTESIAN_POINT ( 'NONE',  ( -0.1224997779783061347, 0.3000000000000000444, 0.06670126856538299842 ) ) ;
#110 = CARTESIAN_POINT ( 'NONE',  ( 0.1585076185311927455, 0.3000000000000000444, 0.2057397728603544695 ) ) ;
#111 = ORIENTED_EDGE ( 'NONE', *, *, #8089, .F. ) ;
#112 = EDGE_CURVE ( 'NONE', #3679, #11440, #5788, .T. ) ;
#113 = CARTESIAN_POINT ( 'NONE',  ( -0.1563250175356250826, 0.3010000000383806218, 0.06611823915281013486 ) ) ;
#114 = ORIENTED_EDGE ( 'NONE', *, *, #6287, .T. ) ;
#115 = LINE ( 'NONE', #5803, #9412 ) ;
#116 = ORIENTED_EDGE ( 'NONE', *, *, #3777, .F. ) ;
#117 =( NAMED_UNIT ( * ) SI_UNIT ( $, .STERADIAN. ) SOLID_ANGLE_UNIT ( ) );
#118 = SURFACE_SIDE_STYLE ('',( #12249 ) ) ;
#119 = SURFACE_SIDE_STYLE ('',( #11436 ) ) ;
#120 = CARTESIAN_POINT ( 'NONE',  ( -0.1356768246753327356, 0.3010000000383806218, 0.03560145137876107035 ) ) ;
#121 = AXIS2_PLACEMENT_3D ( 'NONE', #8001, #2322, #4105 ) ;
#122 = EDGE_CURVE ( 'NONE', #3360, #4293, #5860, .T. ) ;
#123 = PLANE ( 'NONE',  #3028 ) ;
#124 = EDGE_LOOP ( 'NONE', ( #10335, #9820, #7576, #1929 ) ) ;
#125 = UNCERTAINTY_MEASURE_WITH_UNIT (LENGTH_MEASURE( 1.000000000000000082E-05 ), #9767, 'distance_accuracy_value', 'NONE');
#126 = CARTESIAN_POINT ( 'NONE',  ( 0.2398746465872760858, 0.3000000000000000444, 0.1711785080609857512 ) ) ;
#127 = PLANE ( 'NONE',  #3174 ) ;
#128 = CARTESIAN_POINT ( 'NONE',  ( -0.1414015620100129988, 0.3010000000383806773, 0.1522558153035966089 ) ) ;
#129 = FACE_OUTER_BOUND ( 'NONE', #10764, .T. ) ;
#130 = ORIENTED_EDGE ( 'NONE', *, *, #5504, .F. ) ;
#131 = CARTESIAN_POINT ( 'NONE',  ( -0.06920899134719891987, 0.3000000000383806209, 0.07596937961273876605 ) ) ;
#132 = CARTESIAN_POINT ( 'NONE',  ( 0.3107631713427365661, 0.3000000000000000444, 0.1460866349904363648 ) ) ;
#133 = CIRCLE ( 'NONE', #10995, 0.05000000000000002359 ) ;
#134 = SURFACE_SIDE_STYLE ('',( #1011 ) ) ;
#135 = ORIENTED_EDGE ( 'NONE', *, *, #6379, .T. ) ;
#136 = UNCERTAINTY_MEASURE_WITH_UNIT (LENGTH_MEASURE( 1.000000000000000082E-05 ), #9713, 'distance_accuracy_value', 'NONE');
#137 = CARTESIAN_POINT ( 'NONE',  ( -0.3053734500857562817, 0.3000000000383806764, 0.1153138984199494621 ) ) ;
#138 = CARTESIAN_POINT ( 'NONE',  ( 0.2006001891220481892, 0.3010000000383806218, 0.08153567847897424947 ) ) ;
#139 = FACE_OUTER_BOUND ( 'NONE', #9563, .T. ) ;
#140 = SURFACE_STYLE_USAGE ( .BOTH. , #11401 ) ;
#141 = CARTESIAN_POINT ( 'NONE',  ( -0.06673863277530867055, 0.3000000000000000444, 0.07511348166149579841 ) ) ;
#142 = ORIENTED_EDGE ( 'NONE', *, *, #10214, .F. ) ;
#143 = CARTESIAN_POINT ( 'NONE',  ( -0.1303215468131936616, 0.3000000000000000444, 0.06340166750123270301 ) ) ;
#144 = AXIS2_PLACEMENT_3D ( 'NONE', #11642, #6867, #11518 ) ;
#145 = MECHANICAL_DESIGN_GEOMETRIC_PRESENTATION_REPRESENTATION (  '', ( #11004 ), #4678 ) ;
#146 = EDGE_CURVE ( 'NONE', #6768, #2412, #10733, .T. ) ;
#147 = FACE_OUTER_BOUND ( 'NONE', #10309, .T. ) ;
#148 = SURFACE_STYLE_FILL_AREA ( #5783 ) ;
#149 = SURFACE_SIDE_STYLE ('',( #11779 ) ) ;
#150 = DIRECTION ( 'NONE',  ( 0.0000000000000000000, 0.0000000000000000000, 1.000000000000000000 ) ) ;
#151 = VECTOR ( 'NONE', #443, 1000.000000000000114 ) ;
#152 = DIRECTION ( 'NONE',  ( 1.000000000000000000, 0.0000000000000000000, 0.0000000000000000000 ) ) ;
#153 = ORIENTED_EDGE ( 'NONE', *, *, #6124, .T. ) ;
#154 = VECTOR ( 'NONE', #1592, 1000.000000000000000 ) ;
#155 = SURFACE_STYLE_USAGE ( .BOTH. , #2094 ) ;
#156 = CARTESIAN_POINT ( 'NONE',  ( -0.1608522898302235382, 0.3010000000383806773, 0.1590740192064438174 ) ) ;
#157 = CARTESIAN_POINT ( 'NONE',  ( -0.1372180620872272827, 0.3000000000000000444, 0.04179803125115081480 ) ) ;
#158 = VERTEX_POINT ( 'NONE', #9573 ) ;
#159 = CARTESIAN_POINT ( 'NONE',  ( 0.09992199848931948569, 0.3010000000383806218, 0.2087947179843276935 ) ) ;
#160 = LINE ( 'NONE', #12234, #6013 ) ;
#161 = COLOUR_RGB ( '',1.000000000000000000, 1.000000000000000000, 1.000000000000000000 ) ;
#162 = EDGE_CURVE ( 'NONE', #4810, #9678, #8067, .T. ) ;
#163 =( GEOMETRIC_REPRESENTATION_CONTEXT ( 3 ) GLOBAL_UNCERTAINTY_ASSIGNED_CONTEXT ( ( #1260 ) ) GLOBAL_UNIT_ASSIGNED_CONTEXT ( ( #4591, #16, #3792 ) ) REPRESENTATION_CONTEXT ( 'NONE', 'WORKASPACE' ) );
#164 = SURFACE_STYLE_FILL_AREA ( #11309 ) ;
#165 = ORIENTED_EDGE ( 'NONE', *, *, #11742, .T. ) ;
#166 = CARTESIAN_POINT ( 'NONE',  ( -0.1032275776034935477, 0.3010000000383806218, 0.08065668413473843501 ) ) ;
#167 = CARTESIAN_POINT ( 'NONE',  ( -0.3097798096351688235, 0.3000000000383806209, 0.1054566875151959487 ) ) ;
#168 = ORIENTED_EDGE ( 'NONE', *, *, #2450, .T. ) ;
#169 = COLOUR_RGB ( '',0.1019607843137254888, 0.1019607843137254888, 0.1019607843137254888 ) ;
#170 = VERTEX_POINT ( 'NONE', #9679 ) ;
#171 = FILL_AREA_STYLE_COLOUR ( '', #3673 ) ;
#172 = VERTEX_POINT ( 'NONE', #9801 ) ;
#173 = DIRECTION ( 'NONE',  ( -0.0000000000000000000, -1.000000000000000000, -0.0000000000000000000 ) ) ;
#174 = SURFACE_STYLE_USAGE ( .BOTH. , #10575 ) ;
#175 = ADVANCED_FACE ( 'NONE', ( #8192 ), #10767, .F. ) ;
#176 =( LENGTH_UNIT ( ) NAMED_UNIT ( * ) SI_UNIT ( .MILLI., .METRE. ) );
#177 = PLANE ( 'NONE',  #2609 ) ;
#178 = CARTESIAN_POINT ( 'NONE',  ( -0.1697108044815270333, 0.3010000000383806773, 0.1590111914590974507 ) ) ;
#179 =( GEOMETRIC_REPRESENTATION_CONTEXT ( 3 ) GLOBAL_UNCERTAINTY_ASSIGNED_CONTEXT ( ( #10780 ) ) GLOBAL_UNIT_ASSIGNED_CONTEXT ( ( #229, #980, #2955 ) ) REPRESENTATION_CONTEXT ( 'NONE', 'WORKASPACE' ) );
#180 = ORIENTED_EDGE ( 'NONE', *, *, #11176, .T. ) ;
#181 = CARTESIAN_POINT ( 'NONE',  ( 0.2085159836680587631, 0.3010000000383806218, 0.1887421675795295517 ) ) ;
#182 = CARTESIAN_POINT ( 'NONE',  ( -0.1847385718664072418, 0.3000000000383806764, 0.1161694840286279784 ) ) ;
#183 = CARTESIAN_POINT ( 'NONE',  ( 0.2637328348575166959, 0.3010000000383806218, 0.1713477188467424639 ) ) ;
#184 = SURFACE_STYLE_FILL_AREA ( #4547 ) ;
#185 = AXIS2_PLACEMENT_3D ( 'NONE', #3625, #9380, #903 ) ;
#186 = CARTESIAN_POINT ( 'NONE',  ( -0.1218664269627946772, 0.3000000000383806209, 0.06976272567273819614 ) ) ;
#187 = CARTESIAN_POINT ( 'NONE',  ( -0.1089894625464456063, 0.3010000000383806218, 0.08819584463670156194 ) ) ;
#188 = MECHANICAL_DESIGN_GEOMETRIC_PRESENTATION_REPRESENTATION (  '', ( #3162 ), #991 ) ;
#189 = ORIENTED_EDGE ( 'NONE', *, *, #2725, .F. ) ;
#190 = CARTESIAN_POINT ( 'NONE',  ( -0.1385268197412866664, 0.3010000000383806773, 0.1867450458123980361 ) ) ;
#191 =( LENGTH_UNIT ( ) NAMED_UNIT ( * ) SI_UNIT ( .MILLI., .METRE. ) );
#192 = VERTEX_POINT ( 'NONE', #4426 ) ;
#193 =( GEOMETRIC_REPRESENTATION_CONTEXT ( 3 ) GLOBAL_UNCERTAINTY_ASSIGNED_CONTEXT ( ( #3240 ) ) GLOBAL_UNIT_ASSIGNED_CONTEXT ( ( #1660, #11922, #8542 ) ) REPRESENTATION_CONTEXT ( 'NONE', 'WORKASPACE' ) );
#194 = DIRECTION ( 'NONE',  ( 0.9999748501857348426, -0.0000000000000000000, 0.007092178509962993906 ) ) ;
#195 = CARTESIAN_POINT ( 'NONE',  ( 0.2174655103380818133, 0.3010000000383806218, 0.08903001670842267123 ) ) ;
#196 = CARTESIAN_POINT ( 'NONE',  ( -0.07428321710576467340, 0.3000000000000000444, 0.09430637585150224156 ) ) ;
#197 = CARTESIAN_POINT ( 'NONE',  ( -0.2630076896813623999, 0.3000000000000000444, 0.05743845298056739906 ) ) ;
#198 = B_SPLINE_CURVE_WITH_KNOTS ( 'NONE', 3,
 ( #3078, #5853, #5796, #2159 ),
 .UNSPECIFIED., .F., .F.,
 ( 4, 4 ),
 ( 7.000000000000000000, 8.000000000000000000 ),
 .UNSPECIFIED. ) ;
#199 = CARTESIAN_POINT ( 'NONE',  ( -0.04522868543321438561, 0.3010000000383806773, 0.08362590178079810921 ) ) ;
#200 = ORIENTED_EDGE ( 'NONE', *, *, #7349, .T. ) ;
#201 = DIRECTION ( 'NONE',  ( 0.007092178509964266325, 0.0000000000000000000, -0.9999748501857348426 ) ) ;
#202 = PRESENTATION_LAYER_ASSIGNMENT (  '', '', ( #6332 ) ) ;
#203 = EDGE_CURVE ( 'NONE', #11877, #11425, #10795, .T. ) ;
#204 = ORIENTED_EDGE ( 'NONE', *, *, #1921, .T. ) ;
#205 = AXIS2_PLACEMENT_3D ( 'NONE', #11361, #11550, #214 ) ;
#206 =( GEOMETRIC_REPRESENTATION_CONTEXT ( 3 ) GLOBAL_UNCERTAINTY_ASSIGNED_CONTEXT ( ( #3840 ) ) GLOBAL_UNIT_ASSIGNED_CONTEXT ( ( #7829, #11681, #6848 ) ) REPRESENTATION_CONTEXT ( 'NONE', 'WORKASPACE' ) );
#207 = CARTESIAN_POINT ( 'NONE',  ( -0.05560797249322050467, 0.3000000000000000444, 0.07587868176061063341 ) ) ;
#208 = CARTESIAN_POINT ( 'NONE',  ( 0.2578167557320734105, 0.3010000000383806218, 0.08801480081575580039 ) ) ;
#209 = PRESENTATION_STYLE_ASSIGNMENT (( #6034 ) ) ;
#210 = ORIENTED_EDGE ( 'NONE', *, *, #10892, .F. ) ;
#211 = VECTOR ( 'NONE', #10615, 1000.000000000000000 ) ;
#212 = CARTESIAN_POINT ( 'NONE',  ( -0.1878940549403086968, 0.3000000000383806209, 0.1652457078455596695 ) ) ;
#213 = MECHANICAL_DESIGN_GEOMETRIC_PRESENTATION_REPRESENTATION (  '', ( #10888 ), #3378 ) ;
#214 = DIRECTION ( 'NONE',  ( -3.614007241618348278E-16, 1.000000000000000000, 0.0000000000000000000 ) ) ;
#215 = VECTOR ( 'NONE', #6232, 1000.000000000000000 ) ;
#216 = ORIENTED_EDGE ( 'NONE', *, *, #9386, .F. ) ;
#217 = COLOUR_RGB ( '',1.000000000000000000, 1.000000000000000000, 1.000000000000000000 ) ;
#218 = VECTOR ( 'NONE', #3968, 1000.000000000000114 ) ;
#219 = PRESENTATION_LAYER_ASSIGNMENT (  '', '', ( #11090 ) ) ;
#220 = CARTESIAN_POINT ( 'NONE',  ( -0.08238606380397087148, 0.3000000000000000444, 0.2076061665215889196 ) ) ;
#221 =( GEOMETRIC_REPRESENTATION_CONTEXT ( 3 ) GLOBAL_UNCERTAINTY_ASSIGNED_CONTEXT ( ( #10622 ) ) GLOBAL_UNIT_ASSIGNED_CONTEXT ( ( #6155, #6276, #1586 ) ) REPRESENTATION_CONTEXT ( 'NONE', 'WORKASPACE' ) );
#222 =( NAMED_UNIT ( * ) PLANE_ANGLE_UNIT ( ) SI_UNIT ( $, .RADIAN. ) );
#223 = PRESENTATION_LAYER_ASSIGNMENT (  '', '', ( #12087 ) ) ;
#224 = VERTEX_POINT ( 'NONE', #6220 ) ;
#225 =( GEOMETRIC_REPRESENTATION_CONTEXT ( 3 ) GLOBAL_UNCERTAINTY_ASSIGNED_CONTEXT ( ( #4477 ) ) GLOBAL_UNIT_ASSIGNED_CONTEXT ( ( #4205, #7904, #4026 ) ) REPRESENTATION_CONTEXT ( 'NONE', 'WORKASPACE' ) );
#226 = MECHANICAL_DESIGN_GEOMETRIC_PRESENTATION_REPRESENTATION (  '', ( #7740 ), #7159 ) ;
#227 = CARTESIAN_POINT ( 'NONE',  ( -0.05922756360300536482, 0.3000000000000000444, 0.05844702505212615723 ) ) ;
#228 = VERTEX_POINT ( 'NONE', #1583 ) ;
#229 =( LENGTH_UNIT ( ) NAMED_UNIT ( * ) SI_UNIT ( .MILLI., .METRE. ) );
#230 = VECTOR ( 'NONE', #4735, 1000.000000000000000 ) ;
#231 = EDGE_CURVE ( 'NONE', #170, #4167, #9982, .T. ) ;
#232 = EDGE_CURVE ( 'NONE', #10691, #4554, #3364, .T. ) ;
#233 =( GEOMETRIC_REPRESENTATION_CONTEXT ( 3 ) GLOBAL_UNCERTAINTY_ASSIGNED_CONTEXT ( ( #19 ) ) GLOBAL_UNIT_ASSIGNED_CONTEXT ( ( #3857, #6592, #2927 ) ) REPRESENTATION_CONTEXT ( 'NONE', 'WORKASPACE' ) );
#234 = SURFACE_STYLE_FILL_AREA ( #10441 ) ;
#235 = ORIENTED_EDGE ( 'NONE', *, *, #3927, .T. ) ;
#236 = LINE ( 'NONE', #3085, #3481 ) ;
#237 = ORIENTED_EDGE ( 'NONE', *, *, #4845, .T. ) ;
#238 = AXIS2_PLACEMENT_3D ( 'NONE', #663, #10863, #6400 ) ;
#239 = B_SPLINE_CURVE_WITH_KNOTS ( 'NONE', 3,
 ( #9200, #4491, #3561, #8260 ),
 .UNSPECIFIED., .F., .F.,
 ( 4, 4 ),
 ( 7.000000000000000000, 8.000000000000000000 ),
 .UNSPECIFIED. ) ;
#240 = EDGE_CURVE ( 'NONE', #4865, #4682, #5345, .T. ) ;
#241 = VECTOR ( 'NONE', #8471, 1000.000000000000114 ) ;
#242 = PRESENTATION_STYLE_ASSIGNMENT (( #2172 ) ) ;
#243 = CARTESIAN_POINT ( 'NONE',  ( -0.2904052849400102776, 0.3010000000383806773, 0.05440552895555052226 ) ) ;
#244 = SURFACE_SIDE_STYLE ('',( #306 ) ) ;
#245 = SURFACE_STYLE_USAGE ( .BOTH. , #11219 ) ;
#246 = FILL_AREA_STYLE_COLOUR ( '', #3401 ) ;
#247 = ORIENTED_EDGE ( 'NONE', *, *, #7469, .F. ) ;
#248 = STYLED_ITEM ( 'NONE', ( #5703 ), #4912 ) ;
#249 = CARTESIAN_POINT ( 'NONE',  ( -0.07947823490188062057, 0.3010000000383806218, 0.1516656114126317401 ) ) ;
#250 = STYLED_ITEM ( 'NONE', ( #6655 ), #4187 ) ;
#251 = CARTESIAN_POINT ( 'NONE',  ( 0.07496245016367407421, 0.3000000000383806209, 0.05808665684566197834 ) ) ;
#252 = ADVANCED_FACE ( 'NONE', ( #578, #518 ), #9930, .T. ) ;
#253 = FILL_AREA_STYLE ('',( #7677 ) ) ;
#254 = EDGE_CURVE ( 'NONE', #8081, #1983, #7449, .T. ) ;
#255 = LINE ( 'NONE', #6692, #9714 ) ;
#256 = CARTESIAN_POINT ( 'NONE',  ( -0.2142450491027245996, 0.3000000000000000444, 0.08941452633897048474 ) ) ;
#257 = DIRECTION ( 'NONE',  ( -0.007092178509959735228, -0.0000000000000000000, 0.9999748501857349536 ) ) ;
#258 = CARTESIAN_POINT ( 'NONE',  ( 0.07674063706369825544, 0.3010000000383806218, 0.1743595492369753863 ) ) ;
#259 =( GEOMETRIC_REPRESENTATION_CONTEXT ( 3 ) GLOBAL_UNCERTAINTY_ASSIGNED_CONTEXT ( ( #10125 ) ) GLOBAL_UNIT_ASSIGNED_CONTEXT ( ( #1945, #12081, #4520 ) ) REPRESENTATION_CONTEXT ( 'NONE', 'WORKASPACE' ) );
#260 = AXIS2_PLACEMENT_3D ( 'NONE', #11350, #10602, #277 ) ;
#261 = SURFACE_STYLE_FILL_AREA ( #11338 ) ;
#262 = CARTESIAN_POINT ( 'NONE',  ( -0.04815298198153811216, 0.3010000000383806773, 0.05612366874347839152 ) ) ;
#263 = AXIS2_PLACEMENT_3D ( 'NONE', #9352, #1886, #8534 ) ;
#264 = ORIENTED_EDGE ( 'NONE', *, *, #8249, .T. ) ;
#265 = LINE ( 'NONE', #11715, #8306 ) ;
#266 = CARTESIAN_POINT ( 'NONE',  ( -0.1461669451910468098, 0.3010000000383806218, 0.04348139981061993620 ) ) ;
#267 = ORIENTED_EDGE ( 'NONE', *, *, #9788, .T. ) ;
#268 = UNCERTAINTY_MEASURE_WITH_UNIT (LENGTH_MEASURE( 1.000000000000000082E-05 ), #5628, 'distance_accuracy_value', 'NONE');
#269 = DIRECTION ( 'NONE',  ( 0.0000000000000000000, -1.000000000000000000, 0.0000000000000000000 ) ) ;
#270 = CARTESIAN_POINT ( 'NONE',  ( -0.1525022293203805168, 0.3000000000383806209, 0.03950608394243423915 ) ) ;
#271 = STYLED_ITEM ( 'NONE', ( #7318 ), #5223 ) ;
#272 = PRESENTATION_STYLE_ASSIGNMENT (( #6946 ) ) ;
#273 = ADVANCED_FACE ( 'NONE', ( #8489 ), #6391, .F. ) ;
#274 = CARTESIAN_POINT ( 'NONE',  ( -0.1224719036960317115, 0.3010000000383806218, 0.06277108248754545428 ) ) ;
#275 = CARTESIAN_POINT ( 'NONE',  ( 0.4500000000000018430, -0.2500000000000001665, -0.02000000000000000042 ) ) ;
#276 = VERTEX_POINT ( 'NONE', #3612 ) ;
#277 = DIRECTION ( 'NONE',  ( 0.007092178509959736095, 0.0000000000000000000, -0.9999748501857349536 ) ) ;
#278 = ORIENTED_EDGE ( 'NONE', *, *, #6828, .F. ) ;
#279 = PRESENTATION_STYLE_ASSIGNMENT (( #7643 ) ) ;
#280 =( GEOMETRIC_REPRESENTATION_CONTEXT ( 3 ) GLOBAL_UNCERTAINTY_ASSIGNED_CONTEXT ( ( #393 ) ) GLOBAL_UNIT_ASSIGNED_CONTEXT ( ( #866, #6623, #2058 ) ) REPRESENTATION_CONTEXT ( 'NONE', 'WORKASPACE' ) );
#281 = CARTESIAN_POINT ( 'NONE',  ( -0.1944850710672459682, 0.3010000000383806218, 0.1753368566573257903 ) ) ;
#282 = B_SPLINE_SURFACE_WITH_KNOTS ( 'NONE', 3, 1, ( 
 ( #2449, #1281 ),
 ( #11853, #9002 ),
 ( #9984, #5037 ),
 ( #7092, #7950 ) ),
 .UNSPECIFIED., .F., .F., .F.,
 ( 4, 4 ),
 ( 2, 2 ),
 ( 3.000000000000000000, 4.000000000000000000 ),
 ( 0.0000000000000000000, 1.000000000000000000 ),
 .UNSPECIFIED. ) ;
#283 = SURFACE_SIDE_STYLE ('',( #8681 ) ) ;
#284 = UNCERTAINTY_MEASURE_WITH_UNIT (LENGTH_MEASURE( 1.000000000000000082E-05 ), #5864, 'distance_accuracy_value', 'NONE');
#285 = FILL_AREA_STYLE_COLOUR ( '', #5555 ) ;
#286 = EDGE_LOOP ( 'NONE', ( #581, #8771, #9761, #12247 ) ) ;
#287 = PRESENTATION_STYLE_ASSIGNMENT (( #155 ) ) ;
#288 =( NAMED_UNIT ( * ) SI_UNIT ( $, .STERADIAN. ) SOLID_ANGLE_UNIT ( ) );
#289 = CARTESIAN_POINT ( 'NONE',  ( -0.1925647644945036041, 0.3010000000383806773, 0.1090954354274051019 ) ) ;
#290 = DIRECTION ( 'NONE',  ( 0.0000000000000000000, -1.000000000000000000, 0.0000000000000000000 ) ) ;
#291 = VERTEX_POINT ( 'NONE', #5528 ) ;
#292 = FILL_AREA_STYLE_COLOUR ( '', #9305 ) ;
#293 = DIRECTION ( 'NONE',  ( -0.007092178509960657233, -0.0000000000000000000, 0.9999748501857348426 ) ) ;
#294 = CARTESIAN_POINT ( 'NONE',  ( -0.1370307987126414551, 0.3010000000383806218, 0.03518633272571661252 ) ) ;
#295 = MECHANICAL_DESIGN_GEOMETRIC_PRESENTATION_REPRESENTATION (  '', ( #11159 ), #9186 ) ;
#296 = CARTESIAN_POINT ( 'NONE',  ( -0.2989319740375553924, 0.3010000000383806773, 0.07792735726579649858 ) ) ;
#297 = ORIENTED_EDGE ( 'NONE', *, *, #9106, .F. ) ;
#298 = EDGE_CURVE ( 'NONE', #8627, #10589, #9304, .T. ) ;
#299 = CARTESIAN_POINT ( 'NONE',  ( -0.1843058568177773915, 0.3000000000383806764, 0.05515802396470818186 ) ) ;
#300 = CARTESIAN_POINT ( 'NONE',  ( -0.4500000000000000111, -0.2499999999999998890, 0.2999999999999999889 ) ) ;
#301 = ORIENTED_EDGE ( 'NONE', *, *, #10899, .T. ) ;
#302 = ORIENTED_EDGE ( 'NONE', *, *, #3100, .F. ) ;
#303 = SURFACE_SIDE_STYLE ('',( #9763 ) ) ;
#304 = CARTESIAN_POINT ( 'NONE',  ( 0.1737701084432274612, 0.3010000000383806218, 0.07223546485127343986 ) ) ;
#305 = FACE_OUTER_BOUND ( 'NONE', #2212, .T. ) ;
#306 = SURFACE_STYLE_FILL_AREA ( #6743 ) ;
#307 = EDGE_CURVE ( 'NONE', #902, #5330, #10298, .T. ) ;
#308 = ADVANCED_FACE ( 'NONE', ( #11102 ), #1116, .F. ) ;
#309 = CARTESIAN_POINT ( 'NONE',  ( -0.1400545387897615124, 0.3000000000000000444, 0.04149717224798589454 ) ) ;
#310 = ORIENTED_EDGE ( 'NONE', *, *, #4936, .T. ) ;
#311 = DIRECTION ( 'NONE',  ( 0.9999748501857348426, -0.0000000000000000000, 0.007092178509963615804 ) ) ;
#312 = CARTESIAN_POINT ( 'NONE',  ( 0.07603921403348276598, 0.3000000000383806209, 0.1509289948368763568 ) ) ;
#313 =( NAMED_UNIT ( * ) SI_UNIT ( $, .STERADIAN. ) SOLID_ANGLE_UNIT ( ) );
#314 = CARTESIAN_POINT ( 'NONE',  ( 0.09992199848931948569, 0.3000000000000000444, 0.2087947179843276935 ) ) ;
#315 = CARTESIAN_POINT ( 'NONE',  ( -0.04719765512167789501, 0.3000000000000000444, 0.1171449732959795459 ) ) ;
#316 = CARTESIAN_POINT ( 'NONE',  ( -0.1042038153965082758, 0.3010000000383806218, 0.05557016861915701350 ) ) ;
#317 = LINE ( 'NONE', #1374, #5490 ) ;
#318 = ORIENTED_EDGE ( 'NONE', *, *, #6363, .T. ) ;
#319 = CARTESIAN_POINT ( 'NONE',  ( -0.07278400955674792228, 0.3000000000000000444, 0.07644312066001351935 ) ) ;
#320 = ADVANCED_FACE ( 'NONE', ( #139 ), #1918, .T. ) ;
#321 = CARTESIAN_POINT ( 'NONE',  ( -0.1435480375257111030, 0.3010000000383806218, 0.04147239510818574726 ) ) ;
#322 = ORIENTED_EDGE ( 'NONE', *, *, #4936, .F. ) ;
#323 = LINE ( 'NONE', #9842, #11896 ) ;
#324 = CARTESIAN_POINT ( 'NONE',  ( -0.1010896021725460614, 0.3000000000383806209, 0.08488297288938255469 ) ) ;
#325 = MECHANICAL_DESIGN_GEOMETRIC_PRESENTATION_REPRESENTATION (  '', ( #6843 ), #6052 ) ;
#326 = DIRECTION ( 'NONE',  ( 0.007092178509958387347, -0.0000000000000000000, -0.9999748501857349536 ) ) ;
#327 = CARTESIAN_POINT ( 'NONE',  ( -0.1134434921385708284, 0.3010000000383806218, 0.06086992331849381405 ) ) ;
#328 = PLANE ( 'NONE',  #1432 ) ;
#329 = ORIENTED_EDGE ( 'NONE', *, *, #10985, .T. ) ;
#330 = CARTESIAN_POINT ( 'NONE',  ( -0.1303215468131936616, 0.3010000000383806218, 0.06340166750123270301 ) ) ;
#331 = ORIENTED_EDGE ( 'NONE', *, *, #9979, .F. ) ;
#332 = EDGE_CURVE ( 'NONE', #3671, #8987, #3856, .T. ) ;
#333 = SURFACE_STYLE_USAGE ( .BOTH. , #5032 ) ;
#334 = CARTESIAN_POINT ( 'NONE',  ( -0.1461669451910468098, 0.3000000000383806209, 0.04348139981061993620 ) ) ;
#335 = EDGE_CURVE ( 'NONE', #379, #8205, #9111, .T. ) ;
#336 = FACE_OUTER_BOUND ( 'NONE', #5464, .T. ) ;
#337 = CARTESIAN_POINT ( 'NONE',  ( 0.1157474825709721988, 0.3010000000383806218, 0.05707450097645832415 ) ) ;
#338 = CARTESIAN_POINT ( 'NONE',  ( -0.06329103567887292559, 0.3000000000383806209, 0.06621658595844681638 ) ) ;
#339 = CARTESIAN_POINT ( 'NONE',  ( -0.1126506403741447809, 0.3010000000383806218, 0.05463684210604041053 ) ) ;
#340 = COLOUR_RGB ( '',1.000000000000000000, 1.000000000000000000, 1.000000000000000000 ) ;
#341 = CARTESIAN_POINT ( 'NONE',  ( -0.1611858963196588501, 0.3010000000383806773, 0.2061114843274022279 ) ) ;
#342 =( NAMED_UNIT ( * ) SI_UNIT ( $, .STERADIAN. ) SOLID_ANGLE_UNIT ( ) );
#343 = VERTEX_POINT ( 'NONE', #9612 ) ;
#344 = DIRECTION ( 'NONE',  ( -0.0000000000000000000, -1.000000000000000000, -0.0000000000000000000 ) ) ;
#345 = PLANE ( 'NONE',  #6611 ) ;
#346 = CARTESIAN_POINT ( 'NONE',  ( -0.09239027418676834524, 0.3010000000383806218, 0.2063498592553102695 ) ) ;
#347 = UNCERTAINTY_MEASURE_WITH_UNIT (LENGTH_MEASURE( 1.000000000000000082E-05 ), #22, 'distance_accuracy_value', 'NONE');
#348 = CARTESIAN_POINT ( 'NONE',  ( 0.2038243345134887474, 0.3000000000000000444, 0.1162631349986478907 ) ) ;
#349 = CARTESIAN_POINT ( 'NONE',  ( -0.1776708434785890245, 0.3000000000000000444, 0.2059945671989796834 ) ) ;
#350 = CARTESIAN_POINT ( 'NONE',  ( -0.1011086274763220716, 0.3000000000000000444, 0.08756548084747654837 ) ) ;
#351 = DIRECTION ( 'NONE',  ( -0.9999748501857348426, 0.0000000000000000000, -0.007092178509963661774 ) ) ;
#352 = ORIENTED_EDGE ( 'NONE', *, *, #6830, .F. ) ;
#353 = VERTEX_POINT ( 'NONE', #5022 ) ;
#354 = FILL_AREA_STYLE ('',( #4383 ) ) ;
#355 = ORIENTED_EDGE ( 'NONE', *, *, #6378, .F. ) ;
#356 =( GEOMETRIC_REPRESENTATION_CONTEXT ( 3 ) GLOBAL_UNCERTAINTY_ASSIGNED_CONTEXT ( ( #1654 ) ) GLOBAL_UNIT_ASSIGNED_CONTEXT ( ( #10802, #2280, #7957 ) ) REPRESENTATION_CONTEXT ( 'NONE', 'WORKASPACE' ) );
#357 = CARTESIAN_POINT ( 'NONE',  ( -0.1178441005482067094, 0.3000000000383806209, 0.05460000823303651218 ) ) ;
#358 = CARTESIAN_POINT ( 'NONE',  ( -0.1278432262494003657, 0.3000000000000000444, 0.07461771903355486624 ) ) ;
#359 = ADVANCED_FACE ( 'NONE', ( #9485 ), #8409, .F. ) ;
#360 = AXIS2_PLACEMENT_3D ( 'NONE', #4414, #8179, #3713 ) ;
#361 = CARTESIAN_POINT ( 'NONE',  ( -0.1125910249069113911, 0.3000000000000000444, 0.07481947365459803989 ) ) ;
#362 = CARTESIAN_POINT ( 'NONE',  ( 0.06109670222509443888, 0.3010000000383806218, 0.1169860697357324036 ) ) ;
#363 = PRESENTATION_STYLE_ASSIGNMENT (( #2177 ) ) ;
#364 = ORIENTED_EDGE ( 'NONE', *, *, #10510, .T. ) ;
#365 = AXIS2_PLACEMENT_3D ( 'NONE', #6326, #5411, #10177 ) ;
#366 = CARTESIAN_POINT ( 'NONE',  ( 0.2833916159034451376, 0.3010000000383806218, 0.1519658281777148956 ) ) ;
#367 = LINE ( 'NONE', #4211, #4271 ) ;
#368 = B_SPLINE_CURVE_WITH_KNOTS ( 'NONE', 3,
 ( #7357, #12053, #4389, #5306 ),
 .UNSPECIFIED., .F., .F.,
 ( 4, 4 ),
 ( 1.000000000000000000, 2.000000000000000000 ),
 .UNSPECIFIED. ) ;
#369 = LINE ( 'NONE', #6932, #9430 ) ;
#370 = B_SPLINE_SURFACE_WITH_KNOTS ( 'NONE', 3, 1, ( 
 ( #7956, #10743 ),
 ( #10675, #10619 ),
 ( #6039, #3931 ),
 ( #9807, #1341 ) ),
 .UNSPECIFIED., .F., .F., .F.,
 ( 4, 4 ),
 ( 2, 2 ),
 ( 15.00000000000000000, 16.00000000000000000 ),
 ( 0.0000000000000000000, 1.000000000000000000 ),
 .UNSPECIFIED. ) ;
#371 =( LENGTH_UNIT ( ) NAMED_UNIT ( * ) SI_UNIT ( .MILLI., .METRE. ) );
#372 = B_SPLINE_CURVE_WITH_KNOTS ( 'NONE', 3,
 ( #9250, #8376, #3731, #12162 ),
 .UNSPECIFIED., .F., .F.,
 ( 4, 4 ),
 ( 1.000000000000000000, 2.000000000000000000 ),
 .UNSPECIFIED. ) ;
#373 = AXIS2_PLACEMENT_3D ( 'NONE', #1999, #8660, #3893 ) ;
#374 = PRESENTATION_STYLE_ASSIGNMENT (( #5014 ) ) ;
#375 = LINE ( 'NONE', #9779, #151 ) ;
#376 = ORIENTED_EDGE ( 'NONE', *, *, #5473, .F. ) ;
#377 = DIRECTION ( 'NONE',  ( -0.0000000000000000000, -1.000000000000000000, -0.0000000000000000000 ) ) ;
#378 = CARTESIAN_POINT ( 'NONE',  ( -0.02326434861474183796, 0.3010000000383806773, 0.06325634321975937002 ) ) ;
#379 = VERTEX_POINT ( 'NONE', #1192 ) ;
#380 = UNCERTAINTY_MEASURE_WITH_UNIT (LENGTH_MEASURE( 1.000000000000000082E-05 ), #1893, 'distance_accuracy_value', 'NONE');
#381 = CARTESIAN_POINT ( 'NONE',  ( 0.2401238400747974511, 0.3010000000383806218, 0.1972086742878463861 ) ) ;
#382 = FILL_AREA_STYLE_COLOUR ( '', #4951 ) ;
#383 = LINE ( 'NONE', #3242, #11317 ) ;
#384 = EDGE_CURVE ( 'NONE', #7072, #3839, #383, .T. ) ;
#385 = CARTESIAN_POINT ( 'NONE',  ( -0.1173749001724034291, 0.3010000000383806218, 0.09400075425657250516 ) ) ;
#386 = ADVANCED_FACE ( 'NONE', ( #9843 ), #6077, .T. ) ;
#387 = STYLED_ITEM ( 'NONE', ( #2821 ), #10640 ) ;
#388 = DIRECTION ( 'NONE',  ( 0.0000000000000000000, 0.0000000000000000000, -1.000000000000000000 ) ) ;
#389 = ORIENTED_EDGE ( 'NONE', *, *, #6598, .T. ) ;
#390 =( NAMED_UNIT ( * ) SI_UNIT ( $, .STERADIAN. ) SOLID_ANGLE_UNIT ( ) );
#391 = DIRECTION ( 'NONE',  ( -1.000000000000000000, -7.264154555652881286E-15, 0.0000000000000000000 ) ) ;
#392 = VECTOR ( 'NONE', #6397, 1000.000000000000114 ) ;
#393 = UNCERTAINTY_MEASURE_WITH_UNIT (LENGTH_MEASURE( 1.000000000000000082E-05 ), #866, 'distance_accuracy_value', 'NONE');
#394 = CARTESIAN_POINT ( 'NONE',  ( -0.1173749001724034291, 0.3010000000383806218, 0.09400075425657250516 ) ) ;
#395 = SURFACE_SIDE_STYLE ('',( #4170 ) ) ;
#396 = SURFACE_STYLE_USAGE ( .BOTH. , #4905 ) ;
#397 = EDGE_CURVE ( 'NONE', #1295, #1834, #3418, .T. ) ;
#398 = CARTESIAN_POINT ( 'NONE',  ( -0.1525022293203805168, 0.3010000000383806218, 0.03950608394243423915 ) ) ;
#399 = PRESENTATION_LAYER_ASSIGNMENT (  '', '', ( #5733 ) ) ;
#400 = CARTESIAN_POINT ( 'NONE',  ( -0.06888600850529047470, 0.3010000000383806218, 0.06121713441612319090 ) ) ;
#401 = ORIENTED_EDGE ( 'NONE', *, *, #11040, .F. ) ;
#402 = CARTESIAN_POINT ( 'NONE',  ( 0.0000000000000000000, 0.3010000000383806773, 0.0000000000000000000 ) ) ;
#403 = PRESENTATION_LAYER_ASSIGNMENT (  '', '', ( #8896 ) ) ;
#404 = EDGE_CURVE ( 'NONE', #2230, #9790, #7994, .T. ) ;
#405 = CARTESIAN_POINT ( 'NONE',  ( 0.2081622117479547396, 0.3000000000000000444, 0.05512707037152728834 ) ) ;
#406 = VECTOR ( 'NONE', #7684, 1000.000000000000000 ) ;
#407 = DIRECTION ( 'NONE',  ( -0.3492990578015338077, 0.0000000000000000000, -0.9370112956730888287 ) ) ;
#408 = CARTESIAN_POINT ( 'NONE',  ( -0.09239027418676834524, 0.3000000000000000444, 0.2063498592553102695 ) ) ;
#409 = CARTESIAN_POINT ( 'NONE',  ( -0.1126506403741447809, 0.3000000000000000444, 0.05463684210604041053 ) ) ;
#410 = STYLED_ITEM ( 'NONE', ( #4617 ), #9758 ) ;
#411 = COLOUR_RGB ( '',0.1019607843137254888, 0.1019607843137254888, 0.1019607843137254888 ) ;
#412 = FACE_OUTER_BOUND ( 'NONE', #515, .T. ) ;
#413 = PRESENTATION_STYLE_ASSIGNMENT (( #11682 ) ) ;
#414 = ORIENTED_EDGE ( 'NONE', *, *, #4065, .F. ) ;
#415 = PRESENTATION_LAYER_ASSIGNMENT (  '', '', ( #1615 ) ) ;
#416 = VECTOR ( 'NONE', #5795, 1000.000000000000000 ) ;
#417 = DIRECTION ( 'NONE',  ( 1.000000000000000000, 0.0000000000000000000, -0.0000000000000000000 ) ) ;
#418 = ORIENTED_EDGE ( 'NONE', *, *, #9615, .T. ) ;
#420 = PRESENTATION_STYLE_ASSIGNMENT (( #7107 ) ) ;
#419 = PRESENTATION_LAYER_ASSIGNMENT (  '', '', ( #21 ) ) ;
#421 = ORIENTED_EDGE ( 'NONE', *, *, #837, .T. ) ;
#422 = STYLED_ITEM ( 'NONE', ( #668 ), #8692 ) ;
#423 = LINE ( 'NONE', #9877, #3312 ) ;
#424 = COLOUR_RGB ( '',1.000000000000000000, 1.000000000000000000, 1.000000000000000000 ) ;
#425 = VECTOR ( 'NONE', #8753, 1000.000000000000114 ) ;
#426 = VECTOR ( 'NONE', #7314, 1000.000000000000000 ) ;
#427 = CARTESIAN_POINT ( 'NONE',  ( -0.3103721245574679322, 0.3010000000383806773, 0.1032065530223878064 ) ) ;
#428 =( NAMED_UNIT ( * ) SI_UNIT ( $, .STERADIAN. ) SOLID_ANGLE_UNIT ( ) );
#429 =( GEOMETRIC_REPRESENTATION_CONTEXT ( 3 ) GLOBAL_UNCERTAINTY_ASSIGNED_CONTEXT ( ( #7968 ) ) GLOBAL_UNIT_ASSIGNED_CONTEXT ( ( #8608, #1073, #78 ) ) REPRESENTATION_CONTEXT ( 'NONE', 'WORKASPACE' ) );
#430 = FILL_AREA_STYLE ('',( #2470 ) ) ;
#431 = SURFACE_SIDE_STYLE ('',( #9769 ) ) ;
#432 = ORIENTED_EDGE ( 'NONE', *, *, #2434, .F. ) ;
#433 = PRESENTATION_LAYER_ASSIGNMENT (  '', '', ( #8719 ) ) ;
#434 = STYLED_ITEM ( 'NONE', ( #6078 ), #9220 ) ;
#435 = CARTESIAN_POINT ( 'NONE',  ( -0.06503813254809825972, 0.3000000000000000444, 0.1652124337543380006 ) ) ;
#436 = AXIS2_PLACEMENT_3D ( 'NONE', #4478, #7330, #4716 ) ;
#437 = DIRECTION ( 'NONE',  ( 0.0000000000000000000, 0.0000000000000000000, -1.000000000000000000 ) ) ;
#438 = EDGE_CURVE ( 'NONE', #1840, #9267, #3476, .T. ) ;
#439 =( GEOMETRIC_REPRESENTATION_CONTEXT ( 3 ) GLOBAL_UNCERTAINTY_ASSIGNED_CONTEXT ( ( #1785 ) ) GLOBAL_UNIT_ASSIGNED_CONTEXT ( ( #8027, #11997, #3573 ) ) REPRESENTATION_CONTEXT ( 'NONE', 'WORKASPACE' ) );
#440 = CARTESIAN_POINT ( 'NONE',  ( -0.1095290164786054121, 0.3010000000383806218, 0.08510385924935608137 ) ) ;
#441 = CARTESIAN_POINT ( 'NONE',  ( 0.2766141001972113322, 0.3000000000383806209, 0.1900927570203859163 ) ) ;
#442 = SURFACE_SIDE_STYLE ('',( #11830 ) ) ;
#443 = DIRECTION ( 'NONE',  ( 0.3625544874979441112, -0.0000000000000000000, -0.9319625762846398542 ) ) ;
#444 = ORIENTED_EDGE ( 'NONE', *, *, #10080, .F. ) ;
#445 = FILL_AREA_STYLE_COLOUR ( '', #3979 ) ;
#446 = STYLED_ITEM ( 'NONE', ( #11383 ), #5538 ) ;
#447 = CARTESIAN_POINT ( 'NONE',  ( 0.1778433525305151697, 0.3010000000383806218, 0.2319053324667978422 ) ) ;
#448 = PRESENTATION_LAYER_ASSIGNMENT (  '', '', ( #3218 ) ) ;
#449 = FILL_AREA_STYLE ('',( #3291 ) ) ;
#450 = ORIENTED_EDGE ( 'NONE', *, *, #5737, .F. ) ;
#451 = CARTESIAN_POINT ( 'NONE',  ( 0.4500000000000018430, -0.2500000000000001665, -0.0000000000000000000 ) ) ;
#452 =( NAMED_UNIT ( * ) PLANE_ANGLE_UNIT ( ) SI_UNIT ( $, .RADIAN. ) );
#453 = SURFACE_SIDE_STYLE ('',( #5146 ) ) ;
#454 = EDGE_CURVE ( 'NONE', #4328, #11563, #11902, .T. ) ;
#455 = DIRECTION ( 'NONE',  ( -0.0000000000000000000, -1.000000000000000000, -0.0000000000000000000 ) ) ;
#456 = AXIS2_PLACEMENT_3D ( 'NONE', #12221, #6395, #1843 ) ;
#457 = MECHANICAL_DESIGN_GEOMETRIC_PRESENTATION_REPRESENTATION (  '', ( #11490 ), #2054 ) ;
#458 = CARTESIAN_POINT ( 'NONE',  ( -0.1406007287597556277, 0.3000000000000000444, 0.03494265885360655494 ) ) ;
#459 = DIRECTION ( 'NONE',  ( 0.9422431202207732781, 0.0000000000000000000, -0.3349296976928463621 ) ) ;
#460 = ORIENTED_EDGE ( 'NONE', *, *, #397, .T. ) ;
#461 = FILL_AREA_STYLE_COLOUR ( '', #340 ) ;
#462 = SURFACE_STYLE_FILL_AREA ( #8807 ) ;
#463 = CARTESIAN_POINT ( 'NONE',  ( -0.08296386798547464303, 0.3000000000383806764, 0.07356350449083751131 ) ) ;
#464 = ORIENTED_EDGE ( 'NONE', *, *, #4841, .T. ) ;
#465 = EDGE_CURVE ( 'NONE', #2616, #10136, #5084, .T. ) ;
#466 = EDGE_CURVE ( 'NONE', #1207, #8643, #11722, .T. ) ;
#467 = AXIS2_PLACEMENT_3D ( 'NONE', #11906, #459, #4159 ) ;
#468 = EDGE_CURVE ( 'NONE', #5431, #12127, #1629, .T. ) ;
#469 = FILL_AREA_STYLE ('',( #4290 ) ) ;
#470 = VERTEX_POINT ( 'NONE', #636 ) ;
#471 = CARTESIAN_POINT ( 'NONE',  ( 0.2578167557320734105, 0.3010000000383806218, 0.08801480081575580039 ) ) ;
#472 = CARTESIAN_POINT ( 'NONE',  ( -0.2963877271910252409, 0.3000000000383806764, 0.07105163361020422341 ) ) ;
#473 = FILL_AREA_STYLE_COLOUR ( '', #7120 ) ;
#474 = ADVANCED_FACE ( 'NONE', ( #7202 ), #4656, .T. ) ;
#475 = CARTESIAN_POINT ( 'NONE',  ( -0.2141954948231271638, 0.3010000000383806773, 0.08242752886748960783 ) ) ;
#476 =( NAMED_UNIT ( * ) PLANE_ANGLE_UNIT ( ) SI_UNIT ( $, .RADIAN. ) );
#477 = VERTEX_POINT ( 'NONE', #8238 ) ;
#478 = ADVANCED_FACE ( 'NONE', ( #12144 ), #11153, .T. ) ;
#479 = STYLED_ITEM ( 'NONE', ( #5684 ), #5607 ) ;
#480 =( LENGTH_UNIT ( ) NAMED_UNIT ( * ) SI_UNIT ( .MILLI., .METRE. ) );
#481 = B_SPLINE_SURFACE_WITH_KNOTS ( 'NONE', 3, 1, ( 
 ( #12137, #2238 ),
 ( #6683, #1303 ),
 ( #5059, #8839 ),
 ( #4934, #361 ) ),
 .UNSPECIFIED., .F., .F., .F.,
 ( 4, 4 ),
 ( 2, 2 ),
 ( 4.000000000000000000, 5.000000000000000000 ),
 ( 0.0000000000000000000, 1.000000000000000000 ),
 .UNSPECIFIED. ) ;
#482 = CARTESIAN_POINT ( 'NONE',  ( 0.09469197609897327117, 0.3000000000000000444, 0.1510612868822690524 ) ) ;
#483 =( LENGTH_UNIT ( ) NAMED_UNIT ( * ) SI_UNIT ( .MILLI., .METRE. ) );
#484 = ORIENTED_EDGE ( 'NONE', *, *, #7634, .F. ) ;
#485 = SURFACE_STYLE_FILL_AREA ( #354 ) ;
#486 = CARTESIAN_POINT ( 'NONE',  ( -0.2702572791969076738, 0.3000000000383806209, 0.08561717371546391508 ) ) ;
#487 = ORIENTED_EDGE ( 'NONE', *, *, #559, .F. ) ;
#488 = AXIS2_PLACEMENT_3D ( 'NONE', #2128, #7570, #8665 ) ;
#489 = SURFACE_STYLE_USAGE ( .BOTH. , #9823 ) ;
#490 = CARTESIAN_POINT ( 'NONE',  ( -0.1922311580050684032, 0.3010000000383806773, 0.06205797030644794737 ) ) ;
#491 =( LENGTH_UNIT ( ) NAMED_UNIT ( * ) SI_UNIT ( .MILLI., .METRE. ) );
#492 = LINE ( 'NONE', #4263, #6732 ) ;
#493 = DIRECTION ( 'NONE',  ( -0.9319625762824778059, 0.0000000000000000000, -0.3625544875035016101 ) ) ;
#494 = VERTEX_POINT ( 'NONE', #5456 ) ;
#495 = EDGE_CURVE ( 'NONE', #9487, #9678, #874, .T. ) ;
#496 =( GEOMETRIC_REPRESENTATION_CONTEXT ( 3 ) GLOBAL_UNCERTAINTY_ASSIGNED_CONTEXT ( ( #7087 ) ) GLOBAL_UNIT_ASSIGNED_CONTEXT ( ( #176, #7728, #8466 ) ) REPRESENTATION_CONTEXT ( 'NONE', 'WORKASPACE' ) );
#497 = FACE_OUTER_BOUND ( 'NONE', #7424, .T. ) ;
#498 = ORIENTED_EDGE ( 'NONE', *, *, #4803, .F. ) ;
#499 = PRESENTATION_STYLE_ASSIGNMENT (( #11881 ) ) ;
#500 = CARTESIAN_POINT ( 'NONE',  ( 0.2766141001972113322, 0.3010000000383806218, 0.1900927570203859163 ) ) ;
#501 = CARTESIAN_POINT ( 'NONE',  ( -0.05555023290851149320, 0.3010000000383806218, 0.06773758202827179220 ) ) ;
#502 = DIRECTION ( 'NONE',  ( -0.0000000000000000000, -1.000000000000000000, -0.0000000000000000000 ) ) ;
#503 = ORIENTED_EDGE ( 'NONE', *, *, #1902, .T. ) ;
#504 = CARTESIAN_POINT ( 'NONE',  ( -0.2454290338427567442, 0.3010000000383806773, 0.06168067198567347975 ) ) ;
#505 = VERTEX_POINT ( 'NONE', #2668 ) ;
#506 = UNCERTAINTY_MEASURE_WITH_UNIT (LENGTH_MEASURE( 1.000000000000000082E-05 ), #5659, 'distance_accuracy_value', 'NONE');
#507 = FILL_AREA_STYLE ('',( #2373 ) ) ;
#508 = CARTESIAN_POINT ( 'NONE',  ( -0.2161644645117964669, 0.3010000000383806773, 0.1159466003826696290 ) ) ;
#509 = CARTESIAN_POINT ( 'NONE',  ( -0.2171691244267939802, 0.3000000000383806764, 0.06188110134868816253 ) ) ;
#510 = ORIENTED_EDGE ( 'NONE', *, *, #5599, .T. ) ;
#511 = CARTESIAN_POINT ( 'NONE',  ( -0.05917272082273143663, 0.3000000000000000444, 0.1826600186241198465 ) ) ;
#512 = EDGE_CURVE ( 'NONE', #7663, #8429, #5404, .T. ) ;
#513 = STYLED_ITEM ( 'NONE', ( #3760 ), #1703 ) ;
#514 = LINE ( 'NONE', #463, #594 ) ;
#515 = EDGE_LOOP ( 'NONE', ( #1500, #2560, #11216, #5006 ) ) ;
#516 = UNCERTAINTY_MEASURE_WITH_UNIT (LENGTH_MEASURE( 1.000000000000000082E-05 ), #371, 'distance_accuracy_value', 'NONE');
#517 = CARTESIAN_POINT ( 'NONE',  ( -0.1284256998160288876, 0.3010000000383806218, 0.09077183231944248309 ) ) ;
#518 = FACE_BOUND ( 'NONE', #2900, .T. ) ;
#519 = DIRECTION ( 'NONE',  ( -0.9999748501857348426, 0.0000000000000000000, -0.007092178509963797950 ) ) ;
#520 = CARTESIAN_POINT ( 'NONE',  ( -0.06936772024716261753, 0.3000000000000000444, 0.1005487491876268652 ) ) ;
#521 = ORIENTED_EDGE ( 'NONE', *, *, #3659, .F. ) ;
#522 = COLOUR_RGB ( '',1.000000000000000000, 1.000000000000000000, 1.000000000000000000 ) ;
#523 = EDGE_CURVE ( 'NONE', #4808, #882, #10006, .T. ) ;
#524 = CARTESIAN_POINT ( 'NONE',  ( 0.2081622117479547396, 0.3010000000383806218, 0.05512707037152728834 ) ) ;
#525 = CARTESIAN_POINT ( 'NONE',  ( 0.07674063706369825544, 0.3010000000383806218, 0.1743595492369753863 ) ) ;
#526 = EDGE_CURVE ( 'NONE', #8395, #8447, #8357, .T. ) ;
#527 = CARTESIAN_POINT ( 'NONE',  ( 0.1921521249427060318, 0.3000000000000000444, 0.1105408630350661198 ) ) ;
#528 = DIRECTION ( 'NONE',  ( -0.0000000000000000000, -1.000000000000000000, -0.0000000000000000000 ) ) ;
#529 = CARTESIAN_POINT ( 'NONE',  ( 0.1737393428458150757, 0.3010000000383806773, 0.07657331726434679631 ) ) ;
#530 = VECTOR ( 'NONE', #1515, 1000.000000000000114 ) ;
#531 = CARTESIAN_POINT ( 'NONE',  ( -0.1027955380638549271, 0.3000000000000000444, 0.09450967208171308365 ) ) ;
#532 = ORIENTED_EDGE ( 'NONE', *, *, #5382, .T. ) ;
#533 =( LENGTH_UNIT ( ) NAMED_UNIT ( * ) SI_UNIT ( .MILLI., .METRE. ) );
#534 = EDGE_LOOP ( 'NONE', ( #12002, #11433, #9818, #11428 ) ) ;
#535 = UNCERTAINTY_MEASURE_WITH_UNIT (LENGTH_MEASURE( 1.000000000000000082E-05 ), #6710, 'distance_accuracy_value', 'NONE');
#536 = EDGE_CURVE ( 'NONE', #2899, #10270, #4467, .T. ) ;
#537 = DIRECTION ( 'NONE',  ( 0.9999748501857348426, 0.0000000000000000000, 0.007092178509963963616 ) ) ;
#538 = ORIENTED_EDGE ( 'NONE', *, *, #12116, .T. ) ;
#539 = EDGE_CURVE ( 'NONE', #5518, #9553, #3393, .T. ) ;
#540 = CARTESIAN_POINT ( 'NONE',  ( -0.04522868543321439255, 0.3000000000000000444, 0.08362590178079808145 ) ) ;
#541 = LINE ( 'NONE', #3277, #7912 ) ;
#542 = CARTESIAN_POINT ( 'NONE',  ( -0.09067934299154382927, 0.3010000000383806773, 0.08386503289269026107 ) ) ;
#543 = B_SPLINE_CURVE_WITH_KNOTS ( 'NONE', 3,
 ( #3363, #2447, #1582, #9927 ),
 .UNSPECIFIED., .F., .F.,
 ( 4, 4 ),
 ( 0.0000000000000000000, 1.000000000000000000 ),
 .UNSPECIFIED. ) ;
#544 = PLANE ( 'NONE',  #1036 ) ;
#545 = CARTESIAN_POINT ( 'NONE',  ( -0.1356768246753326801, 0.3000000000383806764, 0.03560145137876107035 ) ) ;
#546 = PRESENTATION_STYLE_ASSIGNMENT (( #6245 ) ) ;
#547 = SURFACE_STYLE_USAGE ( .BOTH. , #5253 ) ;
#548 = SURFACE_STYLE_FILL_AREA ( #11065 ) ;
#549 = EDGE_LOOP ( 'NONE', ( #10416, #3325, #3683, #7509 ) ) ;
#550 = B_SPLINE_CURVE_WITH_KNOTS ( 'NONE', 3,
 ( #1491, #734, #2644, #8269 ),
 .UNSPECIFIED., .F., .F.,
 ( 4, 4 ),
 ( 4.000000000000000000, 5.000000000000000000 ),
 .UNSPECIFIED. ) ;
#551 = SURFACE_STYLE_USAGE ( .BOTH. , #4266 ) ;
#552 = VECTOR ( 'NONE', #8170, 1000.000000000000000 ) ;
#553 = VERTEX_POINT ( 'NONE', #2792 ) ;
#554 = DIRECTION ( 'NONE',  ( 0.0000000000000000000, -0.0000000000000000000, -1.000000000000000000 ) ) ;
#555 = EDGE_CURVE ( 'NONE', #9836, #4869, #11636, .T. ) ;
#556 = EDGE_LOOP ( 'NONE', ( #4954, #9965, #1402, #11450 ) ) ;
#557 = FILL_AREA_STYLE ('',( #9896 ) ) ;
#558 = CARTESIAN_POINT ( 'NONE',  ( -0.1878940549403086968, 0.3010000000383806218, 0.1652457078455596695 ) ) ;
#559 = EDGE_CURVE ( 'NONE', #5315, #4460, #10341, .T. ) ;
#560 = CARTESIAN_POINT ( 'NONE',  ( -0.08554074787646864797, 0.3000000000383806209, 0.1004340443038267278 ) ) ;
#561 = VERTEX_POINT ( 'NONE', #1351 ) ;
#562 = DIRECTION ( 'NONE',  ( 0.9999748501857348426, 0.0000000000000000000, 0.007092178509963895962 ) ) ;
#563 = AXIS2_PLACEMENT_3D ( 'NONE', #9297, #11160, #1901 ) ;
#564 = CARTESIAN_POINT ( 'NONE',  ( -0.1697082593558360275, 0.3000000000383806764, 0.1520550541038856174 ) ) ;
#565 = ORIENTED_EDGE ( 'NONE', *, *, #5321, .F. ) ;
#566 = CARTESIAN_POINT ( 'NONE',  ( -0.2161146890077369209, 0.3010000000383806773, 0.1089284109582266957 ) ) ;
#567 = CARTESIAN_POINT ( 'NONE',  ( -0.2146870555787802615, 0.3000000000383806764, 0.1517360484289757561 ) ) ;
#568 =( NAMED_UNIT ( * ) PLANE_ANGLE_UNIT ( ) SI_UNIT ( $, .RADIAN. ) );
#569 = FILL_AREA_STYLE_COLOUR ( '', #11208 ) ;
#570 = CARTESIAN_POINT ( 'NONE',  ( -0.07963672377970335003, 0.3010000000383806218, 0.05746005091060948922 ) ) ;
#571 = ORIENTED_EDGE ( 'NONE', *, *, #4001, .T. ) ;
#572 = CARTESIAN_POINT ( 'NONE',  ( 0.2901568176952524225, 0.3010000000383806218, 0.1767407862493474702 ) ) ;
#573 = DIRECTION ( 'NONE',  ( -0.9999748501857348426, -0.0000000000000000000, -0.007092178509962859465 ) ) ;
#574 = B_SPLINE_SURFACE_WITH_KNOTS ( 'NONE', 3, 1, ( 
 ( #6393, #3614 ),
 ( #10184, #10230 ),
 ( #7758, #11536 ),
 ( #1137, #2997 ) ),
 .UNSPECIFIED., .F., .F., .F.,
 ( 4, 4 ),
 ( 2, 2 ),
 ( 5.000000000000000000, 6.000000000000000000 ),
 ( 0.0000000000000000000, 1.000000000000000000 ),
 .UNSPECIFIED. ) ;
#575 = DIRECTION ( 'NONE',  ( 0.3492990578015338077, -0.0000000000000000000, 0.9370112956730888287 ) ) ;
#576 = ORIENTED_EDGE ( 'NONE', *, *, #2013, .T. ) ;
#577 =( LENGTH_UNIT ( ) NAMED_UNIT ( * ) SI_UNIT ( .MILLI., .METRE. ) );
#578 = FACE_OUTER_BOUND ( 'NONE', #6258, .T. ) ;
#579 = DIRECTION ( 'NONE',  ( -1.000000000000000000, -1.463672932855431301E-14, 0.0000000000000000000 ) ) ;
#580 = CARTESIAN_POINT ( 'NONE',  ( -0.07428321710576467340, 0.3000000000000000444, 0.09430637585150224156 ) ) ;
#581 = ORIENTED_EDGE ( 'NONE', *, *, #8850, .T. ) ;
#582 = EDGE_CURVE ( 'NONE', #11315, #2832, #9541, .T. ) ;
#583 = CARTESIAN_POINT ( 'NONE',  ( -0.07428321710576467340, 0.3000000000000000444, 0.09430637585150224156 ) ) ;
#584 = AXIS2_PLACEMENT_3D ( 'NONE', #10189, #2564, #8201 ) ;
#585 = CARTESIAN_POINT ( 'NONE',  ( -0.3137952773955881014, 0.3010000000383806773, 0.1152541678150744431 ) ) ;
#586 = UNCERTAINTY_MEASURE_WITH_UNIT (LENGTH_MEASURE( 1.000000000000000082E-05 ), #6320, 'distance_accuracy_value', 'NONE');
#587 = SURFACE_STYLE_USAGE ( .BOTH. , #4372 ) ;
#588 = B_SPLINE_SURFACE_WITH_KNOTS ( 'NONE', 3, 1, ( 
 ( #9403, #6003 ),
 ( #2115, #1175 ),
 ( #6918, #5867 ),
 ( #7049, #7729 ) ),
 .UNSPECIFIED., .F., .F., .F.,
 ( 4, 4 ),
 ( 2, 2 ),
 ( 9.000000000000000000, 10.00000000000000000 ),
 ( 0.0000000000000000000, 1.000000000000000000 ),
 .UNSPECIFIED. ) ;
#589 = CARTESIAN_POINT ( 'NONE',  ( -0.1253703211595268707, 0.3010000000383806218, 0.05800911053237797071 ) ) ;
#590 =( NAMED_UNIT ( * ) PLANE_ANGLE_UNIT ( ) SI_UNIT ( $, .RADIAN. ) );
#591 = VERTEX_POINT ( 'NONE', #300 ) ;
#592 = CARTESIAN_POINT ( 'NONE',  ( -0.1134434921385708284, 0.3000000000383806209, 0.06086992331849381405 ) ) ;
#593 = COLOUR_RGB ( '',0.1019607843137254888, 0.1019607843137254888, 0.1019607843137254888 ) ;
#594 = VECTOR ( 'NONE', #3252, 1000.000000000000114 ) ;
#595 = SURFACE_STYLE_FILL_AREA ( #11689 ) ;
#596 = ORIENTED_EDGE ( 'NONE', *, *, #4684, .F. ) ;
#597 = CARTESIAN_POINT ( 'NONE',  ( -0.3103721245574679322, 0.3010000000383806773, 0.1032065530223878064 ) ) ;
#598 = EDGE_LOOP ( 'NONE', ( #5624, #4565, #10775, #4070 ) ) ;
#599 = DIRECTION ( 'NONE',  ( -0.0000000000000000000, -0.0000000000000000000, 1.000000000000000000 ) ) ;
#600 =( GEOMETRIC_REPRESENTATION_CONTEXT ( 3 ) GLOBAL_UNCERTAINTY_ASSIGNED_CONTEXT ( ( #2014 ) ) GLOBAL_UNIT_ASSIGNED_CONTEXT ( ( #6322, #568, #11211 ) ) REPRESENTATION_CONTEXT ( 'NONE', 'WORKASPACE' ) );
#601 = STYLED_ITEM ( 'NONE', ( #2108 ), #8557 ) ;
#602 = CIRCLE ( 'NONE', #2987, 0.04999999999999999584 ) ;
#603 = SURFACE_SIDE_STYLE ('',( #1546 ) ) ;
#604 = SURFACE_STYLE_FILL_AREA ( #7359 ) ;
#605 = CARTESIAN_POINT ( 'NONE',  ( -0.3194094911806665271, 0.3010000000383806773, 0.07778212340617211840 ) ) ;
#606 = ORIENTED_EDGE ( 'NONE', *, *, #5303, .T. ) ;
#607 = SURFACE_SIDE_STYLE ('',( #9083 ) ) ;
#608 = MECHANICAL_DESIGN_GEOMETRIC_PRESENTATION_REPRESENTATION (  '', ( #3654 ), #9309 ) ;
#609 = FACE_OUTER_BOUND ( 'NONE', #2485, .T. ) ;
#610 = VERTEX_POINT ( 'NONE', #482 ) ;
#611 = ADVANCED_FACE ( 'NONE', ( #2856 ), #4127, .F. ) ;
#612 = EDGE_CURVE ( 'NONE', #1459, #2033, #11688, .T. ) ;
#613 = CARTESIAN_POINT ( 'NONE',  ( -0.4500000000000000111, -0.2499999999999998890, 0.2999999999999999889 ) ) ;
#614 = STYLED_ITEM ( 'NONE', ( #6818 ), #10051 ) ;
#615 = VECTOR ( 'NONE', #290, 1000.000000000000000 ) ;
#616 = SURFACE_STYLE_USAGE ( .BOTH. , #6305 ) ;
#617 = ORIENTED_EDGE ( 'NONE', *, *, #929, .T. ) ;
#618 = EDGE_CURVE ( 'NONE', #949, #2782, #8541, .T. ) ;
#619 = VECTOR ( 'NONE', #11840, 1000.000000000000000 ) ;
#620 = ORIENTED_EDGE ( 'NONE', *, *, #2957, .T. ) ;
#621 = STYLED_ITEM ( 'NONE', ( #9055 ), #11763 ) ;
#622 = DIRECTION ( 'NONE',  ( -0.007092178509953184912, -0.0000000000000000000, 0.9999748501857349536 ) ) ;
#623 = CARTESIAN_POINT ( 'NONE',  ( -0.1090018511163427239, 0.3010000000383806218, 0.08994259400426035667 ) ) ;
#624 = CARTESIAN_POINT ( 'NONE',  ( -0.1126506403741447809, 0.3000000000000000444, 0.05463684210604041053 ) ) ;
#625 = VERTEX_POINT ( 'NONE', #1943 ) ;
#626 = MECHANICAL_DESIGN_GEOMETRIC_PRESENTATION_REPRESENTATION (  '', ( #6151 ), #3593 ) ;
#627 = COLOUR_RGB ( '',1.000000000000000000, 1.000000000000000000, 1.000000000000000000 ) ;
#628 = CARTESIAN_POINT ( 'NONE',  ( -0.08238606380397087148, 0.3000000000000000444, 0.2076061665215889196 ) ) ;
#629 = EDGE_LOOP ( 'NONE', ( #7483, #671, #8402, #5157 ) ) ;
#630 = EDGE_CURVE ( 'NONE', #8770, #7923, #8829, .T. ) ;
#631 = COLOUR_RGB ( '',1.000000000000000000, 1.000000000000000000, 1.000000000000000000 ) ;
#632 = STYLED_ITEM ( 'NONE', ( #10625 ), #4635 ) ;
#633 = FACE_OUTER_BOUND ( 'NONE', #9102, .T. ) ;
#634 = STYLED_ITEM ( 'NONE', ( #2240 ), #3819 ) ;
#635 = EDGE_CURVE ( 'NONE', #949, #4808, #4247, .T. ) ;
#636 = CARTESIAN_POINT ( 'NONE',  ( -0.09048046219976775550, 0.3010000000383806773, 0.05582346714787936315 ) ) ;
#637 = CARTESIAN_POINT ( 'NONE',  ( -0.08761071593099632737, 0.3000000000383806209, 0.2075691114241227653 ) ) ;
#638 = VECTOR ( 'NONE', #9949, 1000.000000000000000 ) ;
#639 = LINE ( 'NONE', #10219, #1634 ) ;
#640 =( NAMED_UNIT ( * ) SI_UNIT ( $, .STERADIAN. ) SOLID_ANGLE_UNIT ( ) );
#641 = FILL_AREA_STYLE_COLOUR ( '', #4801 ) ;
#642 = VECTOR ( 'NONE', #7831, 1000.000000000000114 ) ;
#643 = LINE ( 'NONE', #5646, #1086 ) ;
#644 = B_SPLINE_CURVE_WITH_KNOTS ( 'NONE', 3,
 ( #7846, #3157, #6924, #4880 ),
 .UNSPECIFIED., .F., .F.,
 ( 4, 4 ),
 ( 5.000000000000000000, 6.000000000000000000 ),
 .UNSPECIFIED. ) ;
#645 = PRESENTATION_LAYER_ASSIGNMENT (  '', '', ( #5781 ) ) ;
#646 = ORIENTED_EDGE ( 'NONE', *, *, #523, .F. ) ;
#647 = CARTESIAN_POINT ( 'NONE',  ( 0.2268149738132373416, 0.3010000000383806218, 0.05525936241691851991 ) ) ;
#648 = FACE_OUTER_BOUND ( 'NONE', #3081, .T. ) ;
#649 = ORIENTED_EDGE ( 'NONE', *, *, #3350, .F. ) ;
#650 = UNCERTAINTY_MEASURE_WITH_UNIT (LENGTH_MEASURE( 1.000000000000000082E-05 ), #11244, 'distance_accuracy_value', 'NONE');
#651 = CARTESIAN_POINT ( 'NONE',  ( -0.04719765512167783950, 0.3010000000383806773, 0.1171449732959795598 ) ) ;
#652 = MECHANICAL_DESIGN_GEOMETRIC_PRESENTATION_REPRESENTATION (  '', ( #1656 ), #5570 ) ;
#653 = ADVANCED_FACE ( 'NONE', ( #10451, #5763, #10752 ), #7563, .T. ) ;
#654 = COLOUR_RGB ( '',1.000000000000000000, 1.000000000000000000, 1.000000000000000000 ) ;
#655 = CARTESIAN_POINT ( 'NONE',  ( -0.01577176247628619271, 0.3010000000383806773, 0.1173678569419379508 ) ) ;
#656 = COLOUR_RGB ( '',1.000000000000000000, 1.000000000000000000, 1.000000000000000000 ) ;
#657 = CARTESIAN_POINT ( 'NONE',  ( 0.06096441017970172932, 0.3010000000383806218, 0.1356388318012229088 ) ) ;
#658 = ORIENTED_EDGE ( 'NONE', *, *, #4990, .T. ) ;
#659 = PLANE ( 'NONE',  #9340 ) ;
#660 = PLANE ( 'NONE',  #2922 ) ;
#661 = CARTESIAN_POINT ( 'NONE',  ( 0.0000000000000000000, 0.3010000000383806773, 0.0000000000000000000 ) ) ;
#662 = SURFACE_STYLE_USAGE ( .BOTH. , #9995 ) ;
#663 = CARTESIAN_POINT ( 'NONE',  ( -0.4500000000000001221, -1.626303258728257144E-16, 0.2499999999999999445 ) ) ;
#664 = ORIENTED_EDGE ( 'NONE', *, *, #3202, .F. ) ;
#665 = B_SPLINE_CURVE_WITH_KNOTS ( 'NONE', 3,
 ( #11142, #985, #3762, #7550 ),
 .UNSPECIFIED., .F., .F.,
 ( 4, 4 ),
 ( 3.000000000000000000, 4.000000000000000000 ),
 .UNSPECIFIED. ) ;
#666 = CARTESIAN_POINT ( 'NONE',  ( 0.2177054820917722067, 0.3000000000000000444, 0.05519475465062153446 ) ) ;
#667 = MECHANICAL_DESIGN_GEOMETRIC_PRESENTATION_REPRESENTATION (  '', ( #271 ), #3428 ) ;
#668 = PRESENTATION_STYLE_ASSIGNMENT (( #9141 ) ) ;
#669 = ORIENTED_EDGE ( 'NONE', *, *, #2976, .F. ) ;
#670 = LINE ( 'NONE', #3448, #11082 ) ;
#671 = ORIENTED_EDGE ( 'NONE', *, *, #11016, .F. ) ;
#672 = CARTESIAN_POINT ( 'NONE',  ( -0.4499999999999981792, 0.2499999999999998335, -0.02000000000000000042 ) ) ;
#673 = CARTESIAN_POINT ( 'NONE',  ( -0.1847385718664072418, 0.3010000000383806773, 0.1161694840286279784 ) ) ;
#674 = FACE_OUTER_BOUND ( 'NONE', #8123, .T. ) ;
#675 = FILL_AREA_STYLE ('',( #1732 ) ) ;
#676 = ORIENTED_EDGE ( 'NONE', *, *, #8289, .T. ) ;
#677 = VECTOR ( 'NONE', #1919, 1000.000000000000000 ) ;
#678 = ADVANCED_FACE ( 'NONE', ( #11050 ), #6405, .F. ) ;
#679 = FILL_AREA_STYLE_COLOUR ( '', #11457 ) ;
#680 = VERTEX_POINT ( 'NONE', #7283 ) ;
#681 = PRESENTATION_STYLE_ASSIGNMENT (( #9960 ) ) ;
#682 = EDGE_LOOP ( 'NONE', ( #2098, #8443, #10406, #5255 ) ) ;
#683 = B_SPLINE_CURVE_WITH_KNOTS ( 'NONE', 3,
 ( #1783, #12170, #7463, #2759 ),
 .UNSPECIFIED., .F., .F.,
 ( 4, 4 ),
 ( 22.00000000000000000, 23.00000000000000000 ),
 .UNSPECIFIED. ) ;
#684 = SURFACE_SIDE_STYLE ('',( #863 ) ) ;
#685 = EDGE_LOOP ( 'NONE', ( #8381, #8057, #12185, #10355 ) ) ;
#686 = DIRECTION ( 'NONE',  ( -0.0000000000000000000, -1.000000000000000000, -0.0000000000000000000 ) ) ;
#687 = B_SPLINE_SURFACE_WITH_KNOTS ( 'NONE', 3, 1, ( 
 ( #7027, #4112 ),
 ( #11736, #520 ),
 ( #10927, #1401 ),
 ( #10854, #1338 ) ),
 .UNSPECIFIED., .F., .F., .F.,
 ( 4, 4 ),
 ( 2, 2 ),
 ( 0.0000000000000000000, 1.000000000000000000 ),
 ( 0.0000000000000000000, 1.000000000000000000 ),
 .UNSPECIFIED. ) ;
#688 = LINE ( 'NONE', #12007, #7388 ) ;
#689 = EDGE_CURVE ( 'NONE', #9005, #228, #9140, .T. ) ;
#690 = SURFACE_STYLE_FILL_AREA ( #11008 ) ;
#691 = CARTESIAN_POINT ( 'NONE',  ( -0.2290779330532058400, 0.3000000000383806764, 0.1158550134551969424 ) ) ;
#692 = VERTEX_POINT ( 'NONE', #10939 ) ;
#693 = SURFACE_STYLE_USAGE ( .BOTH. , #6373 ) ;
#694 = EDGE_CURVE ( 'NONE', #2093, #1653, #8048, .T. ) ;
#695 = SURFACE_SIDE_STYLE ('',( #3415 ) ) ;
#696 = ORIENTED_EDGE ( 'NONE', *, *, #7578, .T. ) ;
#697 = SURFACE_STYLE_USAGE ( .BOTH. , #1565 ) ;
#698 = DIRECTION ( 'NONE',  ( 1.000000000000000000, 0.0000000000000000000, 0.0000000000000000000 ) ) ;
#699 = LINE ( 'NONE', #2545, #5161 ) ;
#700 =( LENGTH_UNIT ( ) NAMED_UNIT ( * ) SI_UNIT ( .MILLI., .METRE. ) );
#701 = CARTESIAN_POINT ( 'NONE',  ( -0.2460753435467916139, 0.3000000000000000444, 0.1682019657593467887 ) ) ;
#702 = EDGE_CURVE ( 'NONE', #3317, #3446, #6149, .T. ) ;
#703 = FILL_AREA_STYLE ('',( #12149 ) ) ;
#704 = ORIENTED_EDGE ( 'NONE', *, *, #5833, .T. ) ;
#705 = ADVANCED_FACE ( 'NONE', ( #4443 ), #2785, .F. ) ;
#706 =( NAMED_UNIT ( * ) PLANE_ANGLE_UNIT ( ) SI_UNIT ( $, .RADIAN. ) );
#707 = CARTESIAN_POINT ( 'NONE',  ( -0.04522868543321438561, 0.3010000000383806773, 0.08362590178079810921 ) ) ;
#708 =( NAMED_UNIT ( * ) SI_UNIT ( $, .STERADIAN. ) SOLID_ANGLE_UNIT ( ) );
#709 = ORIENTED_EDGE ( 'NONE', *, *, #4788, .T. ) ;
#710 = PLANE ( 'NONE',  #3983 ) ;
#711 = CARTESIAN_POINT ( 'NONE',  ( -0.1165129286434225669, 0.3010000000383806773, 0.1593884897798748812 ) ) ;
#712 = VERTEX_POINT ( 'NONE', #7462 ) ;
#713 = DIRECTION ( 'NONE',  ( 0.007092178509969618815, 0.0000000000000000000, -0.9999748501857348426 ) ) ;
#714 = EDGE_CURVE ( 'NONE', #5053, #3062, #2327, .T. ) ;
#715 =( GEOMETRIC_REPRESENTATION_CONTEXT ( 3 ) GLOBAL_UNCERTAINTY_ASSIGNED_CONTEXT ( ( #9819 ) ) GLOBAL_UNIT_ASSIGNED_CONTEXT ( ( #9239, #4590, #9362 ) ) REPRESENTATION_CONTEXT ( 'NONE', 'WORKASPACE' ) );
#716 = ADVANCED_FACE ( 'NONE', ( #904 ), #5653, .F. ) ;
#717 = DIRECTION ( 'NONE',  ( -0.007092178509970722966, -0.0000000000000000000, 0.9999748501857347316 ) ) ;
#718 = UNCERTAINTY_MEASURE_WITH_UNIT (LENGTH_MEASURE( 1.000000000000000082E-05 ), #8601, 'distance_accuracy_value', 'NONE');
#719 = CARTESIAN_POINT ( 'NONE',  ( -0.2142450491027245441, 0.3000000000383806764, 0.08941452633897051250 ) ) ;
#720 = DIRECTION ( 'NONE',  ( -0.4987484692609969739, 0.0000000000000000000, -0.8667467706370831637 ) ) ;
#721 = CARTESIAN_POINT ( 'NONE',  ( -0.2691773925217667007, 0.3010000000383806218, 0.06310310977246418040 ) ) ;
#722 = CARTESIAN_POINT ( 'NONE',  ( 0.09686090230551035185, 0.3010000000383806218, 0.1510766696809753007 ) ) ;
#723 = VERTEX_POINT ( 'NONE', #40 ) ;
#724 = CARTESIAN_POINT ( 'NONE',  ( 0.2398746465872760858, 0.3000000000000000444, 0.1711785080609857512 ) ) ;
#725 =( GEOMETRIC_REPRESENTATION_CONTEXT ( 3 ) GLOBAL_UNCERTAINTY_ASSIGNED_CONTEXT ( ( #2934 ) ) GLOBAL_UNIT_ASSIGNED_CONTEXT ( ( #7723, #10629, #10504 ) ) REPRESENTATION_CONTEXT ( 'NONE', 'WORKASPACE' ) );
#726 = ADVANCED_FACE ( 'NONE', ( #7651 ), #10315, .F. ) ;
#727 = FILL_AREA_STYLE_COLOUR ( '', #2397 ) ;
#728 = ORIENTED_EDGE ( 'NONE', *, *, #4631, .F. ) ;
#729 = SURFACE_STYLE_FILL_AREA ( #9385 ) ;
#730 = ORIENTED_EDGE ( 'NONE', *, *, #5562, .T. ) ;
#731 = PRESENTATION_STYLE_ASSIGNMENT (( #9204 ) ) ;
#732 = FILL_AREA_STYLE_COLOUR ( '', #6562 ) ;
#733 = SURFACE_SIDE_STYLE ('',( #9208 ) ) ;
#734 = CARTESIAN_POINT ( 'NONE',  ( -0.07329726075303738542, 0.3000000000383806209, 0.2147827505728447661 ) ) ;
#735 = VERTEX_POINT ( 'NONE', #1282 ) ;
#736 =( LENGTH_UNIT ( ) NAMED_UNIT ( * ) SI_UNIT ( .MILLI., .METRE. ) );
#737 = ORIENTED_EDGE ( 'NONE', *, *, #4621, .F. ) ;
#738 = VERTEX_POINT ( 'NONE', #2154 ) ;
#739 = VECTOR ( 'NONE', #6635, 1000.000000000000000 ) ;
#740 = DIRECTION ( 'NONE',  ( -0.0000000000000000000, -1.000000000000000000, -0.0000000000000000000 ) ) ;
#742 = EDGE_LOOP ( 'NONE', ( #6444, #401, #3607, #9638 ) ) ;
#741 = STYLED_ITEM ( 'NONE', ( #12151 ), #3413 ) ;
#743 = EDGE_CURVE ( 'NONE', #4719, #8464, #6784, .T. ) ;
#744 = DIRECTION ( 'NONE',  ( 0.9276759462742569795, -0.0000000000000000000, 0.3733863129577220663 ) ) ;
#745 =( NAMED_UNIT ( * ) SI_UNIT ( $, .STERADIAN. ) SOLID_ANGLE_UNIT ( ) );
#746 = ORIENTED_EDGE ( 'NONE', *, *, #8740, .F. ) ;
#747 = DIRECTION ( 'NONE',  ( -0.007092178509963546415, 0.0000000000000000000, 0.9999748501857348426 ) ) ;
#748 = SURFACE_STYLE_USAGE ( .BOTH. , #9171 ) ;
#749 = PRESENTATION_LAYER_ASSIGNMENT (  '', '', ( #5884 ) ) ;
#750 =( NAMED_UNIT ( * ) SI_UNIT ( $, .STERADIAN. ) SOLID_ANGLE_UNIT ( ) );
#751 = ORIENTED_EDGE ( 'NONE', *, *, #7113, .T. ) ;
#752 = VECTOR ( 'NONE', #5290, 1000.000000000000000 ) ;
#753 =( NAMED_UNIT ( * ) PLANE_ANGLE_UNIT ( ) SI_UNIT ( $, .RADIAN. ) );
#754 = CARTESIAN_POINT ( 'NONE',  ( 0.1146891787164184690, 0.3010000000383806218, 0.08396301967234481856 ) ) ;
#755 = PRESENTATION_STYLE_ASSIGNMENT (( #8180 ) ) ;
#756 = CARTESIAN_POINT ( 'NONE',  ( -0.1414508950651480190, 0.3000000000383806764, 0.1592116208221150964 ) ) ;
#757 = AXIS2_PLACEMENT_3D ( 'NONE', #5057, #4023, #7899 ) ;
#758 = SURFACE_STYLE_FILL_AREA ( #2672 ) ;
#759 = STYLED_ITEM ( 'NONE', ( #1461 ), #7143 ) ;
#760 = FILL_AREA_STYLE_COLOUR ( '', #4440 ) ;
#761 = ORIENTED_EDGE ( 'NONE', *, *, #2906, .F. ) ;
#762 =( NAMED_UNIT ( * ) PLANE_ANGLE_UNIT ( ) SI_UNIT ( $, .RADIAN. ) );
#763 = LINE ( 'NONE', #11845, #3526 ) ;
#764 = ORIENTED_EDGE ( 'NONE', *, *, #6813, .T. ) ;
#765 = UNCERTAINTY_MEASURE_WITH_UNIT (LENGTH_MEASURE( 1.000000000000000082E-05 ), #6844, 'distance_accuracy_value', 'NONE');
#766 =( NAMED_UNIT ( * ) SI_UNIT ( $, .STERADIAN. ) SOLID_ANGLE_UNIT ( ) );
#767 = EDGE_CURVE ( 'NONE', #4637, #5221, #978, .T. ) ;
#768 = EDGE_CURVE ( 'NONE', #8330, #6296, #4381, .T. ) ;
#769 = PRESENTATION_LAYER_ASSIGNMENT (  '', '', ( #6889 ) ) ;
#770 = CARTESIAN_POINT ( 'NONE',  ( -0.2784732602775099042, 0.3010000000383806218, 0.07632562053298402871 ) ) ;
#771 = CARTESIAN_POINT ( 'NONE',  ( 0.2301529359484426329, 0.3000000000000000444, 0.1962703437822883312 ) ) ;
#772 = CARTESIAN_POINT ( 'NONE',  ( 0.1737393428458150757, 0.3000000000383806764, 0.07657331726434679631 ) ) ;
#773 = EDGE_LOOP ( 'NONE', ( #696, #10945, #8023, #6905 ) ) ;
#774 = FILL_AREA_STYLE ('',( #1714 ) ) ;
#775 = PRESENTATION_LAYER_ASSIGNMENT (  '', '', ( #5323 ) ) ;
#776 = DIRECTION ( 'NONE',  ( -0.0000000000000000000, -1.000000000000000000, -0.0000000000000000000 ) ) ;
#777 = FILL_AREA_STYLE_COLOUR ( '', #10663 ) ;
#778 = CARTESIAN_POINT ( 'NONE',  ( 0.06109670222509443888, 0.3010000000383806218, 0.1169860697357324036 ) ) ;
#779 = FACE_OUTER_BOUND ( 'NONE', #11124, .T. ) ;
#780 = CARTESIAN_POINT ( 'NONE',  ( -0.2161644645117964669, 0.3010000000383806773, 0.1159466003826696290 ) ) ;
#781 = ORIENTED_EDGE ( 'NONE', *, *, #825, .T. ) ;
#782 = EDGE_CURVE ( 'NONE', #6271, #9267, #3074, .T. ) ;
#783 = CARTESIAN_POINT ( 'NONE',  ( -0.02340991431105948761, 0.3000000000383806764, 0.08378064829231048061 ) ) ;
#784 = EDGE_CURVE ( 'NONE', #9092, #11281, #4854, .T. ) ;
#785 = VECTOR ( 'NONE', #9139, 1000.000000000000000 ) ;
#786 =( LENGTH_UNIT ( ) NAMED_UNIT ( * ) SI_UNIT ( .MILLI., .METRE. ) );
#787 = VERTEX_POINT ( 'NONE', #5848 ) ;
#788 = CARTESIAN_POINT ( 'NONE',  ( -0.1205641077928972654, 0.3010000000383806218, 0.07086373545509425109 ) ) ;
#789 = CARTESIAN_POINT ( 'NONE',  ( 0.2168378917518772042, 0.3000000000000000444, 0.1163554317908793573 ) ) ;
#790 = DIRECTION ( 'NONE',  ( 1.000000000000000000, 0.0000000000000000000, 0.0000000000000000000 ) ) ;
#791 = B_SPLINE_CURVE_WITH_KNOTS ( 'NONE', 3,
 ( #4847, #4791, #8439, #897 ),
 .UNSPECIFIED., .F., .F.,
 ( 4, 4 ),
 ( 28.00000000000000000, 29.00000000000000000 ),
 .UNSPECIFIED. ) ;
#792 = SURFACE_STYLE_USAGE ( .BOTH. , #11995 ) ;
#793 = CARTESIAN_POINT ( 'NONE',  ( -0.08235852309880657696, 0.3010000000383806773, 0.2147184848664923373 ) ) ;
#794 = CARTESIAN_POINT ( 'NONE',  ( -0.1173749001724034291, 0.3010000000383806218, 0.09400075425657250516 ) ) ;
#795 = ORIENTED_EDGE ( 'NONE', *, *, #3626, .T. ) ;
#796 = VECTOR ( 'NONE', #3441, 1000.000000000000114 ) ;
#797 = CARTESIAN_POINT ( 'NONE',  ( -0.07130338486278821331, 0.3000000000383806209, 0.06119998952027910777 ) ) ;
#798 =( NAMED_UNIT ( * ) SI_UNIT ( $, .STERADIAN. ) SOLID_ANGLE_UNIT ( ) );
#799 = ORIENTED_EDGE ( 'NONE', *, *, #8289, .F. ) ;
#800 = CARTESIAN_POINT ( 'NONE',  ( -0.2702033004280597339, 0.3010000000383806218, 0.07800633718390394267 ) ) ;
#801 = B_SPLINE_CURVE_WITH_KNOTS ( 'NONE', 3,
 ( #6670, #9514, #6903, #1042 ),
 .UNSPECIFIED., .F., .F.,
 ( 4, 4 ),
 ( 9.000000000000000000, 10.00000000000000000 ),
 .UNSPECIFIED. ) ;
#802 = FACE_OUTER_BOUND ( 'NONE', #9437, .T. ) ;
#803 = VERTEX_POINT ( 'NONE', #9802 ) ;
#804 = CARTESIAN_POINT ( 'NONE',  ( -0.2460753435467916139, 0.3010000000383806773, 0.1682019657593467887 ) ) ;
#805 = ORIENTED_EDGE ( 'NONE', *, *, #4539, .F. ) ;
#806 = STYLED_ITEM ( 'NONE', ( #11034 ), #8259 ) ;
#807 = PLANE ( 'NONE',  #1544 ) ;
#808 = CARTESIAN_POINT ( 'NONE',  ( -0.1097918262667172962, 0.3000000000000000444, 0.09137189323063166224 ) ) ;
#809 = STYLED_ITEM ( 'NONE', ( #10195 ), #705 ) ;
#810 = CARTESIAN_POINT ( 'NONE',  ( 0.1281795864602693624, 0.3010000000383806218, 0.07798539298053178137 ) ) ;
#811 =( NAMED_UNIT ( * ) SI_UNIT ( $, .STERADIAN. ) SOLID_ANGLE_UNIT ( ) );
#812 = EDGE_LOOP ( 'NONE', ( #886, #1747, #939, #6179 ) ) ;
#813 = CARTESIAN_POINT ( 'NONE',  ( 0.2174562885453621697, 0.3010000000383806218, 0.02916459669755753700 ) ) ;
#814 =( LENGTH_UNIT ( ) NAMED_UNIT ( * ) SI_UNIT ( .MILLI., .METRE. ) );
#815 = ORIENTED_EDGE ( 'NONE', *, *, #6731, .T. ) ;
#816 = AXIS2_PLACEMENT_3D ( 'NONE', #4506, #1684, #6617 ) ;
#817 = VECTOR ( 'NONE', #11735, 1000.000000000000000 ) ;
#818 = VECTOR ( 'NONE', #6682, 1000.000000000000000 ) ;
#819 =( LENGTH_UNIT ( ) NAMED_UNIT ( * ) SI_UNIT ( .MILLI., .METRE. ) );
#820 = FILL_AREA_STYLE_COLOUR ( '', #8988 ) ;
#821 = ORIENTED_EDGE ( 'NONE', *, *, #7877, .T. ) ;
#822 = COLOUR_RGB ( '',1.000000000000000000, 1.000000000000000000, 1.000000000000000000 ) ;
#823 =( NAMED_UNIT ( * ) SI_UNIT ( $, .STERADIAN. ) SOLID_ANGLE_UNIT ( ) );
#824 = EDGE_LOOP ( 'NONE', ( #11149, #11659, #5152, #7759, #11683, #5395, #4997, #10870 ) ) ;
#825 = EDGE_CURVE ( 'NONE', #4131, #5431, #9574, .T. ) ;
#826 = STYLED_ITEM ( 'NONE', ( #6988 ), #10359 ) ;
#827 =( GEOMETRIC_REPRESENTATION_CONTEXT ( 3 ) GLOBAL_UNCERTAINTY_ASSIGNED_CONTEXT ( ( #3724 ) ) GLOBAL_UNIT_ASSIGNED_CONTEXT ( ( #6277, #6333, #9129 ) ) REPRESENTATION_CONTEXT ( 'NONE', 'WORKASPACE' ) );
#828 = FILL_AREA_STYLE_COLOUR ( '', #8342 ) ;
#829 = CARTESIAN_POINT ( 'NONE',  ( -0.07465651980998951054, 0.3010000000383806218, 0.06117620789056198161 ) ) ;
#830 = PRESENTATION_LAYER_ASSIGNMENT (  '', '', ( #446 ) ) ;
#831 = DIRECTION ( 'NONE',  ( -1.084202172485504434E-16, 1.000000000000000000, 0.0000000000000000000 ) ) ;
#832 = EDGE_LOOP ( 'NONE', ( #7308, #9535, #12066, #5995 ) ) ;
#833 = B_SPLINE_CURVE_WITH_KNOTS ( 'NONE', 3,
 ( #3678, #4487, #1667, #4727 ),
 .UNSPECIFIED., .F., .F.,
 ( 4, 4 ),
 ( 11.00000000000000000, 12.00000000000000000 ),
 .UNSPECIFIED. ) ;
#834 = VECTOR ( 'NONE', #11819, 1000.000000000000000 ) ;
#835 = PRESENTATION_STYLE_ASSIGNMENT (( #8437 ) ) ;
#836 = EDGE_CURVE ( 'NONE', #6513, #712, #9626, .T. ) ;
#837 = EDGE_CURVE ( 'NONE', #5377, #11719, #10738, .T. ) ;
#838 = SURFACE_STYLE_FILL_AREA ( #2747 ) ;
#839 =( NAMED_UNIT ( * ) PLANE_ANGLE_UNIT ( ) SI_UNIT ( $, .RADIAN. ) );
#840 = COLOUR_RGB ( '',1.000000000000000000, 1.000000000000000000, 1.000000000000000000 ) ;
#842 = EDGE_CURVE ( 'NONE', #8464, #2827, #4978, .T. ) ;
#841 = CARTESIAN_POINT ( 'NONE',  ( -0.1996288660013571248, 0.3010000000383806218, 0.1660982860377836767 ) ) ;
#843 = MECHANICAL_DESIGN_GEOMETRIC_PRESENTATION_REPRESENTATION (  '', ( #4588 ), #1247 ) ;
#844 = ORIENTED_EDGE ( 'NONE', *, *, #9707, .F. ) ;
#845 = CARTESIAN_POINT ( 'NONE',  ( -0.1937739655706610942, 0.3010000000383806218, 0.2048197783621315826 ) ) ;
#846 = FILL_AREA_STYLE_COLOUR ( '', #593 ) ;
#847 =( LENGTH_UNIT ( ) NAMED_UNIT ( * ) SI_UNIT ( .MILLI., .METRE. ) );
#848 = ORIENTED_EDGE ( 'NONE', *, *, #9567, .F. ) ;
#849 = PRESENTATION_LAYER_ASSIGNMENT (  '', '', ( #8548 ) ) ;
#850 = AXIS2_PLACEMENT_3D ( 'NONE', #11468, #10720, #4276 ) ;
#851 = CARTESIAN_POINT ( 'NONE',  ( -0.2636884999578180677, 0.3010000000383806218, 0.1028513924644997024 ) ) ;
#852 = EDGE_CURVE ( 'NONE', #1017, #8597, #5100, .T. ) ;
#853 = EDGE_CURVE ( 'NONE', #2009, #7295, #8757, .T. ) ;
#854 = CARTESIAN_POINT ( 'NONE',  ( -0.1218793731190529334, 0.3010000000383806218, 0.1001763178050260605 ) ) ;
#855 = LINE ( 'NONE', #10254, #3598 ) ;
#856 = ORIENTED_EDGE ( 'NONE', *, *, #8199, .F. ) ;
#857 = CARTESIAN_POINT ( 'NONE',  ( -0.06888600850529047470, 0.3000000000383806209, 0.06121713441612319090 ) ) ;
#858 = FILL_AREA_STYLE ('',( #4625 ) ) ;
#859 = ORIENTED_EDGE ( 'NONE', *, *, #2627, .F. ) ;
#860 = MECHANICAL_DESIGN_GEOMETRIC_PRESENTATION_REPRESENTATION (  '', ( #3232 ), #8961 ) ;
#861 = CARTESIAN_POINT ( 'NONE',  ( -0.09067934299154378763, 0.3010000000383806773, 0.08386503289269027495 ) ) ;
#862 = ORIENTED_EDGE ( 'NONE', *, *, #5680, .T. ) ;
#863 = SURFACE_STYLE_FILL_AREA ( #3521 ) ;
#864 = ORIENTED_EDGE ( 'NONE', *, *, #5226, .T. ) ;
#865 = LINE ( 'NONE', #4570, #12011 ) ;
#866 =( LENGTH_UNIT ( ) NAMED_UNIT ( * ) SI_UNIT ( .MILLI., .METRE. ) );
#867 = PRESENTATION_LAYER_ASSIGNMENT (  '', '', ( #11740 ) ) ;
#868 = EDGE_LOOP ( 'NONE', ( #805, #1958, #8253, #4113 ) ) ;
#869 = SURFACE_STYLE_USAGE ( .BOTH. , #1884 ) ;
#870 = PRESENTATION_STYLE_ASSIGNMENT (( #4463 ) ) ;
#871 = ORIENTED_EDGE ( 'NONE', *, *, #4840, .T. ) ;
#872 = UNCERTAINTY_MEASURE_WITH_UNIT (LENGTH_MEASURE( 1.000000000000000082E-05 ), #3808, 'distance_accuracy_value', 'NONE');
#873 = CARTESIAN_POINT ( 'NONE',  ( -0.4500000000000001776, 0.3000000000000000444, 0.0000000000000000000 ) ) ;
#874 = LINE ( 'NONE', #7491, #4567 ) ;
#875 = DIRECTION ( 'NONE',  ( 0.0000000000000000000, 1.000000000000000000, -0.0000000000000000000 ) ) ;
#876 = CARTESIAN_POINT ( 'NONE',  ( -0.2028220619280017845, 0.3010000000383806218, 0.1831073017652502244 ) ) ;
#877 = CARTESIAN_POINT ( 'NONE',  ( -0.2694921949318911936, 0.3010000000383806218, 0.1074892588887059880 ) ) ;
#878 = DIRECTION ( 'NONE',  ( 0.0000000000000000000, -1.000000000000000000, 0.0000000000000000000 ) ) ;
#879 =( LENGTH_UNIT ( ) NAMED_UNIT ( * ) SI_UNIT ( .MILLI., .METRE. ) );
#880 = SURFACE_STYLE_FILL_AREA ( #703 ) ;
#881 = SURFACE_STYLE_USAGE ( .BOTH. , #10528 ) ;
#882 = VERTEX_POINT ( 'NONE', #3189 ) ;
#883 = CARTESIAN_POINT ( 'NONE',  ( 0.3108954633881262919, 0.3000000000000000444, 0.1274338729253616798 ) ) ;
#884 = CARTESIAN_POINT ( 'NONE',  ( -0.1090203425049694058, 0.3010000000383806773, 0.2135000035020551135 ) ) ;
#885 = FILL_AREA_STYLE_COLOUR ( '', #10279 ) ;
#886 = ORIENTED_EDGE ( 'NONE', *, *, #10613, .T. ) ;
#887 = UNCERTAINTY_MEASURE_WITH_UNIT (LENGTH_MEASURE( 1.000000000000000082E-05 ), #5565, 'distance_accuracy_value', 'NONE');
#888 = DIRECTION ( 'NONE',  ( 0.0000000000000000000, -1.000000000000000000, 0.0000000000000000000 ) ) ;
#889 = SURFACE_STYLE_FILL_AREA ( #6447 ) ;
#890 = PRESENTATION_LAYER_ASSIGNMENT (  '', '', ( #2666 ) ) ;
#891 = CARTESIAN_POINT ( 'NONE',  ( -0.2369041256808862850, 0.3000000000383806764, 0.1087809648539770080 ) ) ;
#892 = EDGE_LOOP ( 'NONE', ( #12181, #2645, #6134, #5618 ) ) ;
#893 = CARTESIAN_POINT ( 'NONE',  ( -0.3097798096351688235, 0.3010000000383806773, 0.1054566875151959487 ) ) ;
#894 = FILL_AREA_STYLE ('',( #4483 ) ) ;
#895 = EDGE_CURVE ( 'NONE', #735, #224, #3257, .T. ) ;
#896 = SURFACE_SIDE_STYLE ('',( #838 ) ) ;
#897 = CARTESIAN_POINT ( 'NONE',  ( 0.1157474825709721988, 0.3010000000383806218, 0.05707450097645832415 ) ) ;
#898 = LINE ( 'NONE', #719, #1591 ) ;
#899 = SURFACE_STYLE_USAGE ( .BOTH. , #2631 ) ;
#900 = CARTESIAN_POINT ( 'NONE',  ( 0.05207026960083024208, 0.3010000000383806218, 0.1663760543917789936 ) ) ;
#901 = CARTESIAN_POINT ( 'NONE',  ( -0.1090018511163427239, 0.3010000000383806218, 0.08994259400426035667 ) ) ;
#902 = VERTEX_POINT ( 'NONE', #6968 ) ;
#903 = DIRECTION ( 'NONE',  ( 1.000000000000000000, 0.0000000000000000000, 0.0000000000000000000 ) ) ;
#904 = FACE_OUTER_BOUND ( 'NONE', #11501, .T. ) ;
#905 = ORIENTED_EDGE ( 'NONE', *, *, #3779, .T. ) ;
#906 = SURFACE_STYLE_USAGE ( .BOTH. , #8448 ) ;
#907 = LINE ( 'NONE', #104, #1679 ) ;
#908 = CARTESIAN_POINT ( 'NONE',  ( 0.2000000000000018152, -0.2500000000000001665, -0.0000000000000000000 ) ) ;
#909 = FILL_AREA_STYLE_COLOUR ( '', #9532 ) ;
#910 = CARTESIAN_POINT ( 'NONE',  ( 0.3108954633881262919, 0.3010000000383806218, 0.1274338729253616798 ) ) ;
#911 = EDGE_LOOP ( 'NONE', ( #10247, #8263, #3934, #6472 ) ) ;
#912 = ORIENTED_EDGE ( 'NONE', *, *, #10510, .F. ) ;
#913 = CARTESIAN_POINT ( 'NONE',  ( 0.2516268547034526404, 0.3010000000383806218, 0.1044555731240748297 ) ) ;
#914 = EDGE_CURVE ( 'NONE', #2109, #7975, #2175, .T. ) ;
#915 = EDGE_CURVE ( 'NONE', #11265, #9553, #602, .T. ) ;
#916 = ORIENTED_EDGE ( 'NONE', *, *, #9246, .T. ) ;
#917 = ORIENTED_EDGE ( 'NONE', *, *, #2592, .T. ) ;
#918 = DIRECTION ( 'NONE',  ( -0.007092178509962483897, -0.0000000000000000000, 0.9999748501857348426 ) ) ;
#919 = CARTESIAN_POINT ( 'NONE',  ( -0.2028220619280017845, 0.3010000000383806218, 0.1831073017652502244 ) ) ;
#920 = PRESENTATION_LAYER_ASSIGNMENT (  '', '', ( #6451 ) ) ;
#921 = SURFACE_STYLE_FILL_AREA ( #11507 ) ;
#922 = FILL_AREA_STYLE ('',( #1992 ) ) ;
#923 = VERTEX_POINT ( 'NONE', #5977 ) ;
#924 = LINE ( 'NONE', #11147, #8314 ) ;
#925 = DIRECTION ( 'NONE',  ( 0.0000000000000000000, -0.0000000000000000000, 1.000000000000000000 ) ) ;
#926 = ORIENTED_EDGE ( 'NONE', *, *, #11366, .F. ) ;
#927 = LINE ( 'NONE', #754, #4715 ) ;
#928 = PRESENTATION_LAYER_ASSIGNMENT (  '', '', ( #5278 ) ) ;
#929 = EDGE_CURVE ( 'NONE', #505, #4079, #9746, .T. ) ;
#930 = PRESENTATION_LAYER_ASSIGNMENT (  '', '', ( #6267 ) ) ;
#931 = CARTESIAN_POINT ( 'NONE',  ( 0.2174655103380818133, 0.3000000000000000444, 0.08903001670842267123 ) ) ;
#932 =( NAMED_UNIT ( * ) PLANE_ANGLE_UNIT ( ) SI_UNIT ( $, .RADIAN. ) );
#933 = LINE ( 'NONE', #10171, #3148 ) ;
#934 = EDGE_CURVE ( 'NONE', #2733, #3679, #7025, .T. ) ;
#935 = CARTESIAN_POINT ( 'NONE',  ( -0.1303498635443924858, 0.3010000000383806218, 0.06739423748499547007 ) ) ;
#936 = CARTESIAN_POINT ( 'NONE',  ( -0.1089770739765454771, 0.3000000000000000444, 0.08644909526872657235 ) ) ;
#937 = FACE_OUTER_BOUND ( 'NONE', #3225, .T. ) ;
#938 =( LENGTH_UNIT ( ) NAMED_UNIT ( * ) SI_UNIT ( .MILLI., .METRE. ) );
#939 = ORIENTED_EDGE ( 'NONE', *, *, #397, .F. ) ;
#940 =( GEOMETRIC_REPRESENTATION_CONTEXT ( 3 ) GLOBAL_UNCERTAINTY_ASSIGNED_CONTEXT ( ( #10472 ) ) GLOBAL_UNIT_ASSIGNED_CONTEXT ( ( #5573, #8465, #10265 ) ) REPRESENTATION_CONTEXT ( 'NONE', 'WORKASPACE' ) );
#941 =( NAMED_UNIT ( * ) PLANE_ANGLE_UNIT ( ) SI_UNIT ( $, .RADIAN. ) );
#942 = ORIENTED_EDGE ( 'NONE', *, *, #11119, .F. ) ;
#943 = SURFACE_STYLE_USAGE ( .BOTH. , #5887 ) ;
#944 = CARTESIAN_POINT ( 'NONE',  ( -0.04719765512167783950, 0.3010000000383806773, 0.1171449732959795598 ) ) ;
#945 = VECTOR ( 'NONE', #5137, 1000.000000000000000 ) ;
#946 = CARTESIAN_POINT ( 'NONE',  ( 0.2109310183554720664, 0.3000000000000000444, 0.2152215261950932990 ) ) ;
#947 = B_SPLINE_CURVE_WITH_KNOTS ( 'NONE', 3,
 ( #12073, #10336, #3765, #2849 ),
 .UNSPECIFIED., .F., .F.,
 ( 4, 4 ),
 ( 12.00000000000000000, 13.00000000000000000 ),
 .UNSPECIFIED. ) ;
#948 = CARTESIAN_POINT ( 'NONE',  ( -0.07278400955674797779, 0.3010000000383806773, 0.07644312066001350547 ) ) ;
#949 = VERTEX_POINT ( 'NONE', #1096 ) ;
#950 = MECHANICAL_DESIGN_GEOMETRIC_PRESENTATION_REPRESENTATION (  '', ( #4887 ), #10036 ) ;
#951 = SURFACE_STYLE_FILL_AREA ( #5656 ) ;
#952 =( NAMED_UNIT ( * ) SI_UNIT ( $, .STERADIAN. ) SOLID_ANGLE_UNIT ( ) );
#953 = FILL_AREA_STYLE_COLOUR ( '', #2513 ) ;
#954 = DIRECTION ( 'NONE',  ( 0.0000000000000000000, -1.000000000000000000, 0.0000000000000000000 ) ) ;
#955 = VECTOR ( 'NONE', #3554, 1000.000000000000000 ) ;
#956 = UNCERTAINTY_MEASURE_WITH_UNIT (LENGTH_MEASURE( 1.000000000000000082E-05 ), #89, 'distance_accuracy_value', 'NONE');
#957 = LINE ( 'NONE', #1205, #2377 ) ;
#958 =( LENGTH_UNIT ( ) NAMED_UNIT ( * ) SI_UNIT ( .MILLI., .METRE. ) );
#959 = MECHANICAL_DESIGN_GEOMETRIC_PRESENTATION_REPRESENTATION (  '', ( #759 ), #3914 ) ;
#960 = DIRECTION ( 'NONE',  ( 0.9999748501857349536, -0.0000000000000000000, 0.007092178509948207990 ) ) ;
#961 = CARTESIAN_POINT ( 'NONE',  ( -0.3089545502276059841, 0.3010000000383806773, 0.1056497016812256162 ) ) ;
#962 = ORIENTED_EDGE ( 'NONE', *, *, #7881, .F. ) ;
#963 = EDGE_CURVE ( 'NONE', #11237, #4419, #4220, .T. ) ;
#964 = CARTESIAN_POINT ( 'NONE',  ( -0.07428321710576467340, 0.3010000000383806218, 0.09430637585150224156 ) ) ;
#965 = CARTESIAN_POINT ( 'NONE',  ( -0.1406007287597556277, 0.3000000000000000444, 0.03494265885360655494 ) ) ;
#966 = SURFACE_STYLE_USAGE ( .BOTH. , #8632 ) ;
#967 = EDGE_LOOP ( 'NONE', ( #10301, #6204, #2814, #9585 ) ) ;
#968 = B_SPLINE_CURVE_WITH_KNOTS ( 'NONE', 3,
 ( #2595, #11323, #9277, #9400 ),
 .UNSPECIFIED., .F., .F.,
 ( 4, 4 ),
 ( 13.00000000000000000, 14.00000000000000000 ),
 .UNSPECIFIED. ) ;
#969 = PRESENTATION_STYLE_ASSIGNMENT (( #906 ) ) ;
#970 =( GEOMETRIC_REPRESENTATION_CONTEXT ( 3 ) GLOBAL_UNCERTAINTY_ASSIGNED_CONTEXT ( ( #7686 ) ) GLOBAL_UNIT_ASSIGNED_CONTEXT ( ( #3635, #8217, #7412 ) ) REPRESENTATION_CONTEXT ( 'NONE', 'WORKASPACE' ) );
#971 = SURFACE_STYLE_USAGE ( .BOTH. , #1100 ) ;
#972 = FILL_AREA_STYLE_COLOUR ( '', #1203 ) ;
#973 = LINE ( 'NONE', #7531, #7553 ) ;
#974 =( NAMED_UNIT ( * ) PLANE_ANGLE_UNIT ( ) SI_UNIT ( $, .RADIAN. ) );
#975 = ORIENTED_EDGE ( 'NONE', *, *, #12090, .F. ) ;
#976 = CARTESIAN_POINT ( 'NONE',  ( -0.06548442679329812000, 0.3000000000383806209, 0.06320645153347548284 ) ) ;
#977 = EDGE_LOOP ( 'NONE', ( #4834, #10505, #11047, #8583 ) ) ;
#978 = B_SPLINE_CURVE_WITH_KNOTS ( 'NONE', 3,
 ( #10554, #5038, #8631, #7771 ),
 .UNSPECIFIED., .F., .F.,
 ( 4, 4 ),
 ( 10.00000000000000000, 11.00000000000000000 ),
 .UNSPECIFIED. ) ;
#979 =( GEOMETRIC_REPRESENTATION_CONTEXT ( 3 ) GLOBAL_UNCERTAINTY_ASSIGNED_CONTEXT ( ( #2372 ) ) GLOBAL_UNIT_ASSIGNED_CONTEXT ( ( #7185, #6362, #8396 ) ) REPRESENTATION_CONTEXT ( 'NONE', 'WORKASPACE' ) );
#980 =( NAMED_UNIT ( * ) PLANE_ANGLE_UNIT ( ) SI_UNIT ( $, .RADIAN. ) );
#981 = CARTESIAN_POINT ( 'NONE',  ( 0.1282811127908911331, 0.3000000000383806209, 0.06367049987529467547 ) ) ;
#982 = ORIENTED_EDGE ( 'NONE', *, *, #10086, .T. ) ;
#983 =( NAMED_UNIT ( * ) SI_UNIT ( $, .STERADIAN. ) SOLID_ANGLE_UNIT ( ) );
#984 = ORIENTED_EDGE ( 'NONE', *, *, #11366, .T. ) ;
#985 = CARTESIAN_POINT ( 'NONE',  ( -0.1166041680694361315, 0.3000000000383806209, 0.07329372195507743992 ) ) ;
#986 = FACE_OUTER_BOUND ( 'NONE', #3275, .T. ) ;
#987 = MECHANICAL_DESIGN_GEOMETRIC_PRESENTATION_REPRESENTATION (  '', ( #4535 ), #7704 ) ;
#988 = LINE ( 'NONE', #3835, #8509 ) ;
#989 = EDGE_CURVE ( 'NONE', #6278, #103, #2908, .T. ) ;
#990 = ADVANCED_FACE ( 'NONE', ( #3924 ), #11854, .F. ) ;
#991 =( GEOMETRIC_REPRESENTATION_CONTEXT ( 3 ) GLOBAL_UNCERTAINTY_ASSIGNED_CONTEXT ( ( #872 ) ) GLOBAL_UNIT_ASSIGNED_CONTEXT ( ( #3808, #2148, #9496 ) ) REPRESENTATION_CONTEXT ( 'NONE', 'WORKASPACE' ) );
#992 = DIRECTION ( 'NONE',  ( -0.0000000000000000000, -1.000000000000000000, -0.0000000000000000000 ) ) ;
#993 =( LENGTH_UNIT ( ) NAMED_UNIT ( * ) SI_UNIT ( .MILLI., .METRE. ) );
#994 = ORIENTED_EDGE ( 'NONE', *, *, #2553, .F. ) ;
#995 = UNCERTAINTY_MEASURE_WITH_UNIT (LENGTH_MEASURE( 1.000000000000000082E-05 ), #1852, 'distance_accuracy_value', 'NONE');
#996 = FILL_AREA_STYLE ('',( #3772 ) ) ;
#997 = ADVANCED_FACE ( 'NONE', ( #10118 ), #710, .F. ) ;
#998 = CARTESIAN_POINT ( 'NONE',  ( -0.05555023290851149320, 0.3010000000383806218, 0.06773758202827179220 ) ) ;
#999 =( GEOMETRIC_REPRESENTATION_CONTEXT ( 3 ) GLOBAL_UNCERTAINTY_ASSIGNED_CONTEXT ( ( #2734 ) ) GLOBAL_UNIT_ASSIGNED_CONTEXT ( ( #7153, #4238, #9745 ) ) REPRESENTATION_CONTEXT ( 'NONE', 'WORKASPACE' ) );
#1000 = DIRECTION ( 'NONE',  ( 0.9999748501857348426, 0.0000000000000000000, 0.007092178509964424185 ) ) ;
#1001 = PRESENTATION_STYLE_ASSIGNMENT (( #9471 ) ) ;
#1002 = CARTESIAN_POINT ( 'NONE',  ( 0.0000000000000000000, 0.3010000000383806773, 0.0000000000000000000 ) ) ;
#1003 = PRESENTATION_LAYER_ASSIGNMENT (  '', '', ( #5135 ) ) ;
#1004 = CARTESIAN_POINT ( 'NONE',  ( -0.2464830428257746564, 0.3010000000383806773, 0.1157315702051295442 ) ) ;
#1005 = FACE_OUTER_BOUND ( 'NONE', #4496, .T. ) ;
#1006 = CARTESIAN_POINT ( 'NONE',  ( -0.04714787961761831431, 0.3010000000383806773, 0.1101267838715366404 ) ) ;
#1007 = CARTESIAN_POINT ( 'NONE',  ( -0.2141954948231271916, 0.3000000000000000444, 0.08242752886748958008 ) ) ;
#1008 = ORIENTED_EDGE ( 'NONE', *, *, #2144, .F. ) ;
#1009 = PRESENTATION_LAYER_ASSIGNMENT (  '', '', ( #5383 ) ) ;
#1010 = EDGE_CURVE ( 'NONE', #8282, #1394, #7190, .T. ) ;
#1011 = SURFACE_STYLE_FILL_AREA ( #11526 ) ;
#1012 = VERTEX_POINT ( 'NONE', #580 ) ;
#1013 = UNCERTAINTY_MEASURE_WITH_UNIT (LENGTH_MEASURE( 1.000000000000000082E-05 ), #5455, 'distance_accuracy_value', 'NONE');
#1014 = PRESENTATION_LAYER_ASSIGNMENT (  '', '', ( #6336 ) ) ;
#1015 = VECTOR ( 'NONE', #1033, 1000.000000000000114 ) ;
#1016 = DIRECTION ( 'NONE',  ( -0.9999748501857348426, -0.0000000000000000000, -0.007092178509964135354 ) ) ;
#1017 = VERTEX_POINT ( 'NONE', #7273 ) ;
#1018 = CARTESIAN_POINT ( 'NONE',  ( -0.1763802318002337111, 0.3010000000383806773, 0.09879158556078007636 ) ) ;
#1019 = STYLED_ITEM ( 'NONE', ( #1709 ), #1099 ) ;
#1020 = MECHANICAL_DESIGN_GEOMETRIC_PRESENTATION_REPRESENTATION (  '', ( #621 ), #7532 ) ;
#1021 = MECHANICAL_DESIGN_GEOMETRIC_PRESENTATION_REPRESENTATION (  '', ( #9717 ), #2416 ) ;
#1022 = STYLED_ITEM ( 'NONE', ( #3969 ), #3489 ) ;
#1023 = CARTESIAN_POINT ( 'NONE',  ( 0.2835423920232607031, 0.3010000000383806218, 0.06954353933260110088 ) ) ;
#1024 = PLANE ( 'NONE',  #10232 ) ;
#1025 = CARTESIAN_POINT ( 'NONE',  ( 0.06109670222509443888, 0.3000000000000000444, 0.1169860697357324036 ) ) ;
#1026 = VECTOR ( 'NONE', #2330, 1000.000000000000000 ) ;
#1027 = COLOUR_RGB ( '',1.000000000000000000, 1.000000000000000000, 1.000000000000000000 ) ;
#1028 = DIRECTION ( 'NONE',  ( -1.807003620809174139E-16, -1.000000000000000000, 0.0000000000000000000 ) ) ;
#1029 = ORIENTED_EDGE ( 'NONE', *, *, #9565, .T. ) ;
#1030 = MECHANICAL_DESIGN_GEOMETRIC_PRESENTATION_REPRESENTATION (  '', ( #3985 ), #225 ) ;
#1031 =( GEOMETRIC_REPRESENTATION_CONTEXT ( 3 ) GLOBAL_UNCERTAINTY_ASSIGNED_CONTEXT ( ( #4995 ) ) GLOBAL_UNIT_ASSIGNED_CONTEXT ( ( #1305, #11062, #9026 ) ) REPRESENTATION_CONTEXT ( 'NONE', 'WORKASPACE' ) );
#1032 = DIRECTION ( 'NONE',  ( -0.0000000000000000000, -1.000000000000000000, -0.0000000000000000000 ) ) ;
#1033 = DIRECTION ( 'NONE',  ( 0.9999748501857348426, -0.0000000000000000000, 0.007092178509963928054 ) ) ;
#1034 = ORIENTED_EDGE ( 'NONE', *, *, #6866, .T. ) ;
#1035 = ADVANCED_FACE ( 'NONE', ( #4480 ), #3767, .T. ) ;
#1036 = AXIS2_PLACEMENT_3D ( 'NONE', #10009, #7358, #11129 ) ;
#1037 =( LENGTH_UNIT ( ) NAMED_UNIT ( * ) SI_UNIT ( .MILLI., .METRE. ) );
#1038 = CARTESIAN_POINT ( 'NONE',  ( -0.08293842717228784578, 0.3000000000383806209, 0.06997642989600150187 ) ) ;
#1039 = PRESENTATION_LAYER_ASSIGNMENT (  '', '', ( #4397 ) ) ;
#1040 = LINE ( 'NONE', #5729, #416 ) ;
#1041 = VECTOR ( 'NONE', #7337, 1000.000000000000000 ) ;
#1042 = CARTESIAN_POINT ( 'NONE',  ( -0.06571274714772742942, 0.3010000000383806218, 0.2009554253597677365 ) ) ;
#1043 = DIRECTION ( 'NONE',  ( 0.9999748501857349536, -0.0000000000000000000, 0.007092178509953184912 ) ) ;
#1044 = ORIENTED_EDGE ( 'NONE', *, *, #8401, .T. ) ;
#1045 = PRESENTATION_STYLE_ASSIGNMENT (( #7886 ) ) ;
#1046 = PRESENTATION_STYLE_ASSIGNMENT (( #2840 ) ) ;
#1047 = EDGE_LOOP ( 'NONE', ( #7601, #9860, #503, #11296 ) ) ;
#1048 = PRESENTATION_LAYER_ASSIGNMENT (  '', '', ( #2242 ) ) ;
#1049 = STYLED_ITEM ( 'NONE', ( #10186 ), #5060 ) ;
#1050 = DIRECTION ( 'NONE',  ( 0.007092178509965924721, 0.0000000000000000000, -0.9999748501857348426 ) ) ;
#1051 = EDGE_LOOP ( 'NONE', ( #658, #11036, #4524, #237 ) ) ;
#1052 =( LENGTH_UNIT ( ) NAMED_UNIT ( * ) SI_UNIT ( .MILLI., .METRE. ) );
#1053 = EDGE_LOOP ( 'NONE', ( #4908, #8508, #3427, #9959 ) ) ;
#1054 = CARTESIAN_POINT ( 'NONE',  ( -0.2142450491027245441, 0.3010000000383806773, 0.08941452633897051250 ) ) ;
#1055 = PRESENTATION_STYLE_ASSIGNMENT (( #1113 ) ) ;
#1056 = DIRECTION ( 'NONE',  ( -0.1317146119116256453, 0.0000000000000000000, -0.9912876782291656363 ) ) ;
#1057 = EDGE_CURVE ( 'NONE', #1653, #11373, #4599, .T. ) ;
#1058 =( NAMED_UNIT ( * ) PLANE_ANGLE_UNIT ( ) SI_UNIT ( $, .RADIAN. ) );
#1059 = CARTESIAN_POINT ( 'NONE',  ( -0.1027955380638549271, 0.3010000000383806218, 0.09450967208171308365 ) ) ;
#1060 = VECTOR ( 'NONE', #10543, 1000.000000000000000 ) ;
#1061 = SURFACE_SIDE_STYLE ('',( #63 ) ) ;
#1062 = VERTEX_POINT ( 'NONE', #6448 ) ;
#1063 = CARTESIAN_POINT ( 'NONE',  ( -0.04824933950742547190, 0.3000000000000000444, 0.1598726395160341429 ) ) ;
#1064 = FACE_OUTER_BOUND ( 'NONE', #10164, .T. ) ;
#1065 = EDGE_CURVE ( 'NONE', #2782, #4502, #11773, .T. ) ;
#1066 = LINE ( 'NONE', #10454, #4014 ) ;
#1067 =( LENGTH_UNIT ( ) NAMED_UNIT ( * ) SI_UNIT ( .MILLI., .METRE. ) );
#1068 = CARTESIAN_POINT ( 'NONE',  ( -0.07558621805047235909, 0.3000000000383806209, 0.2076543934544113346 ) ) ;
#1069 = CARTESIAN_POINT ( 'NONE',  ( 0.08141997130647916914, 0.3010000000383806218, 0.1874069485851547756 ) ) ;
#1070 = FILL_AREA_STYLE ('',( #10405 ) ) ;
#1071 = EDGE_CURVE ( 'NONE', #12099, #11373, #2745, .T. ) ;
#1072 = ORIENTED_EDGE ( 'NONE', *, *, #7281, .T. ) ;
#1073 =( NAMED_UNIT ( * ) PLANE_ANGLE_UNIT ( ) SI_UNIT ( $, .RADIAN. ) );
#1074 = DIRECTION ( 'NONE',  ( 0.007092178509962369405, 0.0000000000000000000, -0.9999748501857348426 ) ) ;
#1075 = ORIENTED_EDGE ( 'NONE', *, *, #4450, .F. ) ;
#1076 = PRESENTATION_LAYER_ASSIGNMENT (  '', '', ( #479 ) ) ;
#1077 = LINE ( 'NONE', #137, #5373 ) ;
#1078 = CARTESIAN_POINT ( 'NONE',  ( -0.09196773755194921629, 0.3010000000383806773, 0.1599680888207823948 ) ) ;
#1079 =( NAMED_UNIT ( * ) PLANE_ANGLE_UNIT ( ) SI_UNIT ( $, .RADIAN. ) );
#1080 = EDGE_CURVE ( 'NONE', #6714, #6019, #11612, .T. ) ;
#1081 = CARTESIAN_POINT ( 'NONE',  ( -0.2755831418640630193, 0.3010000000383806218, 0.1020495804130914785 ) ) ;
#1082 = CARTESIAN_POINT ( 'NONE',  ( -0.3086168583962264900, 0.3010000000383806218, 0.1042171947001448995 ) ) ;
#1083 = ORIENTED_EDGE ( 'NONE', *, *, #1166, .T. ) ;
#1084 = B_SPLINE_CURVE_WITH_KNOTS ( 'NONE', 3,
 ( #2226, #5991, #3268, #9871 ),
 .UNSPECIFIED., .F., .F.,
 ( 4, 4 ),
 ( 11.00000000000000000, 12.00000000000000000 ),
 .UNSPECIFIED. ) ;
#1085 = DIRECTION ( 'NONE',  ( 0.9999748501857348426, -0.0000000000000000000, 0.007092178509964266325 ) ) ;
#1086 = VECTOR ( 'NONE', #5517, 1000.000000000000000 ) ;
#1087 = CARTESIAN_POINT ( 'NONE',  ( 0.2584566845650436706, 0.3000000000000000444, 0.05895426299984748292 ) ) ;
#1088 = SURFACE_STYLE_USAGE ( .BOTH. , #10361 ) ;
#1089 = LINE ( 'NONE', #4848, #6966 ) ;
#1090 = CARTESIAN_POINT ( 'NONE',  ( -0.2171691244267940357, 0.3000000000000000444, 0.06188110134868814866 ) ) ;
#1091 = LINE ( 'NONE', #10242, #2231 ) ;
#1092 = ORIENTED_EDGE ( 'NONE', *, *, #853, .T. ) ;
#1093 = MECHANICAL_DESIGN_GEOMETRIC_PRESENTATION_REPRESENTATION (  '', ( #9773 ), #496 ) ;
#1094 = CARTESIAN_POINT ( 'NONE',  ( -0.1697108044815270889, 0.3000000000383806209, 0.1590111914590974507 ) ) ;
#1095 = EDGE_CURVE ( 'NONE', #11373, #8132, #12206, .T. ) ;
#1096 = CARTESIAN_POINT ( 'NONE',  ( -0.07130338486278821331, 0.3010000000383806218, 0.06119998952027910777 ) ) ;
#1097 = PLANE ( 'NONE',  #10695 ) ;
#1098 = ORIENTED_EDGE ( 'NONE', *, *, #4472, .F. ) ;
#1099 = ADVANCED_FACE ( 'NONE', ( #3613 ), #2625, .F. ) ;
#1100 = SURFACE_SIDE_STYLE ('',( #5669 ) ) ;
#1101 = PRESENTATION_STYLE_ASSIGNMENT (( #4985 ) ) ;
#1102 = ORIENTED_EDGE ( 'NONE', *, *, #7960, .F. ) ;
#1103 = SURFACE_SIDE_STYLE ('',( #3206 ) ) ;
#1104 =( NAMED_UNIT ( * ) SI_UNIT ( $, .STERADIAN. ) SOLID_ANGLE_UNIT ( ) );
#1105 = VERTEX_POINT ( 'NONE', #4780 ) ;
#1106 =( NAMED_UNIT ( * ) PLANE_ANGLE_UNIT ( ) SI_UNIT ( $, .RADIAN. ) );
#1107 = CARTESIAN_POINT ( 'NONE',  ( -0.3366005673301507017, 0.3000000000383806764, 0.05407789552660156873 ) ) ;
#1108 = VERTEX_POINT ( 'NONE', #2263 ) ;
#1109 = CARTESIAN_POINT ( 'NONE',  ( -0.04820000645229045172, 0.3010000000383806773, 0.1529168339975156554 ) ) ;
#1110 = ORIENTED_EDGE ( 'NONE', *, *, #6140, .F. ) ;
#1111 = FACE_OUTER_BOUND ( 'NONE', #5261, .T. ) ;
#1112 = CARTESIAN_POINT ( 'NONE',  ( 0.09256921454294994578, 0.3000000000000000444, 0.08337233655035197755 ) ) ;
#1113 = SURFACE_STYLE_USAGE ( .BOTH. , #119 ) ;
#1114 = PRESENTATION_STYLE_ASSIGNMENT (( #5750 ) ) ;
#1115 = SURFACE_STYLE_USAGE ( .BOTH. , #6489 ) ;
#1116 = B_SPLINE_SURFACE_WITH_KNOTS ( 'NONE', 3, 1, ( 
 ( #5652, #10181 ),
 ( #5466, #9244 ),
 ( #770, #10228 ),
 ( #1768, #8370 ) ),
 .UNSPECIFIED., .F., .F., .F.,
 ( 4, 4 ),
 ( 2, 2 ),
 ( 4.000000000000000000, 5.000000000000000000 ),
 ( 0.0000000000000000000, 1.000000000000000000 ),
 .UNSPECIFIED. ) ;
#1117 = FILL_AREA_STYLE_COLOUR ( '', #656 ) ;
#1118 = ORIENTED_EDGE ( 'NONE', *, *, #8708, .T. ) ;
#1119 =( NAMED_UNIT ( * ) PLANE_ANGLE_UNIT ( ) SI_UNIT ( $, .RADIAN. ) );
#1120 = FACE_OUTER_BOUND ( 'NONE', #4653, .T. ) ;
#1121 = CARTESIAN_POINT ( 'NONE',  ( 0.2833916159034451376, 0.3000000000000000444, 0.1519658281777148956 ) ) ;
#1122 = EDGE_CURVE ( 'NONE', #1062, #11393, #9561, .T. ) ;
#1123 = PRESENTATION_LAYER_ASSIGNMENT (  '', '', ( #6441 ) ) ;
#1124 = SURFACE_STYLE_USAGE ( .BOTH. , #3049 ) ;
#1125 = B_SPLINE_CURVE_WITH_KNOTS ( 'NONE', 3,
 ( #583, #4294, #7880, #7029 ),
 .UNSPECIFIED., .F., .F.,
 ( 4, 4 ),
 ( 11.00000000000000000, 12.00000000000000000 ),
 .UNSPECIFIED. ) ;
#1126 = FILL_AREA_STYLE ('',( #1182 ) ) ;
#1127 = DIRECTION ( 'NONE',  ( -0.007092178509953211800, -0.0000000000000000000, 0.9999748501857349536 ) ) ;
#1128 = PRESENTATION_STYLE_ASSIGNMENT (( #9602 ) ) ;
#1129 = ORIENTED_EDGE ( 'NONE', *, *, #4616, .F. ) ;
#1130 = CARTESIAN_POINT ( 'NONE',  ( -0.2636884999578180677, 0.3000000000383806209, 0.1028513924644997024 ) ) ;
#1131 = SURFACE_STYLE_USAGE ( .BOTH. , #2866 ) ;
#1132 = ORIENTED_EDGE ( 'NONE', *, *, #8414, .F. ) ;
#1133 = UNCERTAINTY_MEASURE_WITH_UNIT (LENGTH_MEASURE( 1.000000000000000082E-05 ), #6937, 'distance_accuracy_value', 'NONE');
#1134 = CARTESIAN_POINT ( 'NONE',  ( -0.1472914026776793173, 0.3000000000383806209, 0.03489520620640342713 ) ) ;
#1135 = CARTESIAN_POINT ( 'NONE',  ( -0.07428321710576467340, 0.3010000000383806773, 0.09430637585150224156 ) ) ;
#1136 = CARTESIAN_POINT ( 'NONE',  ( -0.1128950941012343556, 0.3010000000383806218, 0.09350223676574787035 ) ) ;
#1137 = CARTESIAN_POINT ( 'NONE',  ( -0.08296386798547471242, 0.3010000000383806773, 0.07356350449083749743 ) ) ;
#1138 = VERTEX_POINT ( 'NONE', #4045 ) ;
#1139 = CARTESIAN_POINT ( 'NONE',  ( 0.1587568035690821167, 0.3000000000000000444, 0.2317699638499286230 ) ) ;
#1140 = FILL_AREA_STYLE ('',( #10468 ) ) ;
#1141 = B_SPLINE_CURVE_WITH_KNOTS ( 'NONE', 3,
 ( #4541, #2689, #6457, #10241 ),
 .UNSPECIFIED., .F., .F.,
 ( 4, 4 ),
 ( 6.000000000000000000, 7.000000000000000000 ),
 .UNSPECIFIED. ) ;
#1142 = VERTEX_POINT ( 'NONE', #6026 ) ;
#1143 =( NAMED_UNIT ( * ) PLANE_ANGLE_UNIT ( ) SI_UNIT ( $, .RADIAN. ) );
#1144 = CARTESIAN_POINT ( 'NONE',  ( -0.05555023290851149320, 0.3000000000000000444, 0.06773758202827179220 ) ) ;
#1145 = EDGE_CURVE ( 'NONE', #5288, #4637, #3194, .T. ) ;
#1146 = EDGE_CURVE ( 'NONE', #2041, #3671, #10539, .T. ) ;
#1147 = CARTESIAN_POINT ( 'NONE',  ( -0.05988339222454173300, 0.3010000000383806218, 0.2058941521792218843 ) ) ;
#1148 = VECTOR ( 'NONE', #5054, 1000.000000000000000 ) ;
#1149 = DIRECTION ( 'NONE',  ( 1.000000000000000000, 0.0000000000000000000, 0.0000000000000000000 ) ) ;
#1150 = ORIENTED_EDGE ( 'NONE', *, *, #7497, .F. ) ;
#1151 = PRESENTATION_LAYER_ASSIGNMENT (  '', '', ( #3315 ) ) ;
#1152 = CARTESIAN_POINT ( 'NONE',  ( 0.2584566845650436706, 0.3000000000000000444, 0.05895426299984748292 ) ) ;
#1153 = FACE_OUTER_BOUND ( 'NONE', #9183, .T. ) ;
#1154 = DIRECTION ( 'NONE',  ( -0.0000000000000000000, -1.000000000000000000, -0.0000000000000000000 ) ) ;
#1155 = DIRECTION ( 'NONE',  ( -0.0000000000000000000, -1.000000000000000000, -0.0000000000000000000 ) ) ;
#1156 = ORIENTED_EDGE ( 'NONE', *, *, #8065, .T. ) ;
#1157 = CARTESIAN_POINT ( 'NONE',  ( -0.05555023290851149320, 0.3000000000000000444, 0.06773758202827179220 ) ) ;
#1158 =( GEOMETRIC_REPRESENTATION_CONTEXT ( 3 ) GLOBAL_UNCERTAINTY_ASSIGNED_CONTEXT ( ( #11342 ) ) GLOBAL_UNIT_ASSIGNED_CONTEXT ( ( #2905, #5748, #11508 ) ) REPRESENTATION_CONTEXT ( 'NONE', 'WORKASPACE' ) );
#1159 = STYLED_ITEM ( 'NONE', ( #1360 ), #7351 ) ;
#1160 = CARTESIAN_POINT ( 'NONE',  ( -0.08761071593099632737, 0.3010000000383806218, 0.2075691114241227653 ) ) ;
#1161 = DIRECTION ( 'NONE',  ( -0.0000000000000000000, -1.000000000000000000, -0.0000000000000000000 ) ) ;
#1162 = ADVANCED_FACE ( 'NONE', ( #9734 ), #5130, .F. ) ;
#1163 = EDGE_LOOP ( 'NONE', ( #1156, #6781, #6237, #3528 ) ) ;
#1164 = CARTESIAN_POINT ( 'NONE',  ( -0.3053734500857562817, 0.3010000000383806773, 0.1153138984199494621 ) ) ;
#1165 = EDGE_LOOP ( 'NONE', ( #51, #5908, #3922, #8516 ) ) ;
#1166 = EDGE_CURVE ( 'NONE', #5681, #1840, #7757, .T. ) ;
#1167 = STYLED_ITEM ( 'NONE', ( #10202 ), #7407 ) ;
#1168 = CARTESIAN_POINT ( 'NONE',  ( -0.1878940549403086968, 0.3000000000383806209, 0.1652457078455596695 ) ) ;
#1169 = ORIENTED_EDGE ( 'NONE', *, *, #4257, .F. ) ;
#1170 = CARTESIAN_POINT ( 'NONE',  ( 0.03430661691700520599, 0.3000000000000000444, 0.1020466347333380402 ) ) ;
#1171 = ORIENTED_EDGE ( 'NONE', *, *, #12182, .F. ) ;
#1172 =( LENGTH_UNIT ( ) NAMED_UNIT ( * ) SI_UNIT ( .MILLI., .METRE. ) );
#1173 =( NAMED_UNIT ( * ) PLANE_ANGLE_UNIT ( ) SI_UNIT ( $, .RADIAN. ) );
#1174 = CARTESIAN_POINT ( 'NONE',  ( -0.06332267077700831637, 0.3000000000383806209, 0.07067703523706080071 ) ) ;
#1175 = CARTESIAN_POINT ( 'NONE',  ( 0.2529405379906866647, 0.3000000000000000444, 0.04156285806588447262 ) ) ;
#1176 = FILL_AREA_STYLE_COLOUR ( '', #7474 ) ;
#1177 =( NAMED_UNIT ( * ) SI_UNIT ( $, .STERADIAN. ) SOLID_ANGLE_UNIT ( ) );
#1178 = ORIENTED_EDGE ( 'NONE', *, *, #8037, .T. ) ;
#1179 = SURFACE_STYLE_FILL_AREA ( #7735 ) ;
#1180 = DIRECTION ( 'NONE',  ( 0.0000000000000000000, -1.000000000000000000, 0.0000000000000000000 ) ) ;
#1181 = FILL_AREA_STYLE_COLOUR ( '', #7542 ) ;
#1182 = FILL_AREA_STYLE_COLOUR ( '', #4285 ) ;
#1183 = CARTESIAN_POINT ( 'NONE',  ( -0.1134434921385708284, 0.3010000000383806773, 0.06086992331849381405 ) ) ;
#1184 = SURFACE_STYLE_FILL_AREA ( #7627 ) ;
#1185 = ORIENTED_EDGE ( 'NONE', *, *, #7592, .T. ) ;
#1186 = CARTESIAN_POINT ( 'NONE',  ( -0.1513366261722605965, 0.3010000000383806773, 0.05548543408044907810 ) ) ;
#1187 = CARTESIAN_POINT ( 'NONE',  ( -0.1403964596463010972, 0.3010000000383806773, 0.2062589304316533867 ) ) ;
#1188 = ORIENTED_EDGE ( 'NONE', *, *, #11356, .F. ) ;
#1189 =( NAMED_UNIT ( * ) PLANE_ANGLE_UNIT ( ) SI_UNIT ( $, .RADIAN. ) );
#1190 = CARTESIAN_POINT ( 'NONE',  ( -0.1707648134645446403, 0.3010000000383806773, 0.2130620896785551666 ) ) ;
#1191 = VECTOR ( 'NONE', #6270, 1000.000000000000000 ) ;
#1192 = CARTESIAN_POINT ( 'NONE',  ( -0.07010858147790999251, 0.3000000000000000444, 0.08185857505698615477 ) ) ;
#1193 = PRESENTATION_STYLE_ASSIGNMENT (( #140 ) ) ;
#1194 = CARTESIAN_POINT ( 'NONE',  ( -0.2000000000000054512, 0.2499999999999998335, 0.0000000000000000000 ) ) ;
#1195 = ORIENTED_EDGE ( 'NONE', *, *, #3407, .F. ) ;
#1196 = SURFACE_STYLE_USAGE ( .BOTH. , #9671 ) ;
#1197 =( LENGTH_UNIT ( ) NAMED_UNIT ( * ) SI_UNIT ( .MILLI., .METRE. ) );
#1198 = AXIS2_PLACEMENT_3D ( 'NONE', #7170, #5943, #537 ) ;
#1199 =( GEOMETRIC_REPRESENTATION_CONTEXT ( 3 ) GLOBAL_UNCERTAINTY_ASSIGNED_CONTEXT ( ( #5597 ) ) GLOBAL_UNIT_ASSIGNED_CONTEXT ( ( #6194, #5387, #2474 ) ) REPRESENTATION_CONTEXT ( 'NONE', 'WORKASPACE' ) );
#1200 = VECTOR ( 'NONE', #2339, 1000.000000000000227 ) ;
#1201 = CARTESIAN_POINT ( 'NONE',  ( -0.06107609154015968683, 0.3000000000383806209, 0.1695452399993392645 ) ) ;
#1202 = CARTESIAN_POINT ( 'NONE',  ( -0.1922751976859913281, 0.3000000000383806209, 0.1694257606879575884 ) ) ;
#1203 = COLOUR_RGB ( '',1.000000000000000000, 1.000000000000000000, 1.000000000000000000 ) ;
#1204 = UNCERTAINTY_MEASURE_WITH_UNIT (LENGTH_MEASURE( 1.000000000000000082E-05 ), #4446, 'distance_accuracy_value', 'NONE');
#1205 = CARTESIAN_POINT ( 'NONE',  ( -0.1925647644945036041, 0.3000000000383806764, 0.1090954354274051019 ) ) ;
#1206 = LINE ( 'NONE', #11357, #11883 ) ;
#1207 = VERTEX_POINT ( 'NONE', #2926 ) ;
#1208 =( GEOMETRIC_REPRESENTATION_CONTEXT ( 3 ) GLOBAL_UNCERTAINTY_ASSIGNED_CONTEXT ( ( #1133 ) ) GLOBAL_UNIT_ASSIGNED_CONTEXT ( ( #6937, #2310, #3166 ) ) REPRESENTATION_CONTEXT ( 'NONE', 'WORKASPACE' ) );
#1209 = CARTESIAN_POINT ( 'NONE',  ( 0.2398746465872760858, 0.3000000000000000444, 0.1711785080609857512 ) ) ;
#1210 = MECHANICAL_DESIGN_GEOMETRIC_PRESENTATION_REPRESENTATION (  '', ( #1019 ), #7922 ) ;
#1211 = CARTESIAN_POINT ( 'NONE',  ( -0.1611858963196588501, 0.3000000000383806764, 0.2061114843274022279 ) ) ;
#1212 = LINE ( 'NONE', #8688, #10104 ) ;
#1213 = EDGE_LOOP ( 'NONE', ( #7471, #5230, #7168, #1950 ) ) ;
#1214 =( GEOMETRIC_REPRESENTATION_CONTEXT ( 3 ) GLOBAL_UNCERTAINTY_ASSIGNED_CONTEXT ( ( #12048 ) ) GLOBAL_UNIT_ASSIGNED_CONTEXT ( ( #3102, #7069, #2256 ) ) REPRESENTATION_CONTEXT ( 'NONE', 'WORKASPACE' ) );
#1215 = EDGE_CURVE ( 'NONE', #172, #8223, #1581, .T. ) ;
#1216 = CARTESIAN_POINT ( 'NONE',  ( -0.1551615128869879290, 0.3010000000383806773, 0.06260162315677947342 ) ) ;
#1217 = EDGE_CURVE ( 'NONE', #9345, #1857, #5891, .T. ) ;
#1218 = DIRECTION ( 'NONE',  ( 0.007092178509963344320, -0.0000000000000000000, -0.9999748501857348426 ) ) ;
#1219 = VECTOR ( 'NONE', #5206, 1000.000000000000114 ) ;
#1220 =( GEOMETRIC_REPRESENTATION_CONTEXT ( 3 ) GLOBAL_UNCERTAINTY_ASSIGNED_CONTEXT ( ( #5082 ) ) GLOBAL_UNIT_ASSIGNED_CONTEXT ( ( #7138, #9844, #2195 ) ) REPRESENTATION_CONTEXT ( 'NONE', 'WORKASPACE' ) );
#1221 = CARTESIAN_POINT ( 'NONE',  ( -0.1934591631605366568, 0.3010000000383806218, 0.1604336292458889701 ) ) ;
#1222 = SURFACE_STYLE_FILL_AREA ( #9580 ) ;
#1223 = VECTOR ( 'NONE', #1451, 1000.000000000000000 ) ;
#1224 = VECTOR ( 'NONE', #8861, 1000.000000000000000 ) ;
#1225 = SURFACE_SIDE_STYLE ('',( #7710 ) ) ;
#1226 =( LENGTH_UNIT ( ) NAMED_UNIT ( * ) SI_UNIT ( .MILLI., .METRE. ) );
#1227 = SURFACE_SIDE_STYLE ('',( #4185 ) ) ;
#1228 = ORIENTED_EDGE ( 'NONE', *, *, #9625, .T. ) ;
#1229 = LINE ( 'NONE', #1107, #8699 ) ;
#1230 = VERTEX_POINT ( 'NONE', #6704 ) ;
#1231 = CLOSED_SHELL ( 'NONE', ( #6793, #7203, #3815, #3181, #4786, #726, #10617, #653, #8225, #6219, #8557, #11814, #10187, #6919, #4635, #5694, #5222, #10372, #2070, #4830, #7672, #4769, #6548, #8397, #478, #6403, #7407, #386, #9451, #9762, #3917, #8692, #9689, #12133, #2890, #6072, #4141, #7790, #7515, #9914, #2151, #7642, #2979, #4307, #6575, #11110, #7351, #6298, #11755, #4468, #11839, #1453, #7593, #2709, #6075, #9610, #10051, #9220, #10310, #3489, #10800, #7862, #3043, #5223, #1652, #252, #11304, #6599, #11585, #5607, #4409, #1974, #7143, #1819, #5047, #4897, #84, #7016, #11203, #4029, #11204, #5170, #5998, #8469, #4405, #3680, #8866, #10498, #990, #1703, #2876, #5162, #8009, #5023, #10359, #8398, #5898, #5089, #6012, #7791, #11914, #678, #8990, #5122, #11891, #7417, #2777, #1387, #30, #1510, #5060, #8922, #9772, #359, #8107, #2972, #10756, #5403, #3559, #5184, #2325, #10088, #611, #8310, #3159, #9169, #6235, #320, #8157, #1035, #9072, #4912, #1534, #8639, #5322, #7176, #6197, #10640, #1997, #10122, #5981, #705, #5317, #5447, #7496, #11763, #6111, #175, #1930, #4683, #11381, #10264, #3864, #9758, #11407, #11911, #8109, #3865, #4187, #1769, #12062, #7218, #9566, #2574, #2665, #3800, #8760, #6495, #10453, #716, #2650, #3642, #11229, #2488, #10450, #273, #11496, #997, #11432, #7422, #4296, #7039, #10297, #3261, #4967, #5608, #10973, #1162, #308, #4470, #5679, #4420, #7367, #6058, #7802, #8420, #4592, #11059, #5214, #9757, #10, #4519, #4270, #8543, #4423, #6260, #2654, #3617, #2138, #10148, #28, #3819, #1917, #3038, #4789, #4040, #1099, #11221, #8568, #6059, #8358, #3530, #9839, #6443, #12017, #3422, #1682, #3210, #3037, #3413, #5752, #8259, #4043, #3335, #10531, #7718, #7693, #8304, #10598, #12148, #4529, #4998, #4154, #1477, #8124, #1865, #6218, #3488, #5526, #11654, #1756, #9881, #474, #4559 ) ) ;
#1232 = CARTESIAN_POINT ( 'NONE',  ( 0.1146891787164184690, 0.3000000000000000444, 0.08396301967234481856 ) ) ;
#1233 = EDGE_CURVE ( 'NONE', #10609, #8770, #5112, .T. ) ;
#1234 = VERTEX_POINT ( 'NONE', #8742 ) ;
#1235 = MECHANICAL_DESIGN_GEOMETRIC_PRESENTATION_REPRESENTATION (  '', ( #9730 ), #8943 ) ;
#1236 = STYLED_ITEM ( 'NONE', ( #4553 ), #3917 ) ;
#1237 = PRESENTATION_STYLE_ASSIGNMENT (( #7668 ) ) ;
#1238 = CARTESIAN_POINT ( 'NONE',  ( -0.3100817740648104670, 0.3010000000383806218, 0.1040508373855958679 ) ) ;
#1239 = CARTESIAN_POINT ( 'NONE',  ( -0.1085876274563394861, 0.3010000000383806773, 0.1524885434381348659 ) ) ;
#1240 = PLANE ( 'NONE',  #9711 ) ;
#1241 = SURFACE_STYLE_USAGE ( .BOTH. , #5003 ) ;
#1242 =( NAMED_UNIT ( * ) SI_UNIT ( $, .STERADIAN. ) SOLID_ANGLE_UNIT ( ) );
#1243 = VERTEX_POINT ( 'NONE', #1266 ) ;
#1244 = STYLED_ITEM ( 'NONE', ( #4084 ), #1534 ) ;
#1245 = B_SPLINE_CURVE_WITH_KNOTS ( 'NONE', 3,
 ( #10848, #8122, #10660, #2205 ),
 .UNSPECIFIED., .F., .F.,
 ( 4, 4 ),
 ( 2.000000000000000000, 3.000000000000000000 ),
 .UNSPECIFIED. ) ;
#1246 =( GEOMETRIC_REPRESENTATION_CONTEXT ( 3 ) GLOBAL_UNCERTAINTY_ASSIGNED_CONTEXT ( ( #5224 ) ) GLOBAL_UNIT_ASSIGNED_CONTEXT ( ( #9006, #7160, #8950 ) ) REPRESENTATION_CONTEXT ( 'NONE', 'WORKASPACE' ) );
#1247 =( GEOMETRIC_REPRESENTATION_CONTEXT ( 3 ) GLOBAL_UNCERTAINTY_ASSIGNED_CONTEXT ( ( #7825 ) ) GLOBAL_UNIT_ASSIGNED_CONTEXT ( ( #10306, #1850, #6398 ) ) REPRESENTATION_CONTEXT ( 'NONE', 'WORKASPACE' ) );
#1248 = DIRECTION ( 'NONE',  ( -0.0000000000000000000, -1.000000000000000000, -0.0000000000000000000 ) ) ;
#1249 = CARTESIAN_POINT ( 'NONE',  ( -0.2608823379689205746, 0.3010000000383806773, 0.1514084150000267748 ) ) ;
#1250 = EDGE_CURVE ( 'NONE', #1108, #5780, #5839, .T. ) ;
#1251 = LINE ( 'NONE', #2006, #8436 ) ;
#1252 = CARTESIAN_POINT ( 'NONE',  ( 0.07674063706369825544, 0.3000000000000000444, 0.1743595492369753863 ) ) ;
#1253 = EDGE_CURVE ( 'NONE', #2255, #11372, #7863, .T. ) ;
#1254 = PRESENTATION_LAYER_ASSIGNMENT (  '', '', ( #11733 ) ) ;
#1255 = CARTESIAN_POINT ( 'NONE',  ( -0.2531802341626471775, 0.3000000000383806209, 0.06162569770674542619 ) ) ;
#1256 = CARTESIAN_POINT ( 'NONE',  ( -0.1876830186384911003, 0.3010000000383806218, 0.2102594568377461060 ) ) ;
#1257 = ORIENTED_EDGE ( 'NONE', *, *, #122, .F. ) ;
#1258 = LINE ( 'NONE', #1186, #10486 ) ;
#1259 = ORIENTED_EDGE ( 'NONE', *, *, #12186, .T. ) ;
#1260 = UNCERTAINTY_MEASURE_WITH_UNIT (LENGTH_MEASURE( 1.000000000000000082E-05 ), #4591, 'distance_accuracy_value', 'NONE');
#1261 =( NAMED_UNIT ( * ) PLANE_ANGLE_UNIT ( ) SI_UNIT ( $, .RADIAN. ) );
#1262 = CARTESIAN_POINT ( 'NONE',  ( -0.08670215959540425454, 0.3000000000000000444, 0.1586329192107028274 ) ) ;
#1263 = EDGE_CURVE ( 'NONE', #12229, #10270, #3419, .T. ) ;
#1264 = PRESENTATION_LAYER_ASSIGNMENT (  '', '', ( #271 ) ) ;
#1265 = CARTESIAN_POINT ( 'NONE',  ( -0.06330585771785759985, 0.3000000000383806209, 0.06830644680900753440 ) ) ;
#1266 = CARTESIAN_POINT ( 'NONE',  ( 0.1282318878819781460, 0.3010000000383806218, 0.07061105711684040331 ) ) ;
#1267 = CARTESIAN_POINT ( 'NONE',  ( -0.3082354757770474629, 0.3010000000383806773, 0.1032217068980688102 ) ) ;
#1268 = ORIENTED_EDGE ( 'NONE', *, *, #2267, .T. ) ;
#1269 = CARTESIAN_POINT ( 'NONE',  ( -0.1224997779783061347, 0.3010000000383806218, 0.06670126856538299842 ) ) ;
#1270 =( NAMED_UNIT ( * ) PLANE_ANGLE_UNIT ( ) SI_UNIT ( $, .RADIAN. ) );
#1271 = VERTEX_POINT ( 'NONE', #3351 ) ;
#1272 = CARTESIAN_POINT ( 'NONE',  ( -0.01602550693476220353, 0.3000000000383806764, 0.1531450270305751149 ) ) ;
#1273 = VECTOR ( 'NONE', #9079, 1000.000000000000000 ) ;
#1274 = CARTESIAN_POINT ( 'NONE',  ( -0.2521797830824283881, 0.3010000000383806773, 0.1514701366250619796 ) ) ;
#1275 = B_SPLINE_SURFACE_WITH_KNOTS ( 'NONE', 3, 1, ( 
 ( #3050, #4946 ),
 ( #11337, #8664 ),
 ( #10457, #936 ),
 ( #187, #4705 ) ),
 .UNSPECIFIED., .F., .F., .F.,
 ( 4, 4 ),
 ( 2, 2 ),
 ( 13.00000000000000000, 14.00000000000000000 ),
 ( 0.0000000000000000000, 1.000000000000000000 ),
 .UNSPECIFIED. ) ;
#1276 = DIRECTION ( 'NONE',  ( 1.000000000000000000, 0.0000000000000000000, 0.0000000000000000000 ) ) ;
#1277 = UNCERTAINTY_MEASURE_WITH_UNIT (LENGTH_MEASURE( 1.000000000000000082E-05 ), #1197, 'distance_accuracy_value', 'NONE');
#1278 = CARTESIAN_POINT ( 'NONE',  ( 0.06103209410671232849, 0.3000000000000000444, 0.06492878069961534326 ) ) ;
#1279 = CARTESIAN_POINT ( 'NONE',  ( -0.1704031184300309198, 0.3000000000383806764, 0.2060461124987401083 ) ) ;
#1280 = CARTESIAN_POINT ( 'NONE',  ( -0.1774620048014195484, 0.3010000000383806773, 0.1589562171801693902 ) ) ;
#1281 = CARTESIAN_POINT ( 'NONE',  ( -0.06548442679329812000, 0.3000000000383806209, 0.06320645153347548284 ) ) ;
#1282 = CARTESIAN_POINT ( 'NONE',  ( -0.1925647644945036041, 0.3010000000383806773, 0.1090954354274051019 ) ) ;
#1283 = ORIENTED_EDGE ( 'NONE', *, *, #8333, .F. ) ;
#1284 = EDGE_CURVE ( 'NONE', #11552, #3144, #3243, .T. ) ;
#1285 = UNCERTAINTY_MEASURE_WITH_UNIT (LENGTH_MEASURE( 1.000000000000000082E-05 ), #7699, 'distance_accuracy_value', 'NONE');
#1286 =( NAMED_UNIT ( * ) PLANE_ANGLE_UNIT ( ) SI_UNIT ( $, .RADIAN. ) );
#1287 = B_SPLINE_CURVE_WITH_KNOTS ( 'NONE', 3,
 ( #5768, #7495, #2918, #6758 ),
 .UNSPECIFIED., .F., .F.,
 ( 4, 4 ),
 ( 16.00000000000000000, 17.00000000000000000 ),
 .UNSPECIFIED. ) ;
#1288 = FACE_OUTER_BOUND ( 'NONE', #8185, .T. ) ;
#1289 = SURFACE_STYLE_USAGE ( .BOTH. , #3135 ) ;
#1290 = CARTESIAN_POINT ( 'NONE',  ( -0.06330585771785759985, 0.3010000000383806218, 0.06830644680900753440 ) ) ;
#1291 = CARTESIAN_POINT ( 'NONE',  ( -0.1879702705965884679, 0.3000000000000000444, 0.2001819119379253109 ) ) ;
#1292 = MECHANICAL_DESIGN_GEOMETRIC_PRESENTATION_REPRESENTATION (  '', ( #11359 ), #1698 ) ;
#1293 = SURFACE_SIDE_STYLE ('',( #9519 ) ) ;
#1294 = CARTESIAN_POINT ( 'NONE',  ( -0.07515791287049466973, 0.3000000000383806209, 0.05490275390995420779 ) ) ;
#1295 = VERTEX_POINT ( 'NONE', #9179 ) ;
#1296 = CARTESIAN_POINT ( 'NONE',  ( -0.2636884999578180677, 0.3010000000383806218, 0.1028513924644997024 ) ) ;
#1297 = ORIENTED_EDGE ( 'NONE', *, *, #7205, .T. ) ;
#1298 = CARTESIAN_POINT ( 'NONE',  ( 0.1129571241926249081, 0.3010000000383806773, 0.08351693488165369550 ) ) ;
#1299 = EDGE_LOOP ( 'NONE', ( #1178, #4476, #3754, #135 ) ) ;
#1300 = FILL_AREA_STYLE_COLOUR ( '', #11225 ) ;
#1301 = SURFACE_STYLE_USAGE ( .BOTH. , #9765 ) ;
#1302 = SURFACE_STYLE_FILL_AREA ( #2060 ) ;
#1303 = CARTESIAN_POINT ( 'NONE',  ( -0.1046489127492169630, 0.3000000000000000444, 0.07874379867667745392 ) ) ;
#1304 = SURFACE_SIDE_STYLE ('',( #10819 ) ) ;
#1305 =( LENGTH_UNIT ( ) NAMED_UNIT ( * ) SI_UNIT ( .MILLI., .METRE. ) );
#1306 = VERTEX_POINT ( 'NONE', #4280 ) ;
#1307 = EDGE_CURVE ( 'NONE', #1668, #12009, #699, .T. ) ;
#1308 = EDGE_CURVE ( 'NONE', #3084, #4671, #1384, .T. ) ;
#1309 = FACE_OUTER_BOUND ( 'NONE', #5469, .T. ) ;
#1310 = LINE ( 'NONE', #6252, #4094 ) ;
#1311 = CARTESIAN_POINT ( 'NONE',  ( -0.1047820843058547002, 0.3000000000000000444, 0.06233506160403734508 ) ) ;
#1312 =( NAMED_UNIT ( * ) SI_UNIT ( $, .STERADIAN. ) SOLID_ANGLE_UNIT ( ) );
#1313 = DIRECTION ( 'NONE',  ( -0.0000000000000000000, -1.000000000000000000, -0.0000000000000000000 ) ) ;
#1314 = ORIENTED_EDGE ( 'NONE', *, *, #6909, .T. ) ;
#1315 = CARTESIAN_POINT ( 'NONE',  ( -0.06537249139256422203, 0.3000000000383806209, 0.07381304289953131981 ) ) ;
#1316 = CARTESIAN_POINT ( 'NONE',  ( 0.1587568035690821167, 0.3000000000000000444, 0.2317699638499286230 ) ) ;
#1317 = PRESENTATION_STYLE_ASSIGNMENT (( #8986 ) ) ;
#1318 = ORIENTED_EDGE ( 'NONE', *, *, #7130, .T. ) ;
#1319 = EDGE_CURVE ( 'NONE', #10691, #3288, #9915, .T. ) ;
#1320 =( NAMED_UNIT ( * ) SI_UNIT ( $, .STERADIAN. ) SOLID_ANGLE_UNIT ( ) );
#1321 = EDGE_CURVE ( 'NONE', #5349, #1306, #4563, .T. ) ;
#1322 = EDGE_CURVE ( 'NONE', #8029, #5802, #7995, .T. ) ;
#1323 = DIRECTION ( 'NONE',  ( 0.9999748501857348426, -0.0000000000000000000, 0.007092178509964101527 ) ) ;
#1324 =( NAMED_UNIT ( * ) PLANE_ANGLE_UNIT ( ) SI_UNIT ( $, .RADIAN. ) );
#1325 = LINE ( 'NONE', #508, #10703 ) ;
#1326 = CARTESIAN_POINT ( 'NONE',  ( -0.1205641077928972654, 0.3010000000383806218, 0.07086373545509425109 ) ) ;
#1327 = FACE_BOUND ( 'NONE', #10821, .T. ) ;
#1328 = VERTEX_POINT ( 'NONE', #4223 ) ;
#1329 = CARTESIAN_POINT ( 'NONE',  ( 0.1260660218168953850, 0.3010000000383806773, 0.1313287011573964491 ) ) ;
#1330 = FILL_AREA_STYLE ('',( #2323 ) ) ;
#1331 = CARTESIAN_POINT ( 'NONE',  ( -0.1479273002113785374, 0.3000000000000000444, 0.04758645964856490079 ) ) ;
#1332 = LINE ( 'NONE', #5344, #3586 ) ;
#1333 = FILL_AREA_STYLE_COLOUR ( '', #840 ) ;
#1334 = CARTESIAN_POINT ( 'NONE',  ( -0.09644743335900980707, 0.3000000000000000444, 0.1626501536337019438 ) ) ;
#1335 = CARTESIAN_POINT ( 'NONE',  ( 0.4499999999999981792, 0.2499999999999998335, -0.02000000000000000042 ) ) ;
#1336 = STYLED_ITEM ( 'NONE', ( #11972 ), #3377 ) ;
#1337 = CARTESIAN_POINT ( 'NONE',  ( -0.1372180620872272827, 0.3000000000383806209, 0.04179803125115081480 ) ) ;
#1338 = CARTESIAN_POINT ( 'NONE',  ( -0.06001256712046583452, 0.3000000000000000444, 0.09655994141222509763 ) ) ;
#1339 = ORIENTED_EDGE ( 'NONE', *, *, #10618, .F. ) ;
#1340 =( NAMED_UNIT ( * ) SI_UNIT ( $, .STERADIAN. ) SOLID_ANGLE_UNIT ( ) );
#1341 = CARTESIAN_POINT ( 'NONE',  ( -0.1180266107297594513, 0.3000000000000000444, 0.08033336945613479829 ) ) ;
#1342 = SURFACE_STYLE_USAGE ( .BOTH. , #6666 ) ;
#1343 = STYLED_ITEM ( 'NONE', ( #4021 ), #2665 ) ;
#1344 = UNCERTAINTY_MEASURE_WITH_UNIT (LENGTH_MEASURE( 1.000000000000000082E-05 ), #6273, 'distance_accuracy_value', 'NONE');
#1345 = CARTESIAN_POINT ( 'NONE',  ( 0.2398746465872760858, 0.3000000000000000444, 0.1711785080609857512 ) ) ;
#1346 = EDGE_CURVE ( 'NONE', #9923, #5315, #11904, .T. ) ;
#1347 = FILL_AREA_STYLE_COLOUR ( '', #12070 ) ;
#1348 = DIRECTION ( 'NONE',  ( 0.0000000000000000000, 1.000000000000000000, 0.0000000000000000000 ) ) ;
#1349 = EDGE_LOOP ( 'NONE', ( #730, #11322, #5742, #10096 ) ) ;
#1350 = DIRECTION ( 'NONE',  ( -0.0000000000000000000, -1.000000000000000000, -0.0000000000000000000 ) ) ;
#1351 = CARTESIAN_POINT ( 'NONE',  ( 0.2578167557320734105, 0.3000000000000000444, 0.08801480081575580039 ) ) ;
#1352 = DIRECTION ( 'NONE',  ( 0.007092178509962503846, -0.0000000000000000000, -0.9999748501857348426 ) ) ;
#1353 = ORIENTED_EDGE ( 'NONE', *, *, #10165, .T. ) ;
#1354 = STYLED_ITEM ( 'NONE', ( #8281 ), #2890 ) ;
#1355 =( NAMED_UNIT ( * ) PLANE_ANGLE_UNIT ( ) SI_UNIT ( $, .RADIAN. ) );
#1356 = ORIENTED_EDGE ( 'NONE', *, *, #4315, .F. ) ;
#1357 = CARTESIAN_POINT ( 'NONE',  ( 0.4999999999999996669, -0.2499999999999998890, 0.2499999999999999445 ) ) ;
#1358 = FACE_OUTER_BOUND ( 'NONE', #5893, .T. ) ;
#1359 = CARTESIAN_POINT ( 'NONE',  ( -0.1562488046639261274, 0.3000000000000000444, 0.04877518144947044776 ) ) ;
#1360 = PRESENTATION_STYLE_ASSIGNMENT (( #6053 ) ) ;
#1361 = EDGE_CURVE ( 'NONE', #5518, #5629, #8992, .T. ) ;
#1362 = CARTESIAN_POINT ( 'NONE',  ( -0.2337328483809981150, 0.3000000000383806764, 0.2048171174027608732 ) ) ;
#1363 = ORIENTED_EDGE ( 'NONE', *, *, #9398, .F. ) ;
#1364 = STYLED_ITEM ( 'NONE', ( #6244 ), #7218 ) ;
#1365 = CYLINDRICAL_SURFACE ( 'NONE', #7494, 0.05000000000000002359 ) ;
#1366 =( LENGTH_UNIT ( ) NAMED_UNIT ( * ) SI_UNIT ( .MILLI., .METRE. ) );
#1367 = DIRECTION ( 'NONE',  ( -0.007092178509963803154, 0.0000000000000000000, 0.9999748501857348426 ) ) ;
#1368 = DIRECTION ( 'NONE',  ( -0.9999748501857348426, 0.0000000000000000000, -0.007092178509963287074 ) ) ;
#1369 = B_SPLINE_SURFACE_WITH_KNOTS ( 'NONE', 3, 1, ( 
 ( #11573, #5067 ),
 ( #366, #1121 ),
 ( #183, #3958 ),
 ( #3045, #126 ) ),
 .UNSPECIFIED., .F., .F., .F.,
 ( 4, 4 ),
 ( 2, 2 ),
 ( 18.00000000000000000, 19.00000000000000000 ),
 ( 0.0000000000000000000, 1.000000000000000000 ),
 .UNSPECIFIED. ) ;
#1370 = CARTESIAN_POINT ( 'NONE',  ( -0.1009030003828083610, 0.3010000000383806773, 0.06516999043137589043 ) ) ;
#1371 = EDGE_CURVE ( 'NONE', #2711, #9947, #9110, .T. ) ;
#1372 = EDGE_CURVE ( 'NONE', #11610, #2603, #6208, .T. ) ;
#1373 = SURFACE_STYLE_USAGE ( .BOTH. , #7001 ) ;
#1374 = CARTESIAN_POINT ( 'NONE',  ( -0.1060716889868553725, 0.3010000000383806218, 0.09682595060005891319 ) ) ;
#1375 = ORIENTED_EDGE ( 'NONE', *, *, #5612, .F. ) ;
#1376 = CARTESIAN_POINT ( 'NONE',  ( -0.1303702161949420180, 0.3010000000383806218, 0.07026389716086435533 ) ) ;
#1377 = FACE_OUTER_BOUND ( 'NONE', #1299, .T. ) ;
#1378 = EDGE_CURVE ( 'NONE', #10255, #8004, #11920, .T. ) ;
#1379 = ORIENTED_EDGE ( 'NONE', *, *, #10438, .F. ) ;
#1380 = UNCERTAINTY_MEASURE_WITH_UNIT (LENGTH_MEASURE( 1.000000000000000082E-05 ), #6785, 'distance_accuracy_value', 'NONE');
#1381 =( NAMED_UNIT ( * ) SI_UNIT ( $, .STERADIAN. ) SOLID_ANGLE_UNIT ( ) );
#1382 = STYLED_ITEM ( 'NONE', ( #6796 ), #7790 ) ;
#1383 = FILL_AREA_STYLE_COLOUR ( '', #3223 ) ;
#1384 = LINE ( 'NONE', #7011, #9513 ) ;
#1385 = LINE ( 'NONE', #275, #6163 ) ;
#1386 = CARTESIAN_POINT ( 'NONE',  ( -0.07515791287049466973, 0.3000000000000000444, 0.05490275390995420779 ) ) ;
#1387 = ADVANCED_FACE ( 'NONE', ( #4349 ), #2317, .F. ) ;
#1388 = B_SPLINE_SURFACE_WITH_KNOTS ( 'NONE', 3, 1, ( 
 ( #597, #8494 ),
 ( #1909, #2022 ),
 ( #893, #11938 ),
 ( #9370, #7586 ) ),
 .UNSPECIFIED., .F., .F., .F.,
 ( 4, 4 ),
 ( 2, 2 ),
 ( 1.000000000000000000, 2.000000000000000000 ),
 ( 0.0000000000000000000, 1.000000000000000000 ),
 .UNSPECIFIED. ) ;
#1389 = ORIENTED_EDGE ( 'NONE', *, *, #5758, .F. ) ;
#1390 = EDGE_CURVE ( 'NONE', #1394, #5862, #4663, .T. ) ;
#1391 = VECTOR ( 'NONE', #10866, 1000.000000000000000 ) ;
#1392 = SURFACE_STYLE_FILL_AREA ( #1330 ) ;
#1393 = DIRECTION ( 'NONE',  ( 0.3216389368451683661, -0.0000000000000000000, 0.9468623945986607282 ) ) ;
#1394 = VERTEX_POINT ( 'NONE', #5698 ) ;
#1395 = COLOUR_RGB ( '',1.000000000000000000, 1.000000000000000000, 1.000000000000000000 ) ;
#1396 = UNCERTAINTY_MEASURE_WITH_UNIT (LENGTH_MEASURE( 1.000000000000000082E-05 ), #9672, 'distance_accuracy_value', 'NONE');
#1397 = DIRECTION ( 'NONE',  ( -0.0000000000000000000, -1.000000000000000000, -0.0000000000000000000 ) ) ;
#1398 = CARTESIAN_POINT ( 'NONE',  ( -0.2346538951962383601, 0.3000000000383806764, 0.2005370724958138451 ) ) ;
#1399 = DIRECTION ( 'NONE',  ( -0.9394297563095325154, 0.0000000000000000000, 0.3427414958247869681 ) ) ;
#1400 = VECTOR ( 'NONE', #10521, 999.9999999999998863 ) ;
#1401 = CARTESIAN_POINT ( 'NONE',  ( -0.06435189913898473058, 0.3000000000000000444, 0.09924300173480912757 ) ) ;
#1402 = ORIENTED_EDGE ( 'NONE', *, *, #2830, .F. ) ;
#1403 = FILL_AREA_STYLE_COLOUR ( '', #10692 ) ;
#1404 = VECTOR ( 'NONE', #10256, 1000.000000000000114 ) ;
#1405 = CARTESIAN_POINT ( 'NONE',  ( -0.1872894603197214902, 0.3000000000000000444, 0.1547689724544101253 ) ) ;
#1406 =( LENGTH_UNIT ( ) NAMED_UNIT ( * ) SI_UNIT ( .MILLI., .METRE. ) );
#1407 = COLOUR_RGB ( '',1.000000000000000000, 1.000000000000000000, 1.000000000000000000 ) ;
#1408 = CARTESIAN_POINT ( 'NONE',  ( -0.2461213477916747161, 0.3010000000383806218, 0.1087155930253119601 ) ) ;
#1409 = CARTESIAN_POINT ( 'NONE',  ( -0.06673863277530867055, 0.3010000000383806218, 0.07511348166149579841 ) ) ;
#1410 = ORIENTED_EDGE ( 'NONE', *, *, #231, .F. ) ;
#1411 = STYLED_ITEM ( 'NONE', ( #11851 ), #11814 ) ;
#1412 = VECTOR ( 'NONE', #2351, 1000.000000000000114 ) ;
#1413 = B_SPLINE_CURVE_WITH_KNOTS ( 'NONE', 3,
 ( #8838, #4134, #6051, #11699 ),
 .UNSPECIFIED., .F., .F.,
 ( 4, 4 ),
 ( 4.000000000000000000, 5.000000000000000000 ),
 .UNSPECIFIED. ) ;
#1414 = EDGE_CURVE ( 'NONE', #9341, #379, #5457, .T. ) ;
#1415 = SURFACE_SIDE_STYLE ('',( #9816 ) ) ;
#1416 = ORIENTED_EDGE ( 'NONE', *, *, #523, .T. ) ;
#1418 = DIRECTION ( 'NONE',  ( 0.0000000000000000000, 0.0000000000000000000, 1.000000000000000000 ) ) ;
#1417 =( GEOMETRIC_REPRESENTATION_CONTEXT ( 3 ) GLOBAL_UNCERTAINTY_ASSIGNED_CONTEXT ( ( #2853 ) ) GLOBAL_UNIT_ASSIGNED_CONTEXT ( ( #7615, #1936, #3836 ) ) REPRESENTATION_CONTEXT ( 'NONE', 'WORKASPACE' ) );
#1419 = ORIENTED_EDGE ( 'NONE', *, *, #3884, .F. ) ;
#1420 = VECTOR ( 'NONE', #3817, 1000.000000000000000 ) ;
#1421 = CARTESIAN_POINT ( 'NONE',  ( -0.2460753435467916139, 0.3010000000383806773, 0.1682019657593467887 ) ) ;
#1422 = CARTESIAN_POINT ( 'NONE',  ( -0.2531802341626471775, 0.3010000000383806218, 0.06162569770674542619 ) ) ;
#1423 = VECTOR ( 'NONE', #1568, 1000.000000000000000 ) ;
#1424 = VECTOR ( 'NONE', #9040, 1000.000000000000114 ) ;
#1425 = CARTESIAN_POINT ( 'NONE',  ( -0.08554074787646864797, 0.3000000000000000444, 0.1004340443038267278 ) ) ;
#1426 = SURFACE_STYLE_USAGE ( .BOTH. , #4391 ) ;
#1427 =( NAMED_UNIT ( * ) PLANE_ANGLE_UNIT ( ) SI_UNIT ( $, .RADIAN. ) );
#1428 =( NAMED_UNIT ( * ) PLANE_ANGLE_UNIT ( ) SI_UNIT ( $, .RADIAN. ) );
#1429 = FILL_AREA_STYLE ('',( #2243 ) ) ;
#1430 = ORIENTED_EDGE ( 'NONE', *, *, #3501, .T. ) ;
#1431 = PRESENTATION_LAYER_ASSIGNMENT (  '', '', ( #9723 ) ) ;
#1432 = AXIS2_PLACEMENT_3D ( 'NONE', #7012, #6950, #5274 ) ;
#1433 = FILL_AREA_STYLE_COLOUR ( '', #6312 ) ;
#1434 = AXIS2_PLACEMENT_3D ( 'NONE', #8785, #1180, #6809 ) ;
#1435 = COLOUR_RGB ( '',1.000000000000000000, 1.000000000000000000, 1.000000000000000000 ) ;
#1436 = COLOUR_RGB ( '',0.1019607843137254888, 0.1019607843137254888, 0.1019607843137254888 ) ;
#1437 =( NAMED_UNIT ( * ) PLANE_ANGLE_UNIT ( ) SI_UNIT ( $, .RADIAN. ) );
#1438 =( NAMED_UNIT ( * ) SI_UNIT ( $, .STERADIAN. ) SOLID_ANGLE_UNIT ( ) );
#1439 = EDGE_CURVE ( 'NONE', #10637, #3615, #3533, .T. ) ;
#1440 = CARTESIAN_POINT ( 'NONE',  ( 0.2587766062771868492, 0.3000000000383806209, 0.1973409663625794730 ) ) ;
#1441 = PRESENTATION_STYLE_ASSIGNMENT (( #11577 ) ) ;
#1442 = DIRECTION ( 'NONE',  ( 1.807003620809174139E-16, 1.000000000000000000, -0.0000000000000000000 ) ) ;
#1443 = FILL_AREA_STYLE ('',( #7916 ) ) ;
#1444 = B_SPLINE_CURVE_WITH_KNOTS ( 'NONE', 3,
 ( #4877, #9594, #3838, #9650 ),
 .UNSPECIFIED., .F., .F.,
 ( 4, 4 ),
 ( 16.00000000000000000, 17.00000000000000000 ),
 .UNSPECIFIED. ) ;
#1445 = ORIENTED_EDGE ( 'NONE', *, *, #1390, .T. ) ;
#1446 = CARTESIAN_POINT ( 'NONE',  ( -0.1303498635443924858, 0.3010000000383806218, 0.06739423748499547007 ) ) ;
#1447 = DIRECTION ( 'NONE',  ( 0.9999748501857348426, 0.0000000000000000000, 0.007092178509963555089 ) ) ;
#1448 = VECTOR ( 'NONE', #11046, 1000.000000000000000 ) ;
#1449 = FILL_AREA_STYLE_COLOUR ( '', #6192 ) ;
#1450 = EDGE_LOOP ( 'NONE', ( #1711, #6438, #1878, #8159, #1867, #3987, #8275, #1803, #6678, #12013, #4309, #17, #4980, #2320, #11139, #4324, #8689, #10410, #7768, #5269, #11460, #10529, #4988, #7426, #8965, #8503, #1751, #6042, #5167, #6698, #10799, #3408, #9874 ) ) ;
#1451 = DIRECTION ( 'NONE',  ( -0.0000000000000000000, -1.000000000000000000, -0.0000000000000000000 ) ) ;
#1452 = SURFACE_STYLE_FILL_AREA ( #6135 ) ;
#1453 = ADVANCED_FACE ( 'NONE', ( #3660 ), #2610, .T. ) ;
#1454 =( NAMED_UNIT ( * ) PLANE_ANGLE_UNIT ( ) SI_UNIT ( $, .RADIAN. ) );
#1455 = DIRECTION ( 'NONE',  ( -0.0000000000000000000, -1.000000000000000000, -0.0000000000000000000 ) ) ;
#1456 =( GEOMETRIC_REPRESENTATION_CONTEXT ( 3 ) GLOBAL_UNCERTAINTY_ASSIGNED_CONTEXT ( ( #6216 ) ) GLOBAL_UNIT_ASSIGNED_CONTEXT ( ( #4579, #8104, #6374 ) ) REPRESENTATION_CONTEXT ( 'NONE', 'WORKASPACE' ) );
#1457 = PLANE ( 'NONE',  #10612 ) ;
#1458 = SURFACE_STYLE_USAGE ( .BOTH. , #5028 ) ;
#1459 = VERTEX_POINT ( 'NONE', #9413 ) ;
#1460 = LINE ( 'NONE', #7814, #7038 ) ;
#1461 = PRESENTATION_STYLE_ASSIGNMENT (( #5339 ) ) ;
#1462 = CARTESIAN_POINT ( 'NONE',  ( 0.2085159836680587631, 0.3010000000383806218, 0.1887421675795295517 ) ) ;
#1463 = ORIENTED_EDGE ( 'NONE', *, *, #8695, .T. ) ;
#1464 = MECHANICAL_DESIGN_GEOMETRIC_PRESENTATION_REPRESENTATION (  '', ( #9559 ), #3040 ) ;
#1465 = EDGE_CURVE ( 'NONE', #680, #1764, #933, .T. ) ;
#1466 = SURFACE_STYLE_FILL_AREA ( #5227 ) ;
#1467 = ORIENTED_EDGE ( 'NONE', *, *, #12113, .F. ) ;
#1468 = DIRECTION ( 'NONE',  ( 0.0000000000000000000, -0.0000000000000000000, -1.000000000000000000 ) ) ;
#1469 = DIRECTION ( 'NONE',  ( 1.000000000000000000, -0.0000000000000000000, -0.0000000000000000000 ) ) ;
#1470 = STYLED_ITEM ( 'NONE', ( #11324 ), #5526 ) ;
#1471 = LINE ( 'NONE', #2456, #12219 ) ;
#1472 = CARTESIAN_POINT ( 'NONE',  ( -0.1224997779783061347, 0.3010000000383806218, 0.06670126856538299842 ) ) ;
#1473 =( LENGTH_UNIT ( ) NAMED_UNIT ( * ) SI_UNIT ( .MILLI., .METRE. ) );
#1474 = SURFACE_STYLE_FILL_AREA ( #10056 ) ;
#1475 = SURFACE_STYLE_USAGE ( .BOTH. , #2511 ) ;
#1476 = ORIENTED_EDGE ( 'NONE', *, *, #5899, .T. ) ;
#1477 = ADVANCED_FACE ( 'NONE', ( #3778 ), #20, .F. ) ;
#1478 = STYLED_ITEM ( 'NONE', ( #8082 ), #5694 ) ;
#1479 = CARTESIAN_POINT ( 'NONE',  ( -0.3194094911806665271, 0.3000000000383806764, 0.07778212340617211840 ) ) ;
#1480 = B_SPLINE_SURFACE_WITH_KNOTS ( 'NONE', 3, 1, ( 
 ( #7439, #11391 ),
 ( #1069, #10527 ),
 ( #76, #8605 ),
 ( #3848, #4707 ) ),
 .UNSPECIFIED., .F., .F., .F.,
 ( 4, 4 ),
 ( 2, 2 ),
 ( 0.0000000000000000000, 1.000000000000000000 ),
 ( 0.0000000000000000000, 1.000000000000000000 ),
 .UNSPECIFIED. ) ;
#1481 = EDGE_CURVE ( 'NONE', #6303, #1764, #1066, .T. ) ;
#1482 = DIRECTION ( 'NONE',  ( 1.000000000000000000, 0.0000000000000000000, 0.0000000000000000000 ) ) ;
#1483 = FACE_OUTER_BOUND ( 'NONE', #2053, .T. ) ;
#1484 = VERTEX_POINT ( 'NONE', #2003 ) ;
#1485 = CARTESIAN_POINT ( 'NONE',  ( 0.2365428457808008422, 0.3010000000383806218, 0.02929996537310895766 ) ) ;
#1486 = LINE ( 'NONE', #1541, #10097 ) ;
#1487 = ORIENTED_EDGE ( 'NONE', *, *, #3657, .F. ) ;
#1488 = STYLED_ITEM ( 'NONE', ( #9293 ), #6058 ) ;
#1489 = CARTESIAN_POINT ( 'NONE',  ( -0.1406007287597556277, 0.3010000000383806218, 0.03494265885360655494 ) ) ;
#1490 =( NAMED_UNIT ( * ) SI_UNIT ( $, .STERADIAN. ) SOLID_ANGLE_UNIT ( ) );
#1491 = CARTESIAN_POINT ( 'NONE',  ( -0.08235852309880657696, 0.3000000000000000444, 0.2147184848664923373 ) ) ;
#1492 = SURFACE_STYLE_FILL_AREA ( #9957 ) ;
#1493 = ORIENTED_EDGE ( 'NONE', *, *, #10918, .F. ) ;
#1494 =( NAMED_UNIT ( * ) SI_UNIT ( $, .STERADIAN. ) SOLID_ANGLE_UNIT ( ) );
#1495 = DIRECTION ( 'NONE',  ( -0.0000000000000000000, -1.000000000000000000, -0.0000000000000000000 ) ) ;
#1496 =( GEOMETRIC_REPRESENTATION_CONTEXT ( 3 ) GLOBAL_UNCERTAINTY_ASSIGNED_CONTEXT ( ( #7818 ) ) GLOBAL_UNIT_ASSIGNED_CONTEXT ( ( #8983, #3163, #1312 ) ) REPRESENTATION_CONTEXT ( 'NONE', 'WORKASPACE' ) );
#1497 = SURFACE_SIDE_STYLE ('',( #8031 ) ) ;
#1498 = VERTEX_POINT ( 'NONE', #8544 ) ;
#1499 = DIRECTION ( 'NONE',  ( -0.0000000000000000000, -0.0000000000000000000, 1.000000000000000000 ) ) ;
#1500 = ORIENTED_EDGE ( 'NONE', *, *, #10668, .T. ) ;
#1501 =( NAMED_UNIT ( * ) SI_UNIT ( $, .STERADIAN. ) SOLID_ANGLE_UNIT ( ) );
#1502 = CARTESIAN_POINT ( 'NONE',  ( -0.05555023290851149320, 0.3000000000000000444, 0.06773758202827179220 ) ) ;
#1503 = DIRECTION ( 'NONE',  ( 0.9999748501857348426, -0.0000000000000000000, 0.007092178509965514459 ) ) ;
#1504 = FILL_AREA_STYLE_COLOUR ( '', #11232 ) ;
#1505 = EDGE_LOOP ( 'NONE', ( #5902, #8092, #6637, #10502 ) ) ;
#1506 = CARTESIAN_POINT ( 'NONE',  ( -0.05922756360300536482, 0.3000000000000000444, 0.05844702505212615723 ) ) ;
#1507 = LINE ( 'NONE', #5268, #1424 ) ;
#1508 = ORIENTED_EDGE ( 'NONE', *, *, #5751, .T. ) ;
#1509 = UNCERTAINTY_MEASURE_WITH_UNIT (LENGTH_MEASURE( 1.000000000000000082E-05 ), #5123, 'distance_accuracy_value', 'NONE');
#1510 = ADVANCED_FACE ( 'NONE', ( #9542 ), #4943, .F. ) ;
#1511 = SURFACE_STYLE_USAGE ( .BOTH. , #7135 ) ;
#1512 = CARTESIAN_POINT ( 'NONE',  ( -0.4499999999999981237, -0.2500000000000001665, -0.02000000000000000042 ) ) ;
#1513 = CARTESIAN_POINT ( 'NONE',  ( -0.08235852309880657696, 0.3010000000383806218, 0.2147184848664923373 ) ) ;
#1514 = SURFACE_SIDE_STYLE ('',( #10786 ) ) ;
#1515 = DIRECTION ( 'NONE',  ( -0.007092178509967527605, -0.0000000000000000000, 0.9999748501857348426 ) ) ;
#1516 = EDGE_LOOP ( 'NONE', ( #7147, #352, #10721, #11132 ) ) ;
#1517 = LINE ( 'NONE', #2551, #2913 ) ;
#1518 = LINE ( 'NONE', #11912, #12226 ) ;
#1519 = PRESENTATION_LAYER_ASSIGNMENT (  '', '', ( #5263 ) ) ;
#1520 = DIRECTION ( 'NONE',  ( 0.007092178509957183449, 0.0000000000000000000, -0.9999748501857349536 ) ) ;
#1521 = ORIENTED_EDGE ( 'NONE', *, *, #10772, .T. ) ;
#1522 = UNCERTAINTY_MEASURE_WITH_UNIT (LENGTH_MEASURE( 1.000000000000000082E-05 ), #4947, 'distance_accuracy_value', 'NONE');
#1523 = FILL_AREA_STYLE_COLOUR ( '', #2594 ) ;
#1524 = CARTESIAN_POINT ( 'NONE',  ( -0.07329726075303738542, 0.3010000000383806218, 0.2147827505728447661 ) ) ;
#1525 = FILL_AREA_STYLE_COLOUR ( '', #3971 ) ;
#1526 = DIRECTION ( 'NONE',  ( 0.9410702468860455694, -0.0000000000000000000, 0.3382111624796517169 ) ) ;
#1527 = ORIENTED_EDGE ( 'NONE', *, *, #2535, .T. ) ;
#1528 = DIRECTION ( 'NONE',  ( -0.0000000000000000000, -1.000000000000000000, -0.0000000000000000000 ) ) ;
#1529 = CARTESIAN_POINT ( 'NONE',  ( -0.4500000000000001776, 0.2500000000000000000, 0.2499999999999999445 ) ) ;
#1530 = EDGE_CURVE ( 'NONE', #10210, #8081, #11443, .T. ) ;
#1531 = EDGE_CURVE ( 'NONE', #6419, #4796, #255, .T. ) ;
#1532 = FILL_AREA_STYLE ('',( #1665 ) ) ;
#1533 = PLANE ( 'NONE',  #584 ) ;
#1534 = ADVANCED_FACE ( 'NONE', ( #10522 ), #11516, .T. ) ;
#1535 = MECHANICAL_DESIGN_GEOMETRIC_PRESENTATION_REPRESENTATION (  '', ( #3103 ), #8244 ) ;
#1536 = VERTEX_POINT ( 'NONE', #1249 ) ;
#1537 = DIRECTION ( 'NONE',  ( 0.007092178509964025199, 0.0000000000000000000, -0.9999748501857348426 ) ) ;
#1538 = DIRECTION ( 'NONE',  ( -0.0000000000000000000, 0.0000000000000000000, 1.000000000000000000 ) ) ;
#1539 = ORIENTED_EDGE ( 'NONE', *, *, #9231, .T. ) ;
#1540 = SURFACE_STYLE_USAGE ( .BOTH. , #10003 ) ;
#1541 = CARTESIAN_POINT ( 'NONE',  ( 0.2000000000000018152, -0.2500000000000001665, -0.02000000000000000042 ) ) ;
#1542 = ORIENTED_EDGE ( 'NONE', *, *, #1263, .F. ) ;
#1543 =( NAMED_UNIT ( * ) PLANE_ANGLE_UNIT ( ) SI_UNIT ( $, .RADIAN. ) );
#1544 = AXIS2_PLACEMENT_3D ( 'NONE', #6000, #5744, #7611 ) ;
#1545 = EDGE_CURVE ( 'NONE', #2093, #12099, #10710, .T. ) ;
#1546 = SURFACE_STYLE_FILL_AREA ( #6107 ) ;
#1547 =( NAMED_UNIT ( * ) PLANE_ANGLE_UNIT ( ) SI_UNIT ( $, .RADIAN. ) );
#1548 = DIRECTION ( 'NONE',  ( 0.0000000000000000000, -1.000000000000000000, 0.0000000000000000000 ) ) ;
#1549 = EDGE_LOOP ( 'NONE', ( #7252, #389, #264, #2517 ) ) ;
#1550 = MECHANICAL_DESIGN_GEOMETRIC_PRESENTATION_REPRESENTATION (  '', ( #1354 ), #5499 ) ;
#1551 = VECTOR ( 'NONE', #10677, 1000.000000000000000 ) ;
#1552 = ORIENTED_EDGE ( 'NONE', *, *, #7349, .F. ) ;
#1553 = CARTESIAN_POINT ( 'NONE',  ( 0.0000000000000000000, 0.3010000000383806773, 0.0000000000000000000 ) ) ;
#1554 = ORIENTED_EDGE ( 'NONE', *, *, #7804, .T. ) ;
#1555 = LINE ( 'NONE', #9162, #8638 ) ;
#1556 = CARTESIAN_POINT ( 'NONE',  ( 0.2901568176952524225, 0.3010000000383806218, 0.1767407862493474702 ) ) ;
#1557 = DIRECTION ( 'NONE',  ( -0.007092178509963051151, 0.0000000000000000000, 0.9999748501857348426 ) ) ;
#1558 = ORIENTED_EDGE ( 'NONE', *, *, #8691, .T. ) ;
#1559 = VECTOR ( 'NONE', #7454, 1000.000000000000000 ) ;
#1560 = PRESENTATION_STYLE_ASSIGNMENT (( #693 ) ) ;
#1561 = VECTOR ( 'NONE', #10879, 1000.000000000000000 ) ;
#1562 = B_SPLINE_CURVE_WITH_KNOTS ( 'NONE', 3,
 ( #2718, #12014, #5401, #3529 ),
 .UNSPECIFIED., .F., .F.,
 ( 4, 4 ),
 ( 10.00000000000000000, 11.00000000000000000 ),
 .UNSPECIFIED. ) ;
#1563 = FILL_AREA_STYLE_COLOUR ( '', #2246 ) ;
#1564 = ORIENTED_EDGE ( 'NONE', *, *, #11355, .T. ) ;
#1565 = SURFACE_SIDE_STYLE ('',( #5454 ) ) ;
#1566 =( NAMED_UNIT ( * ) PLANE_ANGLE_UNIT ( ) SI_UNIT ( $, .RADIAN. ) );
#1567 = B_SPLINE_SURFACE_WITH_KNOTS ( 'NONE', 3, 1, ( 
 ( #2824, #6399 ),
 ( #841, #7400 ),
 ( #10191, #7279 ),
 ( #6600, #1719 ) ),
 .UNSPECIFIED., .F., .F., .F.,
 ( 4, 4 ),
 ( 2, 2 ),
 ( 4.000000000000000000, 5.000000000000000000 ),
 ( 0.0000000000000000000, 1.000000000000000000 ),
 .UNSPECIFIED. ) ;
#1568 = DIRECTION ( 'NONE',  ( 0.007092178509968051492, -0.0000000000000000000, -0.9999748501857348426 ) ) ;
#1569 = B_SPLINE_CURVE_WITH_KNOTS ( 'NONE', 3,
 ( #5013, #5202, #9897, #1252 ),
 .UNSPECIFIED., .F., .F.,
 ( 4, 4 ),
 ( 35.00000000000000000, 36.00000000000000000 ),
 .UNSPECIFIED. ) ;
#1570 = SPHERICAL_SURFACE ( 'NONE', #10678, 0.05000000000000000278 ) ;
#1571 = DIRECTION ( 'NONE',  ( 0.3427414958530343170, 0.0000000000000000000, 0.9394297562992267592 ) ) ;
#1572 = FACE_OUTER_BOUND ( 'NONE', #3190, .T. ) ;
#1573 =( LENGTH_UNIT ( ) NAMED_UNIT ( * ) SI_UNIT ( .MILLI., .METRE. ) );
#1574 = ORIENTED_EDGE ( 'NONE', *, *, #1414, .F. ) ;
#1575 = DIRECTION ( 'NONE',  ( -1.084202172485504434E-16, 1.000000000000000000, 0.0000000000000000000 ) ) ;
#1576 = B_SPLINE_CURVE_WITH_KNOTS ( 'NONE', 3,
 ( #8051, #11841, #11155, #10172 ),
 .UNSPECIFIED., .F., .F.,
 ( 4, 4 ),
 ( 11.00000000000000000, 12.00000000000000000 ),
 .UNSPECIFIED. ) ;
#1577 = LINE ( 'NONE', #707, #6087 ) ;
#1578 = B_SPLINE_SURFACE_WITH_KNOTS ( 'NONE', 3, 1, ( 
 ( #11661, #10103 ),
 ( #12083, #11024 ),
 ( #9114, #8182 ),
 ( #1823, #9233 ) ),
 .UNSPECIFIED., .F., .F., .F.,
 ( 4, 4 ),
 ( 2, 2 ),
 ( 4.000000000000000000, 5.000000000000000000 ),
 ( 0.0000000000000000000, 1.000000000000000000 ),
 .UNSPECIFIED. ) ;
#1579 = CARTESIAN_POINT ( 'NONE',  ( -0.1180266107297594513, 0.3000000000000000444, 0.08033336945613479829 ) ) ;
#1580 = ORIENTED_EDGE ( 'NONE', *, *, #10519, .T. ) ;
#1581 = B_SPLINE_CURVE_WITH_KNOTS ( 'NONE', 3,
 ( #11535, #7689, #1081, #2141 ),
 .UNSPECIFIED., .F., .F.,
 ( 4, 4 ),
 ( 3.000000000000000000, 4.000000000000000000 ),
 .UNSPECIFIED. ) ;
#1582 = CARTESIAN_POINT ( 'NONE',  ( -0.09188544274815206581, 0.3010000000383806218, 0.1527629689026110127 ) ) ;
#1583 = CARTESIAN_POINT ( 'NONE',  ( -0.2365705191914510841, 0.3000000000383806764, 0.06174349973301983957 ) ) ;
#1584 = FACE_OUTER_BOUND ( 'NONE', #7383, .T. ) ;
#1585 = STYLED_ITEM ( 'NONE', ( #11333 ), #1477 ) ;
#1586 =( NAMED_UNIT ( * ) SI_UNIT ( $, .STERADIAN. ) SOLID_ANGLE_UNIT ( ) );
#1587 = FACE_OUTER_BOUND ( 'NONE', #6883, .T. ) ;
#1588 = ORIENTED_EDGE ( 'NONE', *, *, #1010, .T. ) ;
#1589 = SURFACE_STYLE_FILL_AREA ( #8818 ) ;
#1590 = EDGE_CURVE ( 'NONE', #4629, #1142, #2916, .T. ) ;
#1591 = VECTOR ( 'NONE', #2630, 1000.000000000000114 ) ;
#1592 = DIRECTION ( 'NONE',  ( 0.3492990577959547149, -0.0000000000000000000, 0.9370112956751686095 ) ) ;
#1593 = CARTESIAN_POINT ( 'NONE',  ( -0.1253703211595268707, 0.3010000000383806218, 0.05800911053237797071 ) ) ;
#1594 =( LENGTH_UNIT ( ) NAMED_UNIT ( * ) SI_UNIT ( .MILLI., .METRE. ) );
#1595 = B_SPLINE_SURFACE_WITH_KNOTS ( 'NONE', 3, 1, ( 
 ( #2369, #1316 ),
 ( #447, #2187 ),
 ( #4092, #5885 ),
 ( #7855, #9729 ) ),
 .UNSPECIFIED., .F., .F., .F.,
 ( 4, 4 ),
 ( 2, 2 ),
 ( 2.000000000000000000, 3.000000000000000000 ),
 ( 0.0000000000000000000, 1.000000000000000000 ),
 .UNSPECIFIED. ) ;
#1596 = SURFACE_STYLE_FILL_AREA ( #6170 ) ;
#1597 = LINE ( 'NONE', #4488, #6568 ) ;
#1598 = VERTEX_POINT ( 'NONE', #5316 ) ;
#1599 = COLOUR_RGB ( '',1.000000000000000000, 1.000000000000000000, 1.000000000000000000 ) ;
#1600 = VECTOR ( 'NONE', #3141, 1000.000000000000000 ) ;
#1601 = EDGE_CURVE ( 'NONE', #9961, #10255, #6119, .T. ) ;
#1602 = EDGE_CURVE ( 'NONE', #11398, #5518, #367, .T. ) ;
#1603 = MECHANICAL_DESIGN_GEOMETRIC_PRESENTATION_REPRESENTATION (  '', ( #5135 ), #9873 ) ;
#1604 = EDGE_LOOP ( 'NONE', ( #10616, #5209, #4622, #10648 ) ) ;
#1605 = CARTESIAN_POINT ( 'NONE',  ( -0.1093632146618768869, 0.3000000000000000444, 0.09911092655362621628 ) ) ;
#1606 =( NAMED_UNIT ( * ) SI_UNIT ( $, .STERADIAN. ) SOLID_ANGLE_UNIT ( ) );
#1607 = ORIENTED_EDGE ( 'NONE', *, *, #5721, .T. ) ;
#1608 = B_SPLINE_CURVE_WITH_KNOTS ( 'NONE', 3,
 ( #789, #11183, #10249, #7408 ),
 .UNSPECIFIED., .F., .F.,
 ( 4, 4 ),
 ( 16.00000000000000000, 17.00000000000000000 ),
 .UNSPECIFIED. ) ;
#1609 =( NAMED_UNIT ( * ) SI_UNIT ( $, .STERADIAN. ) SOLID_ANGLE_UNIT ( ) );
#1610 = VECTOR ( 'NONE', #10944, 1000.000000000000000 ) ;
#1611 = COLOUR_RGB ( '',1.000000000000000000, 1.000000000000000000, 1.000000000000000000 ) ;
#1612 = SPHERICAL_SURFACE ( 'NONE', #3179, 0.05000000000000000278 ) ;
#1613 = VECTOR ( 'NONE', #4906, 1000.000000000000114 ) ;
#1614 = CARTESIAN_POINT ( 'NONE',  ( -0.2325172464158174468, 0.3010000000383806773, 0.2005522263714948350 ) ) ;
#1615 = STYLED_ITEM ( 'NONE', ( #4322 ), #11229 ) ;
#1616 = DIRECTION ( 'NONE',  ( -0.0000000000000000000, -1.000000000000000000, -0.0000000000000000000 ) ) ;
#1617 = CARTESIAN_POINT ( 'NONE',  ( -0.1125910249069113911, 0.3000000000000000444, 0.07481947365459803989 ) ) ;
#1618 = ORIENTED_EDGE ( 'NONE', *, *, #3108, .F. ) ;
#1619 =( NAMED_UNIT ( * ) SI_UNIT ( $, .STERADIAN. ) SOLID_ANGLE_UNIT ( ) );
#1620 = AXIS2_PLACEMENT_3D ( 'NONE', #3746, #11485, #6790 ) ;
#1621 = ORIENTED_EDGE ( 'NONE', *, *, #5968, .T. ) ;
#1622 = EDGE_CURVE ( 'NONE', #4411, #9790, #8164, .T. ) ;
#1623 = STYLED_ITEM ( 'NONE', ( #6036 ), #8922 ) ;
#1624 = FILL_AREA_STYLE ('',( #9830 ) ) ;
#1625 = VERTEX_POINT ( 'NONE', #9032 ) ;
#1626 = MECHANICAL_DESIGN_GEOMETRIC_PRESENTATION_REPRESENTATION (  '', ( #9702 ), #4377 ) ;
#1627 = VERTEX_POINT ( 'NONE', #7978 ) ;
#1628 = STYLED_ITEM ( 'NONE', ( #8625 ), #11755 ) ;
#1629 = CIRCLE ( 'NONE', #2024, 0.05000000000000002359 ) ;
#1630 = FILL_AREA_STYLE_COLOUR ( '', #5671 ) ;
#1631 = DIRECTION ( 'NONE',  ( 0.9999748501857347316, 0.0000000000000000000, 0.007092178509982618832 ) ) ;
#1632 = VERTEX_POINT ( 'NONE', #7910 ) ;
#1633 = SURFACE_STYLE_FILL_AREA ( #11148 ) ;
#1634 = VECTOR ( 'NONE', #7261, 1000.000000000000000 ) ;
#1635 = COLOUR_RGB ( '',1.000000000000000000, 1.000000000000000000, 1.000000000000000000 ) ;
#1636 = SURFACE_STYLE_FILL_AREA ( #10095 ) ;
#1637 = ORIENTED_EDGE ( 'NONE', *, *, #1465, .F. ) ;
#1638 = PRESENTATION_LAYER_ASSIGNMENT (  '', '', ( #7155 ) ) ;
#1639 = UNCERTAINTY_MEASURE_WITH_UNIT (LENGTH_MEASURE( 1.000000000000000082E-05 ), #8369, 'distance_accuracy_value', 'NONE');
#1640 = LINE ( 'NONE', #4412, #10515 ) ;
#1641 = EDGE_CURVE ( 'NONE', #4869, #3355, #7473, .T. ) ;
#1642 = CARTESIAN_POINT ( 'NONE',  ( 0.2177054820917722067, 0.3010000000383806218, 0.05519475465062153446 ) ) ;
#1643 = MECHANICAL_DESIGN_GEOMETRIC_PRESENTATION_REPRESENTATION (  '', ( #9723 ), #8328 ) ;
#1644 = CARTESIAN_POINT ( 'NONE',  ( 0.1138216214719212915, 0.3000000000383806209, 0.08395686664675178212 ) ) ;
#1645 = FILL_AREA_STYLE ('',( #4225 ) ) ;
#1646 = FILL_AREA_STYLE ('',( #641 ) ) ;
#1647 = MECHANICAL_DESIGN_GEOMETRIC_PRESENTATION_REPRESENTATION (  '', ( #8343 ), #5385 ) ;
#1648 = VECTOR ( 'NONE', #6172, 1000.000000000000000 ) ;
#1649 =( GEOMETRIC_REPRESENTATION_CONTEXT ( 3 ) GLOBAL_UNCERTAINTY_ASSIGNED_CONTEXT ( ( #4002 ) ) GLOBAL_UNIT_ASSIGNED_CONTEXT ( ( #10680, #6847, #6040 ) ) REPRESENTATION_CONTEXT ( 'NONE', 'WORKASPACE' ) );
#1650 = ORIENTED_EDGE ( 'NONE', *, *, #495, .T. ) ;
#1651 =( LENGTH_UNIT ( ) NAMED_UNIT ( * ) SI_UNIT ( .MILLI., .METRE. ) );
#1652 = ADVANCED_FACE ( 'NONE', ( #9894 ), #10768, .F. ) ;
#1653 = VERTEX_POINT ( 'NONE', #9775 ) ;
#1654 = UNCERTAINTY_MEASURE_WITH_UNIT (LENGTH_MEASURE( 1.000000000000000082E-05 ), #10802, 'distance_accuracy_value', 'NONE');
#1655 =( LENGTH_UNIT ( ) NAMED_UNIT ( * ) SI_UNIT ( .MILLI., .METRE. ) );
#1656 = STYLED_ITEM ( 'NONE', ( #7136 ), #386 ) ;
#1657 = AXIS2_PLACEMENT_3D ( 'NONE', #11924, #4367, #9805 ) ;
#1658 = SURFACE_STYLE_FILL_AREA ( #7091 ) ;
#1659 = MECHANICAL_DESIGN_GEOMETRIC_PRESENTATION_REPRESENTATION (  '', ( #4568 ), #2624 ) ;
#1660 =( LENGTH_UNIT ( ) NAMED_UNIT ( * ) SI_UNIT ( .MILLI., .METRE. ) );
#1661 = CARTESIAN_POINT ( 'NONE',  ( 0.07603921403348276598, 0.3010000000383806218, 0.1509289948368763568 ) ) ;
#1662 = DIRECTION ( 'NONE',  ( -0.9999748501857348426, -0.0000000000000000000, -0.007092178509964423318 ) ) ;
#1663 = ORIENTED_EDGE ( 'NONE', *, *, #4631, .T. ) ;
#1664 = SURFACE_STYLE_FILL_AREA ( #894 ) ;
#1665 = FILL_AREA_STYLE_COLOUR ( '', #10825 ) ;
#1666 = CARTESIAN_POINT ( 'NONE',  ( -0.1126506403741447809, 0.3000000000000000444, 0.05463684210604041053 ) ) ;
#1667 = CARTESIAN_POINT ( 'NONE',  ( 0.1737516491317239731, 0.3010000000383806218, 0.07483816968016406002 ) ) ;
#1668 = VERTEX_POINT ( 'NONE', #6196 ) ;
#1669 = LINE ( 'NONE', #10244, #10658 ) ;
#1670 = CARTESIAN_POINT ( 'NONE',  ( -0.1180266107297594513, 0.3010000000383806218, 0.08033336945613479829 ) ) ;
#1671 = COLOUR_RGB ( '',1.000000000000000000, 1.000000000000000000, 1.000000000000000000 ) ;
#1672 = ORIENTED_EDGE ( 'NONE', *, *, #2241, .F. ) ;
#1673 = CARTESIAN_POINT ( 'NONE',  ( -0.1218664269627946772, 0.3000000000000000444, 0.06976272567273819614 ) ) ;
#1674 = ORIENTED_EDGE ( 'NONE', *, *, #11355, .F. ) ;
#1675 = SURFACE_SIDE_STYLE ('',( #10139 ) ) ;
#1676 = FILL_AREA_STYLE_COLOUR ( '', #217 ) ;
#1677 = CARTESIAN_POINT ( 'NONE',  ( -0.1181675307123672830, 0.3000000000000000444, 0.1002026435160618817 ) ) ;
#1678 = ORIENTED_EDGE ( 'NONE', *, *, #9195, .T. ) ;
#1679 = VECTOR ( 'NONE', #10430, 1000.000000000000000 ) ;
#1680 = FILL_AREA_STYLE ('',( #10999 ) ) ;
#1681 = ORIENTED_EDGE ( 'NONE', *, *, #2649, .F. ) ;
#1682 = ADVANCED_FACE ( 'NONE', ( #7062 ), #10392, .F. ) ;
#1683 = CARTESIAN_POINT ( 'NONE',  ( 0.2836869656503236969, 0.3000000000000000444, 0.1103224433598628124 ) ) ;
#1684 = DIRECTION ( 'NONE',  ( -0.9385291719678309219, 0.0000000000000000000, -0.3451999324527420532 ) ) ;
#1685 = ORIENTED_EDGE ( 'NONE', *, *, #989, .T. ) ;
#1686 = PLANE ( 'NONE',  #5658 ) ;
#1687 = EDGE_LOOP ( 'NONE', ( #11255, #4658, #1314, #3456, #2533, #4481, #3339 ) ) ;
#1688 =( GEOMETRIC_REPRESENTATION_CONTEXT ( 3 ) GLOBAL_UNCERTAINTY_ASSIGNED_CONTEXT ( ( #10180 ) ) GLOBAL_UNIT_ASSIGNED_CONTEXT ( ( #8549, #3965, #9550 ) ) REPRESENTATION_CONTEXT ( 'NONE', 'WORKASPACE' ) );
#1689 = CARTESIAN_POINT ( 'NONE',  ( -0.1763802318002337111, 0.3010000000383806773, 0.09879158556078007636 ) ) ;
#1690 = CARTESIAN_POINT ( 'NONE',  ( 0.4999999999999997780, 0.2500000000000000000, 0.2499999999999999445 ) ) ;
#1691 = CARTESIAN_POINT ( 'NONE',  ( -0.1224997779783061347, 0.3010000000383806218, 0.06670126856538299842 ) ) ;
#1692 = ORIENTED_EDGE ( 'NONE', *, *, #2684, .F. ) ;
#1693 = PLANE ( 'NONE',  #8925 ) ;
#1694 = EDGE_CURVE ( 'NONE', #4036, #4796, #4456, .T. ) ;
#1695 = EDGE_CURVE ( 'NONE', #5858, #6303, #4630, .T. ) ;
#1696 = DIRECTION ( 'NONE',  ( -0.0000000000000000000, -1.000000000000000000, -0.0000000000000000000 ) ) ;
#1697 = VERTEX_POINT ( 'NONE', #6307 ) ;
#1698 =( GEOMETRIC_REPRESENTATION_CONTEXT ( 3 ) GLOBAL_UNCERTAINTY_ASSIGNED_CONTEXT ( ( #3362 ) ) GLOBAL_UNIT_ASSIGNED_CONTEXT ( ( #8229, #12008, #8280 ) ) REPRESENTATION_CONTEXT ( 'NONE', 'WORKASPACE' ) );
#1699 = LINE ( 'NONE', #11331, #6490 ) ;
#1700 = DIRECTION ( 'NONE',  ( 0.9912876782291656363, -0.0000000000000000000, -0.1317146119116256453 ) ) ;
#1701 =( NAMED_UNIT ( * ) PLANE_ANGLE_UNIT ( ) SI_UNIT ( $, .RADIAN. ) );
#1702 = ORIENTED_EDGE ( 'NONE', *, *, #7435, .F. ) ;
#1703 = ADVANCED_FACE ( 'NONE', ( #7423 ), #1686, .F. ) ;
#1704 = CARTESIAN_POINT ( 'NONE',  ( -0.05560797249322050467, 0.3010000000383806218, 0.07587868176061063341 ) ) ;
#1705 = CARTESIAN_POINT ( 'NONE',  ( -0.2702572791969076738, 0.3000000000383806209, 0.08561717371546391508 ) ) ;
#1706 = EDGE_CURVE ( 'NONE', #2729, #5217, #10154, .T. ) ;
#1707 = ORIENTED_EDGE ( 'NONE', *, *, #6878, .T. ) ;
#1708 = EDGE_CURVE ( 'NONE', #3480, #5705, #3487, .T. ) ;
#1709 = PRESENTATION_STYLE_ASSIGNMENT (( #10299 ) ) ;
#1710 = FILL_AREA_STYLE ('',( #8195 ) ) ;
#1711 = ORIENTED_EDGE ( 'NONE', *, *, #5350, .F. ) ;
#1712 = DIRECTION ( 'NONE',  ( -0.9999748501857348426, 0.0000000000000000000, -0.007092178509964611535 ) ) ;
#1713 = MECHANICAL_DESIGN_GEOMETRIC_PRESENTATION_REPRESENTATION (  '', ( #741 ), #2328 ) ;
#1714 = FILL_AREA_STYLE_COLOUR ( '', #7861 ) ;
#1715 = CARTESIAN_POINT ( 'NONE',  ( -0.1934591631605366568, 0.3000000000000000444, 0.1604336292458889701 ) ) ;
#1716 = APPLICATION_CONTEXT ( 'automotive_design' ) ;
#1717 = CARTESIAN_POINT ( 'NONE',  ( -0.1220943914609887576, 0.3010000000383806218, 0.05572402396699576571 ) ) ;
#1718 = CARTESIAN_POINT ( 'NONE',  ( -0.1553642605812432798, 0.3010000000383806773, 0.06260018519777493795 ) ) ;
#1719 = CARTESIAN_POINT ( 'NONE',  ( -0.2028220619280017845, 0.3000000000000000444, 0.1831073017652502244 ) ) ;
#1720 = ORIENTED_EDGE ( 'NONE', *, *, #4989, .F. ) ;
#1721 = DIRECTION ( 'NONE',  ( -0.0000000000000000000, -1.000000000000000000, -0.0000000000000000000 ) ) ;
#1722 = MECHANICAL_DESIGN_GEOMETRIC_PRESENTATION_REPRESENTATION (  '', ( #9804 ), #2321 ) ;
#1723 = DIRECTION ( 'NONE',  ( 0.0000000000000000000, -0.0000000000000000000, -1.000000000000000000 ) ) ;
#1724 = VERTEX_POINT ( 'NONE', #12187 ) ;
#1725 = B_SPLINE_CURVE_WITH_KNOTS ( 'NONE', 3,
 ( #6105, #7838, #2350, #9821 ),
 .UNSPECIFIED., .F., .F.,
 ( 4, 4 ),
 ( 17.00000000000000000, 18.00000000000000000 ),
 .UNSPECIFIED. ) ;
#1726 = CARTESIAN_POINT ( 'NONE',  ( -0.2636884999578180677, 0.3000000000000000444, 0.1028513924644997024 ) ) ;
#1727 = VERTEX_POINT ( 'NONE', #4509 ) ;
#1728 = CARTESIAN_POINT ( 'NONE',  ( -0.1166584943397403207, 0.3000000000383806764, 0.1799127948524280318 ) ) ;
#1729 = SURFACE_SIDE_STYLE ('',( #11128 ) ) ;
#1730 =( GEOMETRIC_REPRESENTATION_CONTEXT ( 3 ) GLOBAL_UNCERTAINTY_ASSIGNED_CONTEXT ( ( #8620 ) ) GLOBAL_UNIT_ASSIGNED_CONTEXT ( ( #4659, #9429, #10064 ) ) REPRESENTATION_CONTEXT ( 'NONE', 'WORKASPACE' ) );
#1731 = PLANE ( 'NONE',  #5970 ) ;
#1732 = FILL_AREA_STYLE_COLOUR ( '', #3010 ) ;
#1733 = VERTEX_POINT ( 'NONE', #12004 ) ;
#1734 = CARTESIAN_POINT ( 'NONE',  ( 0.1737393428458151035, 0.3000000000000000444, 0.07657331726434682406 ) ) ;
#1735 = PRESENTATION_STYLE_ASSIGNMENT (( #2526 ) ) ;
#1736 = ORIENTED_EDGE ( 'NONE', *, *, #689, .F. ) ;
#1737 = CARTESIAN_POINT ( 'NONE',  ( 0.2578167557320734105, 0.3000000000000000444, 0.08801480081575580039 ) ) ;
#1738 = FACE_OUTER_BOUND ( 'NONE', #2581, .T. ) ;
#1739 = ORIENTED_EDGE ( 'NONE', *, *, #2903, .T. ) ;
#1740 = MECHANICAL_DESIGN_GEOMETRIC_PRESENTATION_REPRESENTATION (  '', ( #10017 ), #3498 ) ;
#1741 = CARTESIAN_POINT ( 'NONE',  ( 0.3110185257777702827, 0.3000000000000000444, 0.1100824632738998665 ) ) ;
#1742 = ORIENTED_EDGE ( 'NONE', *, *, #536, .T. ) ;
#1743 = DIRECTION ( 'NONE',  ( 0.9999748501857347316, 0.0000000000000000000, 0.007092178509982618832 ) ) ;
#1744 = DIRECTION ( 'NONE',  ( -0.0000000000000000000, -1.000000000000000000, -0.0000000000000000000 ) ) ;
#1745 = CARTESIAN_POINT ( 'NONE',  ( -0.1042038153965082758, 0.3010000000383806773, 0.05557016861915701350 ) ) ;
#1746 = DIRECTION ( 'NONE',  ( 0.9999748501857348426, 0.0000000000000000000, 0.007092178509963051151 ) ) ;
#1747 = ORIENTED_EDGE ( 'NONE', *, *, #12069, .F. ) ;
#1748 = CARTESIAN_POINT ( 'NONE',  ( -0.06927822973042647992, 0.3010000000383806218, 0.05494445472113325402 ) ) ;
#1749 = STYLED_ITEM ( 'NONE', ( #1237 ), #2654 ) ;
#1750 = LINE ( 'NONE', #12012, #2438 ) ;
#1751 = ORIENTED_EDGE ( 'NONE', *, *, #5382, .F. ) ;
#1752 = VECTOR ( 'NONE', #6083, 1000.000000000000000 ) ;
#1753 = UNCERTAINTY_MEASURE_WITH_UNIT (LENGTH_MEASURE( 1.000000000000000082E-05 ), #4859, 'distance_accuracy_value', 'NONE');
#1754 = SURFACE_STYLE_USAGE ( .BOTH. , #4641 ) ;
#1755 = SURFACE_STYLE_USAGE ( .BOTH. , #10170 ) ;
#1756 = ADVANCED_FACE ( 'NONE', ( #9215 ), #6644, .F. ) ;
#1757 = DIRECTION ( 'NONE',  ( -1.000000000000000000, 0.0000000000000000000, -0.0000000000000000000 ) ) ;
#1758 = EDGE_CURVE ( 'NONE', #9216, #8790, #3888, .T. ) ;
#1759 = CARTESIAN_POINT ( 'NONE',  ( 0.2000000000000018152, -0.2500000000000001665, -0.02000000000000000042 ) ) ;
#1760 = PRESENTATION_STYLE_ASSIGNMENT (( #11212 ) ) ;
#1761 = COLOUR_RGB ( '',1.000000000000000000, 1.000000000000000000, 1.000000000000000000 ) ;
#1762 = CARTESIAN_POINT ( 'NONE',  ( 0.1370675415051706980, 0.3010000000383806218, 0.2316161358628766875 ) ) ;
#1763 = EDGE_CURVE ( 'NONE', #9813, #2264, #236, .T. ) ;
#1764 = VERTEX_POINT ( 'NONE', #6853 ) ;
#1765 = ORIENTED_EDGE ( 'NONE', *, *, #6347, .F. ) ;
#1766 = UNCERTAINTY_MEASURE_WITH_UNIT (LENGTH_MEASURE( 1.000000000000000082E-05 ), #2763, 'distance_accuracy_value', 'NONE');
#1767 = CARTESIAN_POINT ( 'NONE',  ( -0.4499999999999981792, 0.2499999999999998335, -0.02000000000000000042 ) ) ;
#1768 = CARTESIAN_POINT ( 'NONE',  ( -0.2785402912896446925, 0.3010000000383806218, 0.08577678229140707489 ) ) ;
#1769 = ADVANCED_FACE ( 'NONE', ( #6736 ), #56, .F. ) ;
#1770 = CARTESIAN_POINT ( 'NONE',  ( -0.07465651980998951054, 0.3000000000383806209, 0.06117620789056198161 ) ) ;
#1771 = SURFACE_STYLE_USAGE ( .BOTH. , #11167 ) ;
#1772 = EDGE_LOOP ( 'NONE', ( #1008, #3086, #571, #4251 ) ) ;
#1773 = SURFACE_STYLE_FILL_AREA ( #7511 ) ;
#1774 = LINE ( 'NONE', #10471, #6686 ) ;
#1775 = FILL_AREA_STYLE ('',( #8315 ) ) ;
#1776 = CARTESIAN_POINT ( 'NONE',  ( -0.2691773925217667007, 0.3000000000000000444, 0.06310310977246418040 ) ) ;
#1777 = DIRECTION ( 'NONE',  ( -0.0000000000000000000, -1.000000000000000000, -0.0000000000000000000 ) ) ;
#1778 = VERTEX_POINT ( 'NONE', #3831 ) ;
#1779 = COLOUR_RGB ( '',1.000000000000000000, 1.000000000000000000, 1.000000000000000000 ) ;
#1780 = LINE ( 'NONE', #783, #6907 ) ;
#1781 = B_SPLINE_SURFACE_WITH_KNOTS ( 'NONE', 3, 1, ( 
 ( #2028, #94 ),
 ( #5661, #2935 ),
 ( #10548, #207 ),
 ( #4725, #1144 ) ),
 .UNSPECIFIED., .F., .F., .F.,
 ( 4, 4 ),
 ( 2, 2 ),
 ( 9.000000000000000000, 10.00000000000000000 ),
 ( 0.0000000000000000000, 1.000000000000000000 ),
 .UNSPECIFIED. ) ;
#1782 = STYLED_ITEM ( 'NONE', ( #8062 ), #8124 ) ;
#1783 = CARTESIAN_POINT ( 'NONE',  ( 0.09816225471974686367, 0.3000000000000000444, 0.1510858993367255321 ) ) ;
#1784 = ORIENTED_EDGE ( 'NONE', *, *, #8782, .F. ) ;
#1785 = UNCERTAINTY_MEASURE_WITH_UNIT (LENGTH_MEASURE( 1.000000000000000082E-05 ), #8027, 'distance_accuracy_value', 'NONE');
#1786 = EDGE_CURVE ( 'NONE', #738, #1328, #115, .T. ) ;
#1787 = FACE_OUTER_BOUND ( 'NONE', #2356, .T. ) ;
#1788 = FILL_AREA_STYLE_COLOUR ( '', #9126 ) ;
#1789 = CARTESIAN_POINT ( 'NONE',  ( -0.1843058568177773915, 0.3010000000383806773, 0.05515802396470818186 ) ) ;
#1790 = CARTESIAN_POINT ( 'NONE',  ( 0.2366535614540241916, 0.3010000000383806218, 0.1971840618333898787 ) ) ;
#1791 =( LENGTH_UNIT ( ) NAMED_UNIT ( * ) SI_UNIT ( .MILLI., .METRE. ) );
#1792 = CARTESIAN_POINT ( 'NONE',  ( -0.08235852309880657696, 0.3000000000000000444, 0.2147184848664923373 ) ) ;
#1793 =( LENGTH_UNIT ( ) NAMED_UNIT ( * ) SI_UNIT ( .MILLI., .METRE. ) );
#1794 = ORIENTED_EDGE ( 'NONE', *, *, #6695, .T. ) ;
#1795 = MECHANICAL_DESIGN_GEOMETRIC_PRESENTATION_REPRESENTATION (  '', ( #6726 ), #7513 ) ;
#1796 = CARTESIAN_POINT ( 'NONE',  ( -0.05922714204050389536, 0.3000000000383806209, 0.1903332390616054581 ) ) ;
#1797 = CARTESIAN_POINT ( 'NONE',  ( 0.1014171741586473718, 0.3000000000000000444, 0.1814754786806165032 ) ) ;
#1798 = VERTEX_POINT ( 'NONE', #1232 ) ;
#1799 = VECTOR ( 'NONE', #6147, 1000.000000000000114 ) ;
#1800 = CARTESIAN_POINT ( 'NONE',  ( 0.09015416326393560498, 0.3010000000383806773, 0.05689298402215263450 ) ) ;
#1801 = PRESENTATION_STYLE_ASSIGNMENT (( #4561 ) ) ;
#1802 = EDGE_LOOP ( 'NONE', ( #1467, #11140, #8270, #1794 ) ) ;
#1803 = ORIENTED_EDGE ( 'NONE', *, *, #2870, .F. ) ;
#1804 = PRESENTATION_LAYER_ASSIGNMENT (  '', '', ( #9502 ) ) ;
#1805 = CARTESIAN_POINT ( 'NONE',  ( -0.2161644645117965224, 0.3000000000000000444, 0.1159466003826696290 ) ) ;
#1806 = FACE_OUTER_BOUND ( 'NONE', #9334, .T. ) ;
#1807 =( GEOMETRIC_REPRESENTATION_CONTEXT ( 3 ) GLOBAL_UNCERTAINTY_ASSIGNED_CONTEXT ( ( #10274 ) ) GLOBAL_UNIT_ASSIGNED_CONTEXT ( ( #3376, #476, #11931 ) ) REPRESENTATION_CONTEXT ( 'NONE', 'WORKASPACE' ) );
#1808 = FILL_AREA_STYLE_COLOUR ( '', #11768 ) ;
#1809 = PRESENTATION_STYLE_ASSIGNMENT (( #3649 ) ) ;
#1810 = EDGE_LOOP ( 'NONE', ( #1044, #142, #6561, #9041 ) ) ;
#1811 = SURFACE_STYLE_FILL_AREA ( #2712 ) ;
#1812 = DIRECTION ( 'NONE',  ( -0.007092178509962076237, 0.0000000000000000000, 0.9999748501857348426 ) ) ;
#1813 = DIRECTION ( 'NONE',  ( -0.0000000000000000000, -1.000000000000000000, -0.0000000000000000000 ) ) ;
#1814 = ORIENTED_EDGE ( 'NONE', *, *, #4104, .F. ) ;
#1815 = VECTOR ( 'NONE', #11451, 1000.000000000000114 ) ;
#1816 = STYLED_ITEM ( 'NONE', ( #9986 ), #8866 ) ;
#1817 = CARTESIAN_POINT ( 'NONE',  ( -0.2436912618190237023, 0.3000000000383806764, 0.1751126428800156842 ) ) ;
#1818 = CARTESIAN_POINT ( 'NONE',  ( -0.1113433495717457700, 0.3010000000383806218, 0.09242146902170773892 ) ) ;
#1819 = ADVANCED_FACE ( 'NONE', ( #3029 ), #6799, .T. ) ;
#1820 = CARTESIAN_POINT ( 'NONE',  ( -0.07010858147790996475, 0.3010000000383806773, 0.08185857505698616865 ) ) ;
#1821 = CARTESIAN_POINT ( 'NONE',  ( 0.1146891787164184690, 0.3000000000000000444, 0.08396301967234481856 ) ) ;
#1822 = LINE ( 'NONE', #9359, #12202 ) ;
#1823 = CARTESIAN_POINT ( 'NONE',  ( -0.2636884999578180677, 0.3010000000383806218, 0.1028513924644997024 ) ) ;
#1824 = COLOUR_RGB ( '',1.000000000000000000, 1.000000000000000000, 1.000000000000000000 ) ;
#1825 = PRESENTATION_LAYER_ASSIGNMENT (  '', '', ( #4181 ) ) ;
#1826 = CARTESIAN_POINT ( 'NONE',  ( 0.09992199848931948569, 0.3010000000383806218, 0.2087947179843276935 ) ) ;
#1827 = DIRECTION ( 'NONE',  ( 0.9999748501857347316, -0.0000000000000000000, 0.007092178509980151188 ) ) ;
#1828 = ORIENTED_EDGE ( 'NONE', *, *, #1530, .F. ) ;
#1829 = PRESENTATION_LAYER_ASSIGNMENT (  '', '', ( #2220 ) ) ;
#1830 = STYLED_ITEM ( 'NONE', ( #11209 ), #478 ) ;
#1831 = CARTESIAN_POINT ( 'NONE',  ( -0.3634856939638865803, 0.2375113646789956401, 0.2999999999999999889 ) ) ;
#1832 = LINE ( 'NONE', #884, #10638 ) ;
#1833 = LINE ( 'NONE', #2732, #11076 ) ;
#1834 = VERTEX_POINT ( 'NONE', #6983 ) ;
#1835 = CARTESIAN_POINT ( 'NONE',  ( -0.05857630941871455610, 0.3010000000383806218, 0.1601425257019531423 ) ) ;
#1836 = PRESENTATION_LAYER_ASSIGNMENT (  '', '', ( #8927 ) ) ;
#1837 = DIRECTION ( 'NONE',  ( 0.9999748501857348426, 0.0000000000000000000, 0.007092178509963836981 ) ) ;
#1838 = CARTESIAN_POINT ( 'NONE',  ( -0.06435189913898473058, 0.3000000000383806209, 0.09924300173480912757 ) ) ;
#1839 = DIRECTION ( 'NONE',  ( 0.4987484692609969739, 0.0000000000000000000, 0.8667467706370831637 ) ) ;
#1840 = VERTEX_POINT ( 'NONE', #7044 ) ;
#1841 = MECHANICAL_DESIGN_GEOMETRIC_PRESENTATION_REPRESENTATION (  '', ( #4197 ), #10717 ) ;
#1842 = VECTOR ( 'NONE', #3837, 1000.000000000000114 ) ;
#1843 = DIRECTION ( 'NONE',  ( 0.0000000000000000000, -0.0000000000000000000, 1.000000000000000000 ) ) ;
#1844 = LINE ( 'NONE', #6453, #2539 ) ;
#1845 = CARTESIAN_POINT ( 'NONE',  ( -0.4500000000000000111, -0.2999999999999999334, 0.2999999999999999889 ) ) ;
#1846 = UNCERTAINTY_MEASURE_WITH_UNIT (LENGTH_MEASURE( 1.000000000000000082E-05 ), #9598, 'distance_accuracy_value', 'NONE');
#1847 = CARTESIAN_POINT ( 'NONE',  ( -0.1126506403741447809, 0.3010000000383806218, 0.05463684210604041053 ) ) ;
#1848 = EDGE_CURVE ( 'NONE', #591, #3615, #133, .T. ) ;
#1849 = EDGE_CURVE ( 'NONE', #9829, #8189, #2229, .T. ) ;
#1850 =( NAMED_UNIT ( * ) PLANE_ANGLE_UNIT ( ) SI_UNIT ( $, .RADIAN. ) );
#1851 = COLOUR_RGB ( '',1.000000000000000000, 1.000000000000000000, 1.000000000000000000 ) ;
#1852 =( LENGTH_UNIT ( ) NAMED_UNIT ( * ) SI_UNIT ( .MILLI., .METRE. ) );
#1853 = CARTESIAN_POINT ( 'NONE',  ( -0.2296552207245262656, 0.3000000000000000444, 0.2126444178933750706 ) ) ;
#1854 = ORIENTED_EDGE ( 'NONE', *, *, #6830, .T. ) ;
#1855 = FILL_AREA_STYLE ('',( #8326 ) ) ;
#1856 = CARTESIAN_POINT ( 'NONE',  ( -0.1608522898302235382, 0.3000000000383806764, 0.1590740192064438174 ) ) ;
#1857 = VERTEX_POINT ( 'NONE', #5244 ) ;
#1858 =( LENGTH_UNIT ( ) NAMED_UNIT ( * ) SI_UNIT ( .MILLI., .METRE. ) );
#1859 =( GEOMETRIC_REPRESENTATION_CONTEXT ( 3 ) GLOBAL_UNCERTAINTY_ASSIGNED_CONTEXT ( ( #1277 ) ) GLOBAL_UNIT_ASSIGNED_CONTEXT ( ( #1197, #5657, #5782 ) ) REPRESENTATION_CONTEXT ( 'NONE', 'WORKASPACE' ) );
#1860 = B_SPLINE_CURVE_WITH_KNOTS ( 'NONE', 3,
 ( #11330, #1998, #1940, #249 ),
 .UNSPECIFIED., .F., .F.,
 ( 4, 4 ),
 ( 1.000000000000000000, 2.000000000000000000 ),
 .UNSPECIFIED. ) ;
#1861 = MECHANICAL_DESIGN_GEOMETRIC_PRESENTATION_REPRESENTATION (  '', ( #11726 ), #4598 ) ;
#1862 = CARTESIAN_POINT ( 'NONE',  ( -0.06537249139256422203, 0.3010000000383806218, 0.07381304289953131981 ) ) ;
#1863 =( LENGTH_UNIT ( ) NAMED_UNIT ( * ) SI_UNIT ( .MILLI., .METRE. ) );
#1864 = FILL_AREA_STYLE ('',( #909 ) ) ;
#1865 = ADVANCED_FACE ( 'NONE', ( #10755 ), #4754, .F. ) ;
#1866 = CARTESIAN_POINT ( 'NONE',  ( 0.05054126773848501702, 0.3010000000383806218, 0.07613335299045410898 ) ) ;
#1867 = ORIENTED_EDGE ( 'NONE', *, *, #8401, .F. ) ;
#1868 = B_SPLINE_CURVE_WITH_KNOTS ( 'NONE', 3,
 ( #2764, #3876, #2946, #9579 ),
 .UNSPECIFIED., .F., .F.,
 ( 4, 4 ),
 ( 0.0000000000000000000, 1.000000000000000000 ),
 .UNSPECIFIED. ) ;
#1869 = DIRECTION ( 'NONE',  ( 0.9999748501857348426, -0.0000000000000000000, 0.007092178509967527605 ) ) ;
#1870 = CARTESIAN_POINT ( 'NONE',  ( 0.1014171741586473718, 0.3010000000383806218, 0.1814754786806165032 ) ) ;
#1871 = ORIENTED_EDGE ( 'NONE', *, *, #8333, .T. ) ;
#1872 = EDGE_CURVE ( 'NONE', #170, #8282, #8964, .T. ) ;
#1873 = EDGE_CURVE ( 'NONE', #5523, #10258, #8952, .T. ) ;
#1874 = PRESENTATION_LAYER_ASSIGNMENT (  '', '', ( #9164 ) ) ;
#1875 = SURFACE_STYLE_USAGE ( .BOTH. , #7538 ) ;
#1876 = ORIENTED_EDGE ( 'NONE', *, *, #1372, .T. ) ;
#1877 = CARTESIAN_POINT ( 'NONE',  ( 0.2930118290230381839, 0.3000000000000000444, 0.08002207605094992238 ) ) ;
#1878 = ORIENTED_EDGE ( 'NONE', *, *, #7548, .F. ) ;
#1879 = PRESENTATION_STYLE_ASSIGNMENT (( #11258 ) ) ;
#1880 = MECHANICAL_DESIGN_GEOMETRIC_PRESENTATION_REPRESENTATION (  '', ( #9177 ), #3435 ) ;
#1881 = CARTESIAN_POINT ( 'NONE',  ( -0.06537249139256422203, 0.3000000000383806209, 0.07381304289953131981 ) ) ;
#1882 = CARTESIAN_POINT ( 'NONE',  ( 0.04005042482224686895, 0.3010000000383806218, 0.08733792516392605010 ) ) ;
#1883 = ORIENTED_EDGE ( 'NONE', *, *, #3599, .F. ) ;
#1884 = SURFACE_SIDE_STYLE ('',( #9463 ) ) ;
#1885 = CARTESIAN_POINT ( 'NONE',  ( -0.1406007287597556277, 0.3010000000383806218, 0.03494265885360655494 ) ) ;
#1886 = DIRECTION ( 'NONE',  ( -0.9319625762846398542, 0.0000000000000000000, -0.3625544874979441112 ) ) ;
#1887 = VERTEX_POINT ( 'NONE', #6913 ) ;
#1888 = UNCERTAINTY_MEASURE_WITH_UNIT (LENGTH_MEASURE( 1.000000000000000082E-05 ), #8871, 'distance_accuracy_value', 'NONE');
#1889 = CARTESIAN_POINT ( 'NONE',  ( -0.3366005673301507017, 0.3000000000383806764, 0.05407789552660156873 ) ) ;
#1890 = CARTESIAN_POINT ( 'NONE',  ( -0.2286452180045759619, 0.3000000000383806764, 0.05484355339127713197 ) ) ;
#1891 = VECTOR ( 'NONE', #8575, 1000.000000000000000 ) ;
#1892 = CARTESIAN_POINT ( 'NONE',  ( -0.1999999999999981515, -0.2500000000000001665, -0.02000000000000000042 ) ) ;
#1893 =( LENGTH_UNIT ( ) NAMED_UNIT ( * ) SI_UNIT ( .MILLI., .METRE. ) );
#1894 = CARTESIAN_POINT ( 'NONE',  ( 0.2006678734598231484, 0.3000000000383806209, 0.07199239986135662350 ) ) ;
#1895 =( LENGTH_UNIT ( ) NAMED_UNIT ( * ) SI_UNIT ( .MILLI., .METRE. ) );
#1896 =( NAMED_UNIT ( * ) PLANE_ANGLE_UNIT ( ) SI_UNIT ( $, .RADIAN. ) );
#1897 = SURFACE_STYLE_USAGE ( .BOTH. , #2728 ) ;
#1898 = ORIENTED_EDGE ( 'NONE', *, *, #1122, .F. ) ;
#1899 = FILL_AREA_STYLE_COLOUR ( '', #9706 ) ;
#1900 = PRESENTATION_LAYER_ASSIGNMENT (  '', '', ( #3452 ) ) ;
#1901 = DIRECTION ( 'NONE',  ( -0.007092178509963344320, 0.0000000000000000000, 0.9999748501857348426 ) ) ;
#1902 = EDGE_CURVE ( 'NONE', #8858, #12127, #11692, .T. ) ;
#1903 = ORIENTED_EDGE ( 'NONE', *, *, #8093, .T. ) ;
#1904 = UNCERTAINTY_MEASURE_WITH_UNIT (LENGTH_MEASURE( 1.000000000000000082E-05 ), #11621, 'distance_accuracy_value', 'NONE');
#1905 = SURFACE_STYLE_USAGE ( .BOTH. , #5524 ) ;
#1906 = B_SPLINE_CURVE_WITH_KNOTS ( 'NONE', 3,
 ( #11669, #2036, #2274, #4109 ),
 .UNSPECIFIED., .F., .F.,
 ( 4, 4 ),
 ( 12.00000000000000000, 13.00000000000000000 ),
 .UNSPECIFIED. ) ;
#1907 = FILL_AREA_STYLE ('',( #8432 ) ) ;
#1908 = VERTEX_POINT ( 'NONE', #11811 ) ;
#1909 = CARTESIAN_POINT ( 'NONE',  ( -0.3100817740648104670, 0.3010000000383806773, 0.1040508373855958679 ) ) ;
#1910 = SURFACE_SIDE_STYLE ('',( #7697 ) ) ;
#1911 = FILL_AREA_STYLE ('',( #12228 ) ) ;
#1912 = VERTEX_POINT ( 'NONE', #6102 ) ;
#1913 = PRESENTATION_STYLE_ASSIGNMENT (( #100 ) ) ;
#1914 = ORIENTED_EDGE ( 'NONE', *, *, #7057, .T. ) ;
#1915 = EDGE_CURVE ( 'NONE', #1108, #9632, #10943, .T. ) ;
#1916 = DIRECTION ( 'NONE',  ( 0.9912876782291656363, -0.0000000000000000000, -0.1317146119116256453 ) ) ;
#1917 = ADVANCED_FACE ( 'NONE', ( #4311 ), #1388, .T. ) ;
#1918 = B_SPLINE_SURFACE_WITH_KNOTS ( 'NONE', 3, 1, ( 
 ( #10463, #1265 ),
 ( #4959, #5957 ),
 ( #8673, #10723 ),
 ( #8798, #8741 ) ),
 .UNSPECIFIED., .F., .F., .F.,
 ( 4, 4 ),
 ( 2, 2 ),
 ( 2.000000000000000000, 3.000000000000000000 ),
 ( 0.0000000000000000000, 1.000000000000000000 ),
 .UNSPECIFIED. ) ;
#1919 = DIRECTION ( 'NONE',  ( -0.0000000000000000000, -1.000000000000000000, -0.0000000000000000000 ) ) ;
#1920 =( NAMED_UNIT ( * ) SI_UNIT ( $, .STERADIAN. ) SOLID_ANGLE_UNIT ( ) );
#1921 = EDGE_CURVE ( 'NONE', #11787, #2412, #3447, .T. ) ;
#1922 = SURFACE_STYLE_FILL_AREA ( #1864 ) ;
#1923 =( NAMED_UNIT ( * ) SI_UNIT ( $, .STERADIAN. ) SOLID_ANGLE_UNIT ( ) );
#1924 = VERTEX_POINT ( 'NONE', #1018 ) ;
#1925 = LINE ( 'NONE', #2895, #1404 ) ;
#1926 = VECTOR ( 'NONE', #8276, 1000.000000000000000 ) ;
#1927 = ORIENTED_EDGE ( 'NONE', *, *, #5007, .T. ) ;
#1928 =( NAMED_UNIT ( * ) PLANE_ANGLE_UNIT ( ) SI_UNIT ( $, .RADIAN. ) );
#1929 = ORIENTED_EDGE ( 'NONE', *, *, #6906, .T. ) ;
#1930 = ADVANCED_FACE ( 'NONE', ( #9564 ), #11378, .F. ) ;
#1931 = ORIENTED_EDGE ( 'NONE', *, *, #11422, .T. ) ;
#1932 = LINE ( 'NONE', #8591, #10352 ) ;
#1933 = STYLED_ITEM ( 'NONE', ( #10727 ), #1997 ) ;
#1934 = SURFACE_SIDE_STYLE ('',( #921 ) ) ;
#1935 = DIRECTION ( 'NONE',  ( -0.0000000000000000000, -1.000000000000000000, -0.0000000000000000000 ) ) ;
#1936 =( NAMED_UNIT ( * ) PLANE_ANGLE_UNIT ( ) SI_UNIT ( $, .RADIAN. ) );
#1937 = LINE ( 'NONE', #4753, #9530 ) ;
#1938 = FACE_OUTER_BOUND ( 'NONE', #3582, .T. ) ;
#1939 = EDGE_LOOP ( 'NONE', ( #9408, #871, #5787, #3146, #3849, #7534, #9396 ) ) ;
#1940 = CARTESIAN_POINT ( 'NONE',  ( -0.07072889208594392019, 0.3010000000383806218, 0.1517276648743602907 ) ) ;
#1941 = FILL_AREA_STYLE_COLOUR ( '', #4325 ) ;
#1942 = PRESENTATION_LAYER_ASSIGNMENT (  '', '', ( #7264 ) ) ;
#1943 = CARTESIAN_POINT ( 'NONE',  ( -0.02433419011534256396, 0.3010000000383806773, 0.2141006279177168348 ) ) ;
#1944 = CARTESIAN_POINT ( 'NONE',  ( -0.2694921949318911936, 0.3010000000383806218, 0.1074892588887059880 ) ) ;
#1945 =( LENGTH_UNIT ( ) NAMED_UNIT ( * ) SI_UNIT ( .MILLI., .METRE. ) );
#1946 = CARTESIAN_POINT ( 'NONE',  ( 0.4499999999999997891, 0.2500000000000000000, 0.2999999999999999889 ) ) ;
#1947 = LINE ( 'NONE', #12146, #4676 ) ;
#1948 = CARTESIAN_POINT ( 'NONE',  ( -0.07003371823190170098, 0.3000000000383806209, 0.2054478401807157129 ) ) ;
#1949 =( NAMED_UNIT ( * ) SI_UNIT ( $, .STERADIAN. ) SOLID_ANGLE_UNIT ( ) );
#1950 = ORIENTED_EDGE ( 'NONE', *, *, #4093, .T. ) ;
#1951 = FILL_AREA_STYLE_COLOUR ( '', #2306 ) ;
#1952 = PRESENTATION_LAYER_ASSIGNMENT (  '', '', ( #1244 ) ) ;
#1953 = UNCERTAINTY_MEASURE_WITH_UNIT (LENGTH_MEASURE( 1.000000000000000082E-05 ), #3088, 'distance_accuracy_value', 'NONE');
#1954 = ORIENTED_EDGE ( 'NONE', *, *, #10214, .T. ) ;
#1955 = FILL_AREA_STYLE ('',( #12216 ) ) ;
#1956 = COLOUR_RGB ( '',1.000000000000000000, 1.000000000000000000, 1.000000000000000000 ) ;
#1957 = CARTESIAN_POINT ( 'NONE',  ( -0.2694921949318911936, 0.3010000000383806218, 0.1074892588887059880 ) ) ;
#1958 = ORIENTED_EDGE ( 'NONE', *, *, #5076, .F. ) ;
#1959 = STYLED_ITEM ( 'NONE', ( #5354 ), #6793 ) ;
#1960 = PRESENTATION_STYLE_ASSIGNMENT (( #3805 ) ) ;
#1961 = CARTESIAN_POINT ( 'NONE',  ( -0.2454290338427567442, 0.3010000000383806773, 0.06168067198567347975 ) ) ;
#1962 = PRESENTATION_LAYER_ASSIGNMENT (  '', '', ( #7480 ) ) ;
#1963 = PLANE ( 'NONE',  #121 ) ;
#1964 = CARTESIAN_POINT ( 'NONE',  ( -0.2691773925217667007, 0.3010000000383806218, 0.06310310977246418040 ) ) ;
#1965 = MECHANICAL_DESIGN_GEOMETRIC_PRESENTATION_REPRESENTATION (  '', ( #8459 ), #3873 ) ;
#1966 = FACE_OUTER_BOUND ( 'NONE', #9099, .T. ) ;
#1967 = SURFACE_STYLE_USAGE ( .BOTH. , #6656 ) ;
#1968 = SURFACE_STYLE_FILL_AREA ( #4438 ) ;
#1969 = ORIENTED_EDGE ( 'NONE', *, *, #6094, .F. ) ;
#1970 = CARTESIAN_POINT ( 'NONE',  ( -0.08308532021538193868, 0.3000000000000000444, 0.09068788668674329645 ) ) ;
#1971 = AXIS2_PLACEMENT_3D ( 'NONE', #2858, #4702, #8419 ) ;
#1972 = FILL_AREA_STYLE ('',( #2097 ) ) ;
#1973 = EDGE_LOOP ( 'NONE', ( #7230, #761, #8916, #1876 ) ) ;
#1974 = ADVANCED_FACE ( 'NONE', ( #11287 ), #10417, .F. ) ;
#1975 = CARTESIAN_POINT ( 'NONE',  ( -0.1008470305938002215, 0.3000000000000000444, 0.05727842632315501697 ) ) ;
#1976 = COLOUR_RGB ( '',1.000000000000000000, 1.000000000000000000, 1.000000000000000000 ) ;
#1977 = PLANE ( 'NONE',  #7395 ) ;
#1978 = DIRECTION ( 'NONE',  ( -0.007092178509962370273, -0.0000000000000000000, 0.9999748501857348426 ) ) ;
#1979 = SURFACE_STYLE_FILL_AREA ( #7413 ) ;
#1980 = VERTEX_POINT ( 'NONE', #8864 ) ;
#1981 =( NAMED_UNIT ( * ) PLANE_ANGLE_UNIT ( ) SI_UNIT ( $, .RADIAN. ) );
#1982 = DIRECTION ( 'NONE',  ( 0.0000000000000000000, -1.000000000000000000, 0.0000000000000000000 ) ) ;
#1983 = VERTEX_POINT ( 'NONE', #7868 ) ;
#1984 = EDGE_CURVE ( 'NONE', #11610, #10609, #11164, .T. ) ;
#1985 = EDGE_CURVE ( 'NONE', #3705, #6991, #2197, .T. ) ;
#1986 = PRESENTATION_LAYER_ASSIGNMENT (  '', '', ( #12242 ) ) ;
#1987 = FILL_AREA_STYLE_COLOUR ( '', #3341 ) ;
#1988 =( GEOMETRIC_REPRESENTATION_CONTEXT ( 3 ) GLOBAL_UNCERTAINTY_ASSIGNED_CONTEXT ( ( #1753 ) ) GLOBAL_UNIT_ASSIGNED_CONTEXT ( ( #4859, #222, #11557 ) ) REPRESENTATION_CONTEXT ( 'NONE', 'WORKASPACE' ) );
#1989 = ORIENTED_EDGE ( 'NONE', *, *, #635, .F. ) ;
#1990 = ORIENTED_EDGE ( 'NONE', *, *, #6662, .F. ) ;
#1991 = FACE_OUTER_BOUND ( 'NONE', #1687, .T. ) ;
#1992 = FILL_AREA_STYLE_COLOUR ( '', #3122 ) ;
#1993 = AXIS2_PLACEMENT_3D ( 'NONE', #9364, #4421, #12154 ) ;
#1994 = CARTESIAN_POINT ( 'NONE',  ( -0.3194094911806665271, 0.3010000000383806773, 0.07778212340617211840 ) ) ;
#1995 = FILL_AREA_STYLE ('',( #11379 ) ) ;
#1996 = ORIENTED_EDGE ( 'NONE', *, *, #4088, .F. ) ;
#1997 = ADVANCED_FACE ( 'NONE', ( #6884 ), #9508, .F. ) ;
#1998 = CARTESIAN_POINT ( 'NONE',  ( -0.06376158359162573119, 0.3010000000383806218, 0.1545533029709388884 ) ) ;
#1999 = CARTESIAN_POINT ( 'NONE',  ( -0.09644743335900975156, 0.3010000000383806773, 0.1626501536337019438 ) ) ;
#2000 =( GEOMETRIC_REPRESENTATION_CONTEXT ( 3 ) GLOBAL_UNCERTAINTY_ASSIGNED_CONTEXT ( ( #6586 ) ) GLOBAL_UNIT_ASSIGNED_CONTEXT ( ( #8006, #3366, #288 ) ) REPRESENTATION_CONTEXT ( 'NONE', 'WORKASPACE' ) );
#2001 =( LENGTH_UNIT ( ) NAMED_UNIT ( * ) SI_UNIT ( .MILLI., .METRE. ) );
#2002 = LINE ( 'NONE', #5764, #10865 ) ;
#2003 = CARTESIAN_POINT ( 'NONE',  ( -0.3194094911806665271, 0.3000000000383806764, 0.07778212340617211840 ) ) ;
#2004 = PRESENTATION_LAYER_ASSIGNMENT (  '', '', ( #7326 ) ) ;
#2005 = PRESENTATION_STYLE_ASSIGNMENT (( #10455 ) ) ;
#2006 = CARTESIAN_POINT ( 'NONE',  ( 0.09256921454295005680, 0.3010000000383806773, 0.08337233655035200530 ) ) ;
#2007 = SURFACE_STYLE_FILL_AREA ( #10587 ) ;
#2008 = LINE ( 'NONE', #5823, #7374 ) ;
#2009 = VERTEX_POINT ( 'NONE', #9846 ) ;
#2010 = PRESENTATION_LAYER_ASSIGNMENT (  '', '', ( #410 ) ) ;
#2011 =( GEOMETRIC_REPRESENTATION_CONTEXT ( 3 ) GLOBAL_UNCERTAINTY_ASSIGNED_CONTEXT ( ( #11399 ) ) GLOBAL_UNIT_ASSIGNED_CONTEXT ( ( #10260, #3757, #10329 ) ) REPRESENTATION_CONTEXT ( 'NONE', 'WORKASPACE' ) );
#2012 = VERTEX_POINT ( 'NONE', #4048 ) ;
#2013 = EDGE_CURVE ( 'NONE', #4072, #6348, #9791, .T. ) ;
#2014 = UNCERTAINTY_MEASURE_WITH_UNIT (LENGTH_MEASURE( 1.000000000000000082E-05 ), #6322, 'distance_accuracy_value', 'NONE');
#2015 =( LENGTH_UNIT ( ) NAMED_UNIT ( * ) SI_UNIT ( .MILLI., .METRE. ) );
#2016 = EDGE_CURVE ( 'NONE', #1887, #291, #10266, .T. ) ;
#2017 = SURFACE_STYLE_FILL_AREA ( #2993 ) ;
#2018 = PRESENTATION_LAYER_ASSIGNMENT (  '', '', ( #3184 ) ) ;
#2019 = CARTESIAN_POINT ( 'NONE',  ( -0.2232137446759145660, 0.3010000000383806773, 0.1752578767396400505 ) ) ;
#2020 = LINE ( 'NONE', #2437, #6760 ) ;
#2021 = ORIENTED_EDGE ( 'NONE', *, *, #6893, .T. ) ;
#2022 = CARTESIAN_POINT ( 'NONE',  ( -0.3100817740648104670, 0.3000000000383806209, 0.1040508373855958679 ) ) ;
#2023 = PRESENTATION_LAYER_ASSIGNMENT (  '', '', ( #621 ) ) ;
#2024 = AXIS2_PLACEMENT_3D ( 'NONE', #2433, #7077, #4279 ) ;
#2025 = EDGE_CURVE ( 'NONE', #2012, #6271, #7935, .T. ) ;
#2026 =( NAMED_UNIT ( * ) SI_UNIT ( $, .STERADIAN. ) SOLID_ANGLE_UNIT ( ) );
#2027 = LINE ( 'NONE', #3733, #3706 ) ;
#2028 = CARTESIAN_POINT ( 'NONE',  ( -0.07010858147790999251, 0.3010000000383806773, 0.08185857505698615477 ) ) ;
#2029 = PRESENTATION_LAYER_ASSIGNMENT (  '', '', ( #11293 ) ) ;
#2030 = DIRECTION ( 'NONE',  ( -0.9999748501857348426, -0.0000000000000000000, -0.007092178509963688662 ) ) ;
#2031 = VECTOR ( 'NONE', #7508, 1000.000000000000227 ) ;
#2032 = CARTESIAN_POINT ( 'NONE',  ( 0.05054126773848501702, 0.3000000000000000444, 0.07613335299045410898 ) ) ;
#2033 = VERTEX_POINT ( 'NONE', #7692 ) ;
#2034 = VECTOR ( 'NONE', #9607, 1000.000000000000000 ) ;
#2035 = AXIS2_PLACEMENT_3D ( 'NONE', #6474, #1982, #8582 ) ;
#2036 = CARTESIAN_POINT ( 'NONE',  ( -0.1090018511163427239, 0.3000000000383806209, 0.08994259400426035667 ) ) ;
#2037 =( GEOMETRIC_REPRESENTATION_CONTEXT ( 3 ) GLOBAL_UNCERTAINTY_ASSIGNED_CONTEXT ( ( #4981 ) ) GLOBAL_UNIT_ASSIGNED_CONTEXT ( ( #2523, #9151, #10375 ) ) REPRESENTATION_CONTEXT ( 'NONE', 'WORKASPACE' ) );
#2038 =( NAMED_UNIT ( * ) PLANE_ANGLE_UNIT ( ) SI_UNIT ( $, .RADIAN. ) );
#2039 = CARTESIAN_POINT ( 'NONE',  ( -0.1106294728516832582, 0.3000000000000000444, 0.08412905523827095278 ) ) ;
#2040 = CARTESIAN_POINT ( 'NONE',  ( 0.4499999999999997891, 0.3000000000000000444, 0.0000000000000000000 ) ) ;
#2041 = VERTEX_POINT ( 'NONE', #6079 ) ;
#2042 = SURFACE_STYLE_USAGE ( .BOTH. , #9749 ) ;
#2043 = CARTESIAN_POINT ( 'NONE',  ( -0.1173749001724034291, 0.3000000000000000444, 0.09400075425657250516 ) ) ;
#2044 = AXIS2_PLACEMENT_3D ( 'NONE', #7581, #10414, #1837 ) ;
#2045 = PRESENTATION_LAYER_ASSIGNMENT (  '', '', ( #8343 ) ) ;
#2046 = AXIS2_PLACEMENT_3D ( 'NONE', #5988, #1348, #8702 ) ;
#2047 =( GEOMETRIC_REPRESENTATION_CONTEXT ( 3 ) GLOBAL_UNCERTAINTY_ASSIGNED_CONTEXT ( ( #11553 ) ) GLOBAL_UNIT_ASSIGNED_CONTEXT ( ( #1473, #10934, #5235 ) ) REPRESENTATION_CONTEXT ( 'NONE', 'WORKASPACE' ) );
#2048 = CARTESIAN_POINT ( 'NONE',  ( 0.2006678734598231484, 0.3010000000383806218, 0.07199239986135662350 ) ) ;
#2049 = ORIENTED_EDGE ( 'NONE', *, *, #8959, .F. ) ;
#2050 = EDGE_CURVE ( 'NONE', #625, #7721, #4846, .T. ) ;
#2051 = ORIENTED_EDGE ( 'NONE', *, *, #2173, .F. ) ;
#2052 = PLANE ( 'NONE',  #10874 ) ;
#2053 = EDGE_LOOP ( 'NONE', ( #7284, #5804, #10789, #6761 ) ) ;
#2054 =( GEOMETRIC_REPRESENTATION_CONTEXT ( 3 ) GLOBAL_UNCERTAINTY_ASSIGNED_CONTEXT ( ( #5465 ) ) GLOBAL_UNIT_ASSIGNED_CONTEXT ( ( #4078, #8717, #1242 ) ) REPRESENTATION_CONTEXT ( 'NONE', 'WORKASPACE' ) );
#2055 = DIRECTION ( 'NONE',  ( 0.007092178509948207123, 0.0000000000000000000, -0.9999748501857349536 ) ) ;
#2056 = VERTEX_POINT ( 'NONE', #5837 ) ;
#2057 = FILL_AREA_STYLE ('',( #1300 ) ) ;
#2058 =( NAMED_UNIT ( * ) SI_UNIT ( $, .STERADIAN. ) SOLID_ANGLE_UNIT ( ) );
#2059 = FACE_OUTER_BOUND ( 'NONE', #10534, .T. ) ;
#2060 = FILL_AREA_STYLE ('',( #5121 ) ) ;
#2061 = FILL_AREA_STYLE_COLOUR ( '', #3196 ) ;
#2062 = LINE ( 'NONE', #10337, #7163 ) ;
#2063 = VERTEX_POINT ( 'NONE', #1139 ) ;
#2064 = PLANE ( 'NONE',  #4334 ) ;
#2065 = FILL_AREA_STYLE ('',( #1181 ) ) ;
#2066 =( GEOMETRIC_REPRESENTATION_CONTEXT ( 3 ) GLOBAL_UNCERTAINTY_ASSIGNED_CONTEXT ( ( #516 ) ) GLOBAL_UNIT_ASSIGNED_CONTEXT ( ( #371, #6933, #5134 ) ) REPRESENTATION_CONTEXT ( 'NONE', 'WORKASPACE' ) );
#2067 = SURFACE_SIDE_STYLE ('',( #10456 ) ) ;
#2068 = CARTESIAN_POINT ( 'NONE',  ( -0.1414508950651480190, 0.3010000000383806773, 0.1592116208221150964 ) ) ;
#2069 = EDGE_CURVE ( 'NONE', #8156, #2230, #8114, .T. ) ;
#2070 = ADVANCED_FACE ( 'NONE', ( #4351 ), #5275, .T. ) ;
#2071 =( NAMED_UNIT ( * ) PLANE_ANGLE_UNIT ( ) SI_UNIT ( $, .RADIAN. ) );
#2072 = ORIENTED_EDGE ( 'NONE', *, *, #3100, .T. ) ;
#2073 = FILL_AREA_STYLE ('',( #10530 ) ) ;
#2074 = SURFACE_SIDE_STYLE ('',( #7630 ) ) ;
#2075 = FILL_AREA_STYLE_COLOUR ( '', #1395 ) ;
#2076 = ORIENTED_EDGE ( 'NONE', *, *, #5472, .T. ) ;
#2077 = LINE ( 'NONE', #82, #9318 ) ;
#2078 = LINE ( 'NONE', #2137, #4168 ) ;
#2079 = FILL_AREA_STYLE ('',( #7688 ) ) ;
#2080 = CARTESIAN_POINT ( 'NONE',  ( -0.2691773925217667007, 0.3010000000383806218, 0.06310310977246418040 ) ) ;
#2081 = CARTESIAN_POINT ( 'NONE',  ( -0.1168465351328578788, 0.3010000000383806773, 0.2064259549008332917 ) ) ;
#2082 = ORIENTED_EDGE ( 'NONE', *, *, #7741, .F. ) ;
#2083 = FILL_AREA_STYLE_COLOUR ( '', #6849 ) ;
#2084 =( LENGTH_UNIT ( ) NAMED_UNIT ( * ) SI_UNIT ( .MILLI., .METRE. ) );
#2085 = EDGE_CURVE ( 'NONE', #6383, #11265, #7997, .T. ) ;
#2086 = PRESENTATION_LAYER_ASSIGNMENT (  '', '', ( #7991 ) ) ;
#2087 = VERTEX_POINT ( 'NONE', #458 ) ;
#2088 = FILL_AREA_STYLE ('',( #6779 ) ) ;
#2089 = CARTESIAN_POINT ( 'NONE',  ( -0.1165129286434225669, 0.3010000000383806773, 0.1593884897798748812 ) ) ;
#2090 = UNCERTAINTY_MEASURE_WITH_UNIT (LENGTH_MEASURE( 1.000000000000000082E-05 ), #7208, 'distance_accuracy_value', 'NONE');
#2091 = DIRECTION ( 'NONE',  ( -0.0000000000000000000, -1.000000000000000000, -0.0000000000000000000 ) ) ;
#2092 = LINE ( 'NONE', #1279, #11907 ) ;
#2093 = VERTEX_POINT ( 'NONE', #7139 ) ;
#2094 = SURFACE_SIDE_STYLE ('',( #6782 ) ) ;
#2095 = SURFACE_STYLE_FILL_AREA ( #10553 ) ;
#2096 = CARTESIAN_POINT ( 'NONE',  ( 0.1737393428458150479, 0.3010000000383806218, 0.07657331726434679631 ) ) ;
#2097 = FILL_AREA_STYLE_COLOUR ( '', #6152 ) ;
#2098 = ORIENTED_EDGE ( 'NONE', *, *, #9849, .T. ) ;
#2099 = SURFACE_STYLE_USAGE ( .BOTH. , #8574 ) ;
#2100 = CARTESIAN_POINT ( 'NONE',  ( -0.08238606380397087148, 0.3010000000383806218, 0.2076061665215889196 ) ) ;
#2101 = UNCERTAINTY_MEASURE_WITH_UNIT (LENGTH_MEASURE( 1.000000000000000082E-05 ), #7405, 'distance_accuracy_value', 'NONE');
#2102 = CARTESIAN_POINT ( 'NONE',  ( -0.1406007287597556277, 0.3010000000383806218, 0.03494265885360655494 ) ) ;
#2103 = CARTESIAN_POINT ( 'NONE',  ( -0.2296552207245262656, 0.3010000000383806773, 0.2126444178933750984 ) ) ;
#2104 = ORIENTED_EDGE ( 'NONE', *, *, #2553, .T. ) ;
#2105 = CARTESIAN_POINT ( 'NONE',  ( -0.1134434921385708284, 0.3000000000000000444, 0.06086992331849381405 ) ) ;
#2106 = CARTESIAN_POINT ( 'NONE',  ( -0.1215078339447045880, 0.3000000000383806209, 0.09397144201529206153 ) ) ;
#2107 = EDGE_LOOP ( 'NONE', ( #11780, #8553, #12136, #107 ) ) ;
#2108 = PRESENTATION_STYLE_ASSIGNMENT (( #10569 ) ) ;
#2109 = VERTEX_POINT ( 'NONE', #11088 ) ;
#2110 = DIRECTION ( 'NONE',  ( -0.9999748501857349536, 0.0000000000000000000, -0.007092178509948207123 ) ) ;
#2111 = ORIENTED_EDGE ( 'NONE', *, *, #11218, .T. ) ;
#2112 = PLANE ( 'NONE',  #7272 ) ;
#2113 = CARTESIAN_POINT ( 'NONE',  ( -0.2636122843015362704, 0.3010000000383806218, 0.06791518837213486592 ) ) ;
#2114 = CARTESIAN_POINT ( 'NONE',  ( -0.05922756360300536482, 0.3010000000383806218, 0.05844702505212615723 ) ) ;
#2115 = CARTESIAN_POINT ( 'NONE',  ( 0.2529405379906866647, 0.3010000000383806218, 0.04156285806588447262 ) ) ;
#2116 = VECTOR ( 'NONE', #11827, 1000.000000000000000 ) ;
#2117 =( NAMED_UNIT ( * ) PLANE_ANGLE_UNIT ( ) SI_UNIT ( $, .RADIAN. ) );
#2118 = FACE_OUTER_BOUND ( 'NONE', #10572, .T. ) ;
#2119 = ORIENTED_EDGE ( 'NONE', *, *, #1372, .F. ) ;
#2120 = LINE ( 'NONE', #10517, #10126 ) ;
#2121 = SURFACE_STYLE_USAGE ( .BOTH. , #10581 ) ;
#2122 = FILL_AREA_STYLE ('',( #8599 ) ) ;
#2123 =( LENGTH_UNIT ( ) NAMED_UNIT ( * ) SI_UNIT ( .MILLI., .METRE. ) );
#2124 = LINE ( 'NONE', #5368, #8106 ) ;
#2125 = EDGE_CURVE ( 'NONE', #5922, #7003, #10911, .T. ) ;
#2126 = SURFACE_STYLE_USAGE ( .BOTH. , #2067 ) ;
#2127 = CARTESIAN_POINT ( 'NONE',  ( 0.06109670222509443888, 0.3010000000383806218, 0.1169860697357324036 ) ) ;
#2128 = CARTESIAN_POINT ( 'NONE',  ( -0.04820000645229045172, 0.3010000000383806773, 0.1529168339975156554 ) ) ;
#2129 = SURFACE_STYLE_USAGE ( .BOTH. , #8910 ) ;
#2130 = ORIENTED_EDGE ( 'NONE', *, *, #11862, .T. ) ;
#2131 =( NAMED_UNIT ( * ) PLANE_ANGLE_UNIT ( ) SI_UNIT ( $, .RADIAN. ) );
#2132 = VECTOR ( 'NONE', #7679, 1000.000000000000000 ) ;
#2133 = DIRECTION ( 'NONE',  ( -1.000000000000000000, 0.0000000000000000000, 0.0000000000000000000 ) ) ;
#2134 = ORIENTED_EDGE ( 'NONE', *, *, #3202, .T. ) ;
#2135 = UNCERTAINTY_MEASURE_WITH_UNIT (LENGTH_MEASURE( 1.000000000000000082E-05 ), #3885, 'distance_accuracy_value', 'NONE');
#2136 = DIRECTION ( 'NONE',  ( -0.007092178509963582844, 0.0000000000000000000, 0.9999748501857348426 ) ) ;
#2137 = CARTESIAN_POINT ( 'NONE',  ( -0.05090353491118973506, 0.3010000000383806218, 0.1822507638114128914 ) ) ;
#2138 = ADVANCED_FACE ( 'NONE', ( #5408 ), #1457, .F. ) ;
#2139 = EDGE_CURVE ( 'NONE', #1764, #11719, #7317, .T. ) ;
#2140 =( NAMED_UNIT ( * ) SI_UNIT ( $, .STERADIAN. ) SOLID_ANGLE_UNIT ( ) );
#2141 = CARTESIAN_POINT ( 'NONE',  ( -0.2694921949318911936, 0.3010000000383806218, 0.1074892588887059880 ) ) ;
#2142 = CARTESIAN_POINT ( 'NONE',  ( -0.2161146890077369764, 0.3000000000000000444, 0.1089284109582266957 ) ) ;
#2143 = EDGE_LOOP ( 'NONE', ( #11463, #11861, #10079, #5651 ) ) ;
#2144 = EDGE_CURVE ( 'NONE', #3446, #3317, #3048, .T. ) ;
#2145 = SURFACE_STYLE_FILL_AREA ( #7762 ) ;
#2146 = B_SPLINE_CURVE_WITH_KNOTS ( 'NONE', 3,
 ( #362, #9954, #6108, #8840 ),
 .UNSPECIFIED., .F., .F.,
 ( 4, 4 ),
 ( 24.00000000000000000, 25.00000000000000000 ),
 .UNSPECIFIED. ) ;
#2147 = DIRECTION ( 'NONE',  ( -0.0000000000000000000, -1.000000000000000000, -0.0000000000000000000 ) ) ;
#2148 =( NAMED_UNIT ( * ) PLANE_ANGLE_UNIT ( ) SI_UNIT ( $, .RADIAN. ) );
#2149 = SURFACE_STYLE_FILL_AREA ( #4795 ) ;
#2150 = ORIENTED_EDGE ( 'NONE', *, *, #7031, .T. ) ;
#2151 = ADVANCED_FACE ( 'NONE', ( #1005 ), #7637, .F. ) ;
#2152 = VECTOR ( 'NONE', #4484, 1000.000000000000000 ) ;
#2153 = FACE_OUTER_BOUND ( 'NONE', #1051, .T. ) ;
#2154 = CARTESIAN_POINT ( 'NONE',  ( -0.06001256712046579289, 0.3010000000383806773, 0.09655994141222509763 ) ) ;
#2155 = ORIENTED_EDGE ( 'NONE', *, *, #8482, .F. ) ;
#2156 = VECTOR ( 'NONE', #2685, 1000.000000000000000 ) ;
#2157 = AXIS2_PLACEMENT_3D ( 'NONE', #3666, #7443, #2865 ) ;
#2158 =( NAMED_UNIT ( * ) PLANE_ANGLE_UNIT ( ) SI_UNIT ( $, .RADIAN. ) );
#2159 = CARTESIAN_POINT ( 'NONE',  ( -0.1060716889868553725, 0.3000000000000000444, 0.09682595060005891319 ) ) ;
#2160 = PRESENTATION_STYLE_ASSIGNMENT (( #3020 ) ) ;
#2161 = CARTESIAN_POINT ( 'NONE',  ( -0.08268347050467748927, 0.3000000000000000444, 0.06261656694756100039 ) ) ;
#2162 = ORIENTED_EDGE ( 'NONE', *, *, #8823, .F. ) ;
#2163 = DIRECTION ( 'NONE',  ( 0.9999748501857348426, -0.0000000000000000000, 0.007092178509960658100 ) ) ;
#2164 = EDGE_CURVE ( 'NONE', #11933, #10972, #2722, .T. ) ;
#2165 = COLOUR_RGB ( '',1.000000000000000000, 1.000000000000000000, 1.000000000000000000 ) ;
#2166 = CARTESIAN_POINT ( 'NONE',  ( -0.1835282869466451361, 0.3000000000383806209, 0.1610343524383840708 ) ) ;
#2167 = VERTEX_POINT ( 'NONE', #8293 ) ;
#2168 = UNCERTAINTY_MEASURE_WITH_UNIT (LENGTH_MEASURE( 1.000000000000000082E-05 ), #8841, 'distance_accuracy_value', 'NONE');
#2169 = CARTESIAN_POINT ( 'NONE',  ( -0.1551615128869879290, 0.3010000000383806773, 0.06260162315677947342 ) ) ;
#2170 = ORIENTED_EDGE ( 'NONE', *, *, #2173, .T. ) ;
#2171 = PLANE ( 'NONE',  #2714 ) ;
#2172 = SURFACE_STYLE_USAGE ( .BOTH. , #8895 ) ;
#2173 = EDGE_CURVE ( 'NONE', #1983, #7813, #6436, .T. ) ;
#2174 = DIRECTION ( 'NONE',  ( -0.007092178509968051492, 0.0000000000000000000, 0.9999748501857348426 ) ) ;
#2175 = B_SPLINE_CURVE_WITH_KNOTS ( 'NONE', 3,
 ( #2276, #8876, #1337, #10670 ),
 .UNSPECIFIED., .F., .F.,
 ( 4, 4 ),
 ( 4.000000000000000000, 5.000000000000000000 ),
 .UNSPECIFIED. ) ;
#2176 = CARTESIAN_POINT ( 'NONE',  ( -0.1011360593096691241, 0.3010000000383806218, 0.09143328301897346577 ) ) ;
#2177 = SURFACE_STYLE_USAGE ( .BOTH. , #431 ) ;
#2178 = ORIENTED_EDGE ( 'NONE', *, *, #559, .T. ) ;
#2179 = PLANE ( 'NONE',  #12096 ) ;
#2180 = SURFACE_STYLE_USAGE ( .BOTH. , #10991 ) ;
#2181 = PRESENTATION_LAYER_ASSIGNMENT (  '', '', ( #7505 ) ) ;
#2182 = DIRECTION ( 'NONE',  ( 0.9999748501857348426, 0.0000000000000000000, 0.007092178509963797950 ) ) ;
#2183 = DIRECTION ( 'NONE',  ( -0.0000000000000000000, -1.000000000000000000, -0.0000000000000000000 ) ) ;
#2184 = CARTESIAN_POINT ( 'NONE',  ( -0.05857630941871455610, 0.3010000000383806218, 0.1601425257019531423 ) ) ;
#2185 = ORIENTED_EDGE ( 'NONE', *, *, #9195, .F. ) ;
#2186 = FILL_AREA_STYLE_COLOUR ( '', #9115 ) ;
#2187 = CARTESIAN_POINT ( 'NONE',  ( 0.1778433525305151697, 0.3000000000000000444, 0.2319053324667978422 ) ) ;
#2188 = UNCERTAINTY_MEASURE_WITH_UNIT (LENGTH_MEASURE( 1.000000000000000082E-05 ), #9097, 'distance_accuracy_value', 'NONE');
#2189 = ORIENTED_EDGE ( 'NONE', *, *, #6747, .F. ) ;
#2190 = PRESENTATION_LAYER_ASSIGNMENT (  '', '', ( #2973 ) ) ;
#2191 = FILL_AREA_STYLE_COLOUR ( '', #12098 ) ;
#2192 = CARTESIAN_POINT ( 'NONE',  ( -0.09644743335900980707, 0.3000000000000000444, 0.1626501536337019438 ) ) ;
#2193 = COLOUR_RGB ( '',1.000000000000000000, 1.000000000000000000, 1.000000000000000000 ) ;
#2194 = CARTESIAN_POINT ( 'NONE',  ( -0.1113433495717457700, 0.3010000000383806218, 0.09242146902170773892 ) ) ;
#2195 =( NAMED_UNIT ( * ) SI_UNIT ( $, .STERADIAN. ) SOLID_ANGLE_UNIT ( ) );
#2196 = ORIENTED_EDGE ( 'NONE', *, *, #98, .T. ) ;
#2197 = LINE ( 'NONE', #7761, #7257 ) ;
#2198 = PLANE ( 'NONE',  #9742 ) ;
#2199 = CIRCLE ( 'NONE', #3568, 0.04999999999999999584 ) ;
#2200 = PRESENTATION_LAYER_ASSIGNMENT (  '', '', ( #601 ) ) ;
#2201 = VECTOR ( 'NONE', #2209, 1000.000000000000000 ) ;
#2202 = COLOUR_RGB ( '',1.000000000000000000, 1.000000000000000000, 1.000000000000000000 ) ;
#2203 =( NAMED_UNIT ( * ) SI_UNIT ( $, .STERADIAN. ) SOLID_ANGLE_UNIT ( ) );
#2204 = CARTESIAN_POINT ( 'NONE',  ( 0.3108954633881262919, 0.3000000000000000444, 0.1274338729253616798 ) ) ;
#2205 = CARTESIAN_POINT ( 'NONE',  ( -0.2464830428257746009, 0.3000000000000000444, 0.1157315702051295442 ) ) ;
#2206 = LINE ( 'NONE', #2880, #425 ) ;
#2207 = VECTOR ( 'NONE', #377, 1000.000000000000000 ) ;
#2208 = SURFACE_SIDE_STYLE ('',( #4057 ) ) ;
#2209 = DIRECTION ( 'NONE',  ( -0.0000000000000000000, -1.000000000000000000, -0.0000000000000000000 ) ) ;
#2210 = COLOUR_RGB ( '',1.000000000000000000, 1.000000000000000000, 1.000000000000000000 ) ;
#2211 = CARTESIAN_POINT ( 'NONE',  ( -0.1284256998160288876, 0.3010000000383806218, 0.09077183231944248309 ) ) ;
#2212 = EDGE_LOOP ( 'NONE', ( #376, #4473, #8152, #4288 ) ) ;
#2213 =( NAMED_UNIT ( * ) PLANE_ANGLE_UNIT ( ) SI_UNIT ( $, .RADIAN. ) );
#2214 = CARTESIAN_POINT ( 'NONE',  ( -0.1529269886429297232, 0.3000000000383806764, 0.1521740728647053287 ) ) ;
#2215 = COLOUR_RGB ( '',0.7686274509803920907, 0.7686274509803920907, 0.7686274509803920907 ) ;
#2216 = EDGE_CURVE ( 'NONE', #8156, #4411, #1947, .T. ) ;
#2217 = EDGE_CURVE ( 'NONE', #902, #4865, #6500, .T. ) ;
#2218 = VECTOR ( 'NONE', #8675, 1000.000000000000000 ) ;
#2219 = VECTOR ( 'NONE', #3995, 1000.000000000000114 ) ;
#2220 = STYLED_ITEM ( 'NONE', ( #9910 ), #12017 ) ;
#2221 =( NAMED_UNIT ( * ) PLANE_ANGLE_UNIT ( ) SI_UNIT ( $, .RADIAN. ) );
#2222 = MECHANICAL_DESIGN_GEOMETRIC_PRESENTATION_REPRESENTATION (  '', ( #9718 ), #3597 ) ;
#2223 = MECHANICAL_DESIGN_GEOMETRIC_PRESENTATION_REPRESENTATION (  '', ( #11108 ), #38 ) ;
#2224 = LINE ( 'NONE', #7781, #4582 ) ;
#2225 = EDGE_LOOP ( 'NONE', ( #6672, #596, #10026, #7938 ) ) ;
#2226 = CARTESIAN_POINT ( 'NONE',  ( -0.08066651669031489613, 0.3000000000000000444, 0.1586757261441945344 ) ) ;
#2227 = STYLED_ITEM ( 'NONE', ( #8969 ), #10372 ) ;
#2228 = ORIENTED_EDGE ( 'NONE', *, *, #10358, .T. ) ;
#2229 = LINE ( 'NONE', #6047, #5856 ) ;
#2230 = VERTEX_POINT ( 'NONE', #5587 ) ;
#2231 = VECTOR ( 'NONE', #1777, 1000.000000000000000 ) ;
#2232 = VECTOR ( 'NONE', #2257, 1000.000000000000000 ) ;
#2233 =( LENGTH_UNIT ( ) NAMED_UNIT ( * ) SI_UNIT ( .MILLI., .METRE. ) );
#2234 = CARTESIAN_POINT ( 'NONE',  ( -0.2634012480001319823, 0.3000000000000000444, 0.1129289373639017213 ) ) ;
#2235 = EDGE_CURVE ( 'NONE', #6807, #3130, #7381, .T. ) ;
#2236 = CARTESIAN_POINT ( 'NONE',  ( -0.06580555046161730426, 0.3010000000383806218, 0.2118413063438930599 ) ) ;
#2237 = EDGE_CURVE ( 'NONE', #591, #1727, #4291, .T. ) ;
#2238 = CARTESIAN_POINT ( 'NONE',  ( -0.1032275776034935477, 0.3000000000000000444, 0.08065668413473843501 ) ) ;
#2239 = CARTESIAN_POINT ( 'NONE',  ( -0.2817027300535174250, 0.3000000000383806764, 0.05446725058058569241 ) ) ;
#2240 = PRESENTATION_STYLE_ASSIGNMENT (( #10700 ) ) ;
#2241 = EDGE_CURVE ( 'NONE', #9050, #7706, #1822, .T. ) ;
#2242 = STYLED_ITEM ( 'NONE', ( #6825 ), #359 ) ;
#2243 = FILL_AREA_STYLE_COLOUR ( '', #11707 ) ;
#2244 = ORIENTED_EDGE ( 'NONE', *, *, #3545, .T. ) ;
#2245 = AXIS2_PLACEMENT_3D ( 'NONE', #402, #10801, #1468 ) ;
#2246 = COLOUR_RGB ( '',1.000000000000000000, 1.000000000000000000, 1.000000000000000000 ) ;
#2247 =( NAMED_UNIT ( * ) SI_UNIT ( $, .STERADIAN. ) SOLID_ANGLE_UNIT ( ) );
#2248 = SURFACE_STYLE_USAGE ( .BOTH. , #9654 ) ;
#2249 = FILL_AREA_STYLE ('',( #10584 ) ) ;
#2250 = CARTESIAN_POINT ( 'NONE',  ( 0.09469197609897327117, 0.3010000000383806218, 0.1510612868822690524 ) ) ;
#2251 = CARTESIAN_POINT ( 'NONE',  ( -0.1047820843058547002, 0.3010000000383806773, 0.06233506160403734508 ) ) ;
#2252 = STYLED_ITEM ( 'NONE', ( #8115 ), #5214 ) ;
#2253 = CARTESIAN_POINT ( 'NONE',  ( -0.1384772654616892862, 0.3010000000383806773, 0.1797580483409171037 ) ) ;
#2254 = SURFACE_SIDE_STYLE ('',( #7852 ) ) ;
#2255 = VERTEX_POINT ( 'NONE', #2671 ) ;
#2256 =( NAMED_UNIT ( * ) SI_UNIT ( $, .STERADIAN. ) SOLID_ANGLE_UNIT ( ) );
#2257 = DIRECTION ( 'NONE',  ( -0.0000000000000000000, -1.000000000000000000, -0.0000000000000000000 ) ) ;
#2258 = ORIENTED_EDGE ( 'NONE', *, *, #5264, .T. ) ;
#2259 = UNCERTAINTY_MEASURE_WITH_UNIT (LENGTH_MEASURE( 1.000000000000000082E-05 ), #5869, 'distance_accuracy_value', 'NONE');
#2260 = FACE_OUTER_BOUND ( 'NONE', #2107, .T. ) ;
#2261 = CARTESIAN_POINT ( 'NONE',  ( -0.05090353491118973506, 0.3010000000383806218, 0.1822507638114128914 ) ) ;
#2262 =( LENGTH_UNIT ( ) NAMED_UNIT ( * ) SI_UNIT ( .MILLI., .METRE. ) );
#2263 = CARTESIAN_POINT ( 'NONE',  ( -0.2702572791969076738, 0.3010000000383806218, 0.08561717371546391508 ) ) ;
#2264 = VERTEX_POINT ( 'NONE', #4646 ) ;
#2265 = DIRECTION ( 'NONE',  ( 0.007092178509965581246, 0.0000000000000000000, -0.9999748501857348426 ) ) ;
#2266 = DIRECTION ( 'NONE',  ( 0.0000000000000000000, 0.0000000000000000000, -1.000000000000000000 ) ) ;
#2267 = EDGE_CURVE ( 'NONE', #10258, #6401, #3333, .T. ) ;
#2268 = ORIENTED_EDGE ( 'NONE', *, *, #9993, .F. ) ;
#2269 = CARTESIAN_POINT ( 'NONE',  ( 0.2578167557320734105, 0.3000000000000000444, 0.08801480081575580039 ) ) ;
#2270 = STYLED_ITEM ( 'NONE', ( #4022 ), #5608 ) ;
#2271 = DIRECTION ( 'NONE',  ( 0.8896103580601519845, 0.0000000000000000000, -0.4567202763531394982 ) ) ;
#2272 = UNCERTAINTY_MEASURE_WITH_UNIT (LENGTH_MEASURE( 1.000000000000000082E-05 ), #7118, 'distance_accuracy_value', 'NONE');
#2273 = SURFACE_STYLE_FILL_AREA ( #6835 ) ;
#2274 = CARTESIAN_POINT ( 'NONE',  ( -0.1097918262667172962, 0.3000000000383806209, 0.09137189323063166224 ) ) ;
#2275 = LINE ( 'NONE', #1335, #2569 ) ;
#2276 = CARTESIAN_POINT ( 'NONE',  ( -0.1400545387897615124, 0.3000000000000000444, 0.04149717224798589454 ) ) ;
#2277 = ORIENTED_EDGE ( 'NONE', *, *, #6429, .F. ) ;
#2278 = PLANE ( 'NONE',  #2245 ) ;
#2279 =( NAMED_UNIT ( * ) PLANE_ANGLE_UNIT ( ) SI_UNIT ( $, .RADIAN. ) );
#2280 =( NAMED_UNIT ( * ) PLANE_ANGLE_UNIT ( ) SI_UNIT ( $, .RADIAN. ) );
#2281 = CARTESIAN_POINT ( 'NONE',  ( 0.2038243345134887474, 0.3010000000383806773, 0.1162631349986478907 ) ) ;
#2282 = PRESENTATION_STYLE_ASSIGNMENT (( #7885 ) ) ;
#2283 =( GEOMETRIC_REPRESENTATION_CONTEXT ( 3 ) GLOBAL_UNCERTAINTY_ASSIGNED_CONTEXT ( ( #3254 ) ) GLOBAL_UNIT_ASSIGNED_CONTEXT ( ( #6370, #2598, #745 ) ) REPRESENTATION_CONTEXT ( 'NONE', 'WORKASPACE' ) );
#2284 = ORIENTED_EDGE ( 'NONE', *, *, #12039, .T. ) ;
#2285 = EDGE_CURVE ( 'NONE', #882, #4328, #74, .T. ) ;
#2286 = EDGE_CURVE ( 'NONE', #8320, #6419, #11389, .T. ) ;
#2287 = FILL_AREA_STYLE_COLOUR ( '', #3358 ) ;
#2288 = CARTESIAN_POINT ( 'NONE',  ( -0.1032275776034935477, 0.3000000000000000444, 0.08065668413473843501 ) ) ;
#2289 = ORIENTED_EDGE ( 'NONE', *, *, #3308, .T. ) ;
#2290 = UNCERTAINTY_MEASURE_WITH_UNIT (LENGTH_MEASURE( 1.000000000000000082E-05 ), #1651, 'distance_accuracy_value', 'NONE');
#2291 = ORIENTED_EDGE ( 'NONE', *, *, #298, .T. ) ;
#2292 = EDGE_CURVE ( 'NONE', #6278, #610, #8847, .T. ) ;
#2293 =( NAMED_UNIT ( * ) SI_UNIT ( $, .STERADIAN. ) SOLID_ANGLE_UNIT ( ) );
#2294 = B_SPLINE_CURVE_WITH_KNOTS ( 'NONE', 3,
 ( #4200, #9705, #8774, #1489 ),
 .UNSPECIFIED., .F., .F.,
 ( 4, 4 ),
 ( 2.000000000000000000, 3.000000000000000000 ),
 .UNSPECIFIED. ) ;
#2295 = B_SPLINE_CURVE_WITH_KNOTS ( 'NONE', 3,
 ( #6873, #266, #321, #7803 ),
 .UNSPECIFIED., .F., .F.,
 ( 4, 4 ),
 ( 5.000000000000000000, 6.000000000000000000 ),
 .UNSPECIFIED. ) ;
#2296 = SURFACE_STYLE_FILL_AREA ( #5250 ) ;
#2297 = CARTESIAN_POINT ( 'NONE',  ( -0.02359795510417710129, 0.3000000000383806764, 0.1102938083407165176 ) ) ;
#2298 = SURFACE_STYLE_FILL_AREA ( #4024 ) ;
#2299 = ORIENTED_EDGE ( 'NONE', *, *, #10153, .F. ) ;
#2300 = FACE_OUTER_BOUND ( 'NONE', #2846, .T. ) ;
#2301 = EDGE_CURVE ( 'NONE', #6827, #10203, #7913, .T. ) ;
#2302 = CYLINDRICAL_SURFACE ( 'NONE', #4940, 0.05000000000000002359 ) ;
#2303 = EDGE_CURVE ( 'NONE', #2603, #1632, #4236, .T. ) ;
#2304 = CARTESIAN_POINT ( 'NONE',  ( 0.2401238400747974511, 0.3010000000383806218, 0.1972086742878463861 ) ) ;
#2305 = SURFACE_SIDE_STYLE ('',( #7982 ) ) ;
#2306 = COLOUR_RGB ( '',1.000000000000000000, 1.000000000000000000, 1.000000000000000000 ) ;
#2307 = PRESENTATION_STYLE_ASSIGNMENT (( #1373 ) ) ;
#2308 = CARTESIAN_POINT ( 'NONE',  ( -0.1937739655706610942, 0.3010000000383806218, 0.2048197783621315826 ) ) ;
#2309 = ORIENTED_EDGE ( 'NONE', *, *, #8680, .T. ) ;
#2310 =( NAMED_UNIT ( * ) PLANE_ANGLE_UNIT ( ) SI_UNIT ( $, .RADIAN. ) );
#2311 = CARTESIAN_POINT ( 'NONE',  ( -0.1384772654616892862, 0.3000000000383806764, 0.1797580483409171037 ) ) ;
#2312 = ORIENTED_EDGE ( 'NONE', *, *, #8065, .F. ) ;
#2313 = CARTESIAN_POINT ( 'NONE',  ( 0.2901568176952524225, 0.3010000000383806218, 0.1767407862493474702 ) ) ;
#2314 = PRESENTATION_STYLE_ASSIGNMENT (( #1511 ) ) ;
#2315 = VECTOR ( 'NONE', #3845, 1000.000000000000000 ) ;
#2316 = CARTESIAN_POINT ( 'NONE',  ( 0.2174655103380818133, 0.3010000000383806218, 0.08903001670842267123 ) ) ;
#2317 = PLANE ( 'NONE',  #360 ) ;
#2318 = CARTESIAN_POINT ( 'NONE',  ( -0.4499999999999981792, 0.2499999999999998335, 0.0000000000000000000 ) ) ;
#2319 =( NAMED_UNIT ( * ) SI_UNIT ( $, .STERADIAN. ) SOLID_ANGLE_UNIT ( ) );
#2320 = ORIENTED_EDGE ( 'NONE', *, *, #146, .F. ) ;
#2321 =( GEOMETRIC_REPRESENTATION_CONTEXT ( 3 ) GLOBAL_UNCERTAINTY_ASSIGNED_CONTEXT ( ( #10362 ) ) GLOBAL_UNIT_ASSIGNED_CONTEXT ( ( #1052, #6619, #983 ) ) REPRESENTATION_CONTEXT ( 'NONE', 'WORKASPACE' ) );
#2322 = DIRECTION ( 'NONE',  ( -0.007092178509963679989, 0.0000000000000000000, 0.9999748501857348426 ) ) ;
#2323 = FILL_AREA_STYLE_COLOUR ( '', #5105 ) ;
#2324 = PLANE ( 'NONE',  #1993 ) ;
#2325 = ADVANCED_FACE ( 'NONE', ( #3963 ), #9601, .F. ) ;
#2326 = ORIENTED_EDGE ( 'NONE', *, *, #10840, .F. ) ;
#2327 = B_SPLINE_CURVE_WITH_KNOTS ( 'NONE', 3,
 ( #12231, #3816, #3627, #9439 ),
 .UNSPECIFIED., .F., .F.,
 ( 4, 4 ),
 ( 3.000000000000000000, 4.000000000000000000 ),
 .UNSPECIFIED. ) ;
#2328 =( GEOMETRIC_REPRESENTATION_CONTEXT ( 3 ) GLOBAL_UNCERTAINTY_ASSIGNED_CONTEXT ( ( #8210 ) ) GLOBAL_UNIT_ASSIGNED_CONTEXT ( ( #7442, #762, #10224 ) ) REPRESENTATION_CONTEXT ( 'NONE', 'WORKASPACE' ) );
#2329 = CARTESIAN_POINT ( 'NONE',  ( -0.1406007287597556277, 0.3010000000383806218, 0.03494265885360655494 ) ) ;
#2330 = DIRECTION ( 'NONE',  ( -0.0000000000000000000, -1.000000000000000000, -0.0000000000000000000 ) ) ;
#2331 = ORIENTED_EDGE ( 'NONE', *, *, #3284, .T. ) ;
#2332 = LINE ( 'NONE', #6092, #10526 ) ;
#2333 = CARTESIAN_POINT ( 'NONE',  ( 0.2007324811674408849, 0.3000000000000000444, 0.06288291641348210670 ) ) ;
#2334 = CARTESIAN_POINT ( 'NONE',  ( -0.1697082593558360553, 0.3010000000383806218, 0.1520550541038856174 ) ) ;
#2335 = B_SPLINE_CURVE_WITH_KNOTS ( 'NONE', 3,
 ( #6729, #3825, #167, #6546 ),
 .UNSPECIFIED., .F., .F.,
 ( 4, 4 ),
 ( 1.000000000000000000, 2.000000000000000000 ),
 .UNSPECIFIED. ) ;
#2336 =( GEOMETRIC_REPRESENTATION_CONTEXT ( 3 ) GLOBAL_UNCERTAINTY_ASSIGNED_CONTEXT ( ( #11467 ) ) GLOBAL_UNIT_ASSIGNED_CONTEXT ( ( #1172, #2901, #6739 ) ) REPRESENTATION_CONTEXT ( 'NONE', 'WORKASPACE' ) );
#2337 = SURFACE_STYLE_FILL_AREA ( #5292 ) ;
#2338 = VECTOR ( 'NONE', #11801, 1000.000000000000000 ) ;
#2339 = DIRECTION ( 'NONE',  ( -0.8873869422626032843, 0.0000000000000000000, 0.4610253948556706227 ) ) ;
#2340 = CARTESIAN_POINT ( 'NONE',  ( -0.1251809627667016256, 0.3000000000383806209, 0.09288481112674941420 ) ) ;
#2341 = ORIENTED_EDGE ( 'NONE', *, *, #6893, .F. ) ;
#2342 = CARTESIAN_POINT ( 'NONE',  ( -0.02359795510417710129, 0.3010000000383806773, 0.1102938083407165176 ) ) ;
#2343 = DIRECTION ( 'NONE',  ( -0.0000000000000000000, -1.000000000000000000, -0.0000000000000000000 ) ) ;
#2344 = CARTESIAN_POINT ( 'NONE',  ( -0.3278980124440741828, 0.3010000000383806773, 0.05413961715163378291 ) ) ;
#2345 = ORIENTED_EDGE ( 'NONE', *, *, #9547, .F. ) ;
#2346 = COLOUR_RGB ( '',1.000000000000000000, 1.000000000000000000, 1.000000000000000000 ) ;
#2347 = CARTESIAN_POINT ( 'NONE',  ( 0.1146891787164184690, 0.3010000000383806773, 0.08396301967234481856 ) ) ;
#2348 = VERTEX_POINT ( 'NONE', #11446 ) ;
#2349 = CARTESIAN_POINT ( 'NONE',  ( -0.1220943914609887576, 0.3000000000383806209, 0.05572402396699576571 ) ) ;
#2350 = CARTESIAN_POINT ( 'NONE',  ( -0.1303215468131936616, 0.3000000000383806209, 0.06340166750123270301 ) ) ;
#2351 = DIRECTION ( 'NONE',  ( -0.007092178509962370273, -0.0000000000000000000, 0.9999748501857348426 ) ) ;
#2352 =( NAMED_UNIT ( * ) PLANE_ANGLE_UNIT ( ) SI_UNIT ( $, .RADIAN. ) );
#2353 = EDGE_CURVE ( 'NONE', #2452, #1012, #3619, .T. ) ;
#2354 =( LENGTH_UNIT ( ) NAMED_UNIT ( * ) SI_UNIT ( .MILLI., .METRE. ) );
#2355 = SURFACE_SIDE_STYLE ('',( #10144 ) ) ;
#2356 = EDGE_LOOP ( 'NONE', ( #10956, #9053, #10193, #2648 ) ) ;
#2357 = MECHANICAL_DESIGN_GEOMETRIC_PRESENTATION_REPRESENTATION (  '', ( #8068 ), #7097 ) ;
#2358 =( NAMED_UNIT ( * ) PLANE_ANGLE_UNIT ( ) SI_UNIT ( $, .RADIAN. ) );
#2359 = CARTESIAN_POINT ( 'NONE',  ( 0.1370675415051706980, 0.3000000000000000444, 0.2316161358628766875 ) ) ;
#2360 = FILL_AREA_STYLE ('',( #7124 ) ) ;
#2361 = LINE ( 'NONE', #7980, #10815 ) ;
#2362 = B_SPLINE_SURFACE_WITH_KNOTS ( 'NONE', 3, 1, ( 
 ( #4368, #5104 ),
 ( #524, #405 ),
 ( #4178, #2333 ),
 ( #4839, #3909 ),
 ( #138, #5778 ),
 ( #4151, #8739 ),
 ( #195, #7859 ) ),
 .UNSPECIFIED., .F., .F., .F.,
 ( 4, 3, 4 ),
 ( 2, 2 ),
 ( 0.0000000000000000000, 1.000000000000000000, 2.000000000000000000 ),
 ( 0.0000000000000000000, 1.000000000000000000 ),
 .UNSPECIFIED. ) ;
#2363 = MECHANICAL_DESIGN_GEOMETRIC_PRESENTATION_REPRESENTATION (  '', ( #2557 ), #11051 ) ;
#2364 =( NAMED_UNIT ( * ) PLANE_ANGLE_UNIT ( ) SI_UNIT ( $, .RADIAN. ) );
#2365 = CARTESIAN_POINT ( 'NONE',  ( -0.01577176247628619271, 0.3010000000383806773, 0.1173678569419379508 ) ) ;
#2366 = ORIENTED_EDGE ( 'NONE', *, *, #11684, .T. ) ;
#2367 = CARTESIAN_POINT ( 'NONE',  ( -0.1278432262494003657, 0.3010000000383806218, 0.07461771903355486624 ) ) ;
#2368 = EDGE_CURVE ( 'NONE', #1733, #9491, #1251, .T. ) ;
#2369 = CARTESIAN_POINT ( 'NONE',  ( 0.1587568035690821167, 0.3010000000383806218, 0.2317699638499286230 ) ) ;
#2370 =( LENGTH_UNIT ( ) NAMED_UNIT ( * ) SI_UNIT ( .MILLI., .METRE. ) );
#2371 = EDGE_LOOP ( 'NONE', ( #4451, #10831, #6534, #8457 ) ) ;
#2372 = UNCERTAINTY_MEASURE_WITH_UNIT (LENGTH_MEASURE( 1.000000000000000082E-05 ), #7185, 'distance_accuracy_value', 'NONE');
#2373 = FILL_AREA_STYLE_COLOUR ( '', #9716 ) ;
#2374 = PLANE ( 'NONE',  #7485 ) ;
#2375 = VECTOR ( 'NONE', #1032, 1000.000000000000000 ) ;
#2376 = SURFACE_SIDE_STYLE ('',( #3295 ) ) ;
#2377 = VECTOR ( 'NONE', #6654, 1000.000000000000114 ) ;
#2378 = LINE ( 'NONE', #8800, #2798 ) ;
#2379 = PRESENTATION_STYLE_ASSIGNMENT (( #3296 ) ) ;
#2380 = FILL_AREA_STYLE ('',( #9973 ) ) ;
#2381 = ORIENTED_EDGE ( 'NONE', *, *, #3878, .F. ) ;
#2382 = EDGE_CURVE ( 'NONE', #8174, #10702, #2980, .T. ) ;
#2383 =( LENGTH_UNIT ( ) NAMED_UNIT ( * ) SI_UNIT ( .MILLI., .METRE. ) );
#2384 = VECTOR ( 'NONE', #8813, 1000.000000000000000 ) ;
#2385 = DIRECTION ( 'NONE',  ( 0.8896103580601519845, 0.0000000000000000000, -0.4567202763531394982 ) ) ;
#2386 =( NAMED_UNIT ( * ) PLANE_ANGLE_UNIT ( ) SI_UNIT ( $, .RADIAN. ) );
#2387 = EDGE_CURVE ( 'NONE', #6513, #3705, #6811, .T. ) ;
#2388 = ORIENTED_EDGE ( 'NONE', *, *, #7794, .T. ) ;
#2389 = STYLED_ITEM ( 'NONE', ( #2525 ), #11204 ) ;
#2390 = UNCERTAINTY_MEASURE_WITH_UNIT (LENGTH_MEASURE( 1.000000000000000082E-05 ), #4459, 'distance_accuracy_value', 'NONE');
#2391 = CARTESIAN_POINT ( 'NONE',  ( 0.2169301805050373178, 0.3010000000383806218, 0.1645086717987799263 ) ) ;
#2392 = CARTESIAN_POINT ( 'NONE',  ( -0.1218793731190529334, 0.3000000000000000444, 0.1001763178050260605 ) ) ;
#2393 = SURFACE_STYLE_USAGE ( .BOTH. , #10852 ) ;
#2394 = VECTOR ( 'NONE', #7492, 1000.000000000000114 ) ;
#2395 = LINE ( 'NONE', #2211, #23 ) ;
#2396 = ORIENTED_EDGE ( 'NONE', *, *, #837, .F. ) ;
#2397 = COLOUR_RGB ( '',1.000000000000000000, 1.000000000000000000, 1.000000000000000000 ) ;
#2398 = CARTESIAN_POINT ( 'NONE',  ( -0.08761071593099632737, 0.3000000000000000444, 0.2075691114241227653 ) ) ;
#2399 = CARTESIAN_POINT ( 'NONE',  ( 0.2168378917518772042, 0.3010000000383806773, 0.1163554317908793573 ) ) ;
#2400 = MECHANICAL_DESIGN_GEOMETRIC_PRESENTATION_REPRESENTATION (  '', ( #7722 ), #5356 ) ;
#2401 = DIRECTION ( 'NONE',  ( -0.0000000000000000000, -1.000000000000000000, -0.0000000000000000000 ) ) ;
#2402 = VECTOR ( 'NONE', #5500, 1000.000000000000114 ) ;
#2403 = FILL_AREA_STYLE_COLOUR ( '', #3016 ) ;
#2404 = ORIENTED_EDGE ( 'NONE', *, *, #9625, .F. ) ;
#2405 = PRESENTATION_LAYER_ASSIGNMENT (  '', '', ( #8917 ) ) ;
#2406 = CARTESIAN_POINT ( 'NONE',  ( 0.4500000000000018430, -0.2500000000000001665, -0.02000000000000000042 ) ) ;
#2407 = CARTESIAN_POINT ( 'NONE',  ( 0.2183422894924522684, 0.3010000000383806218, 0.2100684035978636344 ) ) ;
#2408 = PLANE ( 'NONE',  #5950 ) ;
#2409 = EDGE_LOOP ( 'NONE', ( #1621, #5647, #6685, #3728 ) ) ;
#2410 = CARTESIAN_POINT ( 'NONE',  ( 0.1146891787164184690, 0.3000000000000000444, 0.08396301967234481856 ) ) ;
#2411 = LINE ( 'NONE', #6178, #638 ) ;
#2412 = VERTEX_POINT ( 'NONE', #5070 ) ;
#2413 = VECTOR ( 'NONE', #5790, 1000.000000000000114 ) ;
#2414 = CARTESIAN_POINT ( 'NONE',  ( 0.4500000000000018430, -0.2500000000000001665, -0.02000000000000000042 ) ) ;
#2415 =( GEOMETRIC_REPRESENTATION_CONTEXT ( 3 ) GLOBAL_UNCERTAINTY_ASSIGNED_CONTEXT ( ( #7559 ) ) GLOBAL_UNIT_ASSIGNED_CONTEXT ( ( #7687, #2991, #7755 ) ) REPRESENTATION_CONTEXT ( 'NONE', 'WORKASPACE' ) );
#2416 =( GEOMETRIC_REPRESENTATION_CONTEXT ( 3 ) GLOBAL_UNCERTAINTY_ASSIGNED_CONTEXT ( ( #3077 ) ) GLOBAL_UNIT_ASSIGNED_CONTEXT ( ( #10841, #1454, #9289 ) ) REPRESENTATION_CONTEXT ( 'NONE', 'WORKASPACE' ) );
#2417 = CARTESIAN_POINT ( 'NONE',  ( 0.2301529359484426329, 0.3010000000383806218, 0.1962703437822883312 ) ) ;
#2418 = EDGE_CURVE ( 'NONE', #7990, #8633, #2585, .T. ) ;
#2419 = STYLED_ITEM ( 'NONE', ( #5017 ), #3530 ) ;
#2420 = LINE ( 'NONE', #545, #11834 ) ;
#2421 = FACE_OUTER_BOUND ( 'NONE', #3630, .T. ) ;
#2422 = ORIENTED_EDGE ( 'NONE', *, *, #8261, .F. ) ;
#2423 =( GEOMETRIC_REPRESENTATION_CONTEXT ( 3 ) GLOBAL_UNCERTAINTY_ASSIGNED_CONTEXT ( ( #3933 ) ) GLOBAL_UNIT_ASSIGNED_CONTEXT ( ( #7024, #3365, #7152 ) ) REPRESENTATION_CONTEXT ( 'NONE', 'WORKASPACE' ) );
#2424 = COLOUR_RGB ( '',0.1019607843137254888, 0.1019607843137254888, 0.1019607843137254888 ) ;
#2425 = ORIENTED_EDGE ( 'NONE', *, *, #4990, .F. ) ;
#2426 =( LENGTH_UNIT ( ) NAMED_UNIT ( * ) SI_UNIT ( .MILLI., .METRE. ) );
#2427 = LINE ( 'NONE', #2253, #11166 ) ;
#2428 = CARTESIAN_POINT ( 'NONE',  ( -0.2232137446759145660, 0.3010000000383806773, 0.1752578767396400505 ) ) ;
#2429 = EDGE_LOOP ( 'NONE', ( #25, #664, #4731, #704 ) ) ;
#2430 =( GEOMETRIC_REPRESENTATION_CONTEXT ( 3 ) GLOBAL_UNCERTAINTY_ASSIGNED_CONTEXT ( ( #9302 ) ) GLOBAL_UNIT_ASSIGNED_CONTEXT ( ( #7648, #2690, #10475 ) ) REPRESENTATION_CONTEXT ( 'NONE', 'WORKASPACE' ) );
#2431 = ORIENTED_EDGE ( 'NONE', *, *, #2743, .T. ) ;
#2432 = LINE ( 'NONE', #6207, #4901 ) ;
#2433 = CARTESIAN_POINT ( 'NONE',  ( -0.4500000000000001776, 0.2500000000000000000, 0.0000000000000000000 ) ) ;
#2434 = EDGE_CURVE ( 'NONE', #8551, #6480, #8603, .T. ) ;
#2435 = CARTESIAN_POINT ( 'NONE',  ( -0.08238606380397087148, 0.3000000000000000444, 0.2076061665215889196 ) ) ;
#2436 = EDGE_CURVE ( 'NONE', #6951, #1983, #7798, .T. ) ;
#2437 = CARTESIAN_POINT ( 'NONE',  ( 0.2901568176952524225, 0.3010000000383806218, 0.1767407862493474702 ) ) ;
#2438 = VECTOR ( 'NONE', #1813, 1000.000000000000000 ) ;
#2439 = FILL_AREA_STYLE ('',( #10912 ) ) ;
#2440 = EDGE_CURVE ( 'NONE', #6841, #10567, #369, .T. ) ;
#2441 = ORIENTED_EDGE ( 'NONE', *, *, #4803, .T. ) ;
#2442 = DIRECTION ( 'NONE',  ( 0.9999748501857348426, -0.0000000000000000000, 0.007092178509963393759 ) ) ;
#2443 =( NAMED_UNIT ( * ) PLANE_ANGLE_UNIT ( ) SI_UNIT ( $, .RADIAN. ) );
#2444 = B_SPLINE_CURVE_WITH_KNOTS ( 'NONE', 3,
 ( #2520, #4449, #11993, #3511 ),
 .UNSPECIFIED., .F., .F.,
 ( 4, 4 ),
 ( 3.000000000000000000, 4.000000000000000000 ),
 .UNSPECIFIED. ) ;
#2445 = LINE ( 'NONE', #9797, #5 ) ;
#2446 = ORIENTED_EDGE ( 'NONE', *, *, #3569, .F. ) ;
#2447 = CARTESIAN_POINT ( 'NONE',  ( -0.08624688870241548067, 0.3010000000383806218, 0.1516176057042715741 ) ) ;
#2448 = CARTESIAN_POINT ( 'NONE',  ( -0.1181675307123672830, 0.3000000000000000444, 0.1002026435160618817 ) ) ;
#2449 = CARTESIAN_POINT ( 'NONE',  ( -0.06548442679329812000, 0.3010000000383806218, 0.06320645153347548284 ) ) ;
#2450 = EDGE_CURVE ( 'NONE', #1142, #80, #1310, .T. ) ;
#2451 = SURFACE_SIDE_STYLE ('',( #1466 ) ) ;
#2452 = VERTEX_POINT ( 'NONE', #9833 ) ;
#2453 = LINE ( 'NONE', #471, #5983 ) ;
#2454 = FILL_AREA_STYLE ('',( #1403 ) ) ;
#2455 = VECTOR ( 'NONE', #75, 1000.000000000000000 ) ;
#2456 = CARTESIAN_POINT ( 'NONE',  ( -0.04527823971281177279, 0.3010000000383806773, 0.09061289925227901387 ) ) ;
#2457 = UNCERTAINTY_MEASURE_WITH_UNIT (LENGTH_MEASURE( 1.000000000000000082E-05 ), #11458, 'distance_accuracy_value', 'NONE');
#2458 = LINE ( 'NONE', #529, #1200 ) ;
#2459 = CARTESIAN_POINT ( 'NONE',  ( -0.1011086274763220716, 0.3010000000383806218, 0.08756548084747654837 ) ) ;
#2460 = ORIENTED_EDGE ( 'NONE', *, *, #9738, .F. ) ;
#2461 = AXIS2_PLACEMENT_3D ( 'NONE', #7971, #9701, #3328 ) ;
#2462 = DIRECTION ( 'NONE',  ( -0.007092178509957594579, -0.0000000000000000000, 0.9999748501857349536 ) ) ;
#2463 = B_SPLINE_SURFACE_WITH_KNOTS ( 'NONE', 3, 1, ( 
 ( #9824, #5308 ),
 ( #5376, #4202 ),
 ( #8897, #9080 ),
 ( #1614, #11760 ) ),
 .UNSPECIFIED., .F., .F., .F.,
 ( 4, 4 ),
 ( 2, 2 ),
 ( 3.000000000000000000, 4.000000000000000000 ),
 ( 0.0000000000000000000, 1.000000000000000000 ),
 .UNSPECIFIED. ) ;
#2464 =( LENGTH_UNIT ( ) NAMED_UNIT ( * ) SI_UNIT ( .MILLI., .METRE. ) );
#2465 = ORIENTED_EDGE ( 'NONE', *, *, #7948, .F. ) ;
#2466 = FILL_AREA_STYLE ('',( #11868 ) ) ;
#2467 = FACE_OUTER_BOUND ( 'NONE', #4666, .T. ) ;
#2468 = ORIENTED_EDGE ( 'NONE', *, *, #10899, .F. ) ;
#2469 =( NAMED_UNIT ( * ) SI_UNIT ( $, .STERADIAN. ) SOLID_ANGLE_UNIT ( ) );
#2470 = FILL_AREA_STYLE_COLOUR ( '', #9454 ) ;
#2471 = SURFACE_SIDE_STYLE ('',( #11944 ) ) ;
#2472 = ORIENTED_EDGE ( 'NONE', *, *, #3552, .F. ) ;
#2473 = SURFACE_STYLE_USAGE ( .BOTH. , #4208 ) ;
#2474 =( NAMED_UNIT ( * ) SI_UNIT ( $, .STERADIAN. ) SOLID_ANGLE_UNIT ( ) );
#2475 = ORIENTED_EDGE ( 'NONE', *, *, #7944, .F. ) ;
#2476 = SURFACE_STYLE_USAGE ( .BOTH. , #8034 ) ;
#2477 = ORIENTED_EDGE ( 'NONE', *, *, #7654, .F. ) ;
#2478 = CARTESIAN_POINT ( 'NONE',  ( 0.1146891787164184690, 0.3010000000383806218, 0.08396301967234481856 ) ) ;
#2479 = FILL_AREA_STYLE_COLOUR ( '', #4811 ) ;
#2480 = CARTESIAN_POINT ( 'NONE',  ( 0.1146891787164184690, 0.3000000000000000444, 0.08396301967234481856 ) ) ;
#2481 = ORIENTED_EDGE ( 'NONE', *, *, #934, .T. ) ;
#2482 = SURFACE_STYLE_FILL_AREA ( #8041 ) ;
#2483 = DIRECTION ( 'NONE',  ( -0.007092178509965513591, -0.0000000000000000000, 0.9999748501857348426 ) ) ;
#2484 = LINE ( 'NONE', #10963, #11928 ) ;
#2485 = EDGE_LOOP ( 'NONE', ( #235, #2640, #11571, #10835 ) ) ;
#2486 = UNCERTAINTY_MEASURE_WITH_UNIT (LENGTH_MEASURE( 1.000000000000000082E-05 ), #4824, 'distance_accuracy_value', 'NONE');
#2487 = DIRECTION ( 'NONE',  ( -0.0000000000000000000, -1.000000000000000000, -0.0000000000000000000 ) ) ;
#2488 = ADVANCED_FACE ( 'NONE', ( #3285 ), #3404, .F. ) ;
#2489 = DIRECTION ( 'NONE',  ( -0.3592492403233707443, -0.0000000000000000000, -0.9332416532319380842 ) ) ;
#2490 = CARTESIAN_POINT ( 'NONE',  ( 0.1129571241926249081, 0.3000000000383806209, 0.08351693488165369550 ) ) ;
#2491 = SURFACE_STYLE_USAGE ( .BOTH. , #7776 ) ;
#2492 = EDGE_LOOP ( 'NONE', ( #10338, #962, #4737, #5366 ) ) ;
#2493 = CARTESIAN_POINT ( 'NONE',  ( -0.2636122843015362704, 0.3010000000383806218, 0.06791518837213486592 ) ) ;
#2494 = ORIENTED_EDGE ( 'NONE', *, *, #3407, .T. ) ;
#2495 = EDGE_CURVE ( 'NONE', #5018, #3506, #5992, .T. ) ;
#2496 = EDGE_CURVE ( 'NONE', #8790, #7142, #6309, .T. ) ;
#2497 = UNCERTAINTY_MEASURE_WITH_UNIT (LENGTH_MEASURE( 1.000000000000000082E-05 ), #11250, 'distance_accuracy_value', 'NONE');
#2498 = SURFACE_STYLE_FILL_AREA ( #6217 ) ;
#2499 = CARTESIAN_POINT ( 'NONE',  ( -0.1253060634596191714, 0.3000000000000000444, 0.09952814405407076070 ) ) ;
#2500 = FILL_AREA_STYLE ('',( #10116 ) ) ;
#2501 = SURFACE_SIDE_STYLE ('',( #10975 ) ) ;
#2502 = SURFACE_STYLE_FILL_AREA ( #1710 ) ;
#2503 = ORIENTED_EDGE ( 'NONE', *, *, #3250, .F. ) ;
#2504 = SURFACE_STYLE_USAGE ( .BOTH. , #11800 ) ;
#2505 = FACE_BOUND ( 'NONE', #11582, .T. ) ;
#2506 = CARTESIAN_POINT ( 'NONE',  ( -0.01602550693476214802, 0.3000000000000000444, 0.1531450270305751149 ) ) ;
#2507 = EDGE_CURVE ( 'NONE', #8132, #3736, #7020, .T. ) ;
#2508 = LINE ( 'NONE', #8071, #7949 ) ;
#2509 = LINE ( 'NONE', #5236, #215 ) ;
#2510 = VECTOR ( 'NONE', #257, 1000.000000000000000 ) ;
#2511 = SURFACE_SIDE_STYLE ('',( #2633 ) ) ;
#2512 = VERTEX_POINT ( 'NONE', #6198 ) ;
#2513 = COLOUR_RGB ( '',1.000000000000000000, 1.000000000000000000, 1.000000000000000000 ) ;
#2514 = DIRECTION ( 'NONE',  ( -1.000000000000000000, -0.0000000000000000000, -0.0000000000000000000 ) ) ;
#2515 = DIRECTION ( 'NONE',  ( 0.007092178509962489101, 0.0000000000000000000, -0.9999748501857348426 ) ) ;
#2516 =( NAMED_UNIT ( * ) SI_UNIT ( $, .STERADIAN. ) SOLID_ANGLE_UNIT ( ) );
#2517 = ORIENTED_EDGE ( 'NONE', *, *, #8003, .T. ) ;
#2518 = ORIENTED_EDGE ( 'NONE', *, *, #1146, .F. ) ;
#2519 = COLOUR_RGB ( '',1.000000000000000000, 1.000000000000000000, 1.000000000000000000 ) ;
#2520 = CARTESIAN_POINT ( 'NONE',  ( -0.2335456966632236675, 0.3000000000383806764, 0.2048184447495342841 ) ) ;
#2521 = CARTESIAN_POINT ( 'NONE',  ( -0.06571274714772742942, 0.3010000000383806218, 0.2009554253597677365 ) ) ;
#2522 = EDGE_CURVE ( 'NONE', #4366, #1243, #12036, .T. ) ;
#2523 =( LENGTH_UNIT ( ) NAMED_UNIT ( * ) SI_UNIT ( .MILLI., .METRE. ) );
#2524 = ORIENTED_EDGE ( 'NONE', *, *, #10020, .T. ) ;
#2525 = PRESENTATION_STYLE_ASSIGNMENT (( #8973 ) ) ;
#2526 = SURFACE_STYLE_USAGE ( .BOTH. , #7243 ) ;
#2527 = ORIENTED_EDGE ( 'NONE', *, *, #10822, .F. ) ;
#2528 = EDGE_CURVE ( 'NONE', #2838, #8827, #8908, .T. ) ;
#2529 = CARTESIAN_POINT ( 'NONE',  ( -0.01533904742765626779, 0.3010000000383806773, 0.05635639687801814735 ) ) ;
#2530 = VECTOR ( 'NONE', #9674, 1000.000000000000114 ) ;
#2531 = CARTESIAN_POINT ( 'NONE',  ( 0.1587568035690821167, 0.3000000000000000444, 0.2317699638499286230 ) ) ;
#2532 = ORIENTED_EDGE ( 'NONE', *, *, #9738, .T. ) ;
#2533 = ORIENTED_EDGE ( 'NONE', *, *, #9547, .T. ) ;
#2534 = CARTESIAN_POINT ( 'NONE',  ( -0.1134434921385708284, 0.3010000000383806218, 0.06086992331849381405 ) ) ;
#2535 = EDGE_CURVE ( 'NONE', #9480, #5630, #2361, .T. ) ;
#2536 = FACE_OUTER_BOUND ( 'NONE', #9770, .T. ) ;
#2537 = FILL_AREA_STYLE ('',( #1504 ) ) ;
#2538 = ORIENTED_EDGE ( 'NONE', *, *, #4479, .F. ) ;
#2539 = VECTOR ( 'NONE', #9880, 1000.000000000000000 ) ;
#2540 =( LENGTH_UNIT ( ) NAMED_UNIT ( * ) SI_UNIT ( .MILLI., .METRE. ) );
#2541 = SURFACE_STYLE_FILL_AREA ( #7254 ) ;
#2542 = CARTESIAN_POINT ( 'NONE',  ( 0.05054126773848501702, 0.3000000000000000444, 0.07613335299045410898 ) ) ;
#2543 = ORIENTED_EDGE ( 'NONE', *, *, #5792, .F. ) ;
#2544 = CARTESIAN_POINT ( 'NONE',  ( 0.2345708033078058308, 0.3010000000383806218, 0.06268909288007280811 ) ) ;
#2545 = CARTESIAN_POINT ( 'NONE',  ( -0.02395080812184766442, 0.3010000000383806773, 0.1600449733723151025 ) ) ;
#2546 = CARTESIAN_POINT ( 'NONE',  ( -0.1608522898302235382, 0.3010000000383806773, 0.1590740192064438174 ) ) ;
#2547 =( NAMED_UNIT ( * ) PLANE_ANGLE_UNIT ( ) SI_UNIT ( $, .RADIAN. ) );
#2548 =( LENGTH_UNIT ( ) NAMED_UNIT ( * ) SI_UNIT ( .MILLI., .METRE. ) );
#2549 = PLANE ( 'NONE',  #5631 ) ;
#2550 = VERTEX_POINT ( 'NONE', #10770 ) ;
#2551 = CARTESIAN_POINT ( 'NONE',  ( -0.4499999999999981237, -0.2500000000000001665, -0.02000000000000000042 ) ) ;
#2552 = CARTESIAN_POINT ( 'NONE',  ( 0.2177054820917722067, 0.3010000000383806218, 0.05519475465062153446 ) ) ;
#2553 = EDGE_CURVE ( 'NONE', #8308, #7360, #1555, .T. ) ;
#2554 = B_SPLINE_SURFACE_WITH_KNOTS ( 'NONE', 3, 1, ( 
 ( #11767, #11191 ),
 ( #4503, #10151 ),
 ( #9339, #1683 ),
 ( #2587, #10077 ) ),
 .UNSPECIFIED., .F., .F., .F.,
 ( 4, 4 ),
 ( 2, 2 ),
 ( 17.00000000000000000, 18.00000000000000000 ),
 ( 0.0000000000000000000, 1.000000000000000000 ),
 .UNSPECIFIED. ) ;
#2555 =( LENGTH_UNIT ( ) NAMED_UNIT ( * ) SI_UNIT ( .MILLI., .METRE. ) );
#2556 = ORIENTED_EDGE ( 'NONE', *, *, #4329, .T. ) ;
#2557 = STYLED_ITEM ( 'NONE', ( #6417 ), #7718 ) ;
#2558 =( LENGTH_UNIT ( ) NAMED_UNIT ( * ) SI_UNIT ( .MILLI., .METRE. ) );
#2559 =( NAMED_UNIT ( * ) SI_UNIT ( $, .STERADIAN. ) SOLID_ANGLE_UNIT ( ) );
#2560 = ORIENTED_EDGE ( 'NONE', *, *, #10596, .F. ) ;
#2561 = SURFACE_SIDE_STYLE ('',( #11037 ) ) ;
#2562 = VECTOR ( 'NONE', #2514, 1000.000000000000000 ) ;
#2563 = STYLED_ITEM ( 'NONE', ( #8141 ), #10617 ) ;
#2564 = DIRECTION ( 'NONE',  ( 0.0000000000000000000, 1.000000000000000000, 0.0000000000000000000 ) ) ;
#2565 = CARTESIAN_POINT ( 'NONE',  ( -0.1879702705965884679, 0.3010000000383806218, 0.2001819119379253109 ) ) ;
#2566 = CARTESIAN_POINT ( 'NONE',  ( -0.1551615128869879290, 0.3000000000383806764, 0.06260162315677947342 ) ) ;
#2567 = LINE ( 'NONE', #5359, #3604 ) ;
#2568 = ORIENTED_EDGE ( 'NONE', *, *, #5773, .F. ) ;
#2569 = VECTOR ( 'NONE', #5160, 1000.000000000000000 ) ;
#2570 = CARTESIAN_POINT ( 'NONE',  ( -0.2343635447031647834, 0.3000000000383806209, 0.2013813568590243908 ) ) ;
#2571 = PRESENTATION_LAYER_ASSIGNMENT (  '', '', ( #809 ) ) ;
#2572 = CARTESIAN_POINT ( 'NONE',  ( 0.2268149738132373416, 0.3000000000383806209, 0.05525936241691851991 ) ) ;
#2573 = EDGE_LOOP ( 'NONE', ( #5030, #6642, #8019, #5360 ) ) ;
#2574 = ADVANCED_FACE ( 'NONE', ( #6121 ), #4400, .F. ) ;
#2575 = ORIENTED_EDGE ( 'NONE', *, *, #4672, .F. ) ;
#2576 = EDGE_CURVE ( 'NONE', #723, #2603, #665, .T. ) ;
#2577 = LINE ( 'NONE', #2414, #8766 ) ;
#2578 = AXIS2_PLACEMENT_3D ( 'NONE', #8646, #1050, #6675 ) ;
#2579 = LINE ( 'NONE', #12236, #6162 ) ;
#2580 = VECTOR ( 'NONE', #4555, 1000.000000000000114 ) ;
#2581 = EDGE_LOOP ( 'NONE', ( #1356, #11910, #4020, #9876 ) ) ;
#2582 = B_SPLINE_CURVE_WITH_KNOTS ( 'NONE', 3,
 ( #11940, #9263, #4548, #8331 ),
 .UNSPECIFIED., .F., .F.,
 ( 4, 4 ),
 ( 8.000000000000000000, 9.000000000000000000 ),
 .UNSPECIFIED. ) ;
#2583 =( LENGTH_UNIT ( ) NAMED_UNIT ( * ) SI_UNIT ( .MILLI., .METRE. ) );
#2584 = MECHANICAL_DESIGN_GEOMETRIC_PRESENTATION_REPRESENTATION (  '', ( #6336 ), #3904 ) ;
#2585 = B_SPLINE_CURVE_WITH_KNOTS ( 'NONE', 3,
 ( #10711, #4033, #4085, #314 ),
 .UNSPECIFIED., .F., .F.,
 ( 4, 4 ),
 ( 0.0000000000000000000, 1.000000000000000000 ),
 .UNSPECIFIED. ) ;
#2586 = ORIENTED_EDGE ( 'NONE', *, *, #8622, .T. ) ;
#2587 = CARTESIAN_POINT ( 'NONE',  ( 0.2835608266892032936, 0.3010000000383806218, 0.1281076399072667571 ) ) ;
#2588 =( GEOMETRIC_REPRESENTATION_CONTEXT ( 3 ) GLOBAL_UNCERTAINTY_ASSIGNED_CONTEXT ( ( #4219 ) ) GLOBAL_UNIT_ASSIGNED_CONTEXT ( ( #4909, #1286, #3132 ) ) REPRESENTATION_CONTEXT ( 'NONE', 'WORKASPACE' ) );
#2589 = VERTEX_POINT ( 'NONE', #1805 ) ;
#2590 = PRESENTATION_LAYER_ASSIGNMENT (  '', '', ( #9702 ) ) ;
#2591 = DIRECTION ( 'NONE',  ( -0.007092178509965825842, 0.0000000000000000000, 0.9999748501857348426 ) ) ;
#2592 = EDGE_CURVE ( 'NONE', #9458, #2873, #865, .T. ) ;
#2593 = ORIENTED_EDGE ( 'NONE', *, *, #1984, .T. ) ;
#2594 = COLOUR_RGB ( '',1.000000000000000000, 1.000000000000000000, 1.000000000000000000 ) ;
#2595 = CARTESIAN_POINT ( 'NONE',  ( -0.1106294728516832582, 0.3000000000000000444, 0.08412905523827095278 ) ) ;
#2596 = CARTESIAN_POINT ( 'NONE',  ( 0.3108954633881262919, 0.3010000000383806218, 0.1274338729253616798 ) ) ;
#2597 = EDGE_CURVE ( 'NONE', #12256, #10134, #3035, .T. ) ;
#2598 =( NAMED_UNIT ( * ) PLANE_ANGLE_UNIT ( ) SI_UNIT ( $, .RADIAN. ) );
#2599 = DIRECTION ( 'NONE',  ( -0.9999748501857348426, 0.0000000000000000000, -0.007092178509963344320 ) ) ;
#2600 = VERTEX_POINT ( 'NONE', #12068 ) ;
#2601 = VECTOR ( 'NONE', #2783, 1000.000000000000000 ) ;
#2602 = VECTOR ( 'NONE', #1016, 1000.000000000000000 ) ;
#2603 = VERTEX_POINT ( 'NONE', #4689 ) ;
#2604 = VECTOR ( 'NONE', #5598, 1000.000000000000000 ) ;
#2605 = AXIS2_PLACEMENT_3D ( 'NONE', #7361, #1548, #3639 ) ;
#2606 = DIRECTION ( 'NONE',  ( -0.9999748501857349536, 0.0000000000000000000, -0.007092178509959796810 ) ) ;
#2607 = AXIS2_PLACEMENT_3D ( 'NONE', #6109, #11633, #3153 ) ;
#2608 =( NAMED_UNIT ( * ) SI_UNIT ( $, .STERADIAN. ) SOLID_ANGLE_UNIT ( ) );
#2609 = AXIS2_PLACEMENT_3D ( 'NONE', #3454, #7177, #8216 ) ;
#2610 = PLANE ( 'NONE',  #1971 ) ;
#2611 = DIRECTION ( 'NONE',  ( 0.0000000000000000000, 1.000000000000000000, 0.0000000000000000000 ) ) ;
#2612 = B_SPLINE_CURVE_WITH_KNOTS ( 'NONE', 3,
 ( #5753, #1059, #2176, #9827 ),
 .UNSPECIFIED., .F., .F.,
 ( 4, 4 ),
 ( 6.000000000000000000, 7.000000000000000000 ),
 .UNSPECIFIED. ) ;
#2613 =( NAMED_UNIT ( * ) SI_UNIT ( $, .STERADIAN. ) SOLID_ANGLE_UNIT ( ) );
#2614 = COLOUR_RGB ( '',0.7921568627450980005, 0.8196078431372548767, 0.9333333333333333481 ) ;
#2615 = STYLED_ITEM ( 'NONE', ( #7099 ), #4141 ) ;
#2616 = VERTEX_POINT ( 'NONE', #3588 ) ;
#2617 = CARTESIAN_POINT ( 'NONE',  ( 0.1737701084432274612, 0.3010000000383806218, 0.07223546485127343986 ) ) ;
#2618 = CARTESIAN_POINT ( 'NONE',  ( -0.3094510777426409120, 0.3010000000383806218, 0.1074865979289164747 ) ) ;
#2619 = CARTESIAN_POINT ( 'NONE',  ( -0.2679934270472213997, 0.3010000000383806218, 0.07209524121453195211 ) ) ;
#2620 = ORIENTED_EDGE ( 'NONE', *, *, #694, .T. ) ;
#2621 = UNCERTAINTY_MEASURE_WITH_UNIT (LENGTH_MEASURE( 1.000000000000000082E-05 ), #4433, 'distance_accuracy_value', 'NONE');
#2622 =( GEOMETRIC_REPRESENTATION_CONTEXT ( 3 ) GLOBAL_UNCERTAINTY_ASSIGNED_CONTEXT ( ( #2457 ) ) GLOBAL_UNIT_ASSIGNED_CONTEXT ( ( #11458, #2925, #11534 ) ) REPRESENTATION_CONTEXT ( 'NONE', 'WORKASPACE' ) );
#2623 =( LENGTH_UNIT ( ) NAMED_UNIT ( * ) SI_UNIT ( .MILLI., .METRE. ) );
#2624 =( GEOMETRIC_REPRESENTATION_CONTEXT ( 3 ) GLOBAL_UNCERTAINTY_ASSIGNED_CONTEXT ( ( #1285 ) ) GLOBAL_UNIT_ASSIGNED_CONTEXT ( ( #7699, #4340, #7132 ) ) REPRESENTATION_CONTEXT ( 'NONE', 'WORKASPACE' ) );
#2625 = PLANE ( 'NONE',  #2790 ) ;
#2626 = VERTEX_POINT ( 'NONE', #2658 ) ;
#2627 = EDGE_CURVE ( 'NONE', #11766, #2056, #4060, .T. ) ;
#2628 = PLANE ( 'NONE',  #5049 ) ;
#2629 =( NAMED_UNIT ( * ) SI_UNIT ( $, .STERADIAN. ) SOLID_ANGLE_UNIT ( ) );
#2630 = DIRECTION ( 'NONE',  ( -0.007092178509970722966, -0.0000000000000000000, 0.9999748501857347316 ) ) ;
#2631 = SURFACE_SIDE_STYLE ('',( #9497 ) ) ;
#2632 = CARTESIAN_POINT ( 'NONE',  ( -0.1707648134645446958, 0.3000000000000000444, 0.2130620896785551666 ) ) ;
#2633 = SURFACE_STYLE_FILL_AREA ( #10130 ) ;
#2634 = EDGE_LOOP ( 'NONE', ( #10650, #7805, #11604, #2104 ) ) ;
#2635 = CARTESIAN_POINT ( 'NONE',  ( 0.2584566845650436706, 0.3000000000000000444, 0.05895426299984748292 ) ) ;
#2636 =( NAMED_UNIT ( * ) SI_UNIT ( $, .STERADIAN. ) SOLID_ANGLE_UNIT ( ) );
#2637 = ORIENTED_EDGE ( 'NONE', *, *, #11942, .F. ) ;
#2638 = EDGE_CURVE ( 'NONE', #9456, #11261, #968, .T. ) ;
#2639 = UNCERTAINTY_MEASURE_WITH_UNIT (LENGTH_MEASURE( 1.000000000000000082E-05 ), #5328, 'distance_accuracy_value', 'NONE');
#2640 = ORIENTED_EDGE ( 'NONE', *, *, #11532, .F. ) ;
#2641 = FACE_OUTER_BOUND ( 'NONE', #7133, .T. ) ;
#2642 = PRESENTATION_STYLE_ASSIGNMENT (( #8083 ) ) ;
#2643 = CARTESIAN_POINT ( 'NONE',  ( 0.09992199848931948569, 0.3010000000383806218, 0.2087947179843276935 ) ) ;
#2644 = CARTESIAN_POINT ( 'NONE',  ( -0.06580555046161730426, 0.3000000000383806209, 0.2118413063438930599 ) ) ;
#2645 = ORIENTED_EDGE ( 'NONE', *, *, #8857, .F. ) ;
#2646 = B_SPLINE_SURFACE_WITH_KNOTS ( 'NONE', 3, 1, ( 
 ( #381, #5020 ),
 ( #4097, #7009 ),
 ( #4150, #11720 ),
 ( #2313, #8795 ) ),
 .UNSPECIFIED., .F., .F., .F.,
 ( 4, 4 ),
 ( 2, 2 ),
 ( 5.000000000000000000, 6.000000000000000000 ),
 ( 0.0000000000000000000, 1.000000000000000000 ),
 .UNSPECIFIED. ) ;
#2647 = DIRECTION ( 'NONE',  ( 0.9999748501857348426, 0.0000000000000000000, 0.007092178509964355664 ) ) ;
#2648 = ORIENTED_EDGE ( 'NONE', *, *, #9317, .F. ) ;
#2649 = EDGE_CURVE ( 'NONE', #7072, #5922, #8403, .T. ) ;
#2650 = ADVANCED_FACE ( 'NONE', ( #6423 ), #12189, .F. ) ;
#2651 = CARTESIAN_POINT ( 'NONE',  ( 0.2354906620911653981, 0.3000000000000000444, 0.1164877238949527938 ) ) ;
#2652 = CARTESIAN_POINT ( 'NONE',  ( -0.1404462351503606155, 0.3000000000000000444, 0.2132771198560967363 ) ) ;
#2653 = ORIENTED_EDGE ( 'NONE', *, *, #465, .T. ) ;
#2654 = ADVANCED_FACE ( 'NONE', ( #4633 ), #807, .F. ) ;
#2655 = DIRECTION ( 'NONE',  ( 0.9999748501857348426, 0.0000000000000000000, 0.007092178509965825842 ) ) ;
#2656 = VERTEX_POINT ( 'NONE', #11374 ) ;
#2657 = VECTOR ( 'NONE', #10560, 1000.000000000000000 ) ;
#2658 = CARTESIAN_POINT ( 'NONE',  ( -0.2963877271910252409, 0.3010000000383806773, 0.07105163361020422341 ) ) ;
#2659 = CARTESIAN_POINT ( 'NONE',  ( -0.1089894625464456063, 0.3010000000383806218, 0.08819584463670156194 ) ) ;
#2660 = CARTESIAN_POINT ( 'NONE',  ( -0.4499999999999981237, -0.2500000000000001665, -0.02000000000000000042 ) ) ;
#2661 = ORIENTED_EDGE ( 'NONE', *, *, #7585, .F. ) ;
#2662 = CARTESIAN_POINT ( 'NONE',  ( -0.06927822973042647992, 0.3000000000000000444, 0.05494445472113325402 ) ) ;
#2663 = CARTESIAN_POINT ( 'NONE',  ( -0.06571274714772742942, 0.3010000000383806218, 0.2009554253597677365 ) ) ;
#2664 = ORIENTED_EDGE ( 'NONE', *, *, #6677, .T. ) ;
#2665 = ADVANCED_FACE ( 'NONE', ( #1111 ), #2171, .F. ) ;
#2666 = STYLED_ITEM ( 'NONE', ( #374 ), #6111 ) ;
#2667 = EDGE_CURVE ( 'NONE', #12198, #723, #4999, .T. ) ;
#2668 = CARTESIAN_POINT ( 'NONE',  ( 0.09015416326393560498, 0.3010000000383806773, 0.05689298402215263450 ) ) ;
#2669 = SURFACE_STYLE_USAGE ( .BOTH. , #6633 ) ;
#2670 = LINE ( 'NONE', #2546, #33 ) ;
#2671 = CARTESIAN_POINT ( 'NONE',  ( -0.2232137446759145660, 0.3010000000383806773, 0.1752578767396400505 ) ) ;
#2672 = FILL_AREA_STYLE ('',( #3537 ) ) ;
#2673 = CARTESIAN_POINT ( 'NONE',  ( 0.1587568035690821167, 0.3010000000383806218, 0.2317699638499286230 ) ) ;
#2674 = ORIENTED_EDGE ( 'NONE', *, *, #7930, .T. ) ;
#2675 = CARTESIAN_POINT ( 'NONE',  ( 0.1935981002751219482, 0.3010000000383806218, 0.02899538591180083474 ) ) ;
#2676 = FILL_AREA_STYLE ('',( #1176 ) ) ;
#2677 = CARTESIAN_POINT ( 'NONE',  ( 0.1587568035690821167, 0.3010000000383806218, 0.2317699638499286230 ) ) ;
#2678 = ORIENTED_EDGE ( 'NONE', *, *, #9229, .T. ) ;
#2679 = CARTESIAN_POINT ( 'NONE',  ( -0.07947823490188062057, 0.3000000000000000444, 0.1516656114126317401 ) ) ;
#2680 =( NAMED_UNIT ( * ) PLANE_ANGLE_UNIT ( ) SI_UNIT ( $, .RADIAN. ) );
#2681 = CARTESIAN_POINT ( 'NONE',  ( -0.07962566394887087007, 0.3000000000383806209, 0.06469702645513186745 ) ) ;
#2682 = VERTEX_POINT ( 'NONE', #3946 ) ;
#2683 = VECTOR ( 'NONE', #10955, 1000.000000000000000 ) ;
#2684 = EDGE_CURVE ( 'NONE', #1980, #3493, #3031, .T. ) ;
#2685 = DIRECTION ( 'NONE',  ( -0.0000000000000000000, -1.000000000000000000, -0.0000000000000000000 ) ) ;
#2686 = CARTESIAN_POINT ( 'NONE',  ( 0.2833916159034451376, 0.3010000000383806218, 0.1519658281777148956 ) ) ;
#2687 =( NAMED_UNIT ( * ) PLANE_ANGLE_UNIT ( ) SI_UNIT ( $, .RADIAN. ) );
#2688 = CARTESIAN_POINT ( 'NONE',  ( 0.07603921403348276598, 0.3010000000383806218, 0.1509289948368763568 ) ) ;
#2689 = CARTESIAN_POINT ( 'NONE',  ( -0.07515791287049466973, 0.3010000000383806218, 0.05490275390995420779 ) ) ;
#2690 =( NAMED_UNIT ( * ) PLANE_ANGLE_UNIT ( ) SI_UNIT ( $, .RADIAN. ) );
#2691 = ORIENTED_EDGE ( 'NONE', *, *, #767, .F. ) ;
#2692 = FILL_AREA_STYLE ('',( #10194 ) ) ;
#2693 = SURFACE_STYLE_FILL_AREA ( #2884 ) ;
#2694 = DIRECTION ( 'NONE',  ( -0.0000000000000000000, -1.000000000000000000, -0.0000000000000000000 ) ) ;
#2695 = ORIENTED_EDGE ( 'NONE', *, *, #8208, .T. ) ;
#2696 = ORIENTED_EDGE ( 'NONE', *, *, #438, .F. ) ;
#2697 = CARTESIAN_POINT ( 'NONE',  ( -0.07962566394887087007, 0.3000000000383806209, 0.06469702645513186745 ) ) ;
#2698 = CARTESIAN_POINT ( 'NONE',  ( -0.08819141830943036386, 0.3000000000000000444, 0.2146771158920066924 ) ) ;
#2699 = VERTEX_POINT ( 'NONE', #1054 ) ;
#2700 = DIRECTION ( 'NONE',  ( -0.007092178509962483897, -0.0000000000000000000, 0.9999748501857348426 ) ) ;
#2701 = EDGE_LOOP ( 'NONE', ( #9518, #97, #6914, #2072 ) ) ;
#2702 = CARTESIAN_POINT ( 'NONE',  ( 0.2516268547034526404, 0.3000000000000000444, 0.1044555731240748297 ) ) ;
#2703 = SURFACE_STYLE_USAGE ( .BOTH. , #7420 ) ;
#2704 = ORIENTED_EDGE ( 'NONE', *, *, #3702, .F. ) ;
#2705 = VECTOR ( 'NONE', #3161, 1000.000000000000000 ) ;
#2706 = CARTESIAN_POINT ( 'NONE',  ( -0.2171197913716588490, 0.3010000000383806773, 0.05492529583016843298 ) ) ;
#2707 = VERTEX_POINT ( 'NONE', #4817 ) ;
#2708 = CARTESIAN_POINT ( 'NONE',  ( -0.1097918262667172962, 0.3010000000383806218, 0.09137189323063166224 ) ) ;
#2709 = ADVANCED_FACE ( 'NONE', ( #10574 ), #2112, .F. ) ;
#2710 = FILL_AREA_STYLE_COLOUR ( '', #8194 ) ;
#2711 = VERTEX_POINT ( 'NONE', #10814 ) ;
#2712 = FILL_AREA_STYLE ('',( #10271 ) ) ;
#2713 = FILL_AREA_STYLE ('',( #6684 ) ) ;
#2714 = AXIS2_PLACEMENT_3D ( 'NONE', #8651, #8711, #6855 ) ;
#2715 = ORIENTED_EDGE ( 'NONE', *, *, #4748, .T. ) ;
#2716 = B_SPLINE_CURVE_WITH_KNOTS ( 'NONE', 3,
 ( #8283, #5450, #9222, #3700 ),
 .UNSPECIFIED., .F., .F.,
 ( 4, 4 ),
 ( 5.000000000000000000, 6.000000000000000000 ),
 .UNSPECIFIED. ) ;
#2717 = UNCERTAINTY_MEASURE_WITH_UNIT (LENGTH_MEASURE( 1.000000000000000082E-05 ), #2583, 'distance_accuracy_value', 'NONE');
#2718 = CARTESIAN_POINT ( 'NONE',  ( 0.2174562885453621697, 0.3000000000000000444, 0.02916459669755753700 ) ) ;
#2719 = CARTESIAN_POINT ( 'NONE',  ( -0.08296386798547464303, 0.3010000000383806773, 0.07356350449083751131 ) ) ;
#2720 = CARTESIAN_POINT ( 'NONE',  ( -0.1996288660013571248, 0.3010000000383806218, 0.1660982860377836767 ) ) ;
#2721 = CARTESIAN_POINT ( 'NONE',  ( -0.2636122843015362704, 0.3000000000383806209, 0.06791518837213486592 ) ) ;
#2722 = LINE ( 'NONE', #935, #6668 ) ;
#2723 = MECHANICAL_DESIGN_GEOMETRIC_PRESENTATION_REPRESENTATION (  '', ( #5095 ), #8255 ) ;
#2724 = CARTESIAN_POINT ( 'NONE',  ( 0.4499999999999981792, 0.2499999999999998335, -0.02000000000000000042 ) ) ;
#2725 = EDGE_CURVE ( 'NONE', #12009, #7721, #423, .T. ) ;
#2726 = EDGE_CURVE ( 'NONE', #10589, #11975, #11601, .T. ) ;
#2727 = PRESENTATION_STYLE_ASSIGNMENT (( #9234 ) ) ;
#2728 = SURFACE_SIDE_STYLE ('',( #8550 ) ) ;
#2729 = VERTEX_POINT ( 'NONE', #1421 ) ;
#2730 = CARTESIAN_POINT ( 'NONE',  ( -0.1533597036915596568, 0.3010000000383806773, 0.2131855329286255207 ) ) ;
#2731 = LINE ( 'NONE', #10288, #7090 ) ;
#2732 = CARTESIAN_POINT ( 'NONE',  ( 0.2174562885453621697, 0.3010000000383806218, 0.02916459669755753700 ) ) ;
#2733 = VERTEX_POINT ( 'NONE', #5188 ) ;
#2734 = UNCERTAINTY_MEASURE_WITH_UNIT (LENGTH_MEASURE( 1.000000000000000082E-05 ), #7153, 'distance_accuracy_value', 'NONE');
#2735 = PLANE ( 'NONE',  #4388 ) ;
#2736 = PRESENTATION_LAYER_ASSIGNMENT (  '', '', ( #4515 ) ) ;
#2737 =( NAMED_UNIT ( * ) SI_UNIT ( $, .STERADIAN. ) SOLID_ANGLE_UNIT ( ) );
#2738 = CARTESIAN_POINT ( 'NONE',  ( -0.06936772024716261753, 0.3000000000383806209, 0.1005487491876268652 ) ) ;
#2739 = SURFACE_STYLE_FILL_AREA ( #7450 ) ;
#2740 = ORIENTED_EDGE ( 'NONE', *, *, #3844, .F. ) ;
#2741 =( NAMED_UNIT ( * ) PLANE_ANGLE_UNIT ( ) SI_UNIT ( $, .RADIAN. ) );
#2742 = DIRECTION ( 'NONE',  ( -0.9999748501857347316, 0.0000000000000000000, -0.007092178509969617947 ) ) ;
#2743 = EDGE_CURVE ( 'NONE', #2041, #5844, #8966, .T. ) ;
#2744 = EDGE_CURVE ( 'NONE', #1017, #1142, #8835, .T. ) ;
#2745 = B_SPLINE_CURVE_WITH_KNOTS ( 'NONE', 3,
 ( #946, #12157, #11346, #3670 ),
 .UNSPECIFIED., .F., .F.,
 ( 4, 4 ),
 ( 3.000000000000000000, 4.000000000000000000 ),
 .UNSPECIFIED. ) ;
#2746 = EDGE_CURVE ( 'NONE', #11106, #6620, #3219, .T. ) ;
#2747 = FILL_AREA_STYLE ('',( #8968 ) ) ;
#2748 = AXIS2_PLACEMENT_3D ( 'NONE', #9636, #2163, #3829 ) ;
#2749 = LINE ( 'NONE', #11292, #10431 ) ;
#2750 = CARTESIAN_POINT ( 'NONE',  ( -0.1220943914609887576, 0.3000000000000000444, 0.05572402396699576571 ) ) ;
#2751 = CARTESIAN_POINT ( 'NONE',  ( -0.02340991431105948761, 0.3010000000383806773, 0.08378064829231048061 ) ) ;
#2752 = DIRECTION ( 'NONE',  ( -0.0000000000000000000, -1.000000000000000000, -0.0000000000000000000 ) ) ;
#2753 = CARTESIAN_POINT ( 'NONE',  ( -0.3086168583962264900, 0.3010000000383806773, 0.1042171947001448995 ) ) ;
#2754 = ORIENTED_EDGE ( 'NONE', *, *, #7148, .T. ) ;
#2755 = B_SPLINE_CURVE_WITH_KNOTS ( 'NONE', 3,
 ( #9584, #10624, #5987, #11491 ),
 .UNSPECIFIED., .F., .F.,
 ( 4, 4 ),
 ( 0.0000000000000000000, 1.000000000000000000 ),
 .UNSPECIFIED. ) ;
#2756 = LINE ( 'NONE', #7404, #2562 ) ;
#2757 =( NAMED_UNIT ( * ) PLANE_ANGLE_UNIT ( ) SI_UNIT ( $, .RADIAN. ) );
#2758 = VECTOR ( 'NONE', #2462, 1000.000000000000000 ) ;
#2759 = CARTESIAN_POINT ( 'NONE',  ( 0.09469197609897327117, 0.3000000000000000444, 0.1510612868822690524 ) ) ;
#2760 = ORIENTED_EDGE ( 'NONE', *, *, #10386, .T. ) ;
#2761 = CARTESIAN_POINT ( 'NONE',  ( -0.2461213477916747161, 0.3010000000383806218, 0.1087155930253119601 ) ) ;
#2762 = VECTOR ( 'NONE', #5043, 1000.000000000000000 ) ;
#2763 =( LENGTH_UNIT ( ) NAMED_UNIT ( * ) SI_UNIT ( .MILLI., .METRE. ) );
#2764 = CARTESIAN_POINT ( 'NONE',  ( -0.1134434921385708284, 0.3000000000383806209, 0.06086992331849381405 ) ) ;
#2765 =( NAMED_UNIT ( * ) PLANE_ANGLE_UNIT ( ) SI_UNIT ( $, .RADIAN. ) );
#2766 = CARTESIAN_POINT ( 'NONE',  ( 0.09816225471974686367, 0.3000000000000000444, 0.1510858993367255321 ) ) ;
#2767 = ORIENTED_EDGE ( 'NONE', *, *, #3932, .T. ) ;
#2768 = PRESENTATION_LAYER_ASSIGNMENT (  '', '', ( #6726 ) ) ;
#2769 = LINE ( 'NONE', #10435, #2580 ) ;
#2770 = VERTEX_POINT ( 'NONE', #7800 ) ;
#2771 = VECTOR ( 'NONE', #6327, 1000.000000000000000 ) ;
#2772 = FILL_AREA_STYLE_COLOUR ( '', #6711 ) ;
#2773 = ORIENTED_EDGE ( 'NONE', *, *, #11976, .F. ) ;
#2774 = FILL_AREA_STYLE_COLOUR ( '', #11589 ) ;
#2775 = EDGE_LOOP ( 'NONE', ( #7504, #8486, #9748, #1508 ) ) ;
#2776 = PRESENTATION_LAYER_ASSIGNMENT (  '', '', ( #10477 ) ) ;
#2777 = ADVANCED_FACE ( 'NONE', ( #11775 ), #9835, .F. ) ;
#2778 = VECTOR ( 'NONE', #4917, 1000.000000000000000 ) ;
#2779 = PLANE ( 'NONE',  #12080 ) ;
#2780 = CARTESIAN_POINT ( 'NONE',  ( -0.3278980124440741828, 0.3010000000383806773, 0.05413961715163378291 ) ) ;
#2781 = PRESENTATION_LAYER_ASSIGNMENT (  '', '', ( #3976 ) ) ;
#2782 = VERTEX_POINT ( 'NONE', #8789 ) ;
#2783 = DIRECTION ( 'NONE',  ( -0.0000000000000000000, -1.000000000000000000, -0.0000000000000000000 ) ) ;
#2784 = LINE ( 'NONE', #1994, #9720 ) ;
#2785 = B_SPLINE_SURFACE_WITH_KNOTS ( 'NONE', 3, 1, ( 
 ( #1670, #12110 ),
 ( #10245, #8569 ),
 ( #5665, #5615 ),
 ( #6462, #2039 ) ),
 .UNSPECIFIED., .F., .F., .F.,
 ( 4, 4 ),
 ( 2, 2 ),
 ( 14.00000000000000000, 15.00000000000000000 ),
 ( 0.0000000000000000000, 1.000000000000000000 ),
 .UNSPECIFIED. ) ;
#2786 = PRESENTATION_STYLE_ASSIGNMENT (( #8658 ) ) ;
#2787 = ORIENTED_EDGE ( 'NONE', *, *, #4201, .T. ) ;
#2788 = DIRECTION ( 'NONE',  ( -0.0000000000000000000, -1.000000000000000000, -0.0000000000000000000 ) ) ;
#2789 = FILL_AREA_STYLE_COLOUR ( '', #1976 ) ;
#2790 = AXIS2_PLACEMENT_3D ( 'NONE', #10354, #5467, #4717 ) ;
#2791 =( GEOMETRIC_REPRESENTATION_CONTEXT ( 3 ) GLOBAL_UNCERTAINTY_ASSIGNED_CONTEXT ( ( #995 ) ) GLOBAL_UNIT_ASSIGNED_CONTEXT ( ( #1852, #9376, #34 ) ) REPRESENTATION_CONTEXT ( 'NONE', 'WORKASPACE' ) );
#2792 = CARTESIAN_POINT ( 'NONE',  ( -0.3194094911806665271, 0.3010000000383806773, 0.07778212340617211840 ) ) ;
#2793 = CARTESIAN_POINT ( 'NONE',  ( 0.2177054820917722067, 0.3010000000383806218, 0.05519475465062153446 ) ) ;
#2794 = STYLED_ITEM ( 'NONE', ( #7501 ), #3488 ) ;
#2795 = CARTESIAN_POINT ( 'NONE',  ( -0.08066651669031489613, 0.3000000000000000444, 0.1586757261441945344 ) ) ;
#2796 = CARTESIAN_POINT ( 'NONE',  ( -0.1134434921385708284, 0.3000000000383806209, 0.06086992331849381405 ) ) ;
#2797 =( GEOMETRIC_REPRESENTATION_CONTEXT ( 3 ) GLOBAL_UNCERTAINTY_ASSIGNED_CONTEXT ( ( #125 ) ) GLOBAL_UNIT_ASSIGNED_CONTEXT ( ( #9767, #6004, #5002 ) ) REPRESENTATION_CONTEXT ( 'NONE', 'WORKASPACE' ) );
#2798 = VECTOR ( 'NONE', #7809, 1000.000000000000114 ) ;
#2799 = CARTESIAN_POINT ( 'NONE',  ( -0.08235852309880657696, 0.3000000000000000444, 0.2147184848664923373 ) ) ;
#2800 = ORIENTED_EDGE ( 'NONE', *, *, #10668, .F. ) ;
#2802 = COLOUR_RGB ( '',1.000000000000000000, 1.000000000000000000, 1.000000000000000000 ) ;
#2801 = VECTOR ( 'NONE', #8728, 1000.000000000000000 ) ;
#2803 = STYLED_ITEM ( 'NONE', ( #11837 ), #12062 ) ;
#2804 = SURFACE_STYLE_USAGE ( .BOTH. , #2074 ) ;
#2805 = MECHANICAL_DESIGN_GEOMETRIC_PRESENTATION_REPRESENTATION (  '', ( #11107 ), #7356 ) ;
#2806 = FILL_AREA_STYLE_COLOUR ( '', #1761 ) ;
#2807 = AXIS2_PLACEMENT_3D ( 'NONE', #11438, #1812, #9464 ) ;
#2808 = LINE ( 'NONE', #9421, #3952 ) ;
#2809 = ORIENTED_EDGE ( 'NONE', *, *, #3657, .T. ) ;
#2810 =( NAMED_UNIT ( * ) SI_UNIT ( $, .STERADIAN. ) SOLID_ANGLE_UNIT ( ) );
#2811 = VECTOR ( 'NONE', #11060, 1000.000000000000114 ) ;
#2812 = EDGE_CURVE ( 'NONE', #6303, #5377, #4035, .T. ) ;
#2813 = EDGE_CURVE ( 'NONE', #3830, #2550, #10413, .T. ) ;
#2814 = ORIENTED_EDGE ( 'NONE', *, *, #9061, .F. ) ;
#2815 = VECTOR ( 'NONE', #5096, 1000.000000000000000 ) ;
#2816 = EDGE_CURVE ( 'NONE', #6431, #494, #317, .T. ) ;
#2817 = MECHANICAL_DESIGN_GEOMETRIC_PRESENTATION_REPRESENTATION (  '', ( #250 ), #7561 ) ;
#2818 = FACE_OUTER_BOUND ( 'NONE', #11986, .T. ) ;
#2819 = CARTESIAN_POINT ( 'NONE',  ( 0.0000000000000000000, 0.0000000000000000000, 0.0000000000000000000 ) ) ;
#2820 = CARTESIAN_POINT ( 'NONE',  ( -0.2753470953625867801, 0.3010000000383806218, 0.06876776656435842905 ) ) ;
#2821 = PRESENTATION_STYLE_ASSIGNMENT (( #3496 ) ) ;
#2822 = FILL_AREA_STYLE_COLOUR ( '', #5592 ) ;
#2823 = COLOUR_RGB ( '',1.000000000000000000, 1.000000000000000000, 1.000000000000000000 ) ;
#2824 = CARTESIAN_POINT ( 'NONE',  ( -0.1934591631605366568, 0.3010000000383806218, 0.1604336292458889701 ) ) ;
#2825 = MECHANICAL_DESIGN_GEOMETRIC_PRESENTATION_REPRESENTATION (  '', ( #10331 ), #2047 ) ;
#2826 = SURFACE_STYLE_USAGE ( .BOTH. , #9499 ) ;
#2827 = VERTEX_POINT ( 'NONE', #5073 ) ;
#2828 = EDGE_CURVE ( 'NONE', #4796, #11552, #375, .T. ) ;
#2829 = FILL_AREA_STYLE ('',( #5722 ) ) ;
#2830 = EDGE_CURVE ( 'NONE', #7685, #8551, #3234, .T. ) ;
#2831 = FACE_OUTER_BOUND ( 'NONE', #7287, .T. ) ;
#2832 = VERTEX_POINT ( 'NONE', #11522 ) ;
#2833 = FILL_AREA_STYLE_COLOUR ( '', #5937 ) ;
#2834 = STYLED_ITEM ( 'NONE', ( #9920 ), #5170 ) ;
#2835 = FILL_AREA_STYLE_COLOUR ( '', #8570 ) ;
#2836 = DIRECTION ( 'NONE',  ( -0.9999748501857349536, 0.0000000000000000000, -0.007092178509958840110 ) ) ;
#2837 = LINE ( 'NONE', #794, #6571 ) ;
#2838 = VERTEX_POINT ( 'NONE', #2184 ) ;
#2839 = DIRECTION ( 'NONE',  ( 1.463672932855430986E-14, -1.000000000000000000, -0.0000000000000000000 ) ) ;
#2840 = SURFACE_STYLE_USAGE ( .BOTH. , #12180 ) ;
#2841 = ORIENTED_EDGE ( 'NONE', *, *, #7004, .F. ) ;
#2842 = MECHANICAL_DESIGN_GEOMETRIC_PRESENTATION_REPRESENTATION (  '', ( #72 ), #4032 ) ;
#2843 = FILL_AREA_STYLE ('',( #12125 ) ) ;
#2844 = CARTESIAN_POINT ( 'NONE',  ( -0.1611858963196588501, 0.3000000000383806764, 0.2061114843274022279 ) ) ;
#2845 = ORIENTED_EDGE ( 'NONE', *, *, #10234, .F. ) ;
#2846 = EDGE_LOOP ( 'NONE', ( #7371, #278, #4632, #10016 ) ) ;
#2847 = SURFACE_STYLE_FILL_AREA ( #5444 ) ;
#2848 = MECHANICAL_DESIGN_GEOMETRIC_PRESENTATION_REPRESENTATION (  '', ( #1478 ), #8375 ) ;
#2849 = CARTESIAN_POINT ( 'NONE',  ( -0.07428321710576467340, 0.3010000000383806218, 0.09430637585150224156 ) ) ;
#2850 = CARTESIAN_POINT ( 'NONE',  ( 0.2901568176952524225, 0.3000000000000000444, 0.1767407862493474702 ) ) ;
#2851 = CARTESIAN_POINT ( 'NONE',  ( -0.1800132275282965710, 0.3000000000000000444, 0.2129964966254278558 ) ) ;
#2852 = ORIENTED_EDGE ( 'NONE', *, *, #9932, .T. ) ;
#2853 = UNCERTAINTY_MEASURE_WITH_UNIT (LENGTH_MEASURE( 1.000000000000000082E-05 ), #7615, 'distance_accuracy_value', 'NONE');
#2854 = B_SPLINE_CURVE_WITH_KNOTS ( 'NONE', 3,
 ( #1800, #5561, #11253, #5384 ),
 .UNSPECIFIED., .F., .F.,
 ( 4, 4 ),
 ( 33.00000000000000000, 34.00000000000000000 ),
 .UNSPECIFIED. ) ;
#2855 = CARTESIAN_POINT ( 'NONE',  ( -0.05922756360300536482, 0.3010000000383806218, 0.05844702505212615723 ) ) ;
#2856 = FACE_OUTER_BOUND ( 'NONE', #7299, .T. ) ;
#2857 = CARTESIAN_POINT ( 'NONE',  ( -0.1284783512381004744, 0.3000000000383806764, 0.09819551713281136907 ) ) ;
#2858 = CARTESIAN_POINT ( 'NONE',  ( -0.08878364078658368408, 0.3010000000383806218, 0.1524886295301682015 ) ) ;
#2859 = CARTESIAN_POINT ( 'NONE',  ( -0.1345518228300270902, 0.3010000000383806773, 0.09908824756497884578 ) ) ;
#2860 = CARTESIAN_POINT ( 'NONE',  ( -0.06900039478049899144, 0.3010000000383806218, 0.1609108194622984322 ) ) ;
#2861 = FILL_AREA_STYLE_COLOUR ( '', #7191 ) ;
#2862 = SURFACE_SIDE_STYLE ('',( #1184 ) ) ;
#2863 = LINE ( 'NONE', #10283, #11318 ) ;
#2864 = ORIENTED_EDGE ( 'NONE', *, *, #914, .F. ) ;
#2865 = DIRECTION ( 'NONE',  ( 1.000000000000000000, 0.0000000000000000000, 0.0000000000000000000 ) ) ;
#2866 = SURFACE_SIDE_STYLE ('',( #3795 ) ) ;
#2867 = ORIENTED_EDGE ( 'NONE', *, *, #9417, .F. ) ;
#2868 = UNCERTAINTY_MEASURE_WITH_UNIT (LENGTH_MEASURE( 1.000000000000000082E-05 ), #10066, 'distance_accuracy_value', 'NONE');
#2870 = EDGE_CURVE ( 'NONE', #3585, #8247, #7748, .T. ) ;
#2869 = PLANE ( 'NONE',  #7546 ) ;
#2871 = CARTESIAN_POINT ( 'NONE',  ( -0.07130338486278821331, 0.3000000000383806209, 0.06119998952027910777 ) ) ;
#2872 = CARTESIAN_POINT ( 'NONE',  ( -0.06537249139256422203, 0.3000000000000000444, 0.07381304289953131981 ) ) ;
#2873 = VERTEX_POINT ( 'NONE', #8733 ) ;
#2874 = CARTESIAN_POINT ( 'NONE',  ( -0.1999999999999981515, -0.2500000000000001665, -0.02000000000000000042 ) ) ;
#2875 = EDGE_CURVE ( 'NONE', #12093, #1536, #6816, .T. ) ;
#2876 = ADVANCED_FACE ( 'NONE', ( #10588 ), #10647, .T. ) ;
#2877 = CARTESIAN_POINT ( 'NONE',  ( 0.2835608266892032936, 0.3010000000383806218, 0.1281076399072667571 ) ) ;
#2878 = CARTESIAN_POINT ( 'NONE',  ( 0.2174655103380818133, 0.3010000000383806218, 0.08903001670842267123 ) ) ;
#2879 = CARTESIAN_POINT ( 'NONE',  ( 0.09469197609897327117, 0.3010000000383806218, 0.1510612868822690524 ) ) ;
#2880 = CARTESIAN_POINT ( 'NONE',  ( -0.04714787961761831431, 0.3010000000383806773, 0.1101267838715366404 ) ) ;
#2881 = CARTESIAN_POINT ( 'NONE',  ( 0.4999999999999997780, 0.3000000000000000444, 0.2999999999999999889 ) ) ;
#2882 = EDGE_LOOP ( 'NONE', ( #11565, #6676, #3522, #9122, #2366, #12245, #11960, #64 ) ) ;
#2883 = CARTESIAN_POINT ( 'NONE',  ( 0.1585076185311927455, 0.3000000000000000444, 0.2057397728603544695 ) ) ;
#2884 = FILL_AREA_STYLE ('',( #846 ) ) ;
#2885 = CARTESIAN_POINT ( 'NONE',  ( -0.1357250516081566216, 0.3010000000383806773, 0.04240129713246750670 ) ) ;
#2886 = ORIENTED_EDGE ( 'NONE', *, *, #5818, .F. ) ;
#2887 = VECTOR ( 'NONE', #8998, 1000.000000000000000 ) ;
#2888 = DIRECTION ( 'NONE',  ( -0.007092178509959874873, 0.0000000000000000000, 0.9999748501857349536 ) ) ;
#2889 = DIRECTION ( 'NONE',  ( 0.007092178509959781198, 0.0000000000000000000, -0.9999748501857349536 ) ) ;
#2890 = ADVANCED_FACE ( 'NONE', ( #5394 ), #7307, .F. ) ;
#2891 = CARTESIAN_POINT ( 'NONE',  ( -0.1166584943397402652, 0.3000000000000000444, 0.1799127948524280318 ) ) ;
#2892 = LINE ( 'NONE', #7778, #12051 ) ;
#2893 = CARTESIAN_POINT ( 'NONE',  ( 0.1585076185311927455, 0.3000000000000000444, 0.2057397728603544695 ) ) ;
#2894 = ORIENTED_EDGE ( 'NONE', *, *, #743, .F. ) ;
#2895 = CARTESIAN_POINT ( 'NONE',  ( -0.2380770480339418904, 0.3010000000383806773, 0.2125846872885029937 ) ) ;
#2896 = ORIENTED_EDGE ( 'NONE', *, *, #11807, .F. ) ;
#2897 = CARTESIAN_POINT ( 'NONE',  ( -0.09639389703908628204, 0.3010000000383806773, 0.1551017010080659730 ) ) ;
#2898 = DIRECTION ( 'NONE',  ( -0.9999748501857348426, -0.0000000000000000000, -0.007092178509963546415 ) ) ;
#2899 = VERTEX_POINT ( 'NONE', #10022 ) ;
#2900 = EDGE_LOOP ( 'NONE', ( #2773, #11813, #3027, #3403, #10921, #10058, #4337 ) ) ;
#2901 =( NAMED_UNIT ( * ) PLANE_ANGLE_UNIT ( ) SI_UNIT ( $, .RADIAN. ) );
#2902 = CARTESIAN_POINT ( 'NONE',  ( -0.1998649125028333640, 0.3000000000000000444, 0.1993800998865170870 ) ) ;
#2903 = EDGE_CURVE ( 'NONE', #9365, #10895, #11077, .T. ) ;
#2904 = DIRECTION ( 'NONE',  ( -0.0000000000000000000, -1.000000000000000000, -0.0000000000000000000 ) ) ;
#2905 =( LENGTH_UNIT ( ) NAMED_UNIT ( * ) SI_UNIT ( .MILLI., .METRE. ) );
#2906 = EDGE_CURVE ( 'NONE', #10609, #1632, #11888, .T. ) ;
#2907 = FILL_AREA_STYLE ('',( #11262 ) ) ;
#2908 = B_SPLINE_CURVE_WITH_KNOTS ( 'NONE', 3,
 ( #7331, #1661, #657, #8129 ),
 .UNSPECIFIED., .F., .F.,
 ( 4, 4 ),
 ( 23.00000000000000000, 24.00000000000000000 ),
 .UNSPECIFIED. ) ;
#2909 = PRESENTATION_STYLE_ASSIGNMENT (( #6627 ) ) ;
#2910 = ORIENTED_EDGE ( 'NONE', *, *, #11218, .F. ) ;
#2911 = LINE ( 'NONE', #182, #8872 ) ;
#2912 = AXIS2_PLACEMENT_3D ( 'NONE', #3353, #4282, #8928 ) ;
#2913 = VECTOR ( 'NONE', #1575, 1000.000000000000000 ) ;
#2914 = PRESENTATION_STYLE_ASSIGNMENT (( #5181 ) ) ;
#2915 = DIRECTION ( 'NONE',  ( 1.463672932855431301E-14, -1.000000000000000000, 0.0000000000000000000 ) ) ;
#2916 = LINE ( 'NONE', #7247, #2116 ) ;
#2917 = CARTESIAN_POINT ( 'NONE',  ( -0.08066651669031489613, 0.3010000000383806218, 0.1586757261441945344 ) ) ;
#2918 = CARTESIAN_POINT ( 'NONE',  ( 0.2516268547034526404, 0.3010000000383806218, 0.1044555731240748297 ) ) ;
#2919 = EDGE_LOOP ( 'NONE', ( #9028, #2928, #11055, #11348 ) ) ;
#2920 = AXIS2_PLACEMENT_3D ( 'NONE', #1689, #744, #4511 ) ;
#2921 = CARTESIAN_POINT ( 'NONE',  ( 0.1282811127908911331, 0.3000000000000000444, 0.06367049987529467547 ) ) ;
#2922 = AXIS2_PLACEMENT_3D ( 'NONE', #6520, #954, #4605 ) ;
#2923 = CARTESIAN_POINT ( 'NONE',  ( 0.4500000000000018430, -0.2500000000000001665, -0.0000000000000000000 ) ) ;
#2924 = ORIENTED_EDGE ( 'NONE', *, *, #6287, .F. ) ;
#2925 =( NAMED_UNIT ( * ) PLANE_ANGLE_UNIT ( ) SI_UNIT ( $, .RADIAN. ) );
#2926 = CARTESIAN_POINT ( 'NONE',  ( -0.3082354757770474629, 0.3010000000383806773, 0.1032217068980688102 ) ) ;
#2927 =( NAMED_UNIT ( * ) SI_UNIT ( $, .STERADIAN. ) SOLID_ANGLE_UNIT ( ) );
#2928 = ORIENTED_EDGE ( 'NONE', *, *, #5809, .F. ) ;
#2929 = PRESENTATION_LAYER_ASSIGNMENT (  '', '', ( #10046 ) ) ;
#2930 =( NAMED_UNIT ( * ) SI_UNIT ( $, .STERADIAN. ) SOLID_ANGLE_UNIT ( ) );
#2931 = EDGE_CURVE ( 'NONE', #9961, #10143, #9666, .T. ) ;
#2932 = ORIENTED_EDGE ( 'NONE', *, *, #2522, .T. ) ;
#2933 = FILL_AREA_STYLE_COLOUR ( '', #5691 ) ;
#2934 = UNCERTAINTY_MEASURE_WITH_UNIT (LENGTH_MEASURE( 1.000000000000000082E-05 ), #7723, 'distance_accuracy_value', 'NONE');
#2935 = CARTESIAN_POINT ( 'NONE',  ( -0.06046075534982608274, 0.3000000000000000444, 0.08058567943684857848 ) ) ;
#2936 = CARTESIAN_POINT ( 'NONE',  ( 0.07496245016367407421, 0.3000000000000000444, 0.05808665684566197834 ) ) ;
#2937 = ORIENTED_EDGE ( 'NONE', *, *, #1361, .T. ) ;
#2938 = CARTESIAN_POINT ( 'NONE',  ( -0.1945390498360939080, 0.3000000000383806209, 0.1829476931888865954 ) ) ;
#2939 = CARTESIAN_POINT ( 'NONE',  ( 0.1858360854224141712, 0.3000000000383806209, 0.2059335961005691606 ) ) ;
#2940 = SURFACE_STYLE_USAGE ( .BOTH. , #8445 ) ;
#2941 = LINE ( 'NONE', #6717, #6748 ) ;
#2942 = ORIENTED_EDGE ( 'NONE', *, *, #8035, .T. ) ;
#2943 = LINE ( 'NONE', #1216, #11472 ) ;
#2944 = PRESENTATION_LAYER_ASSIGNMENT (  '', '', ( #8068 ) ) ;
#2945 = LINE ( 'NONE', #6665, #677 ) ;
#2946 = CARTESIAN_POINT ( 'NONE',  ( -0.1047820843058547002, 0.3000000000383806209, 0.06233506160403734508 ) ) ;
#2947 = UNCERTAINTY_MEASURE_WITH_UNIT (LENGTH_MEASURE( 1.000000000000000082E-05 ), #5286, 'distance_accuracy_value', 'NONE');
#2948 = SURFACE_SIDE_STYLE ('',( #1222 ) ) ;
#2949 = CARTESIAN_POINT ( 'NONE',  ( 0.2081622117479547396, 0.3010000000383806218, 0.05512707037152728834 ) ) ;
#2950 = ORIENTED_EDGE ( 'NONE', *, *, #11579, .F. ) ;
#2951 = CARTESIAN_POINT ( 'NONE',  ( -0.1194479430906966455, 0.3010000000383806218, 0.06082733760946434226 ) ) ;
#2952 = CARTESIAN_POINT ( 'NONE',  ( 0.2584566845650436706, 0.3000000000000000444, 0.05895426299984748292 ) ) ;
#2953 = VERTEX_POINT ( 'NONE', #10894 ) ;
#2954 = STYLED_ITEM ( 'NONE', ( #8767 ), #7791 ) ;
#2955 =( NAMED_UNIT ( * ) SI_UNIT ( $, .STERADIAN. ) SOLID_ANGLE_UNIT ( ) );
#2956 = EDGE_CURVE ( 'NONE', #8447, #8147, #3468, .T. ) ;
#2957 = EDGE_CURVE ( 'NONE', #882, #7043, #11145, .T. ) ;
#2958 = VECTOR ( 'NONE', #2091, 1000.000000000000000 ) ;
#2959 = DIRECTION ( 'NONE',  ( -0.3382111624868763267, -0.0000000000000000000, 0.9410702468834490908 ) ) ;
#2960 = ORIENTED_EDGE ( 'NONE', *, *, #10296, .F. ) ;
#2961 = DIRECTION ( 'NONE',  ( -0.9999748501857348426, -0.0000000000000000000, -0.007092178509964197804 ) ) ;
#2962 = ORIENTED_EDGE ( 'NONE', *, *, #4697, .F. ) ;
#2963 = MECHANICAL_DESIGN_GEOMETRIC_PRESENTATION_REPRESENTATION (  '', ( #6508 ), #5132 ) ;
#2964 = CARTESIAN_POINT ( 'NONE',  ( 0.05054126773848501702, 0.3010000000383806218, 0.07613335299045410898 ) ) ;
#2965 = LINE ( 'NONE', #4876, #6349 ) ;
#2966 = VECTOR ( 'NONE', #1393, 1000.000000000000114 ) ;
#2967 = DIRECTION ( 'NONE',  ( 0.3349296977015619459, 0.0000000000000000000, 0.9422431202176752008 ) ) ;
#2968 = ORIENTED_EDGE ( 'NONE', *, *, #10662, .T. ) ;
#2969 = UNCERTAINTY_MEASURE_WITH_UNIT (LENGTH_MEASURE( 1.000000000000000082E-05 ), #5174, 'distance_accuracy_value', 'NONE');
#2970 = CARTESIAN_POINT ( 'NONE',  ( 0.1858360854224141712, 0.3000000000000000444, 0.2059335961005691606 ) ) ;
#2971 =( NAMED_UNIT ( * ) PLANE_ANGLE_UNIT ( ) SI_UNIT ( $, .RADIAN. ) );
#2972 = ADVANCED_FACE ( 'NONE', ( #3524 ), #9964, .F. ) ;
#2973 = STYLED_ITEM ( 'NONE', ( #11605 ), #8157 ) ;
#2974 =( NAMED_UNIT ( * ) PLANE_ANGLE_UNIT ( ) SI_UNIT ( $, .RADIAN. ) );
#2975 = MECHANICAL_DESIGN_GEOMETRIC_PRESENTATION_REPRESENTATION (  '', ( #809 ), #9685 ) ;
#2976 = EDGE_CURVE ( 'NONE', #3945, #7387, #3466, .T. ) ;
#2977 = CARTESIAN_POINT ( 'NONE',  ( 0.09256921454295001517, 0.3010000000383806218, 0.08337233655035201918 ) ) ;
#2978 = MECHANICAL_DESIGN_GEOMETRIC_PRESENTATION_REPRESENTATION (  '', ( #5942 ), #206 ) ;
#2979 = ADVANCED_FACE ( 'NONE', ( #12251 ), #11771, .F. ) ;
#2980 = LINE ( 'NONE', #5879, #7070 ) ;
#2981 = DIRECTION ( 'NONE',  ( 0.9999748501857348426, 0.0000000000000000000, 0.007092178509962986967 ) ) ;
#2982 = DIRECTION ( 'NONE',  ( -0.0000000000000000000, -1.000000000000000000, -0.0000000000000000000 ) ) ;
#2983 = ORIENTED_EDGE ( 'NONE', *, *, #9646, .T. ) ;
#2984 = CARTESIAN_POINT ( 'NONE',  ( -0.2365705191914510841, 0.3010000000383806773, 0.06174349973301983957 ) ) ;
#2985 = CARTESIAN_POINT ( 'NONE',  ( 0.3108954633881262919, 0.3010000000383806218, 0.1274338729253616798 ) ) ;
#2986 = VECTOR ( 'NONE', #4812, 1000.000000000000114 ) ;
#2987 = AXIS2_PLACEMENT_3D ( 'NONE', #4173, #7951, #6896 ) ;
#2988 = PLANE ( 'NONE',  #5736 ) ;
#2989 = EDGE_LOOP ( 'NONE', ( #4710, #10425, #4894, #1558, #7045, #9614 ) ) ;
#2990 = UNCERTAINTY_MEASURE_WITH_UNIT (LENGTH_MEASURE( 1.000000000000000082E-05 ), #3262, 'distance_accuracy_value', 'NONE');
#2991 =( NAMED_UNIT ( * ) PLANE_ANGLE_UNIT ( ) SI_UNIT ( $, .RADIAN. ) );
#2992 = MECHANICAL_DESIGN_GEOMETRIC_PRESENTATION_REPRESENTATION (  '', ( #10890 ), #9895 ) ;
#2993 = FILL_AREA_STYLE ('',( #3978 ) ) ;
#2994 = MECHANICAL_DESIGN_GEOMETRIC_PRESENTATION_REPRESENTATION (  '', ( #8719 ), #2797 ) ;
#2995 = CARTESIAN_POINT ( 'NONE',  ( -0.2550803981701580403, 0.3010000000383806218, 0.05465606565931812461 ) ) ;
#2996 = COLOUR_RGB ( '',1.000000000000000000, 1.000000000000000000, 1.000000000000000000 ) ;
#2997 = CARTESIAN_POINT ( 'NONE',  ( -0.08296386798547471242, 0.3000000000383806209, 0.07356350449083749743 ) ) ;
#2998 = ORIENTED_EDGE ( 'NONE', *, *, #10439, .T. ) ;
#2999 = CARTESIAN_POINT ( 'NONE',  ( -0.1303498635443924858, 0.3000000000000000444, 0.06739423748499547007 ) ) ;
#3000 = PRESENTATION_LAYER_ASSIGNMENT (  '', '', ( #1019 ) ) ;
#3001 = CARTESIAN_POINT ( 'NONE',  ( 0.2930118290230381839, 0.3010000000383806218, 0.08002207605094992238 ) ) ;
#3002 = CARTESIAN_POINT ( 'NONE',  ( -0.1847385718664072418, 0.3010000000383806773, 0.1161694840286279784 ) ) ;
#3003 = CARTESIAN_POINT ( 'NONE',  ( -0.08066651669031489613, 0.3000000000000000444, 0.1586757261441945344 ) ) ;
#3004 = PRESENTATION_STYLE_ASSIGNMENT (( #5973 ) ) ;
#3005 = SURFACE_SIDE_STYLE ('',( #2273 ) ) ;
#3006 = VERTEX_POINT ( 'NONE', #120 ) ;
#3007 =( GEOMETRIC_REPRESENTATION_CONTEXT ( 3 ) GLOBAL_UNCERTAINTY_ASSIGNED_CONTEXT ( ( #2486 ) ) GLOBAL_UNIT_ASSIGNED_CONTEXT ( ( #4824, #7976, #1494 ) ) REPRESENTATION_CONTEXT ( 'NONE', 'WORKASPACE' ) );
#3008 =( GEOMETRIC_REPRESENTATION_CONTEXT ( 3 ) GLOBAL_UNCERTAINTY_ASSIGNED_CONTEXT ( ( #2497 ) ) GLOBAL_UNIT_ASSIGNED_CONTEXT ( ( #11250, #6613, #5676 ) ) REPRESENTATION_CONTEXT ( 'NONE', 'WORKASPACE' ) );
#3009 = FILL_AREA_STYLE_COLOUR ( '', #5580 ) ;
#3010 = COLOUR_RGB ( '',1.000000000000000000, 1.000000000000000000, 1.000000000000000000 ) ;
#3011 = DIRECTION ( 'NONE',  ( 0.007092178509963395494, 0.0000000000000000000, -0.9999748501857348426 ) ) ;
#3012 = CARTESIAN_POINT ( 'NONE',  ( -0.5000000000000002220, 0.2500000000000000000, 0.2999999999999999889 ) ) ;
#3013 = CARTESIAN_POINT ( 'NONE',  ( -0.02326434861474183796, 0.3010000000383806773, 0.06325634321975937002 ) ) ;
#3014 = ORIENTED_EDGE ( 'NONE', *, *, #8740, .T. ) ;
#3015 = CARTESIAN_POINT ( 'NONE',  ( 0.4499999999999996780, -0.2499999999999998890, 0.2999999999999999889 ) ) ;
#3016 = COLOUR_RGB ( '',0.1019607843137254888, 0.1019607843137254888, 0.1019607843137254888 ) ;
#3017 =( GEOMETRIC_REPRESENTATION_CONTEXT ( 3 ) GLOBAL_UNCERTAINTY_ASSIGNED_CONTEXT ( ( #3743 ) ) GLOBAL_UNIT_ASSIGNED_CONTEXT ( ( #11680, #2221, #4010 ) ) REPRESENTATION_CONTEXT ( 'NONE', 'WORKASPACE' ) );
#3018 = SURFACE_STYLE_USAGE ( .BOTH. , #1225 ) ;
#3019 = ORIENTED_EDGE ( 'NONE', *, *, #4326, .T. ) ;
#3020 = SURFACE_STYLE_USAGE ( .BOTH. , #1293 ) ;
#3021 = SURFACE_STYLE_USAGE ( .BOTH. , #1227 ) ;
#3022 = VERTEX_POINT ( 'NONE', #61 ) ;
#3023 = EDGE_CURVE ( 'NONE', #8597, #80, #10388, .T. ) ;
#3024 = CARTESIAN_POINT ( 'NONE',  ( -0.09639389703908628204, 0.3000000000000000444, 0.1551017010080659730 ) ) ;
#3025 =( GEOMETRIC_REPRESENTATION_CONTEXT ( 3 ) GLOBAL_UNCERTAINTY_ASSIGNED_CONTEXT ( ( #9675 ) ) GLOBAL_UNIT_ASSIGNED_CONTEXT ( ( #938, #4771, #1949 ) ) REPRESENTATION_CONTEXT ( 'NONE', 'WORKASPACE' ) );
#3026 = FILL_AREA_STYLE_COLOUR ( '', #10287 ) ;
#3027 = ORIENTED_EDGE ( 'NONE', *, *, #2597, .F. ) ;
#3028 = AXIS2_PLACEMENT_3D ( 'NONE', #11264, #4755, #5638 ) ;
#3029 = FACE_OUTER_BOUND ( 'NONE', #5886, .T. ) ;
#3030 = ORIENTED_EDGE ( 'NONE', *, *, #2812, .T. ) ;
#3031 = LINE ( 'NONE', #5925, #10621 ) ;
#3032 =( NAMED_UNIT ( * ) SI_UNIT ( $, .STERADIAN. ) SOLID_ANGLE_UNIT ( ) );
#3033 = SURFACE_STYLE_USAGE ( .BOTH. , #1934 ) ;
#3034 = SURFACE_SIDE_STYLE ('',( #1302 ) ) ;
#3035 = B_SPLINE_CURVE_WITH_KNOTS ( 'NONE', 3,
 ( #3523, #12248, #10156, #10333 ),
 .UNSPECIFIED., .F., .F.,
 ( 4, 4 ),
 ( 5.000000000000000000, 6.000000000000000000 ),
 .UNSPECIFIED. ) ;
#3036 =( LENGTH_UNIT ( ) NAMED_UNIT ( * ) SI_UNIT ( .MILLI., .METRE. ) );
#3037 = ADVANCED_FACE ( 'NONE', ( #6560 ), #588, .F. ) ;
#3038 = ADVANCED_FACE ( 'NONE', ( #305 ), #9591, .T. ) ;
#3039 = FILL_AREA_STYLE_COLOUR ( '', #4390 ) ;
#3040 =( GEOMETRIC_REPRESENTATION_CONTEXT ( 3 ) GLOBAL_UNCERTAINTY_ASSIGNED_CONTEXT ( ( #6445 ) ) GLOBAL_UNIT_ASSIGNED_CONTEXT ( ( #8362, #3663, #4417 ) ) REPRESENTATION_CONTEXT ( 'NONE', 'WORKASPACE' ) );
#3041 = FILL_AREA_STYLE ('',( #7556 ) ) ;
#3042 = EDGE_LOOP ( 'NONE', ( #2388, #737, #9925, #180 ) ) ;
#3043 = ADVANCED_FACE ( 'NONE', ( #1358 ), #5929, .F. ) ;
#3044 = LINE ( 'NONE', #3842, #3154 ) ;
#3045 = CARTESIAN_POINT ( 'NONE',  ( 0.2398746465872760858, 0.3010000000383806218, 0.1711785080609857512 ) ) ;
#3046 = DIRECTION ( 'NONE',  ( -0.007092178509963661774, 0.0000000000000000000, 0.9999748501857348426 ) ) ;
#3047 =( NAMED_UNIT ( * ) PLANE_ANGLE_UNIT ( ) SI_UNIT ( $, .RADIAN. ) );
#3048 = B_SPLINE_CURVE_WITH_KNOTS ( 'NONE', 3,
 ( #6323, #4416, #8181, #1894, #3714, #3847, #3602 ),
 .UNSPECIFIED., .F., .F.,
 ( 4, 3, 4 ),
 ( 0.0000000000000000000, 1.000000000000000000, 2.000000000000000000 ),
 .UNSPECIFIED. ) ;
#3049 = SURFACE_SIDE_STYLE ('',( #11334 ) ) ;
#3050 = CARTESIAN_POINT ( 'NONE',  ( -0.1106294728516832582, 0.3010000000383806218, 0.08412905523827095278 ) ) ;
#3051 = DIRECTION ( 'NONE',  ( 0.9999748501857348426, -0.0000000000000000000, 0.007092178509965236036 ) ) ;
#3052 = ORIENTED_EDGE ( 'NONE', *, *, #8384, .T. ) ;
#3053 = EDGE_CURVE ( 'NONE', #11425, #7572, #1413, .T. ) ;
#3054 = B_SPLINE_CURVE_WITH_KNOTS ( 'NONE', 3,
 ( #5463, #4593, #3426, #1579 ),
 .UNSPECIFIED., .F., .F.,
 ( 4, 4 ),
 ( 15.00000000000000000, 16.00000000000000000 ),
 .UNSPECIFIED. ) ;
#3055 = CARTESIAN_POINT ( 'NONE',  ( -0.1945390498360939080, 0.3010000000383806218, 0.1829476931888865954 ) ) ;
#3056 = EDGE_CURVE ( 'NONE', #8147, #2264, #8634, .T. ) ;
#3057 = ORIENTED_EDGE ( 'NONE', *, *, #2638, .F. ) ;
#3058 = COLOUR_RGB ( '',1.000000000000000000, 1.000000000000000000, 1.000000000000000000 ) ;
#3059 = CARTESIAN_POINT ( 'NONE',  ( -0.1011086274763220716, 0.3000000000000000444, 0.08756548084747654837 ) ) ;
#3060 = CARTESIAN_POINT ( 'NONE',  ( -0.05560797249322050467, 0.3000000000383806209, 0.07587868176061063341 ) ) ;
#3061 = CARTESIAN_POINT ( 'NONE',  ( -0.1563250175356250549, 0.3010000000383806773, 0.06611823915281013486 ) ) ;
#3062 = VERTEX_POINT ( 'NONE', #6986 ) ;
#3063 = SURFACE_STYLE_USAGE ( .BOTH. , #4721 ) ;
#3064 = MECHANICAL_DESIGN_GEOMETRIC_PRESENTATION_REPRESENTATION (  '', ( #1488 ), #10366 ) ;
#3065 = ORIENTED_EDGE ( 'NONE', *, *, #1873, .T. ) ;
#3066 = CARTESIAN_POINT ( 'NONE',  ( -0.2785402912896446925, 0.3010000000383806218, 0.08577678229140707489 ) ) ;
#3067 = PRESENTATION_STYLE_ASSIGNMENT (( #7019 ) ) ;
#3068 = CARTESIAN_POINT ( 'NONE',  ( -0.2206694978298006649, 0.3010000000383806773, 0.1683821530840460545 ) ) ;
#3069 = FACE_OUTER_BOUND ( 'NONE', #4782, .T. ) ;
#3070 = ORIENTED_EDGE ( 'NONE', *, *, #2217, .T. ) ;
#3071 = PRESENTATION_LAYER_ASSIGNMENT (  '', '', ( #3851 ) ) ;
#3072 = CARTESIAN_POINT ( 'NONE',  ( -0.1922751976859913281, 0.3000000000383806209, 0.1694257606879575884 ) ) ;
#3073 = CARTESIAN_POINT ( 'NONE',  ( -0.08016290024583248852, 0.3010000000383806218, 0.09426467504032319533 ) ) ;
#3074 = LINE ( 'NONE', #7823, #8701 ) ;
#3075 = ORIENTED_EDGE ( 'NONE', *, *, #10479, .T. ) ;
#3076 = LINE ( 'NONE', #10744, #1551 ) ;
#3077 = UNCERTAINTY_MEASURE_WITH_UNIT (LENGTH_MEASURE( 1.000000000000000082E-05 ), #10841, 'distance_accuracy_value', 'NONE');
#3078 = CARTESIAN_POINT ( 'NONE',  ( -0.1181675307123672830, 0.3000000000000000444, 0.1002026435160618817 ) ) ;
#3079 = FILL_AREA_STYLE_COLOUR ( '', #6365 ) ;
#3080 = CARTESIAN_POINT ( 'NONE',  ( -0.07963672377970335003, 0.3000000000383806209, 0.05746005091060948922 ) ) ;
#3081 = EDGE_LOOP ( 'NONE', ( #4975, #9213, #9784, #9261 ) ) ;
#3082 = SURFACE_STYLE_FILL_AREA ( #4921 ) ;
#3083 = FACE_OUTER_BOUND ( 'NONE', #8338, .T. ) ;
#3084 = VERTEX_POINT ( 'NONE', #9310 ) ;
#3085 = CARTESIAN_POINT ( 'NONE',  ( -0.1553642605812432242, 0.3010000000383806773, 0.06260018519777493795 ) ) ;
#3086 = ORIENTED_EDGE ( 'NONE', *, *, #8271, .F. ) ;
#3087 = LINE ( 'NONE', #6857, #6931 ) ;
#3088 =( LENGTH_UNIT ( ) NAMED_UNIT ( * ) SI_UNIT ( .MILLI., .METRE. ) );
#3089 = EDGE_CURVE ( 'NONE', #11810, #4810, #372, .T. ) ;
#3090 =( GEOMETRIC_REPRESENTATION_CONTEXT ( 3 ) GLOBAL_UNCERTAINTY_ASSIGNED_CONTEXT ( ( #5896 ) ) GLOBAL_UNIT_ASSIGNED_CONTEXT ( ( #12246, #7366, #7301 ) ) REPRESENTATION_CONTEXT ( 'NONE', 'WORKASPACE' ) );
#3091 = PRESENTATION_STYLE_ASSIGNMENT (( #10578 ) ) ;
#3092 = CARTESIAN_POINT ( 'NONE',  ( -0.1435480375257111030, 0.3010000000383806218, 0.04147239510818574726 ) ) ;
#3093 = SURFACE_STYLE_FILL_AREA ( #1429 ) ;
#3094 = VERTEX_POINT ( 'NONE', #10817 ) ;
#3095 =( LENGTH_UNIT ( ) NAMED_UNIT ( * ) SI_UNIT ( .MILLI., .METRE. ) );
#3096 = VECTOR ( 'NONE', #6177, 1000.000000000000000 ) ;
#3097 = CARTESIAN_POINT ( 'NONE',  ( -0.08299351206344997289, 0.3010000000383806773, 0.07774322619278853375 ) ) ;
#3098 = FACE_OUTER_BOUND ( 'NONE', #9997, .T. ) ;
#3099 = PRESENTATION_STYLE_ASSIGNMENT (( #2129 ) ) ;
#3100 = EDGE_CURVE ( 'NONE', #1138, #11975, #4318, .T. ) ;
#3101 = ORIENTED_EDGE ( 'NONE', *, *, #11579, .T. ) ;
#3102 =( LENGTH_UNIT ( ) NAMED_UNIT ( * ) SI_UNIT ( .MILLI., .METRE. ) );
#3103 = STYLED_ITEM ( 'NONE', ( #5820 ), #2325 ) ;
#3104 = ORIENTED_EDGE ( 'NONE', *, *, #7741, .T. ) ;
#3105 = UNCERTAINTY_MEASURE_WITH_UNIT (LENGTH_MEASURE( 1.000000000000000082E-05 ), #7607, 'distance_accuracy_value', 'NONE');
#3106 = DIRECTION ( 'NONE',  ( 0.9999748501857348426, 0.0000000000000000000, 0.007092178509962860332 ) ) ;
#3107 = CARTESIAN_POINT ( 'NONE',  ( -0.06905856497853075926, 0.3000000000000000444, 0.09434343094896985304 ) ) ;
#3108 = EDGE_CURVE ( 'NONE', #8827, #3718, #7614, .T. ) ;
#3109 = DIRECTION ( 'NONE',  ( -0.0000000000000000000, -1.000000000000000000, -0.0000000000000000000 ) ) ;
#3110 = EDGE_CURVE ( 'NONE', #923, #10591, #1844, .T. ) ;
#3111 = CARTESIAN_POINT ( 'NONE',  ( -0.3366005673301507017, 0.3010000000383806773, 0.05407789552660156873 ) ) ;
#3112 = ORIENTED_EDGE ( 'NONE', *, *, #11916, .F. ) ;
#3113 =( NAMED_UNIT ( * ) SI_UNIT ( $, .STERADIAN. ) SOLID_ANGLE_UNIT ( ) );
#3114 = PRESENTATION_LAYER_ASSIGNMENT (  '', '', ( #11615 ) ) ;
#3115 = FACE_OUTER_BOUND ( 'NONE', #2492, .T. ) ;
#3116 = ORIENTED_EDGE ( 'NONE', *, *, #466, .F. ) ;
#3117 = CARTESIAN_POINT ( 'NONE',  ( -0.1011086274763220716, 0.3010000000383806218, 0.08756548084747654837 ) ) ;
#3118 = CARTESIAN_POINT ( 'NONE',  ( -0.1878940549403086968, 0.3000000000383806209, 0.1652457078455596695 ) ) ;
#3119 = DIRECTION ( 'NONE',  ( 0.9999748501857348426, -0.0000000000000000000, 0.007092178509964422450 ) ) ;
#3120 = UNCERTAINTY_MEASURE_WITH_UNIT (LENGTH_MEASURE( 1.000000000000000082E-05 ), #5496, 'distance_accuracy_value', 'NONE');
#3121 =( NAMED_UNIT ( * ) SI_UNIT ( $, .STERADIAN. ) SOLID_ANGLE_UNIT ( ) );
#3122 = COLOUR_RGB ( '',1.000000000000000000, 1.000000000000000000, 1.000000000000000000 ) ;
#3123 = ORIENTED_EDGE ( 'NONE', *, *, #6503, .T. ) ;
#3124 =( GEOMETRIC_REPRESENTATION_CONTEXT ( 3 ) GLOBAL_UNCERTAINTY_ASSIGNED_CONTEXT ( ( #2621 ) ) GLOBAL_UNIT_ASSIGNED_CONTEXT ( ( #4433, #3495, #2629 ) ) REPRESENTATION_CONTEXT ( 'NONE', 'WORKASPACE' ) );
#3125 = CARTESIAN_POINT ( 'NONE',  ( -0.08066651669031489613, 0.3000000000000000444, 0.1586757261441945344 ) ) ;
#3126 = CARTESIAN_POINT ( 'NONE',  ( 0.09256921454295005680, 0.3010000000383806773, 0.08337233655035200530 ) ) ;
#3127 = EDGE_CURVE ( 'NONE', #8987, #9641, #10235, .T. ) ;
#3128 = DIRECTION ( 'NONE',  ( -0.3427414958530342615, -0.0000000000000000000, -0.9394297562992267592 ) ) ;
#3129 = FACE_OUTER_BOUND ( 'NONE', #3645, .T. ) ;
#3130 = VERTEX_POINT ( 'NONE', #8025 ) ;
#3131 = EDGE_CURVE ( 'NONE', #2770, #8095, #8438, .T. ) ;
#3132 =( NAMED_UNIT ( * ) SI_UNIT ( $, .STERADIAN. ) SOLID_ANGLE_UNIT ( ) );
#3133 = PRESENTATION_LAYER_ASSIGNMENT (  '', '', ( #4117 ) ) ;
#3134 =( GEOMETRIC_REPRESENTATION_CONTEXT ( 3 ) GLOBAL_UNCERTAINTY_ASSIGNED_CONTEXT ( ( #3854 ) ) GLOBAL_UNIT_ASSIGNED_CONTEXT ( ( #6212, #4286, #9051 ) ) REPRESENTATION_CONTEXT ( 'NONE', 'WORKASPACE' ) );
#3135 = SURFACE_SIDE_STYLE ('',( #6902 ) ) ;
#3136 = PLANE ( 'NONE',  #8946 ) ;
#3137 = LINE ( 'NONE', #296, #9922 ) ;
#3138 = ORIENTED_EDGE ( 'NONE', *, *, #630, .T. ) ;
#3139 = FILL_AREA_STYLE_COLOUR ( '', #10461 ) ;
#3140 = B_SPLINE_SURFACE_WITH_KNOTS ( 'NONE', 3, 1, ( 
 ( #5907, #6840 ),
 ( #5666, #10556 ),
 ( #5724, #157 ),
 ( #2885, #4730 ) ),
 .UNSPECIFIED., .F., .F., .F.,
 ( 4, 4 ),
 ( 2, 2 ),
 ( 4.000000000000000000, 5.000000000000000000 ),
 ( 0.0000000000000000000, 1.000000000000000000 ),
 .UNSPECIFIED. ) ;
#3141 = DIRECTION ( 'NONE',  ( -0.0000000000000000000, -1.000000000000000000, -0.0000000000000000000 ) ) ;
#3142 = AXIS2_PLACEMENT_3D ( 'NONE', #9970, #5143, #7993 ) ;
#3143 =( NAMED_UNIT ( * ) SI_UNIT ( $, .STERADIAN. ) SOLID_ANGLE_UNIT ( ) );
#3144 = VERTEX_POINT ( 'NONE', #5609 ) ;
#3145 = CARTESIAN_POINT ( 'NONE',  ( 0.1120895504005327142, 0.3010000000383806773, 0.08351078173869919130 ) ) ;
#3146 = ORIENTED_EDGE ( 'NONE', *, *, #8712, .T. ) ;
#3147 = FILL_AREA_STYLE ('',( #5119 ) ) ;
#3148 = VECTOR ( 'NONE', #8239, 1000.000000000000114 ) ;
#3149 = FILL_AREA_STYLE ('',( #11630 ) ) ;
#3150 = CARTESIAN_POINT ( 'NONE',  ( -0.1563250175356250826, 0.3000000000000000444, 0.06611823915281013486 ) ) ;
#3151 = CARTESIAN_POINT ( 'NONE',  ( -0.06548442679329812000, 0.3010000000383806218, 0.06320645153347548284 ) ) ;
#3152 = LINE ( 'NONE', #2297, #6478 ) ;
#3153 = DIRECTION ( 'NONE',  ( 1.000000000000000000, 0.0000000000000000000, 0.0000000000000000000 ) ) ;
#3154 = VECTOR ( 'NONE', #4760, 1000.000000000000114 ) ;
#3155 = CARTESIAN_POINT ( 'NONE',  ( -0.05090353491118973506, 0.3010000000383806218, 0.1822507638114128914 ) ) ;
#3156 = ORIENTED_EDGE ( 'NONE', *, *, #5321, .T. ) ;
#3157 = CARTESIAN_POINT ( 'NONE',  ( -0.1835370319264455485, 0.3000000000383806209, 0.2040501572550144083 ) ) ;
#3158 = CARTESIAN_POINT ( 'NONE',  ( 0.06109670222509443888, 0.3000000000000000444, 0.1169860697357324036 ) ) ;
#3159 = ADVANCED_FACE ( 'NONE', ( #6519 ), #6231, .F. ) ;
#3160 =( NAMED_UNIT ( * ) PLANE_ANGLE_UNIT ( ) SI_UNIT ( $, .RADIAN. ) );
#3161 = DIRECTION ( 'NONE',  ( -0.0000000000000000000, -1.000000000000000000, -0.0000000000000000000 ) ) ;
#3162 = STYLED_ITEM ( 'NONE', ( #4900 ), #10756 ) ;
#3163 =( NAMED_UNIT ( * ) PLANE_ANGLE_UNIT ( ) SI_UNIT ( $, .RADIAN. ) );
#3164 = CARTESIAN_POINT ( 'NONE',  ( -0.1800132275282965710, 0.3010000000383806218, 0.2129964966254278558 ) ) ;
#3165 = ORIENTED_EDGE ( 'NONE', *, *, #10891, .T. ) ;
#3166 =( NAMED_UNIT ( * ) SI_UNIT ( $, .STERADIAN. ) SOLID_ANGLE_UNIT ( ) );
#3167 = VERTEX_POINT ( 'NONE', #490 ) ;
#3168 = DIRECTION ( 'NONE',  ( -0.0000000000000000000, -1.000000000000000000, -0.0000000000000000000 ) ) ;
#3169 = DIRECTION ( 'NONE',  ( -0.0000000000000000000, -1.000000000000000000, -0.0000000000000000000 ) ) ;
#3170 = STYLED_ITEM ( 'NONE', ( #4612 ), #726 ) ;
#3171 = LINE ( 'NONE', #8993, #5959 ) ;
#3172 = ORIENTED_EDGE ( 'NONE', *, *, #1763, .T. ) ;
#3173 = SURFACE_STYLE_USAGE ( .BOTH. , #4226 ) ;
#3174 = AXIS2_PLACEMENT_3D ( 'NONE', #2859, #3780, #8602 ) ;
#3175 =( GEOMETRIC_REPRESENTATION_CONTEXT ( 3 ) GLOBAL_UNCERTAINTY_ASSIGNED_CONTEXT ( ( #9909 ) ) GLOBAL_UNIT_ASSIGNED_CONTEXT ( ( #4191, #7966, #2516 ) ) REPRESENTATION_CONTEXT ( 'NONE', 'WORKASPACE' ) );
#3176 = ORIENTED_EDGE ( 'NONE', *, *, #6667, .T. ) ;
#3177 = CIRCLE ( 'NONE', #5746, 0.05000000000000002359 ) ;
#3178 = DIRECTION ( 'NONE',  ( -0.4567202763531394982, 0.0000000000000000000, -0.8896103580601519845 ) ) ;
#3179 = AXIS2_PLACEMENT_3D ( 'NONE', #8154, #6299, #5374 ) ;
#3180 = SURFACE_STYLE_USAGE ( .BOTH. , #6032 ) ;
#3181 = ADVANCED_FACE ( 'NONE', ( #7112, #7336, #11111 ), #2628, .F. ) ;
#3182 = EDGE_CURVE ( 'NONE', #172, #5053, #7588, .T. ) ;
#3183 = SURFACE_STYLE_USAGE ( .BOTH. , #3005 ) ;
#3184 = STYLED_ITEM ( 'NONE', ( #7096 ), #9839 ) ;
#3185 = MECHANICAL_DESIGN_GEOMETRIC_PRESENTATION_REPRESENTATION (  '', ( #422 ), #5757 ) ;
#3186 =( NAMED_UNIT ( * ) PLANE_ANGLE_UNIT ( ) SI_UNIT ( $, .RADIAN. ) );
#3187 = EDGE_CURVE ( 'NONE', #3355, #11261, #7517, .T. ) ;
#3188 = STYLED_ITEM ( 'NONE', ( #3801 ), #1035 ) ;
#3189 = CARTESIAN_POINT ( 'NONE',  ( -0.08296386798547464303, 0.3010000000383806773, 0.07356350449083751131 ) ) ;
#3190 = EDGE_LOOP ( 'NONE', ( #5115, #5604, #11370, #6100 ) ) ;
#3191 = VECTOR ( 'NONE', #7006, 1000.000000000000114 ) ;
#3192 = PLANE ( 'NONE',  #1657 ) ;
#3193 = SURFACE_SIDE_STYLE ('',( #10741 ) ) ;
#3194 = B_SPLINE_CURVE_WITH_KNOTS ( 'NONE', 3,
 ( #2194, #1136, #5024, #385 ),
 .UNSPECIFIED., .F., .F.,
 ( 4, 4 ),
 ( 11.00000000000000000, 12.00000000000000000 ),
 .UNSPECIFIED. ) ;
#3195 =( NAMED_UNIT ( * ) PLANE_ANGLE_UNIT ( ) SI_UNIT ( $, .RADIAN. ) );
#3196 = COLOUR_RGB ( '',1.000000000000000000, 1.000000000000000000, 1.000000000000000000 ) ;
#3197 = VECTOR ( 'NONE', #10300, 1000.000000000000227 ) ;
#3198 = LINE ( 'NONE', #6975, #2338 ) ;
#3199 = AXIS2_PLACEMENT_3D ( 'NONE', #5199, #3046, #10766 ) ;
#3200 = UNCERTAINTY_MEASURE_WITH_UNIT (LENGTH_MEASURE( 1.000000000000000082E-05 ), #3095, 'distance_accuracy_value', 'NONE');
#3201 = SURFACE_STYLE_FILL_AREA ( #11678 ) ;
#3202 = EDGE_CURVE ( 'NONE', #11563, #4878, #11465, .T. ) ;
#3203 = VECTOR ( 'NONE', #9424, 1000.000000000000000 ) ;
#3204 = CARTESIAN_POINT ( 'NONE',  ( -0.1879702705965884679, 0.3010000000383806218, 0.2001819119379253109 ) ) ;
#3205 =( GEOMETRIC_REPRESENTATION_CONTEXT ( 3 ) GLOBAL_UNCERTAINTY_ASSIGNED_CONTEXT ( ( #10794 ) ) GLOBAL_UNIT_ASSIGNED_CONTEXT ( ( #5107, #10683, #4987 ) ) REPRESENTATION_CONTEXT ( 'NONE', 'WORKASPACE' ) );
#3206 = SURFACE_STYLE_FILL_AREA ( #8824 ) ;
#3207 = COLOUR_RGB ( '',1.000000000000000000, 0.8117647058823529438, 0.5019607843137254832 ) ;
#3208 = CARTESIAN_POINT ( 'NONE',  ( -0.01577176247628618230, 0.3000000000000000444, 0.1173678569419379925 ) ) ;
#3209 = ORIENTED_EDGE ( 'NONE', *, *, #4539, .T. ) ;
#3210 = ADVANCED_FACE ( 'NONE', ( #9673 ), #7227, .F. ) ;
#3211 = DIRECTION ( 'NONE',  ( -0.9999748501857348426, -0.0000000000000000000, -0.007092178509963938463 ) ) ;
#3212 = CARTESIAN_POINT ( 'NONE',  ( 0.07674063706369825544, 0.3000000000000000444, 0.1743595492369753863 ) ) ;
#3213 = ORIENTED_EDGE ( 'NONE', *, *, #5876, .F. ) ;
#3214 = B_SPLINE_CURVE_WITH_KNOTS ( 'NONE', 3,
 ( #5623, #9389, #9517, #7659 ),
 .UNSPECIFIED., .F., .F.,
 ( 4, 4 ),
 ( 19.00000000000000000, 20.00000000000000000 ),
 .UNSPECIFIED. ) ;
#3215 = CARTESIAN_POINT ( 'NONE',  ( -0.4500000000000000111, -0.2499999999999998890, 0.2499999999999999445 ) ) ;
#3216 = ORIENTED_EDGE ( 'NONE', *, *, #7497, .T. ) ;
#3217 = STYLED_ITEM ( 'NONE', ( #12200 ), #12148 ) ;
#3218 = STYLED_ITEM ( 'NONE', ( #8257 ), #4769 ) ;
#3219 = LINE ( 'NONE', #6935, #7847 ) ;
#3220 = CARTESIAN_POINT ( 'NONE',  ( -0.2464830428257746842, 0.3000000000000000444, 0.1157315702051295581 ) ) ;
#3221 = LINE ( 'NONE', #673, #10318 ) ;
#3222 = LINE ( 'NONE', #3395, #6297 ) ;
#3223 = COLOUR_RGB ( '',0.1019607843137254888, 0.1019607843137254888, 0.1019607843137254888 ) ;
#3224 = CARTESIAN_POINT ( 'NONE',  ( -0.05857630941871455610, 0.3010000000383806218, 0.1601425257019531423 ) ) ;
#3225 = EDGE_LOOP ( 'NONE', ( #10570, #5777, #4393, #6096 ) ) ;
#3226 = PRESENTATION_LAYER_ASSIGNMENT (  '', '', ( #7569 ) ) ;
#3227 =( LENGTH_UNIT ( ) NAMED_UNIT ( * ) SI_UNIT ( .MILLI., .METRE. ) );
#3228 =( LENGTH_UNIT ( ) NAMED_UNIT ( * ) SI_UNIT ( .MILLI., .METRE. ) );
#3229 = DIRECTION ( 'NONE',  ( -0.0000000000000000000, -1.000000000000000000, -0.0000000000000000000 ) ) ;
#3230 = CARTESIAN_POINT ( 'NONE',  ( -0.1922311580050684032, 0.3010000000383806773, 0.06205797030644794737 ) ) ;
#3231 = SURFACE_SIDE_STYLE ('',( #11829 ) ) ;
#3232 = STYLED_ITEM ( 'NONE', ( #8803 ), #5184 ) ;
#3233 = SURFACE_STYLE_FILL_AREA ( #11713 ) ;
#3234 = LINE ( 'NONE', #262, #945 ) ;
#3235 = EDGE_LOOP ( 'NONE', ( #5548, #8258, #3370, #8345, #6504, #5088, #11593 ) ) ;
#3236 = CARTESIAN_POINT ( 'NONE',  ( -0.05917272082273143663, 0.3010000000383806218, 0.1826600186241198465 ) ) ;
#3237 = CARTESIAN_POINT ( 'NONE',  ( 0.2109310183554720664, 0.3000000000000000444, 0.2152215261950932990 ) ) ;
#3238 = PRESENTATION_STYLE_ASSIGNMENT (( #9967 ) ) ;
#3239 = ORIENTED_EDGE ( 'NONE', *, *, #2292, .T. ) ;
#3240 = UNCERTAINTY_MEASURE_WITH_UNIT (LENGTH_MEASURE( 1.000000000000000082E-05 ), #1660, 'distance_accuracy_value', 'NONE');
#3241 =( NAMED_UNIT ( * ) PLANE_ANGLE_UNIT ( ) SI_UNIT ( $, .RADIAN. ) );
#3242 = CARTESIAN_POINT ( 'NONE',  ( -0.3094510777426409120, 0.3010000000383806218, 0.1074865979289164747 ) ) ;
#3243 = LINE ( 'NONE', #567, #619 ) ;
#3244 = LINE ( 'NONE', #6209, #4386 ) ;
#3245 = CARTESIAN_POINT ( 'NONE',  ( -0.05917272082273143663, 0.3010000000383806218, 0.1826600186241198465 ) ) ;
#3246 = ORIENTED_EDGE ( 'NONE', *, *, #842, .F. ) ;
#3247 = CARTESIAN_POINT ( 'NONE',  ( -0.1089894625464456063, 0.3010000000383806218, 0.08819584463670156194 ) ) ;
#3248 = STYLED_ITEM ( 'NONE', ( #5551 ), #5898 ) ;
#3249 = DIRECTION ( 'NONE',  ( -0.0000000000000000000, -1.000000000000000000, -0.0000000000000000000 ) ) ;
#3250 = EDGE_CURVE ( 'NONE', #3858, #3346, #10111, .T. ) ;
#3251 = B_SPLINE_SURFACE_WITH_KNOTS ( 'NONE', 3, 1, ( 
 ( #964, #7525 ),
 ( #3073, #5789 ),
 ( #39, #1970 ),
 ( #7650, #10611 ) ),
 .UNSPECIFIED., .F., .F., .F.,
 ( 4, 4 ),
 ( 2, 2 ),
 ( 11.00000000000000000, 12.00000000000000000 ),
 ( 0.0000000000000000000, 1.000000000000000000 ),
 .UNSPECIFIED. ) ;
#3252 = DIRECTION ( 'NONE',  ( -0.007092178509980152055, 0.0000000000000000000, 0.9999748501857347316 ) ) ;
#3253 = EDGE_LOOP ( 'NONE', ( #10365, #8867, #8765, #4382 ) ) ;
#3254 = UNCERTAINTY_MEASURE_WITH_UNIT (LENGTH_MEASURE( 1.000000000000000082E-05 ), #6370, 'distance_accuracy_value', 'NONE');
#3255 = CARTESIAN_POINT ( 'NONE',  ( -0.1173749001724034291, 0.3000000000000000444, 0.09400075425657250516 ) ) ;
#3256 = CARTESIAN_POINT ( 'NONE',  ( -0.08235852309880657696, 0.3010000000383806218, 0.2147184848664923373 ) ) ;
#3257 = LINE ( 'NONE', #289, #5940 ) ;
#3258 = COLOUR_RGB ( '',1.000000000000000000, 1.000000000000000000, 1.000000000000000000 ) ;
#3259 = LINE ( 'NONE', #11855, #7539 ) ;
#3260 = ORIENTED_EDGE ( 'NONE', *, *, #10519, .F. ) ;
#3261 = ADVANCED_FACE ( 'NONE', ( #147 ), #1963, .F. ) ;
#3262 =( LENGTH_UNIT ( ) NAMED_UNIT ( * ) SI_UNIT ( .MILLI., .METRE. ) );
#3263 = CARTESIAN_POINT ( 'NONE',  ( 0.2174655103380818133, 0.3010000000383806218, 0.08903001670842267123 ) ) ;
#3264 = AXIS2_PLACEMENT_3D ( 'NONE', #2660, #8348, #3648 ) ;
#3265 = PLANE ( 'NONE',  #29 ) ;
#3266 = CARTESIAN_POINT ( 'NONE',  ( -0.1284256998160288044, 0.3000000000000000444, 0.09077183231944244146 ) ) ;
#3267 = ORIENTED_EDGE ( 'NONE', *, *, #714, .T. ) ;
#3268 = CARTESIAN_POINT ( 'NONE',  ( -0.06900039478049899144, 0.3000000000383806209, 0.1609108194622984322 ) ) ;
#3269 = SURFACE_STYLE_FILL_AREA ( #6910 ) ;
#3270 = DIRECTION ( 'NONE',  ( -1.084202172485504557E-16, 1.000000000000000000, 0.0000000000000000000 ) ) ;
#3271 = ORIENTED_EDGE ( 'NONE', *, *, #10679, .T. ) ;
#3272 = UNCERTAINTY_MEASURE_WITH_UNIT (LENGTH_MEASURE( 1.000000000000000082E-05 ), #814, 'distance_accuracy_value', 'NONE');
#3273 = DIRECTION ( 'NONE',  ( -1.000000000000000000, -0.0000000000000000000, -0.0000000000000000000 ) ) ;
#3274 = EDGE_CURVE ( 'NONE', #787, #8676, #6082, .T. ) ;
#3275 = EDGE_LOOP ( 'NONE', ( #2754, #7821, #8886, #2258 ) ) ;
#3276 = SURFACE_STYLE_USAGE ( .BOTH. , #6915 ) ;
#3277 = CARTESIAN_POINT ( 'NONE',  ( -0.1542511951100558332, 0.3000000000383806764, 0.06619533448549147492 ) ) ;
#3278 = CARTESIAN_POINT ( 'NONE',  ( -0.1430984179515005783, 0.3010000000383806773, 0.09902763206225634329 ) ) ;
#3279 = PRESENTATION_STYLE_ASSIGNMENT (( #10763 ) ) ;
#3280 = EDGE_LOOP ( 'NONE', ( #11620, #2477, #11752, #4095 ) ) ;
#3281 = FACE_OUTER_BOUND ( 'NONE', #5441, .T. ) ;
#3282 =( NAMED_UNIT ( * ) SI_UNIT ( $, .STERADIAN. ) SOLID_ANGLE_UNIT ( ) );
#3283 = SURFACE_SIDE_STYLE ('',( #4330 ) ) ;
#3284 = EDGE_CURVE ( 'NONE', #3385, #3006, #1460, .T. ) ;
#3285 = FACE_OUTER_BOUND ( 'NONE', #11509, .T. ) ;
#3286 = FILL_AREA_STYLE ('',( #6122 ) ) ;
#3287 = CARTESIAN_POINT ( 'NONE',  ( -0.1707648134645446403, 0.3010000000383806773, 0.2130620896785551666 ) ) ;
#3288 = VERTEX_POINT ( 'NONE', #5279 ) ;
#3289 = CARTESIAN_POINT ( 'NONE',  ( -0.1278432262494003657, 0.3000000000000000444, 0.07461771903355486624 ) ) ;
#3290 = SURFACE_STYLE_USAGE ( .BOTH. , #7988 ) ;
#3291 = FILL_AREA_STYLE_COLOUR ( '', #9552 ) ;
#3292 = ORIENTED_EDGE ( 'NONE', *, *, #2903, .F. ) ;
#3293 = LINE ( 'NONE', #7199, #10119 ) ;
#3294 = PLANE ( 'NONE',  #3142 ) ;
#3295 = SURFACE_STYLE_FILL_AREA ( #10842 ) ;
#3296 = SURFACE_STYLE_USAGE ( .BOTH. , #3421 ) ;
#3297 = SURFACE_SIDE_STYLE ('',( #6952 ) ) ;
#3298 = ORIENTED_EDGE ( 'NONE', *, *, #5697, .F. ) ;
#3299 = FACE_OUTER_BOUND ( 'NONE', #11010, .T. ) ;
#3300 = FILL_AREA_STYLE_COLOUR ( '', #11421 ) ;
#3301 = CARTESIAN_POINT ( 'NONE',  ( 0.1585076185311927455, 0.3010000000383806218, 0.2057397728603544695 ) ) ;
#3302 = ORIENTED_EDGE ( 'NONE', *, *, #1985, .T. ) ;
#3303 = CARTESIAN_POINT ( 'NONE',  ( -0.1215078339447045880, 0.3010000000383806218, 0.09397144201529206153 ) ) ;
#3304 = CARTESIAN_POINT ( 'NONE',  ( -0.1253060634596191714, 0.3010000000383806773, 0.09952814405407076070 ) ) ;
#3305 = VECTOR ( 'NONE', #10401, 1000.000000000000000 ) ;
#3306 = SURFACE_SIDE_STYLE ('',( #9859 ) ) ;
#3307 = ORIENTED_EDGE ( 'NONE', *, *, #7435, .T. ) ;
#3308 = EDGE_CURVE ( 'NONE', #8911, #10550, #11662, .T. ) ;
#3309 = DIRECTION ( 'NONE',  ( -0.0000000000000000000, -1.000000000000000000, -0.0000000000000000000 ) ) ;
#3310 = CARTESIAN_POINT ( 'NONE',  ( 0.2109310183554720664, 0.3000000000000000444, 0.2152215261950932990 ) ) ;
#3311 = LINE ( 'NONE', #585, #154 ) ;
#3312 = VECTOR ( 'NONE', #10758, 1000.000000000000000 ) ;
#3313 = LINE ( 'NONE', #4299, #10076 ) ;
#3314 = SURFACE_STYLE_FILL_AREA ( #11745 ) ;
#3315 = STYLED_ITEM ( 'NONE', ( #3067 ), #7016 ) ;
#3316 = LINE ( 'NONE', #3499, #1648 ) ;
#3317 = VERTEX_POINT ( 'NONE', #4050 ) ;
#3318 = LINE ( 'NONE', #9944, #4140 ) ;
#3319 = CARTESIAN_POINT ( 'NONE',  ( 0.0000000000000000000, 0.0000000000000000000, 0.2999999999999999889 ) ) ;
#3320 = FACE_OUTER_BOUND ( 'NONE', #9572, .T. ) ;
#3321 = ORIENTED_EDGE ( 'NONE', *, *, #7481, .T. ) ;
#3322 = MECHANICAL_DESIGN_GEOMETRIC_PRESENTATION_REPRESENTATION (  '', ( #11420 ), #4504 ) ;
#3323 = DIRECTION ( 'NONE',  ( -0.0000000000000000000, -1.000000000000000000, -0.0000000000000000000 ) ) ;
#3324 = CARTESIAN_POINT ( 'NONE',  ( 0.1956716209133519679, 0.3010000000383806218, 0.2259584781534839659 ) ) ;
#3325 = ORIENTED_EDGE ( 'NONE', *, *, #9971, .F. ) ;
#3326 = AXIS2_PLACEMENT_3D ( 'NONE', #3278, #8899, #11761 ) ;
#3327 = B_SPLINE_CURVE_WITH_KNOTS ( 'NONE', 3,
 ( #7232, #5242, #10869, #6292 ),
 .UNSPECIFIED., .F., .F.,
 ( 4, 4 ),
 ( 7.000000000000000000, 8.000000000000000000 ),
 .UNSPECIFIED. ) ;
#3328 = DIRECTION ( 'NONE',  ( 0.0000000000000000000, -0.0000000000000000000, 1.000000000000000000 ) ) ;
#3329 = CARTESIAN_POINT ( 'NONE',  ( -0.07329726075303738542, 0.3010000000383806218, 0.2147827505728447661 ) ) ;
#3330 = CARTESIAN_POINT ( 'NONE',  ( -0.08554074787646864797, 0.3010000000383806773, 0.1004340443038267278 ) ) ;
#3331 = LINE ( 'NONE', #2521, #8532 ) ;
#3332 = CARTESIAN_POINT ( 'NONE',  ( -0.04824933950742547190, 0.3000000000383806764, 0.1598726395160341429 ) ) ;
#3333 = B_SPLINE_CURVE_WITH_KNOTS ( 'NONE', 3,
 ( #3781, #11336, #4766, #8547 ),
 .UNSPECIFIED., .F., .F.,
 ( 4, 4 ),
 ( 10.00000000000000000, 11.00000000000000000 ),
 .UNSPECIFIED. ) ;
#3334 = ORIENTED_EDGE ( 'NONE', *, *, #7960, .T. ) ;
#3335 = ADVANCED_FACE ( 'NONE', ( #3299 ), #4228, .F. ) ;
#3336 = EDGE_CURVE ( 'NONE', #7537, #12009, #5966, .T. ) ;
#3337 = PRESENTATION_LAYER_ASSIGNMENT (  '', '', ( #5113 ) ) ;
#3338 = PRODUCT_CONTEXT ( 'NONE', #1716, 'mechanical' ) ;
#3339 = ORIENTED_EDGE ( 'NONE', *, *, #11416, .T. ) ;
#3340 = CARTESIAN_POINT ( 'NONE',  ( -0.1008470305938001660, 0.3010000000383806773, 0.05727842632315501697 ) ) ;
#3341 = COLOUR_RGB ( '',1.000000000000000000, 1.000000000000000000, 1.000000000000000000 ) ;
#3342 = ORIENTED_EDGE ( 'NONE', *, *, #4260, .T. ) ;
#3343 = FILL_AREA_STYLE_COLOUR ( '', #9311 ) ;
#3344 = FILL_AREA_STYLE_COLOUR ( '', #5168 ) ;
#3345 = CARTESIAN_POINT ( 'NONE',  ( 0.2930118290230381839, 0.3010000000383806218, 0.08002207605094992238 ) ) ;
#3346 = VERTEX_POINT ( 'NONE', #511 ) ;
#3347 = EDGE_CURVE ( 'NONE', #561, #2167, #69, .T. ) ;
#3348 = UNCERTAINTY_MEASURE_WITH_UNIT (LENGTH_MEASURE( 1.000000000000000082E-05 ), #1791, 'distance_accuracy_value', 'NONE');
#3349 = LINE ( 'NONE', #11783, #9262 ) ;
#3350 = EDGE_CURVE ( 'NONE', #9167, #2589, #6144, .T. ) ;
#3351 = CARTESIAN_POINT ( 'NONE',  ( -0.07428321710576467340, 0.3010000000383806218, 0.09430637585150224156 ) ) ;
#3352 = FILL_AREA_STYLE ('',( #7934 ) ) ;
#3353 = CARTESIAN_POINT ( 'NONE',  ( -0.4500000000000001776, 0.2500000000000000000, 0.2999999999999999889 ) ) ;
#3354 = DIRECTION ( 'NONE',  ( 0.0000000000000000000, -1.000000000000000000, 0.0000000000000000000 ) ) ;
#3355 = VERTEX_POINT ( 'NONE', #3247 ) ;
#3356 = SURFACE_STYLE_USAGE ( .BOTH. , #11788 ) ;
#3357 = AXIS2_PLACEMENT_3D ( 'NONE', #3126, #10669, #519 ) ;
#3358 = COLOUR_RGB ( '',0.1019607843137254888, 0.1019607843137254888, 0.1019607843137254888 ) ;
#3359 = LINE ( 'NONE', #7146, #1799 ) ;
#3360 = VERTEX_POINT ( 'NONE', #9976 ) ;
#3361 = AXIS2_PLACEMENT_3D ( 'NONE', #11220, #3667, #10971 ) ;
#3362 = UNCERTAINTY_MEASURE_WITH_UNIT (LENGTH_MEASURE( 1.000000000000000082E-05 ), #8229, 'distance_accuracy_value', 'NONE');
#3363 = CARTESIAN_POINT ( 'NONE',  ( -0.07947823490188062057, 0.3010000000383806218, 0.1516656114126317401 ) ) ;
#3364 = B_SPLINE_CURVE_WITH_KNOTS ( 'NONE', 3,
 ( #3256, #1524, #9057, #8944 ),
 .UNSPECIFIED., .F., .F.,
 ( 4, 4 ),
 ( 4.000000000000000000, 5.000000000000000000 ),
 .UNSPECIFIED. ) ;
#3365 =( NAMED_UNIT ( * ) PLANE_ANGLE_UNIT ( ) SI_UNIT ( $, .RADIAN. ) );
#3366 =( NAMED_UNIT ( * ) PLANE_ANGLE_UNIT ( ) SI_UNIT ( $, .RADIAN. ) );
#3367 = CARTESIAN_POINT ( 'NONE',  ( -0.2027550309158670239, 0.3000000000383806209, 0.1736561400068279970 ) ) ;
#3368 = VECTOR ( 'NONE', #2959, 1000.000000000000114 ) ;
#3369 = FILL_AREA_STYLE_COLOUR ( '', #6940 ) ;
#3370 = ORIENTED_EDGE ( 'NONE', *, *, #689, .T. ) ;
#3371 = SURFACE_STYLE_USAGE ( .BOTH. , #4295 ) ;
#3372 = COLOUR_RGB ( '',1.000000000000000000, 1.000000000000000000, 1.000000000000000000 ) ;
#3373 = FACE_BOUND ( 'NONE', #824, .T. ) ;
#3374 = PRESENTATION_STYLE_ASSIGNMENT (( #8821 ) ) ;
#3375 = PRESENTATION_LAYER_ASSIGNMENT (  '', '', ( #614 ) ) ;
#3376 =( LENGTH_UNIT ( ) NAMED_UNIT ( * ) SI_UNIT ( .MILLI., .METRE. ) );
#3377 = MANIFOLD_SOLID_BREP ( 'ÕπÃ®-¿≠…Ï1', #1231 ) ;
#3378 =( GEOMETRIC_REPRESENTATION_CONTEXT ( 3 ) GLOBAL_UNCERTAINTY_ASSIGNED_CONTEXT ( ( #2947 ) ) GLOBAL_UNIT_ASSIGNED_CONTEXT ( ( #5286, #5348, #9003 ) ) REPRESENTATION_CONTEXT ( 'NONE', 'WORKASPACE' ) );
#3379 = CARTESIAN_POINT ( 'NONE',  ( -0.1011360593096691241, 0.3010000000383806218, 0.09143328301897346577 ) ) ;
#3380 = ORIENTED_EDGE ( 'NONE', *, *, #7267, .F. ) ;
#3381 = PRESENTATION_LAYER_ASSIGNMENT (  '', '', ( #1628 ) ) ;
#3382 =( GEOMETRIC_REPRESENTATION_CONTEXT ( 3 ) GLOBAL_UNCERTAINTY_ASSIGNED_CONTEXT ( ( #7327 ) ) GLOBAL_UNIT_ASSIGNED_CONTEXT ( ( #1863, #5621, #1920 ) ) REPRESENTATION_CONTEXT ( 'NONE', 'WORKASPACE' ) );
#3383 = DIRECTION ( 'NONE',  ( 0.3349296977015619459, 0.0000000000000000000, 0.9422431202176752008 ) ) ;
#3384 = SURFACE_STYLE_USAGE ( .BOTH. , #11120 ) ;
#3385 = VERTEX_POINT ( 'NONE', #10039 ) ;
#3387 = SURFACE_SIDE_STYLE ('',( #485 ) ) ;
#3386 = MECHANICAL_DESIGN_GEOMETRIC_PRESENTATION_REPRESENTATION (  '', ( #6947 ), #6549 ) ;
#3388 = LINE ( 'NONE', #5301, #1610 ) ;
#3389 = ORIENTED_EDGE ( 'NONE', *, *, #3336, .T. ) ;
#3390 = VECTOR ( 'NONE', #4893, 1000.000000000000000 ) ;
#3391 = PRESENTATION_STYLE_ASSIGNMENT (( #6182 ) ) ;
#3392 = MECHANICAL_DESIGN_GEOMETRIC_PRESENTATION_REPRESENTATION (  '', ( #2220 ), #4964 ) ;
#3393 = CIRCLE ( 'NONE', #10311, 0.05000000000000002359 ) ;
#3394 =( NAMED_UNIT ( * ) SI_UNIT ( $, .STERADIAN. ) SOLID_ANGLE_UNIT ( ) );
#3395 = CARTESIAN_POINT ( 'NONE',  ( -0.05988339222454173300, 0.3010000000383806218, 0.2058941521792218843 ) ) ;
#3396 = FACE_OUTER_BOUND ( 'NONE', #3954, .T. ) ;
#3397 = VERTEX_POINT ( 'NONE', #1831 ) ;
#3398 = STYLED_ITEM ( 'NONE', ( #755 ), #9451 ) ;
#3399 = MECHANICAL_DESIGN_GEOMETRIC_PRESENTATION_REPRESENTATION (  '', ( #3218 ), #7753 ) ;
#3400 = ORIENTED_EDGE ( 'NONE', *, *, #298, .F. ) ;
#3401 = COLOUR_RGB ( '',1.000000000000000000, 1.000000000000000000, 1.000000000000000000 ) ;
#3402 = SURFACE_STYLE_FILL_AREA ( #2360 ) ;
#3403 = ORIENTED_EDGE ( 'NONE', *, *, #12029, .F. ) ;
#3404 = PLANE ( 'NONE',  #9237 ) ;
#3405 = CARTESIAN_POINT ( 'NONE',  ( -0.1774620048014195484, 0.3010000000383806218, 0.1589562171801693902 ) ) ;
#3406 = EDGE_CURVE ( 'NONE', #10136, #803, #1517, .T. ) ;
#3407 = EDGE_CURVE ( 'NONE', #2550, #6718, #5337, .T. ) ;
#3408 = ORIENTED_EDGE ( 'NONE', *, *, #3545, .F. ) ;
#3409 = STYLED_ITEM ( 'NONE', ( #272 ), #320 ) ;
#3410 = CARTESIAN_POINT ( 'NONE',  ( -0.09673989209842159820, 0.3010000000383806218, 0.2038859154969985266 ) ) ;
#3411 = CARTESIAN_POINT ( 'NONE',  ( -0.06505172009923927690, 0.3000000000000000444, 0.05497443063580040312 ) ) ;
#3412 = COLOUR_RGB ( '',1.000000000000000000, 1.000000000000000000, 1.000000000000000000 ) ;
#3413 = ADVANCED_FACE ( 'NONE', ( #10286 ), #3461, .F. ) ;
#3414 = VECTOR ( 'NONE', #11617, 1000.000000000000114 ) ;
#3415 = SURFACE_STYLE_FILL_AREA ( #9101 ) ;
#3416 = ORIENTED_EDGE ( 'NONE', *, *, #2828, .T. ) ;
#3417 = LINE ( 'NONE', #8989, #9128 ) ;
#3418 = LINE ( 'NONE', #8924, #1224 ) ;
#3419 = LINE ( 'NONE', #3477, #5951 ) ;
#3420 = CARTESIAN_POINT ( 'NONE',  ( 0.1921521249427060318, 0.3000000000383806209, 0.1105408630350661198 ) ) ;
#3421 = SURFACE_SIDE_STYLE ('',( #9181 ) ) ;
#3422 = ADVANCED_FACE ( 'NONE', ( #7321 ), #8203, .F. ) ;
#3423 = ORIENTED_EDGE ( 'NONE', *, *, #1371, .T. ) ;
#3424 = SURFACE_SIDE_STYLE ('',( #7212 ) ) ;
#3425 = CARTESIAN_POINT ( 'NONE',  ( 0.2344354346322558846, 0.3010000000383806218, 0.08177565011530317507 ) ) ;
#3426 = CARTESIAN_POINT ( 'NONE',  ( -0.1228797243786863697, 0.3000000000383806209, 0.07848972516608603012 ) ) ;
#3427 = ORIENTED_EDGE ( 'NONE', *, *, #9481, .F. ) ;
#3428 =( GEOMETRIC_REPRESENTATION_CONTEXT ( 3 ) GLOBAL_UNCERTAINTY_ASSIGNED_CONTEXT ( ( #8809 ) ) GLOBAL_UNIT_ASSIGNED_CONTEXT ( ( #879, #1701, #4523 ) ) REPRESENTATION_CONTEXT ( 'NONE', 'WORKASPACE' ) );
#3429 = CARTESIAN_POINT ( 'NONE',  ( -0.05090353491118973506, 0.3000000000000000444, 0.1822507638114128914 ) ) ;
#3430 = CARTESIAN_POINT ( 'NONE',  ( -0.1284783512381004744, 0.3000000000000000444, 0.09819551713281136907 ) ) ;
#3431 = LINE ( 'NONE', #4701, #11462 ) ;
#3432 = SURFACE_STYLE_USAGE ( .BOTH. , #11797 ) ;
#3433 = EDGE_LOOP ( 'NONE', ( #5074, #7476, #3578, #12160 ) ) ;
#3434 = SURFACE_SIDE_STYLE ('',( #1589 ) ) ;
#3435 =( GEOMETRIC_REPRESENTATION_CONTEXT ( 3 ) GLOBAL_UNCERTAINTY_ASSIGNED_CONTEXT ( ( #4233 ) ) GLOBAL_UNIT_ASSIGNED_CONTEXT ( ( #5926, #10633, #11629 ) ) REPRESENTATION_CONTEXT ( 'NONE', 'WORKASPACE' ) );
#3436 = SURFACE_STYLE_USAGE ( .BOTH. , #8200 ) ;
#3437 = LINE ( 'NONE', #6093, #7173 ) ;
#3438 = CARTESIAN_POINT ( 'NONE',  ( -0.1697108044815270333, 0.3000000000383806764, 0.1590111914590974507 ) ) ;
#3439 = CARTESIAN_POINT ( 'NONE',  ( -0.1011086274763220716, 0.3000000000000000444, 0.08756548084747654837 ) ) ;
#3440 = ORIENTED_EDGE ( 'NONE', *, *, #5076, .T. ) ;
#3441 = DIRECTION ( 'NONE',  ( 0.3216389368451683661, -0.0000000000000000000, 0.9468623945986607282 ) ) ;
#3442 = B_SPLINE_SURFACE_WITH_KNOTS ( 'NONE', 3, 1, ( 
 ( #12167, #7459 ),
 ( #961, #11236 ),
 ( #2753, #10364 ),
 ( #5541, #6459 ) ),
 .UNSPECIFIED., .F., .F., .F.,
 ( 4, 4 ),
 ( 2, 2 ),
 ( 3.000000000000000000, 4.000000000000000000 ),
 ( 0.0000000000000000000, 1.000000000000000000 ),
 .UNSPECIFIED. ) ;
#3443 = EDGE_CURVE ( 'NONE', #8327, #8447, #11394, .T. ) ;
#3444 =( NAMED_UNIT ( * ) PLANE_ANGLE_UNIT ( ) SI_UNIT ( $, .RADIAN. ) );
#3445 = CARTESIAN_POINT ( 'NONE',  ( -0.1937739655706610942, 0.3010000000383806218, 0.2048197783621315826 ) ) ;
#3446 = VERTEX_POINT ( 'NONE', #3720 ) ;
#3447 = LINE ( 'NONE', #9488, #11198 ) ;
#3448 = CARTESIAN_POINT ( 'NONE',  ( -0.2461213477916746606, 0.3000000000383806764, 0.1087155930253119601 ) ) ;
#3449 = EDGE_LOOP ( 'NONE', ( #9582, #8287, #11702, #2532 ) ) ;
#3450 = B_SPLINE_CURVE_WITH_KNOTS ( 'NONE', 3,
 ( #5969, #5033, #7021, #9853 ),
 .UNSPECIFIED., .F., .F.,
 ( 4, 4 ),
 ( 4.000000000000000000, 5.000000000000000000 ),
 .UNSPECIFIED. ) ;
#3451 = CARTESIAN_POINT ( 'NONE',  ( -0.1403964596463010972, 0.3000000000000000444, 0.2062589304316533867 ) ) ;
#3452 = STYLED_ITEM ( 'NONE', ( #2727 ), #6059 ) ;
#3453 = CARTESIAN_POINT ( 'NONE',  ( 0.1737701084432274057, 0.3000000000000000444, 0.07223546485127341210 ) ) ;
#3454 = CARTESIAN_POINT ( 'NONE',  ( -0.1168465351328578788, 0.3010000000383806773, 0.2064259549008332917 ) ) ;
#3455 = CARTESIAN_POINT ( 'NONE',  ( -0.1205641077928972654, 0.3000000000000000444, 0.07086373545509425109 ) ) ;
#3456 = ORIENTED_EDGE ( 'NONE', *, *, #1215, .T. ) ;
#3457 = FILL_AREA_STYLE ('',( #6359 ) ) ;
#3458 = CARTESIAN_POINT ( 'NONE',  ( 0.1585076185311927455, 0.3010000000383806218, 0.2057397728603544695 ) ) ;
#3459 = ORIENTED_EDGE ( 'NONE', *, *, #4989, .T. ) ;
#3460 = EDGE_LOOP ( 'NONE', ( #5412, #9138, #5849, #3014 ) ) ;
#3461 = B_SPLINE_SURFACE_WITH_KNOTS ( 'NONE', 3, 1, ( 
 ( #5594, #8120 ),
 ( #2675, #9185 ),
 ( #7384, #12025 ),
 ( #2617, #3540 ) ),
 .UNSPECIFIED., .F., .F., .F.,
 ( 4, 4 ),
 ( 2, 2 ),
 ( 10.00000000000000000, 11.00000000000000000 ),
 ( 0.0000000000000000000, 1.000000000000000000 ),
 .UNSPECIFIED. ) ;
#3462 =( NAMED_UNIT ( * ) PLANE_ANGLE_UNIT ( ) SI_UNIT ( $, .RADIAN. ) );
#3463 = ORIENTED_EDGE ( 'NONE', *, *, #6814, .T. ) ;
#3464 = SURFACE_STYLE_FILL_AREA ( #4458 ) ;
#3465 = CARTESIAN_POINT ( 'NONE',  ( -0.1113433495717457700, 0.3010000000383806218, 0.09242146902170773892 ) ) ;
#3466 = B_SPLINE_CURVE_WITH_KNOTS ( 'NONE', 3,
 ( #2964, #1882, #7671, #6485 ),
 .UNSPECIFIED., .F., .F.,
 ( 4, 4 ),
 ( 34.00000000000000000, 35.00000000000000000 ),
 .UNSPECIFIED. ) ;
#3467 = CARTESIAN_POINT ( 'NONE',  ( 0.1282318878819781460, 0.3010000000383806218, 0.07061105711684040331 ) ) ;
#3468 = LINE ( 'NONE', #3590, #3703 ) ;
#3469 = ORIENTED_EDGE ( 'NONE', *, *, #9788, .F. ) ;
#3470 = PLANE ( 'NONE',  #9911 ) ;
#3471 = CARTESIAN_POINT ( 'NONE',  ( -0.08299351206344997289, 0.3010000000383806218, 0.07774322619278853375 ) ) ;
#3472 = ORIENTED_EDGE ( 'NONE', *, *, #6516, .T. ) ;
#3473 = UNCERTAINTY_MEASURE_WITH_UNIT (LENGTH_MEASURE( 1.000000000000000082E-05 ), #10735, 'distance_accuracy_value', 'NONE');
#3474 = CARTESIAN_POINT ( 'NONE',  ( -0.01645822198339212672, 0.3010000000383806773, 0.2141564870944953070 ) ) ;
#3475 = PRODUCT_RELATED_PRODUCT_CATEGORY ( 'part', '', ( #4432 ) ) ;
#3476 = LINE ( 'NONE', #9787, #10492 ) ;
#3477 = CARTESIAN_POINT ( 'NONE',  ( -0.3137952773955881014, 0.3000000000383806764, 0.1152541678150744431 ) ) ;
#3478 = CARTESIAN_POINT ( 'NONE',  ( 0.2038243345134887474, 0.3000000000383806209, 0.1162631349986478907 ) ) ;
#3479 = PRESENTATION_STYLE_ASSIGNMENT (( #11022 ) ) ;
#3480 = VERTEX_POINT ( 'NONE', #1130 ) ;
#3481 = VECTOR ( 'NONE', #4071, 1000.000000000000000 ) ;
#3482 = PRESENTATION_STYLE_ASSIGNMENT (( #11974 ) ) ;
#3483 = EDGE_LOOP ( 'NONE', ( #4055, #3813, #10317, #2664 ) ) ;
#3484 = UNCERTAINTY_MEASURE_WITH_UNIT (LENGTH_MEASURE( 1.000000000000000082E-05 ), #9269, 'distance_accuracy_value', 'NONE');
#3485 = SURFACE_SIDE_STYLE ('',( #9123 ) ) ;
#3486 = B_SPLINE_CURVE_WITH_KNOTS ( 'NONE', 3,
 ( #2534, #10212, #6311, #6369 ),
 .UNSPECIFIED., .F., .F.,
 ( 4, 4 ),
 ( 0.0000000000000000000, 1.000000000000000000 ),
 .UNSPECIFIED. ) ;
#3487 = B_SPLINE_CURVE_WITH_KNOTS ( 'NONE', 3,
 ( #7477, #10262, #9275, #11256 ),
 .UNSPECIFIED., .F., .F.,
 ( 4, 4 ),
 ( 5.000000000000000000, 6.000000000000000000 ),
 .UNSPECIFIED. ) ;
#3488 = ADVANCED_FACE ( 'NONE', ( #4836 ), #9090, .F. ) ;
#3489 = ADVANCED_FACE ( 'NONE', ( #8483 ), #3790, .F. ) ;
#3490 = CARTESIAN_POINT ( 'NONE',  ( -0.3354161690472781121, 0.2375113646789956401, 0.2999999999999999889 ) ) ;
#3491 = CARTESIAN_POINT ( 'NONE',  ( -0.1934591631605366568, 0.3010000000383806218, 0.1604336292458889701 ) ) ;
#3492 = LINE ( 'NONE', #9193, #10114 ) ;
#3493 = VERTEX_POINT ( 'NONE', #11584 ) ;
#3494 = MECHANICAL_DESIGN_GEOMETRIC_PRESENTATION_REPRESENTATION (  '', ( #10603 ), #11396 ) ;
#3495 =( NAMED_UNIT ( * ) PLANE_ANGLE_UNIT ( ) SI_UNIT ( $, .RADIAN. ) );
#3496 = SURFACE_STYLE_USAGE ( .BOTH. , #10305 ) ;
#3497 = FACE_OUTER_BOUND ( 'NONE', #598, .T. ) ;
#3498 =( GEOMETRIC_REPRESENTATION_CONTEXT ( 3 ) GLOBAL_UNCERTAINTY_ASSIGNED_CONTEXT ( ( #11353 ) ) GLOBAL_UNIT_ASSIGNED_CONTEXT ( ( #5262, #11954, #1501 ) ) REPRESENTATION_CONTEXT ( 'NONE', 'WORKASPACE' ) );
#3499 = CARTESIAN_POINT ( 'NONE',  ( -0.07947823490188062057, 0.3010000000383806218, 0.1516656114126317401 ) ) ;
#3500 = ORIENTED_EDGE ( 'NONE', *, *, #11848, .T. ) ;
#3501 = EDGE_CURVE ( 'NONE', #6480, #8780, #11778, .T. ) ;
#3502 = AXIS2_PLACEMENT_3D ( 'NONE', #1329, #3178, #6031 ) ;
#3503 = FILL_AREA_STYLE_COLOUR ( '', #7900 ) ;
#3504 = EDGE_CURVE ( 'NONE', #4460, #3094, #2295, .T. ) ;
#3505 = SURFACE_SIDE_STYLE ('',( #9381 ) ) ;
#3506 = VERTEX_POINT ( 'NONE', #8737 ) ;
#3507 = FILL_AREA_STYLE_COLOUR ( '', #5740 ) ;
#3508 = ORIENTED_EDGE ( 'NONE', *, *, #10892, .T. ) ;
#3509 = CARTESIAN_POINT ( 'NONE',  ( 0.1737701084432274612, 0.3010000000383806218, 0.07223546485127343986 ) ) ;
#3510 = PRESENTATION_LAYER_ASSIGNMENT (  '', '', ( #1749 ) ) ;
#3511 = CARTESIAN_POINT ( 'NONE',  ( -0.2325172464158174468, 0.3000000000383806209, 0.2005522263714948350 ) ) ;
#3512 = PLANE ( 'NONE',  #3726 ) ;
#3513 = ORIENTED_EDGE ( 'NONE', *, *, #8530, .T. ) ;
#3514 = DIRECTION ( 'NONE',  ( 0.0000000000000000000, -0.0000000000000000000, -1.000000000000000000 ) ) ;
#3515 = CARTESIAN_POINT ( 'NONE',  ( -0.2755831418640630193, 0.3000000000000000444, 0.1020495804130914785 ) ) ;
#3516 = ORIENTED_EDGE ( 'NONE', *, *, #3110, .T. ) ;
#3517 = VECTOR ( 'NONE', #1935, 1000.000000000000000 ) ;
#3518 = MECHANICAL_DESIGN_GEOMETRIC_PRESENTATION_REPRESENTATION (  '', ( #10631 ), #356 ) ;
#3519 = PRESENTATION_STYLE_ASSIGNMENT (( #5257 ) ) ;
#3520 = ORIENTED_EDGE ( 'NONE', *, *, #5914, .F. ) ;
#3521 = FILL_AREA_STYLE ('',( #6366 ) ) ;
#3522 = ORIENTED_EDGE ( 'NONE', *, *, #4306, .T. ) ;
#3523 = CARTESIAN_POINT ( 'NONE',  ( -0.1879702705965884679, 0.3010000000383806218, 0.2001819119379253109 ) ) ;
#3524 = FACE_OUTER_BOUND ( 'NONE', #10928, .T. ) ;
#3525 = ORIENTED_EDGE ( 'NONE', *, *, #162, .F. ) ;
#3526 = VECTOR ( 'NONE', #4356, 1000.000000000000114 ) ;
#3527 = CARTESIAN_POINT ( 'NONE',  ( -0.2454264887174818222, 0.3000000000000000444, 0.05472453463045744149 ) ) ;
#3528 = ORIENTED_EDGE ( 'NONE', *, *, #9073, .T. ) ;
#3530 = ADVANCED_FACE ( 'NONE', ( #9782 ), #1595, .F. ) ;
#3529 = CARTESIAN_POINT ( 'NONE',  ( 0.1737701084432274057, 0.3000000000000000444, 0.07223546485127341210 ) ) ;
#3531 = CARTESIAN_POINT ( 'NONE',  ( -0.1008470305938002215, 0.3000000000000000444, 0.05727842632315501697 ) ) ;
#3532 = CARTESIAN_POINT ( 'NONE',  ( -0.3137952773955881014, 0.3010000000383806773, 0.1152541678150744431 ) ) ;
#3533 = LINE ( 'NONE', #4, #7860 ) ;
#3534 = LINE ( 'NONE', #7316, #8504 ) ;
#3535 = COLOUR_RGB ( '',1.000000000000000000, 1.000000000000000000, 1.000000000000000000 ) ;
#3536 = FILL_AREA_STYLE ('',( #569 ) ) ;
#3537 = FILL_AREA_STYLE_COLOUR ( '', #10742 ) ;
#3538 = CARTESIAN_POINT ( 'NONE',  ( 0.1163043078674890207, 0.3010000000383806218, 0.2232265415380157159 ) ) ;
#3539 = ORIENTED_EDGE ( 'NONE', *, *, #4246, .T. ) ;
#3540 = CARTESIAN_POINT ( 'NONE',  ( 0.1737701084432274612, 0.3000000000000000444, 0.07223546485127343986 ) ) ;
#3541 = LINE ( 'NONE', #6506, #11675 ) ;
#3542 = ORIENTED_EDGE ( 'NONE', *, *, #11435, .F. ) ;
#3543 = COLOUR_RGB ( '',1.000000000000000000, 1.000000000000000000, 1.000000000000000000 ) ;
#3545 = EDGE_CURVE ( 'NONE', #8633, #2063, #11739, .T. ) ;
#3544 = SURFACE_STYLE_FILL_AREA ( #8191 ) ;
#3546 = MECHANICAL_DESIGN_GEOMETRIC_PRESENTATION_REPRESENTATION (  '', ( #9484 ), #1988 ) ;
#3547 = CARTESIAN_POINT ( 'NONE',  ( -0.1924262779809833845, 0.3010000000383806773, 0.08956927285047998344 ) ) ;
#3548 = ORIENTED_EDGE ( 'NONE', *, *, #11759, .F. ) ;
#3549 =( LENGTH_UNIT ( ) NAMED_UNIT ( * ) SI_UNIT ( .MILLI., .METRE. ) );
#3550 = AXIS2_PLACEMENT_3D ( 'NONE', #11863, #7964, #11687 ) ;
#3551 = EDGE_CURVE ( 'NONE', #2063, #12099, #6709, .T. ) ;
#3552 = EDGE_CURVE ( 'NONE', #6567, #6827, #10777, .T. ) ;
#3553 = COLOUR_RGB ( '',1.000000000000000000, 1.000000000000000000, 1.000000000000000000 ) ;
#3554 = DIRECTION ( 'NONE',  ( -0.0000000000000000000, -0.0000000000000000000, 1.000000000000000000 ) ) ;
#3555 = FACE_BOUND ( 'NONE', #4398, .T. ) ;
#3556 = CARTESIAN_POINT ( 'NONE',  ( -0.05090353491118973506, 0.3000000000000000444, 0.1822507638114128914 ) ) ;
#3557 = SURFACE_SIDE_STYLE ('',( #11802 ) ) ;
#3559 = ADVANCED_FACE ( 'NONE', ( #1377 ), #11968, .F. ) ;
#3558 = LINE ( 'NONE', #7458, #9515 ) ;
#3560 = EDGE_LOOP ( 'NONE', ( #1029, #7963, #6158, #114 ) ) ;
#3561 = CARTESIAN_POINT ( 'NONE',  ( -0.06505172009923927690, 0.3000000000383806209, 0.05497443063580040312 ) ) ;
#3562 = CARTESIAN_POINT ( 'NONE',  ( 0.2244614296116107244, 0.3010000000383806218, 0.2036046968035146176 ) ) ;
#3563 =( GEOMETRIC_REPRESENTATION_CONTEXT ( 3 ) GLOBAL_UNCERTAINTY_ASSIGNED_CONTEXT ( ( #8045 ) ) GLOBAL_UNIT_ASSIGNED_CONTEXT ( ( #736, #7603, #12060 ) ) REPRESENTATION_CONTEXT ( 'NONE', 'WORKASPACE' ) );
#3564 = ORIENTED_EDGE ( 'NONE', *, *, #3932, .F. ) ;
#3565 = DIRECTION ( 'NONE',  ( -0.0000000000000000000, -1.000000000000000000, -0.0000000000000000000 ) ) ;
#3566 = ORIENTED_EDGE ( 'NONE', *, *, #9337, .T. ) ;
#3567 = CARTESIAN_POINT ( 'NONE',  ( -0.2461213477916747161, 0.3000000000000000444, 0.1087155930253119601 ) ) ;
#3568 = AXIS2_PLACEMENT_3D ( 'NONE', #9414, #3846, #5644 ) ;
#3569 = EDGE_CURVE ( 'NONE', #2255, #9422, #7428, .T. ) ;
#3570 = VECTOR ( 'NONE', #12063, 1000.000000000000227 ) ;
#3571 =( NAMED_UNIT ( * ) SI_UNIT ( $, .STERADIAN. ) SOLID_ANGLE_UNIT ( ) );
#3572 = DIRECTION ( 'NONE',  ( -0.9999748501857348426, 0.0000000000000000000, -0.007092178509962502111 ) ) ;
#3573 =( NAMED_UNIT ( * ) SI_UNIT ( $, .STERADIAN. ) SOLID_ANGLE_UNIT ( ) );
#3574 = ORIENTED_EDGE ( 'NONE', *, *, #6719, .F. ) ;
#3575 = FILL_AREA_STYLE_COLOUR ( '', #5546 ) ;
#3576 =( GEOMETRIC_REPRESENTATION_CONTEXT ( 3 ) GLOBAL_UNCERTAINTY_ASSIGNED_CONTEXT ( ( #9054 ) ) GLOBAL_UNIT_ASSIGNED_CONTEXT ( ( #6106, #10698, #11817 ) ) REPRESENTATION_CONTEXT ( 'NONE', 'WORKASPACE' ) );
#3577 = PLANE ( 'NONE',  #2605 ) ;
#3578 = ORIENTED_EDGE ( 'NONE', *, *, #10204, .F. ) ;
#3579 = SURFACE_STYLE_FILL_AREA ( #2843 ) ;
#3580 = PRESENTATION_LAYER_ASSIGNMENT (  '', '', ( #422 ) ) ;
#3581 = FILL_AREA_STYLE_COLOUR ( '', #10681 ) ;
#3582 = EDGE_LOOP ( 'NONE', ( #3101, #8616, #10155, #3769 ) ) ;
#3583 = COLOUR_RGB ( '',0.1019607843137254888, 0.1019607843137254888, 0.1019607843137254888 ) ;
#3584 = SURFACE_STYLE_FILL_AREA ( #12065 ) ;
#3585 = VERTEX_POINT ( 'NONE', #10093 ) ;
#3586 = VECTOR ( 'NONE', #7088, 1000.000000000000000 ) ;
#3587 = COLOUR_RGB ( '',1.000000000000000000, 1.000000000000000000, 1.000000000000000000 ) ;
#3588 = CARTESIAN_POINT ( 'NONE',  ( -0.1999999999999981515, -0.2500000000000001665, -0.02000000000000000042 ) ) ;
#3589 = CARTESIAN_POINT ( 'NONE',  ( -0.05674835674886309633, 0.3000000000000000444, 0.06074173557787726496 ) ) ;
#3590 = CARTESIAN_POINT ( 'NONE',  ( -0.1563250175356250549, 0.3000000000383806764, 0.06611823915281013486 ) ) ;
#3591 = ORIENTED_EDGE ( 'NONE', *, *, #8037, .F. ) ;
#3592 = DIRECTION ( 'NONE',  ( 0.0000000000000000000, 0.0000000000000000000, -1.000000000000000000 ) ) ;
#3593 =( GEOMETRIC_REPRESENTATION_CONTEXT ( 3 ) GLOBAL_UNCERTAINTY_ASSIGNED_CONTEXT ( ( #8670 ) ) GLOBAL_UNIT_ASSIGNED_CONTEXT ( ( #4146, #2131, #11583 ) ) REPRESENTATION_CONTEXT ( 'NONE', 'WORKASPACE' ) );
#3594 =( GEOMETRIC_REPRESENTATION_CONTEXT ( 3 ) GLOBAL_UNCERTAINTY_ASSIGNED_CONTEXT ( ( #7777 ) ) GLOBAL_UNIT_ASSIGNED_CONTEXT ( ( #2123, #5008, #313 ) ) REPRESENTATION_CONTEXT ( 'NONE', 'WORKASPACE' ) );
#3595 = CARTESIAN_POINT ( 'NONE',  ( -0.06571274714772742942, 0.3000000000000000444, 0.2009554253597677365 ) ) ;
#3596 = VERTEX_POINT ( 'NONE', #7195 ) ;
#3597 =( GEOMETRIC_REPRESENTATION_CONTEXT ( 3 ) GLOBAL_UNCERTAINTY_ASSIGNED_CONTEXT ( ( #8938 ) ) GLOBAL_UNIT_ASSIGNED_CONTEXT ( ( #4864, #11493, #1104 ) ) REPRESENTATION_CONTEXT ( 'NONE', 'WORKASPACE' ) );
#3598 = VECTOR ( 'NONE', #9333, 1000.000000000000000 ) ;
#3599 = EDGE_CURVE ( 'NONE', #1724, #1625, #11012, .T. ) ;
#3600 = SURFACE_SIDE_STYLE ('',( #6496 ) ) ;
#3601 = CARTESIAN_POINT ( 'NONE',  ( -0.1106294728516832582, 0.3000000000000000444, 0.08412905523827095278 ) ) ;
#3602 = CARTESIAN_POINT ( 'NONE',  ( 0.2174655103380818133, 0.3000000000383806209, 0.08903001670842267123 ) ) ;
#3603 = VECTOR ( 'NONE', #3841, 1000.000000000000000 ) ;
#3604 = VECTOR ( 'NONE', #9996, 1000.000000000000000 ) ;
#3605 =( LENGTH_UNIT ( ) NAMED_UNIT ( * ) SI_UNIT ( .MILLI., .METRE. ) );
#3606 = VECTOR ( 'NONE', #5731, 1000.000000000000000 ) ;
#3607 = ORIENTED_EDGE ( 'NONE', *, *, #1873, .F. ) ;
#3608 = CARTESIAN_POINT ( 'NONE',  ( -0.1533597036915596845, 0.3000000000000000444, 0.2131855329286255207 ) ) ;
#3609 = ORIENTED_EDGE ( 'NONE', *, *, #2237, .T. ) ;
#3610 = UNCERTAINTY_MEASURE_WITH_UNIT (LENGTH_MEASURE( 1.000000000000000082E-05 ), #1573, 'distance_accuracy_value', 'NONE');
#3611 = FILL_AREA_STYLE_COLOUR ( '', #36 ) ;
#3612 = CARTESIAN_POINT ( 'NONE',  ( 0.3108954633881262919, 0.3010000000383806218, 0.1274338729253616798 ) ) ;
#3613 = FACE_OUTER_BOUND ( 'NONE', #4027, .T. ) ;
#3614 = CARTESIAN_POINT ( 'NONE',  ( -0.07962566394887087007, 0.3000000000383806209, 0.06469702645513186745 ) ) ;
#3615 = VERTEX_POINT ( 'NONE', #8103 ) ;
#3616 =( NAMED_UNIT ( * ) PLANE_ANGLE_UNIT ( ) SI_UNIT ( $, .RADIAN. ) );
#3617 = ADVANCED_FACE ( 'NONE', ( #9966 ), #5451, .F. ) ;
#3618 = B_SPLINE_CURVE_WITH_KNOTS ( 'NONE', 3,
 ( #1157, #8762, #9116, #5040 ),
 .UNSPECIFIED., .F., .F.,
 ( 4, 4 ),
 ( 8.000000000000000000, 9.000000000000000000 ),
 .UNSPECIFIED. ) ;
#3619 = B_SPLINE_CURVE_WITH_KNOTS ( 'NONE', 3,
 ( #10643, #8787, #10586, #6757 ),
 .UNSPECIFIED., .F., .F.,
 ( 4, 4 ),
 ( 12.00000000000000000, 13.00000000000000000 ),
 .UNSPECIFIED. ) ;
#3620 = SURFACE_SIDE_STYLE ('',( #4537 ) ) ;
#3621 = FACE_BOUND ( 'NONE', #3926, .T. ) ;
#3622 = FILL_AREA_STYLE ('',( #6525 ) ) ;
#3623 = FACE_OUTER_BOUND ( 'NONE', #9694, .T. ) ;
#3624 = ORIENTED_EDGE ( 'NONE', *, *, #4088, .T. ) ;
#3625 = CARTESIAN_POINT ( 'NONE',  ( 0.4499999999999997891, 0.2500000000000000000, 0.0000000000000000000 ) ) ;
#3626 = EDGE_CURVE ( 'NONE', #5221, #9020, #5397, .T. ) ;
#3627 = CARTESIAN_POINT ( 'NONE',  ( -0.2755831418640630193, 0.3000000000383806209, 0.1020495804130914785 ) ) ;
#3628 = VECTOR ( 'NONE', #4690, 1000.000000000000114 ) ;
#3629 = LINE ( 'NONE', #11179, #5564 ) ;
#3630 = EDGE_LOOP ( 'NONE', ( #6234, #2396, #12112, #54 ) ) ;
#3631 = CARTESIAN_POINT ( 'NONE',  ( -0.1224997779783061347, 0.3000000000000000444, 0.06670126856538299842 ) ) ;
#3632 = EDGE_LOOP ( 'NONE', ( #9378, #9589, #5126, #8975 ) ) ;
#3633 = DIRECTION ( 'NONE',  ( 0.9999748501857349536, -0.0000000000000000000, 0.007092178509959781198 ) ) ;
#3634 =( NAMED_UNIT ( * ) PLANE_ANGLE_UNIT ( ) SI_UNIT ( $, .RADIAN. ) );
#3635 =( LENGTH_UNIT ( ) NAMED_UNIT ( * ) SI_UNIT ( .MILLI., .METRE. ) );
#3636 = LINE ( 'NONE', #8578, #10508 ) ;
#3637 = ORIENTED_EDGE ( 'NONE', *, *, #8868, .F. ) ;
#3638 = MECHANICAL_DESIGN_GEOMETRIC_PRESENTATION_REPRESENTATION (  '', ( #479 ), #10555 ) ;
#3639 = DIRECTION ( 'NONE',  ( 0.0000000000000000000, 0.0000000000000000000, -1.000000000000000000 ) ) ;
#3640 = ORIENTED_EDGE ( 'NONE', *, *, #8250, .F. ) ;
#3641 = CARTESIAN_POINT ( 'NONE',  ( 0.2168378917518772042, 0.3000000000000000444, 0.1163554317908793573 ) ) ;
#3642 = ADVANCED_FACE ( 'NONE', ( #8172 ), #3470, .T. ) ;
#3643 = SURFACE_STYLE_FILL_AREA ( #12126 ) ;
#3644 = ORIENTED_EDGE ( 'NONE', *, *, #83, .F. ) ;
#3645 = EDGE_LOOP ( 'NONE', ( #12122, #3653, #10954, #10694 ) ) ;
#3646 = B_SPLINE_SURFACE_WITH_KNOTS ( 'NONE', 3, 1, ( 
 ( #1847, #1666 ),
 ( #11113, #7456 ),
 ( #1717, #2750 ),
 ( #1593, #5421 ) ),
 .UNSPECIFIED., .F., .F., .F.,
 ( 4, 4 ),
 ( 2, 2 ),
 ( 18.00000000000000000, 19.00000000000000000 ),
 ( 0.0000000000000000000, 1.000000000000000000 ),
 .UNSPECIFIED. ) ;
#3647 = PRESENTATION_STYLE_ASSIGNMENT (( #11956 ) ) ;
#3648 = DIRECTION ( 'NONE',  ( 0.0000000000000000000, -0.0000000000000000000, 1.000000000000000000 ) ) ;
#3649 = SURFACE_STYLE_USAGE ( .BOTH. , #8529 ) ;
#3650 = ORIENTED_EDGE ( 'NONE', *, *, #9184, .F. ) ;
#3651 = LINE ( 'NONE', #6625, #11703 ) ;
#3652 = FACE_OUTER_BOUND ( 'NONE', #5064, .T. ) ;
#3653 = ORIENTED_EDGE ( 'NONE', *, *, #11742, .F. ) ;
#3654 = STYLED_ITEM ( 'NONE', ( #4691 ), #6260 ) ;
#3655 = DIRECTION ( 'NONE',  ( -0.0000000000000000000, -1.000000000000000000, -0.0000000000000000000 ) ) ;
#3656 = CARTESIAN_POINT ( 'NONE',  ( -0.1126506403741447809, 0.3000000000000000444, 0.05463684210604041053 ) ) ;
#3657 = EDGE_CURVE ( 'NONE', #1834, #12123, #4345, .T. ) ;
#3658 = CARTESIAN_POINT ( 'NONE',  ( 0.2268149738132373416, 0.3010000000383806218, 0.05525936241691851991 ) ) ;
#3659 = EDGE_CURVE ( 'NONE', #5288, #1908, #12196, .T. ) ;
#3660 = FACE_OUTER_BOUND ( 'NONE', #10545, .T. ) ;
#3661 = CARTESIAN_POINT ( 'NONE',  ( -0.5000000000000000000, -0.2499999999999998890, 0.2999999999999999889 ) ) ;
#3662 = DIRECTION ( 'NONE',  ( 0.007092178509968051492, -0.0000000000000000000, -0.9999748501857348426 ) ) ;
#3663 =( NAMED_UNIT ( * ) PLANE_ANGLE_UNIT ( ) SI_UNIT ( $, .RADIAN. ) );
#3664 = FACE_OUTER_BOUND ( 'NONE', #11991, .T. ) ;
#3665 = ORIENTED_EDGE ( 'NONE', *, *, #2813, .T. ) ;
#3666 = CARTESIAN_POINT ( 'NONE',  ( 0.0000000000000000000, 0.0000000000000000000, 0.2999999999999999889 ) ) ;
#3667 = DIRECTION ( 'NONE',  ( 0.0000000000000000000, -0.0000000000000000000, -1.000000000000000000 ) ) ;
#3668 = ORIENTED_EDGE ( 'NONE', *, *, #4065, .T. ) ;
#3669 = LINE ( 'NONE', #651, #6763 ) ;
#3670 = CARTESIAN_POINT ( 'NONE',  ( 0.2301529359484426329, 0.3000000000000000444, 0.1962703437822883312 ) ) ;
#3671 = VERTEX_POINT ( 'NONE', #4822 ) ;
#3672 = SURFACE_STYLE_USAGE ( .BOTH. , #5532 ) ;
#3673 = COLOUR_RGB ( '',1.000000000000000000, 1.000000000000000000, 1.000000000000000000 ) ;
#3674 = CARTESIAN_POINT ( 'NONE',  ( -0.07947823490188062057, 0.3000000000383806209, 0.1516656114126317401 ) ) ;
#3675 = CARTESIAN_POINT ( 'NONE',  ( 0.2637328348575166959, 0.3010000000383806218, 0.1713477188467424639 ) ) ;
#3676 = CARTESIAN_POINT ( 'NONE',  ( 0.09256921454295001517, 0.3010000000383806218, 0.08337233655035201918 ) ) ;
#3677 = CARTESIAN_POINT ( 'NONE',  ( 0.06096441017970172932, 0.3010000000383806218, 0.1356388318012229088 ) ) ;
#3678 = CARTESIAN_POINT ( 'NONE',  ( 0.1737701084432274612, 0.3010000000383806218, 0.07223546485127343986 ) ) ;
#3679 = VERTEX_POINT ( 'NONE', #178 ) ;
#3680 = ADVANCED_FACE ( 'NONE', ( #6626 ), #6563, .F. ) ;
#3681 = CARTESIAN_POINT ( 'NONE',  ( 0.2835608266892032936, 0.3000000000000000444, 0.1281076399072667571 ) ) ;
#3682 = STYLED_ITEM ( 'NONE', ( #5299 ), #1917 ) ;
#3683 = ORIENTED_EDGE ( 'NONE', *, *, #1010, .F. ) ;
#3684 = CARTESIAN_POINT ( 'NONE',  ( -0.1385268197412866664, 0.3010000000383806773, 0.1867450458123980361 ) ) ;
#3685 = LINE ( 'NONE', #3875, #6997 ) ;
#3686 = FILL_AREA_STYLE_COLOUR ( '', #5353 ) ;
#3687 = VECTOR ( 'NONE', #9919, 1000.000000000000000 ) ;
#3688 = CARTESIAN_POINT ( 'NONE',  ( 0.05054126773848501702, 0.3000000000000000444, 0.07613335299045410898 ) ) ;
#3689 = EDGE_LOOP ( 'NONE', ( #1185, #9697, #7836, #7653 ) ) ;
#3690 = PRESENTATION_STYLE_ASSIGNMENT (( #9393 ) ) ;
#3691 = ORIENTED_EDGE ( 'NONE', *, *, #7431, .T. ) ;
#3692 = ORIENTED_EDGE ( 'NONE', *, *, #11892, .T. ) ;
#3693 = VECTOR ( 'NONE', #173, 1000.000000000000000 ) ;
#3694 = CARTESIAN_POINT ( 'NONE',  ( -0.2296552207245262656, 0.3010000000383806773, 0.2126444178933750984 ) ) ;
#3695 = ORIENTED_EDGE ( 'NONE', *, *, #9849, .F. ) ;
#3696 = DIRECTION ( 'NONE',  ( -0.9332416532319380842, 0.0000000000000000000, 0.3592492403233707998 ) ) ;
#3697 = SURFACE_STYLE_FILL_AREA ( #12071 ) ;
#3698 = CARTESIAN_POINT ( 'NONE',  ( -0.05917272082273143663, 0.3000000000000000444, 0.1826600186241198465 ) ) ;
#3699 = ORIENTED_EDGE ( 'NONE', *, *, #7864, .T. ) ;
#3700 = CARTESIAN_POINT ( 'NONE',  ( -0.1032275776034935477, 0.3010000000383806218, 0.08065668413473843501 ) ) ;
#3701 = EDGE_CURVE ( 'NONE', #7441, #2699, #8656, .T. ) ;
#3702 = EDGE_CURVE ( 'NONE', #553, #8878, #2784, .T. ) ;
#3703 = VECTOR ( 'NONE', #9219, 1000.000000000000227 ) ;
#3704 = FACE_OUTER_BOUND ( 'NONE', #10284, .T. ) ;
#3705 = VERTEX_POINT ( 'NONE', #7616 ) ;
#3706 = VECTOR ( 'NONE', #6454, 1000.000000000000000 ) ;
#3707 = UNCERTAINTY_MEASURE_WITH_UNIT (LENGTH_MEASURE( 1.000000000000000082E-05 ), #4437, 'distance_accuracy_value', 'NONE');
#3708 = CARTESIAN_POINT ( 'NONE',  ( 0.2169301805050373178, 0.3010000000383806218, 0.1645086717987799263 ) ) ;
#3709 = EDGE_CURVE ( 'NONE', #4017, #4562, #2062, .T. ) ;
#3710 = SURFACE_STYLE_FILL_AREA ( #8236 ) ;
#3711 = DIRECTION ( 'NONE',  ( -0.0000000000000000000, -1.000000000000000000, -0.0000000000000000000 ) ) ;
#3712 = LINE ( 'NONE', #2857, #2394 ) ;
#3713 = DIRECTION ( 'NONE',  ( -0.007092178509963392892, 0.0000000000000000000, 0.9999748501857348426 ) ) ;
#3714 = CARTESIAN_POINT ( 'NONE',  ( 0.2006001891220481892, 0.3000000000383806209, 0.08153567847897424947 ) ) ;
#3715 = COLOUR_RGB ( '',1.000000000000000000, 1.000000000000000000, 1.000000000000000000 ) ;
#3716 = CARTESIAN_POINT ( 'NONE',  ( -0.2028220619280017845, 0.3010000000383806218, 0.1831073017652502244 ) ) ;
#3717 = PRESENTATION_LAYER_ASSIGNMENT (  '', '', ( #5894 ) ) ;
#3718 = VERTEX_POINT ( 'NONE', #3766 ) ;
#3719 = EDGE_CURVE ( 'NONE', #8330, #2087, #10391, .T. ) ;
#3720 = CARTESIAN_POINT ( 'NONE',  ( 0.2177054820917722067, 0.3000000000000000444, 0.05519475465062153446 ) ) ;
#3721 = FILL_AREA_STYLE_COLOUR ( '', #9652 ) ;
#3722 = FACE_OUTER_BOUND ( 'NONE', #9726, .T. ) ;
#3723 = ORIENTED_EDGE ( 'NONE', *, *, #468, .T. ) ;
#3724 = UNCERTAINTY_MEASURE_WITH_UNIT (LENGTH_MEASURE( 1.000000000000000082E-05 ), #6277, 'distance_accuracy_value', 'NONE');
#3725 = CARTESIAN_POINT ( 'NONE',  ( -0.07072889208594392019, 0.3000000000000000444, 0.1517276648743602907 ) ) ;
#3726 = AXIS2_PLACEMENT_3D ( 'NONE', #7293, #3572, #11186 ) ;
#3727 = CARTESIAN_POINT ( 'NONE',  ( -0.07465651980998951054, 0.3000000000383806209, 0.06117620789056198161 ) ) ;
#3728 = ORIENTED_EDGE ( 'NONE', *, *, #5149, .T. ) ;
#3729 = CARTESIAN_POINT ( 'NONE',  ( -0.1060716889868553725, 0.3000000000000000444, 0.09682595060005891319 ) ) ;
#3730 = CARTESIAN_POINT ( 'NONE',  ( -0.3103721245574679322, 0.3010000000383806773, 0.1032065530223878064 ) ) ;
#3731 = CARTESIAN_POINT ( 'NONE',  ( -0.06332267077700831637, 0.3000000000383806209, 0.07067703523706080071 ) ) ;
#3732 = MECHANICAL_DESIGN_GEOMETRIC_PRESENTATION_REPRESENTATION (  '', ( #11850 ), #979 ) ;
#3733 = CARTESIAN_POINT ( 'NONE',  ( -0.04824933950742547190, 0.3010000000383806773, 0.1598726395160341429 ) ) ;
#3734 =( NAMED_UNIT ( * ) SI_UNIT ( $, .STERADIAN. ) SOLID_ANGLE_UNIT ( ) );
#3735 =( LENGTH_UNIT ( ) NAMED_UNIT ( * ) SI_UNIT ( .MILLI., .METRE. ) );
#3736 = VERTEX_POINT ( 'NONE', #2850 ) ;
#3737 = B_SPLINE_CURVE_WITH_KNOTS ( 'NONE', 3,
 ( #10858, #7162, #7397, #1715 ),
 .UNSPECIFIED., .F., .F.,
 ( 4, 4 ),
 ( 5.000000000000000000, 6.000000000000000000 ),
 .UNSPECIFIED. ) ;
#3738 = FACE_OUTER_BOUND ( 'NONE', #11168, .T. ) ;
#3739 =( NAMED_UNIT ( * ) SI_UNIT ( $, .STERADIAN. ) SOLID_ANGLE_UNIT ( ) );
#3740 = MECHANICAL_DESIGN_GEOMETRIC_PRESENTATION_REPRESENTATION (  '', ( #4346 ), #4729 ) ;
#3741 = LINE ( 'NONE', #5485, #4758 ) ;
#3742 = ORIENTED_EDGE ( 'NONE', *, *, #2241, .T. ) ;
#3743 = UNCERTAINTY_MEASURE_WITH_UNIT (LENGTH_MEASURE( 1.000000000000000082E-05 ), #11680, 'distance_accuracy_value', 'NONE');
#3744 = PRESENTATION_LAYER_ASSIGNMENT (  '', '', ( #3162 ) ) ;
#3745 = CARTESIAN_POINT ( 'NONE',  ( -0.02359795510417710129, 0.3000000000000000444, 0.1102938083407164899 ) ) ;
#3746 = CARTESIAN_POINT ( 'NONE',  ( 0.0000000000000000000, 0.2500000000000000000, 0.2499999999999999445 ) ) ;
#3747 = CARTESIAN_POINT ( 'NONE',  ( -0.09639389703908625429, 0.3000000000000000444, 0.1551017010080659453 ) ) ;
#3748 = FILL_AREA_STYLE_COLOUR ( '', #8134 ) ;
#3749 = ORIENTED_EDGE ( 'NONE', *, *, #8474, .T. ) ;
#3750 = VECTOR ( 'NONE', #6249, 1000.000000000000000 ) ;
#3751 = CARTESIAN_POINT ( 'NONE',  ( -0.1697082593558360275, 0.3010000000383806773, 0.1520550541038856174 ) ) ;
#3752 = STYLED_ITEM ( 'NONE', ( #6291 ), #678 ) ;
#3753 = SURFACE_STYLE_FILL_AREA ( #5559 ) ;
#3754 = ORIENTED_EDGE ( 'NONE', *, *, #6280, .F. ) ;
#3755 = VECTOR ( 'NONE', #4358, 1000.000000000000000 ) ;
#3756 = FACE_OUTER_BOUND ( 'NONE', #977, .T. ) ;
#3757 =( NAMED_UNIT ( * ) PLANE_ANGLE_UNIT ( ) SI_UNIT ( $, .RADIAN. ) );
#3758 = EDGE_LOOP ( 'NONE', ( #6851, #7793, #7879, #2556 ) ) ;
#3759 = B_SPLINE_CURVE_WITH_KNOTS ( 'NONE', 3,
 ( #8629, #8505, #2939, #2883 ),
 .UNSPECIFIED., .F., .F.,
 ( 4, 4 ),
 ( 20.00000000000000000, 21.00000000000000000 ),
 .UNSPECIFIED. ) ;
#3760 = PRESENTATION_STYLE_ASSIGNMENT (( #11071 ) ) ;
#3761 = ORIENTED_EDGE ( 'NONE', *, *, #7270, .F. ) ;
#3762 = CARTESIAN_POINT ( 'NONE',  ( -0.1192617886232077706, 0.3000000000383806209, 0.07196474523745087504 ) ) ;
#3763 = CARTESIAN_POINT ( 'NONE',  ( 0.09145551567837971463, 0.3010000000383806773, 0.05690221367790437856 ) ) ;
#3764 = EDGE_CURVE ( 'NONE', #923, #9923, #1937, .T. ) ;
#3765 = CARTESIAN_POINT ( 'NONE',  ( -0.06905856497853075926, 0.3010000000383806218, 0.09434343094896985304 ) ) ;
#3766 = CARTESIAN_POINT ( 'NONE',  ( -0.07947823490188062057, 0.3000000000383806209, 0.1516656114126317401 ) ) ;
#3767 = B_SPLINE_SURFACE_WITH_KNOTS ( 'NONE', 3, 1, ( 
 ( #12034, #7582 ),
 ( #829, #1770 ),
 ( #5529, #8307 ),
 ( #11226, #12097 ) ),
 .UNSPECIFIED., .F., .F., .F.,
 ( 4, 4 ),
 ( 2, 2 ),
 ( 4.000000000000000000, 5.000000000000000000 ),
 ( 0.0000000000000000000, 1.000000000000000000 ),
 .UNSPECIFIED. ) ;
#3768 =( NAMED_UNIT ( * ) SI_UNIT ( $, .STERADIAN. ) SOLID_ANGLE_UNIT ( ) );
#3769 = ORIENTED_EDGE ( 'NONE', *, *, #7983, .T. ) ;
#3770 = AXIS2_PLACEMENT_3D ( 'NONE', #9577, #10484, #2888 ) ;
#3771 = MECHANICAL_DESIGN_GEOMETRIC_PRESENTATION_REPRESENTATION (  '', ( #10487 ), #6538 ) ;
#3772 = FILL_AREA_STYLE_COLOUR ( '', #2614 ) ;
#3773 = CARTESIAN_POINT ( 'NONE',  ( -0.2141954948231271638, 0.3010000000383806773, 0.08242752886748960783 ) ) ;
#3774 = VECTOR ( 'NONE', #455, 1000.000000000000000 ) ;
#3775 = MECHANICAL_DESIGN_GEOMETRIC_PRESENTATION_REPRESENTATION (  '', ( #1411 ), #10108 ) ;
#3776 = COLOUR_RGB ( '',1.000000000000000000, 1.000000000000000000, 1.000000000000000000 ) ;
#3777 = EDGE_CURVE ( 'NONE', #9428, #11372, #8533, .T. ) ;
#3778 = FACE_OUTER_BOUND ( 'NONE', #832, .T. ) ;
#3779 = EDGE_CURVE ( 'NONE', #6431, #787, #2612, .T. ) ;
#3780 = DIRECTION ( 'NONE',  ( 0.007092178509962843852, 0.0000000000000000000, -0.9999748501857348426 ) ) ;
#3781 = CARTESIAN_POINT ( 'NONE',  ( 0.2174562885453621697, 0.3010000000383806218, 0.02916459669755753700 ) ) ;
#3782 = CARTESIAN_POINT ( 'NONE',  ( -0.2691773925217667007, 0.3010000000383806218, 0.06310310977246418040 ) ) ;
#3783 = PRESENTATION_LAYER_ASSIGNMENT (  '', '', ( #6151 ) ) ;
#3784 = VECTOR ( 'NONE', #5216, 1000.000000000000114 ) ;
#3785 = FILL_AREA_STYLE_COLOUR ( '', #7602 ) ;
#3786 =( LENGTH_UNIT ( ) NAMED_UNIT ( * ) SI_UNIT ( .MILLI., .METRE. ) );
#3787 = EDGE_LOOP ( 'NONE', ( #12072, #1637, #10754, #4510, #649, #2841, #5677, #9258, #2800, #2637, #1283, #8718 ) ) ;
#3788 = PRESENTATION_LAYER_ASSIGNMENT (  '', '', ( #9715 ) ) ;
#3789 = MECHANICAL_DESIGN_GEOMETRIC_PRESENTATION_REPRESENTATION (  '', ( #6556 ), #4566 ) ;
#3790 = PLANE ( 'NONE',  #5362 ) ;
#3791 = COLOUR_RGB ( '',1.000000000000000000, 1.000000000000000000, 1.000000000000000000 ) ;
#3792 =( NAMED_UNIT ( * ) SI_UNIT ( $, .STERADIAN. ) SOLID_ANGLE_UNIT ( ) );
#3793 = COLOUR_RGB ( '',1.000000000000000000, 1.000000000000000000, 1.000000000000000000 ) ;
#3794 = UNCERTAINTY_MEASURE_WITH_UNIT (LENGTH_MEASURE( 1.000000000000000082E-05 ), #6742, 'distance_accuracy_value', 'NONE');
#3795 = SURFACE_STYLE_FILL_AREA ( #9605 ) ;
#3796 = ORIENTED_EDGE ( 'NONE', *, *, #2434, .T. ) ;
#3797 = PRESENTATION_LAYER_ASSIGNMENT (  '', '', ( #4395 ) ) ;
#3798 = COLOUR_RGB ( '',1.000000000000000000, 1.000000000000000000, 1.000000000000000000 ) ;
#3799 = PRESENTATION_LAYER_ASSIGNMENT (  '', '', ( #4005 ) ) ;
#3800 = ADVANCED_FACE ( 'NONE', ( #10446 ), #10968, .F. ) ;
#3801 = PRESENTATION_STYLE_ASSIGNMENT (( #2393 ) ) ;
#3802 = CARTESIAN_POINT ( 'NONE',  ( -0.2460753435467916139, 0.3010000000383806773, 0.1682019657593467887 ) ) ;
#3803 = ORIENTED_EDGE ( 'NONE', *, *, #10065, .T. ) ;
#3804 = COLOUR_RGB ( '',1.000000000000000000, 1.000000000000000000, 1.000000000000000000 ) ;
#3805 = SURFACE_STYLE_USAGE ( .BOTH. , #4720 ) ;
#3806 =( GEOMETRIC_REPRESENTATION_CONTEXT ( 3 ) GLOBAL_UNCERTAINTY_ASSIGNED_CONTEXT ( ( #9865 ) ) GLOBAL_UNIT_ASSIGNED_CONTEXT ( ( #10595, #1079, #2140 ) ) REPRESENTATION_CONTEXT ( 'NONE', 'WORKASPACE' ) );
#3807 = UNCERTAINTY_MEASURE_WITH_UNIT (LENGTH_MEASURE( 1.000000000000000082E-05 ), #700, 'distance_accuracy_value', 'NONE');
#3808 =( LENGTH_UNIT ( ) NAMED_UNIT ( * ) SI_UNIT ( .MILLI., .METRE. ) );
#3809 = B_SPLINE_CURVE_WITH_KNOTS ( 'NONE', 3,
 ( #1152, #7702, #5845, #8755 ),
 .UNSPECIFIED., .F., .F.,
 ( 4, 4 ),
 ( 9.000000000000000000, 10.00000000000000000 ),
 .UNSPECIFIED. ) ;
#3810 = MECHANICAL_DESIGN_GEOMETRIC_PRESENTATION_REPRESENTATION (  '', ( #9147 ), #10925 ) ;
#3811 = MECHANICAL_DESIGN_GEOMETRIC_PRESENTATION_REPRESENTATION (  '', ( #6591 ), #9908 ) ;
#3812 =( NAMED_UNIT ( * ) SI_UNIT ( $, .STERADIAN. ) SOLID_ANGLE_UNIT ( ) );
#3813 = ORIENTED_EDGE ( 'NONE', *, *, #6608, .F. ) ;
#3814 = SURFACE_STYLE_FILL_AREA ( #2829 ) ;
#3815 = ADVANCED_FACE ( 'NONE', ( #5194 ), #5870, .T. ) ;
#3816 = CARTESIAN_POINT ( 'NONE',  ( -0.2786044463837674678, 0.3000000000383806209, 0.09482244866090128177 ) ) ;
#3817 = DIRECTION ( 'NONE',  ( -0.0000000000000000000, -1.000000000000000000, -0.0000000000000000000 ) ) ;
#3818 = ORIENTED_EDGE ( 'NONE', *, *, #10153, .T. ) ;
#3819 = ADVANCED_FACE ( 'NONE', ( #9648 ), #8716, .T. ) ;
#3820 = COLOUR_RGB ( '',1.000000000000000000, 1.000000000000000000, 1.000000000000000000 ) ;
#3821 = CARTESIAN_POINT ( 'NONE',  ( 0.1737393428458151035, 0.3000000000000000444, 0.07657331726434682406 ) ) ;
#3822 = DIRECTION ( 'NONE',  ( -0.9376516173647785335, 0.0000000000000000000, -0.3475765303544171014 ) ) ;
#3823 = ORIENTED_EDGE ( 'NONE', *, *, #4042, .T. ) ;
#3824 = CARTESIAN_POINT ( 'NONE',  ( -0.2171691244267939802, 0.3010000000383806773, 0.06188110134868816253 ) ) ;
#3825 = CARTESIAN_POINT ( 'NONE',  ( -0.3100817740648104670, 0.3000000000383806209, 0.1040508373855958679 ) ) ;
#3826 = ORIENTED_EDGE ( 'NONE', *, *, #6025, .F. ) ;
#3827 = EDGE_CURVE ( 'NONE', #3288, #7665, #550, .T. ) ;
#3828 =( GEOMETRIC_REPRESENTATION_CONTEXT ( 3 ) GLOBAL_UNCERTAINTY_ASSIGNED_CONTEXT ( ( #12030 ) ) GLOBAL_UNIT_ASSIGNED_CONTEXT ( ( #7000, #6065, #8909 ) ) REPRESENTATION_CONTEXT ( 'NONE', 'WORKASPACE' ) );
#3829 = DIRECTION ( 'NONE',  ( 0.007092178509960658100, 0.0000000000000000000, -0.9999748501857348426 ) ) ;
#3830 = VERTEX_POINT ( 'NONE', #5252 ) ;
#3831 = CARTESIAN_POINT ( 'NONE',  ( -0.02340991431105948761, 0.3000000000000000444, 0.08378064829231046673 ) ) ;
#3832 = ORIENTED_EDGE ( 'NONE', *, *, #5147, .T. ) ;
#3833 = CARTESIAN_POINT ( 'NONE',  ( -0.2028862170221215622, 0.3000000000000000444, 0.1921529681343294438 ) ) ;
#3834 = COLOUR_RGB ( '',1.000000000000000000, 1.000000000000000000, 1.000000000000000000 ) ;
#3835 = CARTESIAN_POINT ( 'NONE',  ( -0.2608823379689205746, 0.3010000000383806773, 0.1514084150000267748 ) ) ;
#3836 =( NAMED_UNIT ( * ) SI_UNIT ( $, .STERADIAN. ) SOLID_ANGLE_UNIT ( ) );
#3837 = DIRECTION ( 'NONE',  ( 0.3451999324527419977, 0.0000000000000000000, -0.9385291719678308109 ) ) ;
#3838 = CARTESIAN_POINT ( 'NONE',  ( -0.1295294717710495647, 0.3000000000383806209, 0.07267176121460015847 ) ) ;
#3839 = VERTEX_POINT ( 'NONE', #10071 ) ;
#3840 = UNCERTAINTY_MEASURE_WITH_UNIT (LENGTH_MEASURE( 1.000000000000000082E-05 ), #7829, 'distance_accuracy_value', 'NONE');
#3841 = DIRECTION ( 'NONE',  ( -0.9999748501857348426, -0.0000000000000000000, -0.007092178509963836981 ) ) ;
#3842 = CARTESIAN_POINT ( 'NONE',  ( -0.1479273002113785096, 0.3000000000383806764, 0.04758645964856490079 ) ) ;
#3843 = PLANE ( 'NONE',  #9093 ) ;
#3844 = EDGE_CURVE ( 'NONE', #12093, #3853, #12057, .T. ) ;
#3845 = DIRECTION ( 'NONE',  ( -0.0000000000000000000, -1.000000000000000000, -0.0000000000000000000 ) ) ;
#3846 = DIRECTION ( 'NONE',  ( 0.0000000000000000000, -1.000000000000000000, 0.0000000000000000000 ) ) ;
#3847 = CARTESIAN_POINT ( 'NONE',  ( 0.2083560186164092054, 0.3000000000383806209, 0.08896540894212422168 ) ) ;
#3848 = CARTESIAN_POINT ( 'NONE',  ( 0.09992199848931948569, 0.3010000000383806218, 0.2087947179843276935 ) ) ;
#3849 = ORIENTED_EDGE ( 'NONE', *, *, #8470, .T. ) ;
#3850 = CARTESIAN_POINT ( 'NONE',  ( 0.1226849798473183956, 0.3000000000000000444, 0.05755750462487636832 ) ) ;
#3851 = STYLED_ITEM ( 'NONE', ( #2307 ), #6197 ) ;
#3852 = CARTESIAN_POINT ( 'NONE',  ( -0.1924035092663176072, 0.3010000000383806218, 0.1963136666212549897 ) ) ;
#3853 = VERTEX_POINT ( 'NONE', #4262 ) ;
#3854 = UNCERTAINTY_MEASURE_WITH_UNIT (LENGTH_MEASURE( 1.000000000000000082E-05 ), #6212, 'distance_accuracy_value', 'NONE');
#3855 = SURFACE_STYLE_FILL_AREA ( #8611 ) ;
#3856 = LINE ( 'NONE', #9667, #9143 ) ;
#3857 =( LENGTH_UNIT ( ) NAMED_UNIT ( * ) SI_UNIT ( .MILLI., .METRE. ) );
#3858 = VERTEX_POINT ( 'NONE', #8155 ) ;
#3859 = DIRECTION ( 'NONE',  ( -0.0000000000000000000, -1.000000000000000000, -0.0000000000000000000 ) ) ;
#3860 = PLANE ( 'NONE',  #5203 ) ;
#3861 = SURFACE_SIDE_STYLE ('',( #10360 ) ) ;
#3862 = DIRECTION ( 'NONE',  ( -0.0000000000000000000, 0.0000000000000000000, -1.000000000000000000 ) ) ;
#3863 = SURFACE_STYLE_USAGE ( .BOTH. , #1910 ) ;
#3864 = ADVANCED_FACE ( 'NONE', ( #3396 ), #9974, .F. ) ;
#3865 = ADVANCED_FACE ( 'NONE', ( #6413 ), #9266, .F. ) ;
#3866 =( NAMED_UNIT ( * ) PLANE_ANGLE_UNIT ( ) SI_UNIT ( $, .RADIAN. ) );
#3867 = LINE ( 'NONE', #6601, #7558 ) ;
#3868 = ORIENTED_EDGE ( 'NONE', *, *, #3944, .T. ) ;
#3869 =( LENGTH_UNIT ( ) NAMED_UNIT ( * ) SI_UNIT ( .MILLI., .METRE. ) );
#3870 = PRESENTATION_STYLE_ASSIGNMENT (( #2940 ) ) ;
#3871 = LINE ( 'NONE', #4907, #7141 ) ;
#3872 = EDGE_LOOP ( 'NONE', ( #11227, #4000, #1487, #11635 ) ) ;
#3873 =( GEOMETRIC_REPRESENTATION_CONTEXT ( 3 ) GLOBAL_UNCERTAINTY_ASSIGNED_CONTEXT ( ( #7631 ) ) GLOBAL_UNIT_ASSIGNED_CONTEXT ( ( #9494, #9431, #11541 ) ) REPRESENTATION_CONTEXT ( 'NONE', 'WORKASPACE' ) );
#3874 = CARTESIAN_POINT ( 'NONE',  ( -0.1553642605812432242, 0.3010000000383806773, 0.06260018519777493795 ) ) ;
#3875 = CARTESIAN_POINT ( 'NONE',  ( 0.2168378917518772042, 0.3010000000383806218, 0.1163554317908793573 ) ) ;
#3876 = CARTESIAN_POINT ( 'NONE',  ( -0.1089518509067853441, 0.3000000000383806209, 0.06090177964109294573 ) ) ;
#3877 = SURFACE_STYLE_FILL_AREA ( #11423 ) ;
#3878 = EDGE_CURVE ( 'NONE', #4137, #9005, #855, .T. ) ;
#3879 = LINE ( 'NONE', #6671, #3606 ) ;
#3880 = ORIENTED_EDGE ( 'NONE', *, *, #694, .F. ) ;
#3881 =( NAMED_UNIT ( * ) SI_UNIT ( $, .STERADIAN. ) SOLID_ANGLE_UNIT ( ) );
#3882 = CARTESIAN_POINT ( 'NONE',  ( 0.2930118290230381839, 0.3000000000000000444, 0.08002207605094992238 ) ) ;
#3883 = ORIENTED_EDGE ( 'NONE', *, *, #8781, .T. ) ;
#3884 = EDGE_CURVE ( 'NONE', #4637, #6555, #2837, .T. ) ;
#3885 =( LENGTH_UNIT ( ) NAMED_UNIT ( * ) SI_UNIT ( .MILLI., .METRE. ) );
#3886 = SURFACE_STYLE_USAGE ( .BOTH. , #4016 ) ;
#3887 = ORIENTED_EDGE ( 'NONE', *, *, #2576, .F. ) ;
#3888 = LINE ( 'NONE', #1109, #10594 ) ;
#3889 = ORIENTED_EDGE ( 'NONE', *, *, #2144, .T. ) ;
#3890 =( LENGTH_UNIT ( ) NAMED_UNIT ( * ) SI_UNIT ( .MILLI., .METRE. ) );
#3891 = FILL_AREA_STYLE_COLOUR ( '', #5213 ) ;
#3892 = ORIENTED_EDGE ( 'NONE', *, *, #11970, .F. ) ;
#3893 = DIRECTION ( 'NONE',  ( 0.007092178509961149027, 0.0000000000000000000, -0.9999748501857348426 ) ) ;
#3894 = VECTOR ( 'NONE', #7125, 1000.000000000000000 ) ;
#3895 = COLOUR_RGB ( '',1.000000000000000000, 1.000000000000000000, 1.000000000000000000 ) ;
#3896 = SURFACE_STYLE_FILL_AREA ( #2122 ) ;
#3897 =( NAMED_UNIT ( * ) SI_UNIT ( $, .STERADIAN. ) SOLID_ANGLE_UNIT ( ) );
#3898 = CARTESIAN_POINT ( 'NONE',  ( 0.2168378917518772042, 0.3010000000383806218, 0.1163554317908793573 ) ) ;
#3899 = FACE_OUTER_BOUND ( 'NONE', #11979, .T. ) ;
#3900 = ORIENTED_EDGE ( 'NONE', *, *, #9980, .F. ) ;
#3901 = MECHANICAL_DESIGN_GEOMETRIC_PRESENTATION_REPRESENTATION (  '', ( #1749 ), #5874 ) ;
#3902 = CARTESIAN_POINT ( 'NONE',  ( -0.06673863277530867055, 0.3000000000383806209, 0.07511348166149579841 ) ) ;
#3903 = B_SPLINE_CURVE_WITH_KNOTS ( 'NONE', 3,
 ( #3059, #324, #5831, #9608 ),
 .UNSPECIFIED., .F., .F.,
 ( 4, 4 ),
 ( 5.000000000000000000, 6.000000000000000000 ),
 .UNSPECIFIED. ) ;
#3904 =( GEOMETRIC_REPRESENTATION_CONTEXT ( 3 ) GLOBAL_UNCERTAINTY_ASSIGNED_CONTEXT ( ( #11031 ) ) GLOBAL_UNIT_ASSIGNED_CONTEXT ( ( #4007, #2158, #9691 ) ) REPRESENTATION_CONTEXT ( 'NONE', 'WORKASPACE' ) );
#3905 = EDGE_CURVE ( 'NONE', #3022, #10005, #3636, .T. ) ;
#3906 = LINE ( 'NONE', #2923, #7902 ) ;
#3907 = ORIENTED_EDGE ( 'NONE', *, *, #1307, .F. ) ;
#3908 = FILL_AREA_STYLE ('',( #11400 ) ) ;
#3909 = CARTESIAN_POINT ( 'NONE',  ( 0.2006678734598231484, 0.3000000000000000444, 0.07199239986135662350 ) ) ;
#3910 = STYLED_ITEM ( 'NONE', ( #5686 ), #3037 ) ;
#3911 = FILL_AREA_STYLE ('',( #5779 ) ) ;
#3912 = LINE ( 'NONE', #4781, #9524 ) ;
#3913 = EDGE_LOOP ( 'NONE', ( #3539, #3892, #11194, #10984 ) ) ;
#3914 =( GEOMETRIC_REPRESENTATION_CONTEXT ( 3 ) GLOBAL_UNCERTAINTY_ASSIGNED_CONTEXT ( ( #4838 ) ) GLOBAL_UNIT_ASSIGNED_CONTEXT ( ( #8246, #2443, #6269 ) ) REPRESENTATION_CONTEXT ( 'NONE', 'WORKASPACE' ) );
#3915 = CARTESIAN_POINT ( 'NONE',  ( -0.06107609154015968683, 0.3010000000383806218, 0.1695452399993392645 ) ) ;
#3916 = DIRECTION ( 'NONE',  ( 0.007092178509959874005, -0.0000000000000000000, -0.9999748501857349536 ) ) ;
#3917 = ADVANCED_FACE ( 'NONE', ( #12177 ), #11246, .F. ) ;
#3918 = UNCERTAINTY_MEASURE_WITH_UNIT (LENGTH_MEASURE( 1.000000000000000082E-05 ), #3890, 'distance_accuracy_value', 'NONE');
#3919 = FILL_AREA_STYLE ('',( #4969 ) ) ;
#3920 = VECTOR ( 'NONE', #1616, 1000.000000000000000 ) ;
#3921 = LINE ( 'NONE', #11470, #4783 ) ;
#3922 = ORIENTED_EDGE ( 'NONE', *, *, #6503, .F. ) ;
#3923 = CARTESIAN_POINT ( 'NONE',  ( -0.1697108044815270889, 0.3010000000383806773, 0.1590111914590974507 ) ) ;
#3924 = FACE_OUTER_BOUND ( 'NONE', #11471, .T. ) ;
#3925 = DIRECTION ( 'NONE',  ( 0.3451999324527419977, 0.0000000000000000000, -0.9385291719678308109 ) ) ;
#3926 = EDGE_LOOP ( 'NONE', ( #2543, #1618, #8683, #1339, #6250, #9285, #912, #11537, #565, #926, #2503, #4254, #1257, #10459 ) ) ;
#3927 = EDGE_CURVE ( 'NONE', #3493, #9075, #6018, .T. ) ;
#3928 = DIRECTION ( 'NONE',  ( -0.0000000000000000000, -1.000000000000000000, -0.0000000000000000000 ) ) ;
#3929 = EDGE_CURVE ( 'NONE', #4865, #7685, #7533, .T. ) ;
#3930 = PRESENTATION_LAYER_ASSIGNMENT (  '', '', ( #1382 ) ) ;
#3931 = CARTESIAN_POINT ( 'NONE',  ( -0.1228797243786863697, 0.3000000000000000444, 0.07848972516608603012 ) ) ;
#3932 = EDGE_CURVE ( 'NONE', #4639, #9117, #3879, .T. ) ;
#3933 = UNCERTAINTY_MEASURE_WITH_UNIT (LENGTH_MEASURE( 1.000000000000000082E-05 ), #7024, 'distance_accuracy_value', 'NONE');
#3934 = ORIENTED_EDGE ( 'NONE', *, *, #8474, .F. ) ;
#3935 = FACE_OUTER_BOUND ( 'NONE', #5369, .T. ) ;
#3936 = ORIENTED_EDGE ( 'NONE', *, *, #10147, .F. ) ;
#3937 = PRESENTATION_LAYER_ASSIGNMENT (  '', '', ( #4346 ) ) ;
#3938 =( NAMED_UNIT ( * ) SI_UNIT ( $, .STERADIAN. ) SOLID_ANGLE_UNIT ( ) );
#3939 = STYLED_ITEM ( 'NONE', ( #7646 ), #10800 ) ;
#3940 = DIRECTION ( 'NONE',  ( 0.007092178509962994773, 0.0000000000000000000, -0.9999748501857348426 ) ) ;
#3941 = ORIENTED_EDGE ( 'NONE', *, *, #8545, .F. ) ;
#3942 = B_SPLINE_CURVE_WITH_KNOTS ( 'NONE', 3,
 ( #910, #8453, #6724, #12237 ),
 .UNSPECIFIED., .F., .F.,
 ( 4, 4 ),
 ( 7.000000000000000000, 8.000000000000000000 ),
 .UNSPECIFIED. ) ;
#3943 = CARTESIAN_POINT ( 'NONE',  ( 0.04005042482224686895, 0.3010000000383806218, 0.08733792516392605010 ) ) ;
#3944 = EDGE_CURVE ( 'NONE', #10849, #11787, #3214, .T. ) ;
#3945 = VERTEX_POINT ( 'NONE', #1866 ) ;
#3946 = CARTESIAN_POINT ( 'NONE',  ( -0.1181675307123672830, 0.3000000000000000444, 0.1002026435160618817 ) ) ;
#3947 = EDGE_CURVE ( 'NONE', #276, #692, #3942, .T. ) ;
#3948 =( GEOMETRIC_REPRESENTATION_CONTEXT ( 3 ) GLOBAL_UNCERTAINTY_ASSIGNED_CONTEXT ( ( #10293 ) ) GLOBAL_UNIT_ASSIGNED_CONTEXT ( ( #3228, #9719, #4827 ) ) REPRESENTATION_CONTEXT ( 'NONE', 'WORKASPACE' ) );
#3949 = CARTESIAN_POINT ( 'NONE',  ( -0.1356768246753327356, 0.3010000000383806218, 0.03560145137876107035 ) ) ;
#3950 =( NAMED_UNIT ( * ) SI_UNIT ( $, .STERADIAN. ) SOLID_ANGLE_UNIT ( ) );
#3951 = PRESENTATION_STYLE_ASSIGNMENT (( #9647 ) ) ;
#3952 = VECTOR ( 'NONE', #10533, 1000.000000000000000 ) ;
#3953 = CARTESIAN_POINT ( 'NONE',  ( -0.1495288036772326468, 0.3010000000383806218, 0.03836521384369874499 ) ) ;
#3954 = EDGE_LOOP ( 'NONE', ( #11286, #2119, #8218, #7266 ) ) ;
#3955 = LINE ( 'NONE', #9538, #8334 ) ;
#3956 = CARTESIAN_POINT ( 'NONE',  ( -0.06503813254809825972, 0.3010000000383806218, 0.1652124337543380006 ) ) ;
#3957 = VECTOR ( 'NONE', #5440, 1000.000000000000000 ) ;
#3958 = CARTESIAN_POINT ( 'NONE',  ( 0.2637328348575166959, 0.3000000000000000444, 0.1713477188467424639 ) ) ;
#3959 = VECTOR ( 'NONE', #6839, 1000.000000000000000 ) ;
#3960 = CARTESIAN_POINT ( 'NONE',  ( -0.1085876274563394861, 0.3010000000383806773, 0.1524885434381348659 ) ) ;
#3961 = AXIS2_PLACEMENT_3D ( 'NONE', #3824, #1869, #7470 ) ;
#3962 =( NAMED_UNIT ( * ) PLANE_ANGLE_UNIT ( ) SI_UNIT ( $, .RADIAN. ) );
#3963 = FACE_OUTER_BOUND ( 'NONE', #9152, .T. ) ;
#3964 = CARTESIAN_POINT ( 'NONE',  ( -0.06571274714772742942, 0.3000000000000000444, 0.2009554253597677365 ) ) ;
#3965 =( NAMED_UNIT ( * ) PLANE_ANGLE_UNIT ( ) SI_UNIT ( $, .RADIAN. ) );
#3966 = DIRECTION ( 'NONE',  ( -0.007092178509967527605, -0.0000000000000000000, 0.9999748501857348426 ) ) ;
#3967 = ORIENTED_EDGE ( 'NONE', *, *, #4911, .F. ) ;
#3968 = DIRECTION ( 'NONE',  ( -0.007092178509970695210, -0.0000000000000000000, 0.9999748501857348426 ) ) ;
#3969 = PRESENTATION_STYLE_ASSIGNMENT (( #7573 ) ) ;
#3970 = COLOUR_RGB ( '',1.000000000000000000, 1.000000000000000000, 1.000000000000000000 ) ;
#3971 = COLOUR_RGB ( '',1.000000000000000000, 1.000000000000000000, 1.000000000000000000 ) ;
#3972 = ORIENTED_EDGE ( 'NONE', *, *, #7210, .T. ) ;
#3973 = STYLED_ITEM ( 'NONE', ( #8501 ), #11585 ) ;
#3974 = UNCERTAINTY_MEASURE_WITH_UNIT (LENGTH_MEASURE( 1.000000000000000082E-05 ), #11777, 'distance_accuracy_value', 'NONE');
#3975 = SURFACE_SIDE_STYLE ('',( #3855 ) ) ;
#3976 = STYLED_ITEM ( 'NONE', ( #5056 ), #6403 ) ;
#3977 = CARTESIAN_POINT ( 'NONE',  ( -0.09196773755194921629, 0.3000000000000000444, 0.1599680888207823948 ) ) ;
#3978 = FILL_AREA_STYLE_COLOUR ( '', #7568 ) ;
#3979 = COLOUR_RGB ( '',1.000000000000000000, 1.000000000000000000, 1.000000000000000000 ) ;
#3980 = CARTESIAN_POINT ( 'NONE',  ( -0.08288621819914061828, 0.3010000000383806773, 0.06261512898855499387 ) ) ;
#3981 = ORIENTED_EDGE ( 'NONE', *, *, #3504, .T. ) ;
#3982 = DIRECTION ( 'NONE',  ( -0.0000000000000000000, -0.0000000000000000000, 1.000000000000000000 ) ) ;
#3983 = AXIS2_PLACEMENT_3D ( 'NONE', #3547, #9127, #9985 ) ;
#3984 = COLOUR_RGB ( '',1.000000000000000000, 1.000000000000000000, 1.000000000000000000 ) ;
#3985 = STYLED_ITEM ( 'NONE', ( #363 ), #4468 ) ;
#3986 =( GEOMETRIC_REPRESENTATION_CONTEXT ( 3 ) GLOBAL_UNCERTAINTY_ASSIGNED_CONTEXT ( ( #3272 ) ) GLOBAL_UNIT_ASSIGNED_CONTEXT ( ( #814, #8351, #5811 ) ) REPRESENTATION_CONTEXT ( 'NONE', 'WORKASPACE' ) );
#3987 = ORIENTED_EDGE ( 'NONE', *, *, #7292, .F. ) ;
#3988 = DIRECTION ( 'NONE',  ( -0.0000000000000000000, -1.000000000000000000, -0.0000000000000000000 ) ) ;
#3989 = CARTESIAN_POINT ( 'NONE',  ( -0.1533597036915596568, 0.3010000000383806773, 0.2131855329286255207 ) ) ;
#3990 = CARTESIAN_POINT ( 'NONE',  ( 0.2836869656503236969, 0.3010000000383806218, 0.1103224433598628124 ) ) ;
#3991 = COLOUR_RGB ( '',1.000000000000000000, 1.000000000000000000, 1.000000000000000000 ) ;
#3992 = CARTESIAN_POINT ( 'NONE',  ( -0.4500000000000001776, 0.2500000000000000000, 0.2499999999999999445 ) ) ;
#3993 = ORIENTED_EDGE ( 'NONE', *, *, #7548, .T. ) ;
#3994 = PRESENTATION_LAYER_ASSIGNMENT (  '', '', ( #9330 ) ) ;
#3995 = DIRECTION ( 'NONE',  ( 0.9999748501857349536, -0.0000000000000000000, 0.007092178509948207990 ) ) ;
#3996 =( GEOMETRIC_REPRESENTATION_CONTEXT ( 3 ) GLOBAL_UNCERTAINTY_ASSIGNED_CONTEXT ( ( #8690 ) ) GLOBAL_UNIT_ASSIGNED_CONTEXT ( ( #1793, #974, #1923 ) ) REPRESENTATION_CONTEXT ( 'NONE', 'WORKASPACE' ) );
#3997 = PRESENTATION_STYLE_ASSIGNMENT (( #8685 ) ) ;
#3998 = DIRECTION ( 'NONE',  ( -0.0000000000000000000, -1.000000000000000000, -0.0000000000000000000 ) ) ;
#3999 = DIRECTION ( 'NONE',  ( -0.0000000000000000000, -1.000000000000000000, -0.0000000000000000000 ) ) ;
#4000 = ORIENTED_EDGE ( 'NONE', *, *, #8849, .F. ) ;
#4001 = EDGE_CURVE ( 'NONE', #8607, #7941, #7207, .T. ) ;
#4002 = UNCERTAINTY_MEASURE_WITH_UNIT (LENGTH_MEASURE( 1.000000000000000082E-05 ), #10680, 'distance_accuracy_value', 'NONE');
#4003 = FACE_OUTER_BOUND ( 'NONE', #4799, .T. ) ;
#4004 = FILL_AREA_STYLE ('',( #10037 ) ) ;
#4005 = STYLED_ITEM ( 'NONE', ( #4597 ), #273 ) ;
#4006 = PRESENTATION_LAYER_ASSIGNMENT (  '', '', ( #1049 ) ) ;
#4007 =( LENGTH_UNIT ( ) NAMED_UNIT ( * ) SI_UNIT ( .MILLI., .METRE. ) );
#4008 = AXIS2_PLACEMENT_3D ( 'NONE', #661, #8202, #9867 ) ;
#4009 = CARTESIAN_POINT ( 'NONE',  ( -0.1370307987126414551, 0.3000000000000000444, 0.03518633272571661252 ) ) ;
#4010 =( NAMED_UNIT ( * ) SI_UNIT ( $, .STERADIAN. ) SOLID_ANGLE_UNIT ( ) );
#4011 = CARTESIAN_POINT ( 'NONE',  ( -0.1945390498360939080, 0.3000000000383806209, 0.1829476931888865954 ) ) ;
#4012 = CARTESIAN_POINT ( 'NONE',  ( -0.2592465163078721546, 0.3010000000383806773, 0.06370383296454304456 ) ) ;
#4013 = EDGE_LOOP ( 'NONE', ( #5205, #6733, #848, #9934 ) ) ;
#4014 = VECTOR ( 'NONE', #5766, 1000.000000000000000 ) ;
#4015 = STYLED_ITEM ( 'NONE', ( #8606 ), #4967 ) ;
#4016 = SURFACE_SIDE_STYLE ('',( #234 ) ) ;
#4017 = VERTEX_POINT ( 'NONE', #11558 ) ;
#4018 = COLOUR_RGB ( '',1.000000000000000000, 1.000000000000000000, 1.000000000000000000 ) ;
#4019 = SURFACE_STYLE_FILL_AREA ( #7666 ) ;
#4020 = ORIENTED_EDGE ( 'NONE', *, *, #10080, .T. ) ;
#4021 = PRESENTATION_STYLE_ASSIGNMENT (( #4870 ) ) ;
#4022 = PRESENTATION_STYLE_ASSIGNMENT (( #3276 ) ) ;
#4023 = DIRECTION ( 'NONE',  ( 0.007092178509982618832, 0.0000000000000000000, -0.9999748501857347316 ) ) ;
#4024 = FILL_AREA_STYLE ('',( #246 ) ) ;
#4025 = PRESENTATION_LAYER_ASSIGNMENT (  '', '', ( #9559 ) ) ;
#4026 =( NAMED_UNIT ( * ) SI_UNIT ( $, .STERADIAN. ) SOLID_ANGLE_UNIT ( ) );
#4027 = EDGE_LOOP ( 'NONE', ( #3052, #4090, #7724, #3209, #6057, #10217 ) ) ;
#4028 = EDGE_CURVE ( 'NONE', #4837, #11562, #5127, .T. ) ;
#4029 = ADVANCED_FACE ( 'NONE', ( #5044 ), #5334, .T. ) ;
#4030 = FILL_AREA_STYLE_COLOUR ( '', #5714 ) ;
#4031 = DIRECTION ( 'NONE',  ( 0.007092178509962484764, 0.0000000000000000000, -0.9999748501857348426 ) ) ;
#4032 =( GEOMETRIC_REPRESENTATION_CONTEXT ( 3 ) GLOBAL_UNCERTAINTY_ASSIGNED_CONTEXT ( ( #11163 ) ) GLOBAL_UNIT_ASSIGNED_CONTEXT ( ( #1895, #5821, #5645 ) ) REPRESENTATION_CONTEXT ( 'NONE', 'WORKASPACE' ) );
#4033 = CARTESIAN_POINT ( 'NONE',  ( 0.08141997130647916914, 0.3000000000383806209, 0.1874069485851547756 ) ) ;
#4034 = CARTESIAN_POINT ( 'NONE',  ( 0.4999999999999996669, -0.2499999999999998890, 0.0000000000000000000 ) ) ;
#4035 = LINE ( 'NONE', #10774, #11410 ) ;
#4036 = VERTEX_POINT ( 'NONE', #2103 ) ;
#4037 = SURFACE_STYLE_USAGE ( .BOTH. , #4950 ) ;
#4038 = DIRECTION ( 'NONE',  ( -0.007092178509963555089, 0.0000000000000000000, 0.9999748501857348426 ) ) ;
#4039 = ORIENTED_EDGE ( 'NONE', *, *, #2976, .T. ) ;
#4040 = ADVANCED_FACE ( 'NONE', ( #10623 ), #4860, .T. ) ;
#4041 = SURFACE_STYLE_FILL_AREA ( #9558 ) ;
#4042 = EDGE_CURVE ( 'NONE', #10591, #2711, #7961, .T. ) ;
#4043 = ADVANCED_FACE ( 'NONE', ( #4121 ), #3136, .F. ) ;
#4044 = SURFACE_STYLE_USAGE ( .BOTH. , #7636 ) ;
#4045 = CARTESIAN_POINT ( 'NONE',  ( -0.1253703211595268707, 0.3010000000383806218, 0.05800911053237797071 ) ) ;
#4046 = CARTESIAN_POINT ( 'NONE',  ( -0.05857630941871455610, 0.3010000000383806218, 0.1601425257019531423 ) ) ;
#4047 = ORIENTED_EDGE ( 'NONE', *, *, #3131, .T. ) ;
#4048 = CARTESIAN_POINT ( 'NONE',  ( -0.04527823971281177279, 0.3010000000383806773, 0.09061289925227901387 ) ) ;
#4049 = PLANE ( 'NONE',  #467 ) ;
#4050 = CARTESIAN_POINT ( 'NONE',  ( 0.2174655103380818133, 0.3000000000383806209, 0.08903001670842267123 ) ) ;
#4051 = CARTESIAN_POINT ( 'NONE',  ( -0.1945390498360939080, 0.3010000000383806218, 0.1829476931888865954 ) ) ;
#4052 = UNCERTAINTY_MEASURE_WITH_UNIT (LENGTH_MEASURE( 1.000000000000000082E-05 ), #7985, 'distance_accuracy_value', 'NONE');
#4053 = SURFACE_STYLE_FILL_AREA ( #5842 ) ;
#4054 = CARTESIAN_POINT ( 'NONE',  ( -0.2989319740375553924, 0.3000000000383806764, 0.07792735726579649858 ) ) ;
#4055 = ORIENTED_EDGE ( 'NONE', *, *, #10918, .T. ) ;
#4056 = CARTESIAN_POINT ( 'NONE',  ( 0.2316327286574872968, 0.3000000000383806209, 0.1711200534376403071 ) ) ;
#4057 = SURFACE_STYLE_FILL_AREA ( #469 ) ;
#4058 = DIRECTION ( 'NONE',  ( -0.0000000000000000000, -1.000000000000000000, -0.0000000000000000000 ) ) ;
#4059 = ORIENTED_EDGE ( 'NONE', *, *, #4933, .F. ) ;
#4060 = B_SPLINE_CURVE_WITH_KNOTS ( 'NONE', 3,
 ( #5632, #7303, #11073, #7479 ),
 .UNSPECIFIED., .F., .F.,
 ( 4, 4 ),
 ( 1.000000000000000000, 2.000000000000000000 ),
 .UNSPECIFIED. ) ;
#4061 = SURFACE_SIDE_STYLE ('',( #8694 ) ) ;
#4062 = DIRECTION ( 'NONE',  ( -0.007092178509963937595, 0.0000000000000000000, 0.9999748501857348426 ) ) ;
#4063 = CARTESIAN_POINT ( 'NONE',  ( -0.1345518228300270902, 0.3000000000383806764, 0.09908824756497884578 ) ) ;
#4064 = B_SPLINE_CURVE_WITH_KNOTS ( 'NONE', 3,
 ( #7638, #9562, #1082, #1267 ),
 .UNSPECIFIED., .F., .F.,
 ( 4, 4 ),
 ( 3.000000000000000000, 4.000000000000000000 ),
 .UNSPECIFIED. ) ;
#4065 = EDGE_CURVE ( 'NONE', #5654, #343, #10127, .T. ) ;
#4066 = CARTESIAN_POINT ( 'NONE',  ( -0.4499999999999981237, -0.2500000000000001665, 0.0000000000000000000 ) ) ;
#4067 = EDGE_LOOP ( 'NONE', ( #1580, #6129, #4546, #2695 ) ) ;
#4068 =( NAMED_UNIT ( * ) PLANE_ANGLE_UNIT ( ) SI_UNIT ( $, .RADIAN. ) );
#4069 = FILL_AREA_STYLE_COLOUR ( '', #6529 ) ;
#4070 = ORIENTED_EDGE ( 'NONE', *, *, #612, .T. ) ;
#4071 = DIRECTION ( 'NONE',  ( -0.0000000000000000000, -1.000000000000000000, -0.0000000000000000000 ) ) ;
#4072 = VERTEX_POINT ( 'NONE', #11043 ) ;
#4073 = SURFACE_SIDE_STYLE ('',( #10632 ) ) ;
#4074 = CARTESIAN_POINT ( 'NONE',  ( -0.2694921949318911936, 0.3010000000383806773, 0.1074892588887059880 ) ) ;
#4075 = CARTESIAN_POINT ( 'NONE',  ( -0.2380770480339418904, 0.3000000000000000444, 0.2125846872885029937 ) ) ;
#4076 =( GEOMETRIC_REPRESENTATION_CONTEXT ( 3 ) GLOBAL_UNCERTAINTY_ASSIGNED_CONTEXT ( ( #1846 ) ) GLOBAL_UNIT_ASSIGNED_CONTEXT ( ( #9598, #3160, #8661 ) ) REPRESENTATION_CONTEXT ( 'NONE', 'WORKASPACE' ) );
#4077 = FACE_OUTER_BOUND ( 'NONE', #911, .T. ) ;
#4078 =( LENGTH_UNIT ( ) NAMED_UNIT ( * ) SI_UNIT ( .MILLI., .METRE. ) );
#4079 = VERTEX_POINT ( 'NONE', #9994 ) ;
#4080 = CARTESIAN_POINT ( 'NONE',  ( 0.0000000000000000000, 0.0000000000000000000, 0.0000000000000000000 ) ) ;
#4081 = CARTESIAN_POINT ( 'NONE',  ( -0.2691773925217667007, 0.3000000000000000444, 0.06310310977246418040 ) ) ;
#4082 = PRESENTATION_STYLE_ASSIGNMENT (( #4139 ) ) ;
#4083 =( GEOMETRIC_REPRESENTATION_CONTEXT ( 3 ) GLOBAL_UNCERTAINTY_ASSIGNED_CONTEXT ( ( #2090 ) ) GLOBAL_UNIT_ASSIGNED_CONTEXT ( ( #7208, #6382, #640 ) ) REPRESENTATION_CONTEXT ( 'NONE', 'WORKASPACE' ) );
#4084 = PRESENTATION_STYLE_ASSIGNMENT (( #7742 ) ) ;
#4085 = CARTESIAN_POINT ( 'NONE',  ( 0.08957883040271545638, 0.3000000000383806209, 0.1991776039546407917 ) ) ;
#4086 = CARTESIAN_POINT ( 'NONE',  ( -0.04820000645229045172, 0.3010000000383806773, 0.1529168339975156554 ) ) ;
#4087 = EDGE_CURVE ( 'NONE', #7441, #4949, #6284, .T. ) ;
#4088 = EDGE_CURVE ( 'NONE', #7801, #6426, #3437, .T. ) ;
#4089 = PLANE ( 'NONE',  #10183 ) ;
#4090 = ORIENTED_EDGE ( 'NONE', *, *, #4851, .T. ) ;
#4091 = CARTESIAN_POINT ( 'NONE',  ( -0.1403964596463010972, 0.3000000000383806764, 0.2062589304316533867 ) ) ;
#4092 = CARTESIAN_POINT ( 'NONE',  ( 0.1956716209133519679, 0.3010000000383806218, 0.2259584781534839659 ) ) ;
#4093 = EDGE_CURVE ( 'NONE', #12256, #7572, #4300, .T. ) ;
#4094 = VECTOR ( 'NONE', #11828, 1000.000000000000000 ) ;
#4095 = ORIENTED_EDGE ( 'NONE', *, *, #4722, .T. ) ;
#4096 = UNCERTAINTY_MEASURE_WITH_UNIT (LENGTH_MEASURE( 1.000000000000000082E-05 ), #2558, 'distance_accuracy_value', 'NONE');
#4097 = CARTESIAN_POINT ( 'NONE',  ( 0.2587766062771868492, 0.3010000000383806218, 0.1973409663625794730 ) ) ;
#4098 = CARTESIAN_POINT ( 'NONE',  ( -0.1513366261722606798, 0.3000000000000000444, 0.05548543408044913361 ) ) ;
#4099 = CARTESIAN_POINT ( 'NONE',  ( -0.05995991569839129870, 0.3000000000000000444, 0.08913625659843754656 ) ) ;
#4100 = CARTESIAN_POINT ( 'NONE',  ( -0.2636884999578180677, 0.3010000000383806218, 0.1028513924644997024 ) ) ;
#4101 = FACE_OUTER_BOUND ( 'NONE', #3280, .T. ) ;
#4102 = ORIENTED_EDGE ( 'NONE', *, *, #11273, .T. ) ;
#4103 = CARTESIAN_POINT ( 'NONE',  ( -0.1303498635443924858, 0.3010000000383806218, 0.06739423748499547007 ) ) ;
#4104 = EDGE_CURVE ( 'NONE', #9923, #2711, #2508, .T. ) ;
#4105 = DIRECTION ( 'NONE',  ( 0.9999748501857348426, 0.0000000000000000000, 0.007092178509963679989 ) ) ;
#4106 = PRESENTATION_STYLE_ASSIGNMENT (( #333 ) ) ;
#4107 = CARTESIAN_POINT ( 'NONE',  ( -0.4500000000000000111, -0.2499999999999998890, 0.2499999999999999445 ) ) ;
#4108 = UNCERTAINTY_MEASURE_WITH_UNIT (LENGTH_MEASURE( 1.000000000000000082E-05 ), #3735, 'distance_accuracy_value', 'NONE');
#4109 = CARTESIAN_POINT ( 'NONE',  ( -0.1113433495717457700, 0.3000000000000000444, 0.09242146902170773892 ) ) ;
#4110 = CARTESIAN_POINT ( 'NONE',  ( -0.1563250175356250826, 0.3000000000000000444, 0.06611823915281013486 ) ) ;
#4111 = DIRECTION ( 'NONE',  ( 0.0000000000000000000, 0.0000000000000000000, -1.000000000000000000 ) ) ;
#4112 = CARTESIAN_POINT ( 'NONE',  ( -0.07504465569276723425, 0.3000000000000000444, 0.1005084863354538394 ) ) ;
#4113 = ORIENTED_EDGE ( 'NONE', *, *, #384, .T. ) ;
#4114 = FILL_AREA_STYLE_COLOUR ( '', #11520 ) ;
#4115 = CARTESIAN_POINT ( 'NONE',  ( 0.2183422894924522684, 0.3010000000383806218, 0.2100684035978636344 ) ) ;
#4116 = CARTESIAN_POINT ( 'NONE',  ( -0.3092639260244501864, 0.3010000000383806773, 0.1074879252756928555 ) ) ;
#4117 = STYLED_ITEM ( 'NONE', ( #5535 ), #3159 ) ;
#4118 = MECHANICAL_DESIGN_GEOMETRIC_PRESENTATION_REPRESENTATION (  '', ( #1159 ), #11242 ) ;
#4119 = CARTESIAN_POINT ( 'NONE',  ( -0.2989319740375553924, 0.3000000000000000444, 0.07792735726579652633 ) ) ;
#4120 = FACE_OUTER_BOUND ( 'NONE', #6798, .T. ) ;
#4121 = FACE_OUTER_BOUND ( 'NONE', #967, .T. ) ;
#4122 = CARTESIAN_POINT ( 'NONE',  ( -0.1010896021725460614, 0.3000000000000000444, 0.08488297288938255469 ) ) ;
#4123 = FILL_AREA_STYLE_COLOUR ( '', #6965 ) ;
#4124 = ORIENTED_EDGE ( 'NONE', *, *, #9935, .F. ) ;
#4125 = CARTESIAN_POINT ( 'NONE',  ( -0.2592552612880864027, 0.3010000000383806218, 0.1067196377811700375 ) ) ;
#4126 = B_SPLINE_SURFACE_WITH_KNOTS ( 'NONE', 3, 1, ( 
 ( #4074, #4199 ),
 ( #10696, #2234 ),
 ( #6001, #9764 ),
 ( #5055, #3220 ) ),
 .UNSPECIFIED., .F., .F., .F.,
 ( 4, 4 ),
 ( 2, 2 ),
 ( 2.000000000000000000, 3.000000000000000000 ),
 ( 0.0000000000000000000, 1.000000000000000000 ),
 .UNSPECIFIED. ) ;
#4127 = PLANE ( 'NONE',  #7324 ) ;
#4128 = MECHANICAL_DESIGN_GEOMETRIC_PRESENTATION_REPRESENTATION (  '', ( #10844 ), #970 ) ;
#4129 = ORIENTED_EDGE ( 'NONE', *, *, #2292, .F. ) ;
#4130 = CARTESIAN_POINT ( 'NONE',  ( 0.1138216214719212915, 0.3010000000383806773, 0.08395686664675178212 ) ) ;
#4131 = VERTEX_POINT ( 'NONE', #4486 ) ;
#4132 = CARTESIAN_POINT ( 'NONE',  ( -0.08268347050467753090, 0.3010000000383806218, 0.06261656694756101427 ) ) ;
#4133 = CARTESIAN_POINT ( 'NONE',  ( -0.2161146890077369209, 0.3010000000383806773, 0.1089284109582266957 ) ) ;
#4134 = CARTESIAN_POINT ( 'NONE',  ( -0.1945930286049418756, 0.3000000000383806209, 0.1905585297204474005 ) ) ;
#4135 = CARTESIAN_POINT ( 'NONE',  ( 0.03419893732606900383, 0.3000000000383806209, 0.1172291181780548558 ) ) ;
#4136 = CARTESIAN_POINT ( 'NONE',  ( -0.05857630941871455610, 0.3000000000000000444, 0.1601425257019531423 ) ) ;
#4137 = VERTEX_POINT ( 'NONE', #10055 ) ;
#4138 =( LENGTH_UNIT ( ) NAMED_UNIT ( * ) SI_UNIT ( .MILLI., .METRE. ) );
#4139 = SURFACE_STYLE_USAGE ( .BOTH. , #10582 ) ;
#4140 = VECTOR ( 'NONE', #3211, 1000.000000000000000 ) ;
#4141 = ADVANCED_FACE ( 'NONE', ( #9940 ), #11859, .F. ) ;
#4142 = CARTESIAN_POINT ( 'NONE',  ( -0.2171691244267939802, 0.3010000000383806773, 0.06188110134868816253 ) ) ;
#4143 = MECHANICAL_DESIGN_GEOMETRIC_PRESENTATION_REPRESENTATION (  '', ( #387 ), #7698 ) ;
#4144 = DIRECTION ( 'NONE',  ( 0.007092178509965514459, 0.0000000000000000000, -0.9999748501857348426 ) ) ;
#4145 = ORIENTED_EDGE ( 'NONE', *, *, #11823, .T. ) ;
#4146 =( LENGTH_UNIT ( ) NAMED_UNIT ( * ) SI_UNIT ( .MILLI., .METRE. ) );
#4147 = FILL_AREA_STYLE ('',( #6939 ) ) ;
#4148 = ORIENTED_EDGE ( 'NONE', *, *, #1706, .F. ) ;
#4149 = COLOUR_RGB ( '',0.7686274509803920907, 0.7686274509803920907, 0.7686274509803920907 ) ;
#4150 = CARTESIAN_POINT ( 'NONE',  ( 0.2766141001972113322, 0.3010000000383806218, 0.1900927570203859163 ) ) ;
#4151 = CARTESIAN_POINT ( 'NONE',  ( 0.2083560186164092054, 0.3010000000383806218, 0.08896540894212422168 ) ) ;
#4152 = MECHANICAL_DESIGN_GEOMETRIC_PRESENTATION_REPRESENTATION (  '', ( #5144 ), #6136 ) ;
#4153 = EDGE_CURVE ( 'NONE', #1598, #5705, #11983, .T. ) ;
#4154 = ADVANCED_FACE ( 'NONE', ( #7647 ), #6324, .F. ) ;
#4155 = CIRCLE ( 'NONE', #3361, 0.05000000000000002359 ) ;
#4156 = CARTESIAN_POINT ( 'NONE',  ( -0.08299351206344997289, 0.3010000000383806773, 0.07774322619278853375 ) ) ;
#4157 = DIRECTION ( 'NONE',  ( -0.007092178509957594579, -0.0000000000000000000, 0.9999748501857349536 ) ) ;
#4158 = CARTESIAN_POINT ( 'NONE',  ( -0.1286616256100862055, 0.3000000000000000444, 0.06026289453298407789 ) ) ;
#4159 = DIRECTION ( 'NONE',  ( -0.3349296976928463621, 0.0000000000000000000, -0.9422431202207732781 ) ) ;
#4160 =( GEOMETRIC_REPRESENTATION_CONTEXT ( 3 ) GLOBAL_UNCERTAINTY_ASSIGNED_CONTEXT ( ( #380 ) ) GLOBAL_UNIT_ASSIGNED_CONTEXT ( ( #1893, #10400, #4765 ) ) REPRESENTATION_CONTEXT ( 'NONE', 'WORKASPACE' ) );
#4161 = EDGE_LOOP ( 'NONE', ( #35, #1410, #6610, #11798 ) ) ;
#4162 = STYLED_ITEM ( 'NONE', ( #1045 ), #11407 ) ;
#4163 = CARTESIAN_POINT ( 'NONE',  ( 0.2836869656503236969, 0.3000000000383806209, 0.1103224433598628124 ) ) ;
#4164 = CARTESIAN_POINT ( 'NONE',  ( -0.3092639260244501864, 0.3000000000383806764, 0.1074879252756928555 ) ) ;
#4165 = PRESENTATION_LAYER_ASSIGNMENT (  '', '', ( #10687 ) ) ;
#4166 = LINE ( 'NONE', #4231, #6126 ) ;
#4167 = VERTEX_POINT ( 'NONE', #11234 ) ;
#4168 = VECTOR ( 'NONE', #6877, 1000.000000000000000 ) ;
#4169 = EDGE_CURVE ( 'NONE', #7786, #7460, #9252, .T. ) ;
#4170 = SURFACE_STYLE_FILL_AREA ( #8126 ) ;
#4171 = CARTESIAN_POINT ( 'NONE',  ( -0.1009030003828083194, 0.3010000000383806773, 0.06516999043137589043 ) ) ;
#4172 = VECTOR ( 'NONE', #2489, 1000.000000000000227 ) ;
#4173 = CARTESIAN_POINT ( 'NONE',  ( 0.4499999999999997891, 0.2500000000000000000, 0.2499999999999999445 ) ) ;
#4174 = COLOUR_RGB ( '',1.000000000000000000, 1.000000000000000000, 1.000000000000000000 ) ;
#4175 = CARTESIAN_POINT ( 'NONE',  ( -0.07130338486278821331, 0.3010000000383806218, 0.06119998952027910777 ) ) ;
#4176 = ORIENTED_EDGE ( 'NONE', *, *, #4621, .T. ) ;
#4177 =( LENGTH_UNIT ( ) NAMED_UNIT ( * ) SI_UNIT ( .MILLI., .METRE. ) );
#4178 = CARTESIAN_POINT ( 'NONE',  ( 0.2007324811674408849, 0.3010000000383806218, 0.06288291641348210670 ) ) ;
#4179 = CARTESIAN_POINT ( 'NONE',  ( -0.2436912618190237023, 0.3000000000383806764, 0.1751126428800156842 ) ) ;
#4180 = STYLED_ITEM ( 'NONE', ( #11011 ), #10148 ) ;
#4181 = STYLED_ITEM ( 'NONE', ( #7392 ), #9072 ) ;
#4182 = STYLED_ITEM ( 'NONE', ( #11515 ), #10 ) ;
#4183 = DIRECTION ( 'NONE',  ( 0.9999748501857349536, -0.0000000000000000000, 0.007092178509959796810 ) ) ;
#4184 = CARTESIAN_POINT ( 'NONE',  ( -0.3082354757770474629, 0.3010000000383806773, 0.1032217068980687963 ) ) ;
#4185 = SURFACE_STYLE_FILL_AREA ( #5857 ) ;
#4186 = ORIENTED_EDGE ( 'NONE', *, *, #2638, .T. ) ;
#4187 = ADVANCED_FACE ( 'NONE', ( #5662 ), #10958, .F. ) ;
#4188 = DIRECTION ( 'NONE',  ( 0.0000000000000000000, 0.0000000000000000000, -1.000000000000000000 ) ) ;
#4189 = EDGE_CURVE ( 'NONE', #6480, #3022, #7520, .T. ) ;
#4190 = SURFACE_SIDE_STYLE ('',( #3269 ) ) ;
#4191 =( LENGTH_UNIT ( ) NAMED_UNIT ( * ) SI_UNIT ( .MILLI., .METRE. ) );
#4192 = ORIENTED_EDGE ( 'NONE', *, *, #1166, .F. ) ;
#4193 = MECHANICAL_DESIGN_GEOMETRIC_PRESENTATION_REPRESENTATION (  '', ( #6578 ), #9928 ) ;
#4194 = CARTESIAN_POINT ( 'NONE',  ( -0.5000000000000002220, 0.3000000000000000444, 0.0000000000000000000 ) ) ;
#4195 = ORIENTED_EDGE ( 'NONE', *, *, #2597, .T. ) ;
#4196 = VECTOR ( 'NONE', #9286, 1000.000000000000114 ) ;
#4197 = STYLED_ITEM ( 'NONE', ( #413 ), #4683 ) ;
#4198 = CARTESIAN_POINT ( 'NONE',  ( -0.1253703211595268707, 0.3000000000000000444, 0.05800911053237797071 ) ) ;
#4199 = CARTESIAN_POINT ( 'NONE',  ( -0.2694921949318911936, 0.3000000000000000444, 0.1074892588887059880 ) ) ;
#4200 = CARTESIAN_POINT ( 'NONE',  ( -0.1356768246753327356, 0.3010000000383806218, 0.03560145137876107035 ) ) ;
#4201 = EDGE_CURVE ( 'NONE', #2600, #1778, #6523, .T. ) ;
#4202 = CARTESIAN_POINT ( 'NONE',  ( -0.2332363208663789655, 0.3000000000383806209, 0.2029802211550670310 ) ) ;
#4203 = FILL_AREA_STYLE ('',( #5004 ) ) ;
#4204 = PRESENTATION_STYLE_ASSIGNMENT (( #9886 ) ) ;
#4205 =( LENGTH_UNIT ( ) NAMED_UNIT ( * ) SI_UNIT ( .MILLI., .METRE. ) );
#4206 = ORIENTED_EDGE ( 'NONE', *, *, #8271, .T. ) ;
#4207 =( GEOMETRIC_REPRESENTATION_CONTEXT ( 3 ) GLOBAL_UNCERTAINTY_ASSIGNED_CONTEXT ( ( #9798 ) ) GLOBAL_UNIT_ASSIGNED_CONTEXT ( ( #3786, #9603, #7440 ) ) REPRESENTATION_CONTEXT ( 'NONE', 'WORKASPACE' ) );
#4208 = SURFACE_SIDE_STYLE ('',( #7121 ) ) ;
#4209 = DIRECTION ( 'NONE',  ( -1.000000000000000000, 0.0000000000000000000, 0.0000000000000000000 ) ) ;
#4210 = SURFACE_SIDE_STYLE ('',( #5939 ) ) ;
#4211 = CARTESIAN_POINT ( 'NONE',  ( 0.4999999999999997780, 0.2500000000000000000, 0.2999999999999999889 ) ) ;
#4212 = B_SPLINE_CURVE_WITH_KNOTS ( 'NONE', 3,
 ( #6868, #316, #9724, #10959 ),
 .UNSPECIFIED., .F., .F.,
 ( 4, 4 ),
 ( 19.00000000000000000, 20.00000000000000000 ),
 .UNSPECIFIED. ) ;
#4213 = CARTESIAN_POINT ( 'NONE',  ( -0.05857630941871455610, 0.3010000000383806218, 0.1601425257019531423 ) ) ;
#4214 =( LENGTH_UNIT ( ) NAMED_UNIT ( * ) SI_UNIT ( .MILLI., .METRE. ) );
#4215 = ORIENTED_EDGE ( 'NONE', *, *, #2726, .F. ) ;
#4216 = SURFACE_STYLE_FILL_AREA ( #5207 ) ;
#4217 = SURFACE_STYLE_FILL_AREA ( #449 ) ;
#4218 = ORIENTED_EDGE ( 'NONE', *, *, #8208, .F. ) ;
#4219 = UNCERTAINTY_MEASURE_WITH_UNIT (LENGTH_MEASURE( 1.000000000000000082E-05 ), #4909, 'distance_accuracy_value', 'NONE');
#4220 = B_SPLINE_CURVE_WITH_KNOTS ( 'NONE', 3,
 ( #7703, #11476, #3367, #7219 ),
 .UNSPECIFIED., .F., .F.,
 ( 4, 4 ),
 ( 4.000000000000000000, 5.000000000000000000 ),
 .UNSPECIFIED. ) ;
#4221 = VECTOR ( 'NONE', #1631, 1000.000000000000114 ) ;
#4222 =( NAMED_UNIT ( * ) SI_UNIT ( $, .STERADIAN. ) SOLID_ANGLE_UNIT ( ) );
#4223 = CARTESIAN_POINT ( 'NONE',  ( -0.05995991569839124319, 0.3010000000383806773, 0.08913625659843756044 ) ) ;
#4224 = CARTESIAN_POINT ( 'NONE',  ( -0.2365705191914510841, 0.3010000000383806773, 0.06174349973301983957 ) ) ;
#4225 = FILL_AREA_STYLE_COLOUR ( '', #11803 ) ;
#4226 = SURFACE_SIDE_STYLE ('',( #4352 ) ) ;
#4227 = ORIENTED_EDGE ( 'NONE', *, *, #7585, .T. ) ;
#4228 = PLANE ( 'NONE',  #3502 ) ;
#4229 = DIRECTION ( 'NONE',  ( 7.264154555652881286E-15, -1.000000000000000000, 0.0000000000000000000 ) ) ;
#4230 = B_SPLINE_SURFACE_WITH_KNOTS ( 'NONE', 3, 1, ( 
 ( #7774, #3310 ),
 ( #4115, #6038 ),
 ( #8880, #8135 ),
 ( #9806, #9861 ) ),
 .UNSPECIFIED., .F., .F., .F.,
 ( 4, 4 ),
 ( 2, 2 ),
 ( 3.000000000000000000, 4.000000000000000000 ),
 ( 0.0000000000000000000, 1.000000000000000000 ),
 .UNSPECIFIED. ) ;
#4231 = CARTESIAN_POINT ( 'NONE',  ( -0.1167080486193376454, 0.3010000000383806773, 0.1868997923239089920 ) ) ;
#4232 = ORIENTED_EDGE ( 'NONE', *, *, #10065, .F. ) ;
#4233 = UNCERTAINTY_MEASURE_WITH_UNIT (LENGTH_MEASURE( 1.000000000000000082E-05 ), #5926, 'distance_accuracy_value', 'NONE');
#4234 =( NAMED_UNIT ( * ) SI_UNIT ( $, .STERADIAN. ) SOLID_ANGLE_UNIT ( ) );
#4235 = B_SPLINE_CURVE_WITH_KNOTS ( 'NONE', 3,
 ( #6978, #1294, #3080, #2161 ),
 .UNSPECIFIED., .F., .F.,
 ( 4, 4 ),
 ( 6.000000000000000000, 7.000000000000000000 ),
 .UNSPECIFIED. ) ;
#4236 = B_SPLINE_CURVE_WITH_KNOTS ( 'NONE', 3,
 ( #10524, #186, #11576, #7743 ),
 .UNSPECIFIED., .F., .F.,
 ( 4, 4 ),
 ( 2.000000000000000000, 3.000000000000000000 ),
 .UNSPECIFIED. ) ;
#4237 =( NAMED_UNIT ( * ) PLANE_ANGLE_UNIT ( ) SI_UNIT ( $, .RADIAN. ) );
#4238 =( NAMED_UNIT ( * ) PLANE_ANGLE_UNIT ( ) SI_UNIT ( $, .RADIAN. ) );
#4239 = CARTESIAN_POINT ( 'NONE',  ( -0.1872894603197214902, 0.3010000000383806218, 0.1547689724544101253 ) ) ;
#4240 = MECHANICAL_DESIGN_GEOMETRIC_PRESENTATION_REPRESENTATION (  '', ( #7991 ), #11756 ) ;
#4241 =( LENGTH_UNIT ( ) NAMED_UNIT ( * ) SI_UNIT ( .MILLI., .METRE. ) );
#4242 = ORIENTED_EDGE ( 'NONE', *, *, #9386, .T. ) ;
#4243 = PRESENTATION_STYLE_ASSIGNMENT (( #2504 ) ) ;
#4244 = CARTESIAN_POINT ( 'NONE',  ( -0.3366005673301507017, 0.3010000000383806773, 0.05407789552660156873 ) ) ;
#4245 = EDGE_CURVE ( 'NONE', #5844, #1234, #9570, .T. ) ;
#4246 = EDGE_CURVE ( 'NONE', #4167, #192, #6203, .T. ) ;
#4247 = B_SPLINE_CURVE_WITH_KNOTS ( 'NONE', 3,
 ( #6690, #5695, #6098, #9872 ),
 .UNSPECIFIED., .F., .F.,
 ( 4, 4 ),
 ( 4.000000000000000000, 5.000000000000000000 ),
 .UNSPECIFIED. ) ;
#4248 =( NAMED_UNIT ( * ) SI_UNIT ( $, .STERADIAN. ) SOLID_ANGLE_UNIT ( ) );
#4249 = FILL_AREA_STYLE ('',( #12040 ) ) ;
#4250 = CARTESIAN_POINT ( 'NONE',  ( -0.2592465163078721546, 0.3000000000383806209, 0.06370383296454304456 ) ) ;
#4251 = ORIENTED_EDGE ( 'NONE', *, *, #10769, .T. ) ;
#4252 = CARTESIAN_POINT ( 'NONE',  ( 0.4499999999999996780, -0.2499999999999998890, 0.2499999999999999445 ) ) ;
#4253 = CARTESIAN_POINT ( 'NONE',  ( 0.2344354346322558846, 0.3000000000383806209, 0.08177565011530317507 ) ) ;
#4254 = ORIENTED_EDGE ( 'NONE', *, *, #7930, .F. ) ;
#4255 = ORIENTED_EDGE ( 'NONE', *, *, #8573, .T. ) ;
#4256 = CARTESIAN_POINT ( 'NONE',  ( -0.09679829535651722494, 0.3010000000383806773, 0.2121205910882233703 ) ) ;
#4257 = EDGE_CURVE ( 'NONE', #692, #5523, #11021, .T. ) ;
#4258 = PRESENTATION_STYLE_ASSIGNMENT (( #489 ) ) ;
#4259 =( LENGTH_UNIT ( ) NAMED_UNIT ( * ) SI_UNIT ( .MILLI., .METRE. ) );
#4260 = EDGE_CURVE ( 'NONE', #7255, #10895, #1089, .T. ) ;
#4261 = CARTESIAN_POINT ( 'NONE',  ( -0.1922311580050684032, 0.3010000000383806773, 0.06205797030644794737 ) ) ;
#4262 = CARTESIAN_POINT ( 'NONE',  ( -0.2521797830824283881, 0.3000000000000000444, 0.1514701366250619519 ) ) ;
#4263 = CARTESIAN_POINT ( 'NONE',  ( -0.08288621819914061828, 0.3010000000383806773, 0.06261512898855499387 ) ) ;
#4264 = CARTESIAN_POINT ( 'NONE',  ( -0.1167080486193376454, 0.3010000000383806773, 0.1868997923239089920 ) ) ;
#4265 = ORIENTED_EDGE ( 'NONE', *, *, #10685, .T. ) ;
#4266 = SURFACE_SIDE_STYLE ('',( #5198 ) ) ;
#4267 = FILL_AREA_STYLE_COLOUR ( '', #1611 ) ;
#4268 = EDGE_LOOP ( 'NONE', ( #3246, #2894, #11329, #4242 ) ) ;
#4269 = PRESENTATION_STYLE_ASSIGNMENT (( #5201 ) ) ;
#4270 = ADVANCED_FACE ( 'NONE', ( #9906 ), #9840, .F. ) ;
#4271 = VECTOR ( 'NONE', #1499, 1000.000000000000000 ) ;
#4272 = FILL_AREA_STYLE ('',( #4336 ) ) ;
#4273 = EDGE_LOOP ( 'NONE', ( #11175, #7967, #9466, #10369 ) ) ;
#4274 = CARTESIAN_POINT ( 'NONE',  ( -0.3089545502276059841, 0.3000000000383806209, 0.1056497016812256162 ) ) ;
#4275 =( LENGTH_UNIT ( ) NAMED_UNIT ( * ) SI_UNIT ( .MILLI., .METRE. ) );
#4276 = DIRECTION ( 'NONE',  ( -0.3492990577959547149, 0.0000000000000000000, -0.9370112956751686095 ) ) ;
#4277 = ORIENTED_EDGE ( 'NONE', *, *, #10511, .F. ) ;
#4278 = SURFACE_SIDE_STYLE ('',( #9969 ) ) ;
#4279 = DIRECTION ( 'NONE',  ( 1.000000000000000000, 0.0000000000000000000, 0.0000000000000000000 ) ) ;
#4280 = CARTESIAN_POINT ( 'NONE',  ( 0.4499999999999996780, -0.2999999999999999334, 0.0000000000000000000 ) ) ;
#4281 = CARTESIAN_POINT ( 'NONE',  ( -0.07010858147790996475, 0.3010000000383806773, 0.08185857505698616865 ) ) ;
#4282 = DIRECTION ( 'NONE',  ( 0.0000000000000000000, 0.0000000000000000000, -1.000000000000000000 ) ) ;
#4283 = CARTESIAN_POINT ( 'NONE',  ( -0.06927822973042647992, 0.3010000000383806218, 0.05494445472113325402 ) ) ;
#4284 = ORIENTED_EDGE ( 'NONE', *, *, #3764, .T. ) ;
#4285 = COLOUR_RGB ( '',1.000000000000000000, 1.000000000000000000, 1.000000000000000000 ) ;
#4286 =( NAMED_UNIT ( * ) PLANE_ANGLE_UNIT ( ) SI_UNIT ( $, .RADIAN. ) );
#4287 = DIRECTION ( 'NONE',  ( -0.3733863129577220108, -0.0000000000000000000, 0.9276759462742569795 ) ) ;
#4288 = ORIENTED_EDGE ( 'NONE', *, *, #2125, .T. ) ;
#4289 =( NAMED_UNIT ( * ) PLANE_ANGLE_UNIT ( ) SI_UNIT ( $, .RADIAN. ) );
#4290 = FILL_AREA_STYLE_COLOUR ( '', #1599 ) ;
#4291 = CIRCLE ( 'NONE', #11816, 0.04999999999999999584 ) ;
#4292 = DIRECTION ( 'NONE',  ( 1.000000000000000000, -0.0000000000000000000, -0.0000000000000000000 ) ) ;
#4293 = VERTEX_POINT ( 'NONE', #3003 ) ;
#4294 = CARTESIAN_POINT ( 'NONE',  ( -0.08016290024583248852, 0.3000000000383806209, 0.09426467504032319533 ) ) ;
#4295 = SURFACE_SIDE_STYLE ('',( #11554 ) ) ;
#4296 = ADVANCED_FACE ( 'NONE', ( #10900 ), #11718, .F. ) ;
#4297 = FACE_BOUND ( 'NONE', #9855, .T. ) ;
#4298 = STYLED_ITEM ( 'NONE', ( #5946 ), #2777 ) ;
#4299 = CARTESIAN_POINT ( 'NONE',  ( -0.01645822198339212672, 0.3010000000383806773, 0.2141564870944953070 ) ) ;
#4300 = LINE ( 'NONE', #2565, #10520 ) ;
#4301 = VECTOR ( 'NONE', #9063, 1000.000000000000000 ) ;
#4302 = CARTESIAN_POINT ( 'NONE',  ( 0.4499999999999996780, -0.2999999999999999334, 0.2999999999999999889 ) ) ;
#4303 = DIRECTION ( 'NONE',  ( -0.0000000000000000000, -1.000000000000000000, -0.0000000000000000000 ) ) ;
#4304 = ORIENTED_EDGE ( 'NONE', *, *, #112, .F. ) ;
#4305 = CARTESIAN_POINT ( 'NONE',  ( -0.1090203425049694058, 0.3010000000383806773, 0.2135000035020551135 ) ) ;
#4306 = EDGE_CURVE ( 'NONE', #4036, #1062, #1507, .T. ) ;
#4307 = ADVANCED_FACE ( 'NONE', ( #5329 ), #8870, .F. ) ;
#4308 = CARTESIAN_POINT ( 'NONE',  ( 0.2265750020595469760, 0.3000000000383806209, 0.08909462447471964974 ) ) ;
#4309 = ORIENTED_EDGE ( 'NONE', *, *, #8708, .F. ) ;
#4310 = AXIS2_PLACEMENT_3D ( 'NONE', #7192, #2599, #8100 ) ;
#4311 = FACE_OUTER_BOUND ( 'NONE', #868, .T. ) ;
#4312 = CARTESIAN_POINT ( 'NONE',  ( -0.02359795510417710129, 0.3010000000383806773, 0.1102938083407165176 ) ) ;
#4313 = ORIENTED_EDGE ( 'NONE', *, *, #784, .T. ) ;
#4314 = MECHANICAL_DESIGN_GEOMETRIC_PRESENTATION_REPRESENTATION (  '', ( #10046 ), #9255 ) ;
#4315 = EDGE_CURVE ( 'NONE', #228, #11431, #2484, .T. ) ;
#4316 = SURFACE_STYLE_FILL_AREA ( #10873 ) ;
#4317 = SURFACE_SIDE_STYLE ('',( #9331 ) ) ;
#4318 = LINE ( 'NONE', #10188, #2156 ) ;
#4319 = CARTESIAN_POINT ( 'NONE',  ( -0.2817027300535174250, 0.3000000000000000444, 0.05446725058058569935 ) ) ;
#4320 = LINE ( 'NONE', #4261, #11637 ) ;
#4321 = PRESENTATION_STYLE_ASSIGNMENT (( #9955 ) ) ;
#4322 = PRESENTATION_STYLE_ASSIGNMENT (( #547 ) ) ;
#4323 =( NAMED_UNIT ( * ) SI_UNIT ( $, .STERADIAN. ) SOLID_ANGLE_UNIT ( ) );
#4324 = ORIENTED_EDGE ( 'NONE', *, *, #3347, .F. ) ;
#4325 = COLOUR_RGB ( '',1.000000000000000000, 1.000000000000000000, 1.000000000000000000 ) ;
#4326 = EDGE_CURVE ( 'NONE', #9553, #7545, #7375, .T. ) ;
#4327 = CARTESIAN_POINT ( 'NONE',  ( 0.1163043078674890207, 0.3000000000000000444, 0.2232265415380157159 ) ) ;
#4328 = VERTEX_POINT ( 'NONE', #3471 ) ;
#4329 = EDGE_CURVE ( 'NONE', #7786, #2873, #1750, .T. ) ;
#4330 = SURFACE_STYLE_FILL_AREA ( #8979 ) ;
#4331 = ORIENTED_EDGE ( 'NONE', *, *, #9312, .T. ) ;
#4332 = B_SPLINE_SURFACE_WITH_KNOTS ( 'NONE', 3, 1, ( 
 ( #8341, #3641 ),
 ( #7363, #2651 ),
 ( #913, #2702 ),
 ( #10209, #1737 ) ),
 .UNSPECIFIED., .F., .F., .F.,
 ( 4, 4 ),
 ( 2, 2 ),
 ( 16.00000000000000000, 17.00000000000000000 ),
 ( 0.0000000000000000000, 1.000000000000000000 ),
 .UNSPECIFIED. ) ;
#4333 =( NAMED_UNIT ( * ) SI_UNIT ( $, .STERADIAN. ) SOLID_ANGLE_UNIT ( ) );
#4334 = AXIS2_PLACEMENT_3D ( 'NONE', #11441, #6750, #9653 ) ;
#4335 = CARTESIAN_POINT ( 'NONE',  ( -0.1284256998160288044, 0.3000000000000000444, 0.09077183231944244146 ) ) ;
#4336 = FILL_AREA_STYLE_COLOUR ( '', #7854 ) ;
#4337 = ORIENTED_EDGE ( 'NONE', *, *, #934, .F. ) ;
#4338 =( NAMED_UNIT ( * ) PLANE_ANGLE_UNIT ( ) SI_UNIT ( $, .RADIAN. ) );
#4339 = CARTESIAN_POINT ( 'NONE',  ( -0.1284783512381004744, 0.3010000000383806773, 0.09819551713281136907 ) ) ;
#4340 =( NAMED_UNIT ( * ) PLANE_ANGLE_UNIT ( ) SI_UNIT ( $, .RADIAN. ) );
#4341 = ORIENTED_EDGE ( 'NONE', *, *, #3056, .F. ) ;
#4342 = UNCERTAINTY_MEASURE_WITH_UNIT (LENGTH_MEASURE( 1.000000000000000082E-05 ), #2015, 'distance_accuracy_value', 'NONE');
#4343 =( NAMED_UNIT ( * ) PLANE_ANGLE_UNIT ( ) SI_UNIT ( $, .RADIAN. ) );
#4344 = DIRECTION ( 'NONE',  ( 3.614007241618348278E-16, -1.000000000000000000, 0.0000000000000000000 ) ) ;
#4345 = B_SPLINE_CURVE_WITH_KNOTS ( 'NONE', 3,
 ( #5579, #5637, #9351, #8408 ),
 .UNSPECIFIED., .F., .F.,
 ( 4, 4 ),
 ( 12.00000000000000000, 13.00000000000000000 ),
 .UNSPECIFIED. ) ;
#4346 = STYLED_ITEM ( 'NONE', ( #1913 ), #8109 ) ;
#4347 = CARTESIAN_POINT ( 'NONE',  ( -0.1008470305938001660, 0.3000000000383806764, 0.05727842632315501697 ) ) ;
#4348 = EDGE_CURVE ( 'NONE', #10376, #7347, #7353, .T. ) ;
#4349 = FACE_OUTER_BOUND ( 'NONE', #286, .T. ) ;
#4350 = STYLED_ITEM ( 'NONE', ( #3374 ), #10598 ) ;
#4351 = FACE_OUTER_BOUND ( 'NONE', #1604, .T. ) ;
#4352 = SURFACE_STYLE_FILL_AREA ( #2439 ) ;
#4353 = B_SPLINE_CURVE_WITH_KNOTS ( 'NONE', 3,
 ( #319, #131, #3902, #1315 ),
 .UNSPECIFIED., .F., .F.,
 ( 4, 4 ),
 ( 0.0000000000000000000, 1.000000000000000000 ),
 .UNSPECIFIED. ) ;
#4354 = EDGE_LOOP ( 'NONE', ( #484, #9017, #4195, #4528 ) ) ;
#4355 = FILL_AREA_STYLE ('',( #5520 ) ) ;
#4356 = DIRECTION ( 'NONE',  ( 0.9999748501857348426, -0.0000000000000000000, 0.007092178509963286206 ) ) ;
#4357 =( GEOMETRIC_REPRESENTATION_CONTEXT ( 3 ) GLOBAL_UNCERTAINTY_ASSIGNED_CONTEXT ( ( #11487 ) ) GLOBAL_UNIT_ASSIGNED_CONTEXT ( ( #533, #3444, #11935 ) ) REPRESENTATION_CONTEXT ( 'NONE', 'WORKASPACE' ) );
#4358 = DIRECTION ( 'NONE',  ( 7.264154555652879708E-15, -1.000000000000000000, -0.0000000000000000000 ) ) ;
#4359 = EDGE_LOOP ( 'NONE', ( #10476, #5732 ) ) ;
#4360 = UNCERTAINTY_MEASURE_WITH_UNIT (LENGTH_MEASURE( 1.000000000000000082E-05 ), #7898, 'distance_accuracy_value', 'NONE');
#4361 = CARTESIAN_POINT ( 'NONE',  ( -0.1945390498360939080, 0.3010000000383806218, 0.1829476931888865954 ) ) ;
#4362 = CARTESIAN_POINT ( 'NONE',  ( 0.1120895504005327142, 0.3000000000000000444, 0.08351078173869919130 ) ) ;
#4363 = PRESENTATION_LAYER_ASSIGNMENT (  '', '', ( #6925 ) ) ;
#4364 =( GEOMETRIC_REPRESENTATION_CONTEXT ( 3 ) GLOBAL_UNCERTAINTY_ASSIGNED_CONTEXT ( ( #11651 ) ) GLOBAL_UNIT_ASSIGNED_CONTEXT ( ( #1366, #1437, #5129 ) ) REPRESENTATION_CONTEXT ( 'NONE', 'WORKASPACE' ) );
#4365 =( NAMED_UNIT ( * ) SI_UNIT ( $, .STERADIAN. ) SOLID_ANGLE_UNIT ( ) );
#4366 = VERTEX_POINT ( 'NONE', #8354 ) ;
#4367 = DIRECTION ( 'NONE',  ( -0.007092178509966687999, 0.0000000000000000000, 0.9999748501857348426 ) ) ;
#4368 = CARTESIAN_POINT ( 'NONE',  ( 0.2177054820917722067, 0.3010000000383806218, 0.05519475465062153446 ) ) ;
#4369 = AXIS2_PLACEMENT_3D ( 'NONE', #5378, #10881, #3514 ) ;
#4370 = COLOUR_RGB ( '',0.1019607843137254888, 0.1019607843137254888, 0.1019607843137254888 ) ;
#4371 = LINE ( 'NONE', #5232, #4301 ) ;
#4372 = SURFACE_SIDE_STYLE ('',( #2337 ) ) ;
#4373 = CIRCLE ( 'NONE', #6735, 0.05000000000000002359 ) ;
#4374 = SURFACE_STYLE_USAGE ( .BOTH. , #3557 ) ;
#4375 =( GEOMETRIC_REPRESENTATION_CONTEXT ( 3 ) GLOBAL_UNCERTAINTY_ASSIGNED_CONTEXT ( ( #6073 ) ) GLOBAL_UNIT_ASSIGNED_CONTEXT ( ( #847, #4614, #4444 ) ) REPRESENTATION_CONTEXT ( 'NONE', 'WORKASPACE' ) );
#4376 = CARTESIAN_POINT ( 'NONE',  ( -0.1303215468131936616, 0.3010000000383806218, 0.06340166750123270301 ) ) ;
#4377 =( GEOMETRIC_REPRESENTATION_CONTEXT ( 3 ) GLOBAL_UNCERTAINTY_ASSIGNED_CONTEXT ( ( #4434 ) ) GLOBAL_UNIT_ASSIGNED_CONTEXT ( ( #6948, #1324, #11657 ) ) REPRESENTATION_CONTEXT ( 'NONE', 'WORKASPACE' ) );
#4378 = ORIENTED_EDGE ( 'NONE', *, *, #6300, .F. ) ;
#4379 = CARTESIAN_POINT ( 'NONE',  ( -0.1093632146618768869, 0.3010000000383806218, 0.09911092655362621628 ) ) ;
#4380 = CARTESIAN_POINT ( 'NONE',  ( 0.2174655103380818133, 0.3000000000383806209, 0.08903001670842267123 ) ) ;
#4381 = B_SPLINE_CURVE_WITH_KNOTS ( 'NONE', 3,
 ( #2329, #7878, #398, #8814 ),
 .UNSPECIFIED., .F., .F.,
 ( 4, 4 ),
 ( 1.000000000000000000, 2.000000000000000000 ),
 .UNSPECIFIED. ) ;
#4382 = ORIENTED_EDGE ( 'NONE', *, *, #4911, .T. ) ;
#4383 = FILL_AREA_STYLE_COLOUR ( '', #9616 ) ;
#4384 = CARTESIAN_POINT ( 'NONE',  ( -0.2325172464158174468, 0.3010000000383805663, 0.2005522263714947795 ) ) ;
#4385 = EDGE_LOOP ( 'NONE', ( #5342, #1720, #7086, #10185 ) ) ;
#4386 = VECTOR ( 'NONE', #9972, 1000.000000000000000 ) ;
#4387 = FILL_AREA_STYLE_COLOUR ( '', #3058 ) ;
#4388 = AXIS2_PLACEMENT_3D ( 'NONE', #6643, #2136, #6876 ) ;
#4389 = CARTESIAN_POINT ( 'NONE',  ( -0.2340615802739389739, 0.3010000000383806218, 0.2027872069886215434 ) ) ;
#4390 = COLOUR_RGB ( '',1.000000000000000000, 1.000000000000000000, 1.000000000000000000 ) ;
#4391 = SURFACE_SIDE_STYLE ('',( #2296 ) ) ;
#4392 =( NAMED_UNIT ( * ) PLANE_ANGLE_UNIT ( ) SI_UNIT ( $, .RADIAN. ) );
#4393 = ORIENTED_EDGE ( 'NONE', *, *, #1758, .F. ) ;
#4394 = ORIENTED_EDGE ( 'NONE', *, *, #11916, .T. ) ;
#4395 = STYLED_ITEM ( 'NONE', ( #7709 ), #10498 ) ;
#4396 =( NAMED_UNIT ( * ) SI_UNIT ( $, .STERADIAN. ) SOLID_ANGLE_UNIT ( ) );
#4397 = STYLED_ITEM ( 'NONE', ( #7401 ), #4789 ) ;
#4398 = EDGE_LOOP ( 'NONE', ( #2051, #8893, #11415, #5243, #5258, #11503, #11937, #8805, #8902, #2472, #3298, #11411 ) ) ;
#4399 = ORIENTED_EDGE ( 'NONE', *, *, #7670, .F. ) ;
#4400 = PLANE ( 'NONE',  #9435 ) ;
#4401 = CARTESIAN_POINT ( 'NONE',  ( -0.1126506403741447809, 0.3010000000383806773, 0.05463684210604041053 ) ) ;
#4402 =( NAMED_UNIT ( * ) SI_UNIT ( $, .STERADIAN. ) SOLID_ANGLE_UNIT ( ) );
#4403 = VERTEX_POINT ( 'NONE', #3527 ) ;
#4404 = LINE ( 'NONE', #6130, #1219 ) ;
#4405 = ADVANCED_FACE ( 'NONE', ( #3652 ), #6430, .F. ) ;
#4406 = EDGE_CURVE ( 'NONE', #10972, #5630, #1444, .T. ) ;
#4407 = AXIS2_PLACEMENT_3D ( 'NONE', #8066, #713, #2742 ) ;
#4408 = MECHANICAL_DESIGN_GEOMETRIC_PRESENTATION_REPRESENTATION (  '', ( #10932 ), #11126 ) ;
#4409 = ADVANCED_FACE ( 'NONE', ( #1938 ), #7872, .F. ) ;
#4410 = CARTESIAN_POINT ( 'NONE',  ( -0.5000000000000002220, 0.2500000000000000000, 0.2999999999999999889 ) ) ;
#4411 = VERTEX_POINT ( 'NONE', #7617 ) ;
#4412 = CARTESIAN_POINT ( 'NONE',  ( -0.09644743335900975156, 0.3010000000383806773, 0.1626501536337019438 ) ) ;
#4413 = SURFACE_STYLE_USAGE ( .BOTH. , #5212 ) ;
#4414 = CARTESIAN_POINT ( 'NONE',  ( -0.01533904742765626779, 0.3010000000383806773, 0.05635639687801814735 ) ) ;
#4415 = FILL_AREA_STYLE ('',( #5333 ) ) ;
#4416 = CARTESIAN_POINT ( 'NONE',  ( 0.2081622117479547396, 0.3000000000383806209, 0.05512707037152728834 ) ) ;
#4417 =( NAMED_UNIT ( * ) SI_UNIT ( $, .STERADIAN. ) SOLID_ANGLE_UNIT ( ) );
#4418 = SURFACE_SIDE_STYLE ('',( #10345 ) ) ;
#4419 = VERTEX_POINT ( 'NONE', #10447 ) ;
#4420 = ADVANCED_FACE ( 'NONE', ( #3704 ), #123, .F. ) ;
#4421 = DIRECTION ( 'NONE',  ( -0.007092178509964134486, 0.0000000000000000000, 0.9999748501857348426 ) ) ;
#4422 = ORIENTED_EDGE ( 'NONE', *, *, #5968, .F. ) ;
#4423 = ADVANCED_FACE ( 'NONE', ( #6745 ), #10513, .F. ) ;
#4424 = CIRCLE ( 'NONE', #11144, 0.05000000000000002359 ) ;
#4425 = FACE_OUTER_BOUND ( 'NONE', #8073, .T. ) ;
#4426 = CARTESIAN_POINT ( 'NONE',  ( -0.1697082593558360553, 0.3000000000000000444, 0.1520550541038856174 ) ) ;
#4427 = DIRECTION ( 'NONE',  ( -0.0000000000000000000, -1.000000000000000000, -0.0000000000000000000 ) ) ;
#4428 = PRESENTATION_STYLE_ASSIGNMENT (( #6222 ) ) ;
#4429 = LINE ( 'NONE', #772, #3197 ) ;
#4430 = ORIENTED_EDGE ( 'NONE', *, *, #3187, .T. ) ;
#4431 = CARTESIAN_POINT ( 'NONE',  ( -0.2785402912896446925, 0.3000000000000000444, 0.08577678229140707489 ) ) ;
#4432 = PRODUCT ( 'SOD993_L1.0-W0.6-H0.3-LS1.0-RD', 'SOD993_L1.0-W0.6-H0.3-LS1.0-RD', '', ( #3338 ) ) ;
#4433 =( LENGTH_UNIT ( ) NAMED_UNIT ( * ) SI_UNIT ( .MILLI., .METRE. ) );
#4434 = UNCERTAINTY_MEASURE_WITH_UNIT (LENGTH_MEASURE( 1.000000000000000082E-05 ), #6948, 'distance_accuracy_value', 'NONE');
#4435 = CARTESIAN_POINT ( 'NONE',  ( -0.1878940549403086968, 0.3010000000383806218, 0.1652457078455596695 ) ) ;
#4436 = DIRECTION ( 'NONE',  ( -0.9999748501857348426, -0.0000000000000000000, -0.007092178509963555089 ) ) ;
#4437 =( LENGTH_UNIT ( ) NAMED_UNIT ( * ) SI_UNIT ( .MILLI., .METRE. ) );
#4438 = FILL_AREA_STYLE ('',( #2403 ) ) ;
#4439 = ORIENTED_EDGE ( 'NONE', *, *, #784, .F. ) ;
#4440 = COLOUR_RGB ( '',1.000000000000000000, 1.000000000000000000, 1.000000000000000000 ) ;
#4441 = CARTESIAN_POINT ( 'NONE',  ( -0.2340615802739389739, 0.3010000000383806773, 0.2027872069886215434 ) ) ;
#4442 = B_SPLINE_SURFACE_WITH_KNOTS ( 'NONE', 3, 1, ( 
 ( #3956, #435 ),
 ( #8161, #9086 ),
 ( #8844, #5314 ),
 ( #8977, #8904 ) ),
 .UNSPECIFIED., .F., .F., .F.,
 ( 4, 4 ),
 ( 2, 2 ),
 ( 10.00000000000000000, 11.00000000000000000 ),
 ( 0.0000000000000000000, 1.000000000000000000 ),
 .UNSPECIFIED. ) ;
#4443 = FACE_OUTER_BOUND ( 'NONE', #7754, .T. ) ;
#4444 =( NAMED_UNIT ( * ) SI_UNIT ( $, .STERADIAN. ) SOLID_ANGLE_UNIT ( ) );
#4445 = VERTEX_POINT ( 'NONE', #4264 ) ;
#4446 =( LENGTH_UNIT ( ) NAMED_UNIT ( * ) SI_UNIT ( .MILLI., .METRE. ) );
#4447 = DIRECTION ( 'NONE',  ( 0.9999748501857348426, 0.0000000000000000000, 0.007092178509965357466 ) ) ;
#4448 = VERTEX_POINT ( 'NONE', #8779 ) ;
#4449 = CARTESIAN_POINT ( 'NONE',  ( -0.2332363208663789655, 0.3000000000383806209, 0.2029802211550670310 ) ) ;
#4450 = EDGE_CURVE ( 'NONE', #591, #9739, #8028, .T. ) ;
#4451 = ORIENTED_EDGE ( 'NONE', *, *, #11826, .T. ) ;
#4452 = LINE ( 'NONE', #9027, #4775 ) ;
#4453 = ORIENTED_EDGE ( 'NONE', *, *, #1263, .T. ) ;
#4454 = LINE ( 'NONE', #10078, #5743 ) ;
#4455 = ORIENTED_EDGE ( 'NONE', *, *, #10399, .T. ) ;
#4456 = LINE ( 'NONE', #3694, #10213 ) ;
#4457 = ORIENTED_EDGE ( 'NONE', *, *, #11596, .T. ) ;
#4458 = FILL_AREA_STYLE ('',( #1630 ) ) ;
#4459 =( LENGTH_UNIT ( ) NAMED_UNIT ( * ) SI_UNIT ( .MILLI., .METRE. ) );
#4460 = VERTEX_POINT ( 'NONE', #11820 ) ;
#4461 =( NAMED_UNIT ( * ) PLANE_ANGLE_UNIT ( ) SI_UNIT ( $, .RADIAN. ) );
#4462 = CARTESIAN_POINT ( 'NONE',  ( -0.06170677045693973711, 0.3010000000383806218, 0.05615231452637654136 ) ) ;
#4463 = SURFACE_STYLE_USAGE ( .BOTH. , #695 ) ;
#4464 = ORIENTED_EDGE ( 'NONE', *, *, #1321, .T. ) ;
#4465 =( LENGTH_UNIT ( ) NAMED_UNIT ( * ) SI_UNIT ( .MILLI., .METRE. ) );
#4466 = FILL_AREA_STYLE_COLOUR ( '', #3535 ) ;
#4467 = LINE ( 'NONE', #3532, #426 ) ;
#4468 = ADVANCED_FACE ( 'NONE', ( #8901 ), #10178, .F. ) ;
#4469 =( NAMED_UNIT ( * ) PLANE_ANGLE_UNIT ( ) SI_UNIT ( $, .RADIAN. ) );
#4470 = ADVANCED_FACE ( 'NONE', ( #11765 ), #7214, .F. ) ;
#4471 = CARTESIAN_POINT ( 'NONE',  ( 0.4499999999999996780, -0.2499999999999998890, 0.2499999999999999445 ) ) ;
#4472 = EDGE_CURVE ( 'NONE', #5755, #11626, #9084, .T. ) ;
#4473 = ORIENTED_EDGE ( 'NONE', *, *, #384, .F. ) ;
#4474 =( NAMED_UNIT ( * ) SI_UNIT ( $, .STERADIAN. ) SOLID_ANGLE_UNIT ( ) );
#4475 = PRESENTATION_LAYER_ASSIGNMENT (  '', '', ( #9804 ) ) ;
#4476 = ORIENTED_EDGE ( 'NONE', *, *, #11271, .F. ) ;
#4477 = UNCERTAINTY_MEASURE_WITH_UNIT (LENGTH_MEASURE( 1.000000000000000082E-05 ), #4205, 'distance_accuracy_value', 'NONE');
#4478 = CARTESIAN_POINT ( 'NONE',  ( -0.1834534396919461074, 0.3010000000383806218, 0.2109562160537760689 ) ) ;
#4479 = EDGE_CURVE ( 'NONE', #470, #7786, #4452, .T. ) ;
#4480 = FACE_OUTER_BOUND ( 'NONE', #9620, .T. ) ;
#4481 = ORIENTED_EDGE ( 'NONE', *, *, #4875, .T. ) ;
#4482 = PRESENTATION_LAYER_ASSIGNMENT (  '', '', ( #8825 ) ) ;
#4483 = FILL_AREA_STYLE_COLOUR ( '', #654 ) ;
#4484 = DIRECTION ( 'NONE',  ( -0.0000000000000000000, -1.000000000000000000, -0.0000000000000000000 ) ) ;
#4485 = LINE ( 'NONE', #9375, #392 ) ;
#4486 = CARTESIAN_POINT ( 'NONE',  ( -0.5000000000000002220, 0.2500000000000000000, 0.2499999999999999445 ) ) ;
#4487 = CARTESIAN_POINT ( 'NONE',  ( 0.1737608787874757310, 0.3010000000383806218, 0.07353681726571997812 ) ) ;
#4488 = CARTESIAN_POINT ( 'NONE',  ( -0.1385268197412866664, 0.3010000000383806773, 0.1867450458123980361 ) ) ;
#4489 = ORIENTED_EDGE ( 'NONE', *, *, #10880, .T. ) ;
#4490 = MECHANICAL_DESIGN_GEOMETRIC_PRESENTATION_REPRESENTATION (  '', ( #7264 ), #9238 ) ;
#4491 = CARTESIAN_POINT ( 'NONE',  ( -0.06170677045693973711, 0.3000000000383806209, 0.05615231452637654136 ) ) ;
#4492 = FILL_AREA_STYLE ('',( #727 ) ) ;
#4493 = LINE ( 'NONE', #5617, #8316 ) ;
#4494 = ORIENTED_EDGE ( 'NONE', *, *, #9332, .F. ) ;
#4495 = UNCERTAINTY_MEASURE_WITH_UNIT (LENGTH_MEASURE( 1.000000000000000082E-05 ), #8668, 'distance_accuracy_value', 'NONE');
#4496 = EDGE_LOOP ( 'NONE', ( #2674, #5102, #3469, #6898 ) ) ;
#4497 = PRESENTATION_LAYER_ASSIGNMENT (  '', '', ( #10631 ) ) ;
#4498 = DIRECTION ( 'NONE',  ( -0.0000000000000000000, -1.000000000000000000, -0.0000000000000000000 ) ) ;
#4499 = SURFACE_STYLE_USAGE ( .BOTH. , #733 ) ;
#4500 = ORIENTED_EDGE ( 'NONE', *, *, #6987, .T. ) ;
#4501 =( NAMED_UNIT ( * ) SI_UNIT ( $, .STERADIAN. ) SOLID_ANGLE_UNIT ( ) );
#4502 = VERTEX_POINT ( 'NONE', #10013 ) ;
#4503 = CARTESIAN_POINT ( 'NONE',  ( 0.2729500142091998427, 0.3010000000383806218, 0.09506304592161925193 ) ) ;
#4504 =( GEOMETRIC_REPRESENTATION_CONTEXT ( 3 ) GLOBAL_UNCERTAINTY_ASSIGNED_CONTEXT ( ( #11600 ) ) GLOBAL_UNIT_ASSIGNED_CONTEXT ( ( #4214, #5325, #4512 ) ) REPRESENTATION_CONTEXT ( 'NONE', 'WORKASPACE' ) );
#4505 = VECTOR ( 'NONE', #5280, 1000.000000000000000 ) ;
#4506 = CARTESIAN_POINT ( 'NONE',  ( -0.2325172464158174468, 0.3010000000383806773, 0.2005522263714948628 ) ) ;
#4507 = VERTEX_POINT ( 'NONE', #5254 ) ;
#4508 = B_SPLINE_CURVE_WITH_KNOTS ( 'NONE', 3,
 ( #113, #11430, #4992, #8705 ),
 .UNSPECIFIED., .F., .F.,
 ( 4, 4 ),
 ( 12.00000000000000000, 13.00000000000000000 ),
 .UNSPECIFIED. ) ;
#4509 = CARTESIAN_POINT ( 'NONE',  ( -0.5000000000000000000, -0.2499999999999998890, 0.2499999999999999445 ) ) ;
#4510 = ORIENTED_EDGE ( 'NONE', *, *, #7578, .F. ) ;
#4511 = DIRECTION ( 'NONE',  ( 0.3733863129577220663, 0.0000000000000000000, -0.9276759462742569795 ) ) ;
#4512 =( NAMED_UNIT ( * ) SI_UNIT ( $, .STERADIAN. ) SOLID_ANGLE_UNIT ( ) );
#4513 = ORIENTED_EDGE ( 'NONE', *, *, #526, .T. ) ;
#4514 =( NAMED_UNIT ( * ) PLANE_ANGLE_UNIT ( ) SI_UNIT ( $, .RADIAN. ) );
#4515 = STYLED_ITEM ( 'NONE', ( #10275 ), #7496 ) ;
#4516 = ORIENTED_EDGE ( 'NONE', *, *, #743, .T. ) ;
#4517 = SURFACE_STYLE_FILL_AREA ( #7377 ) ;
#4518 = CARTESIAN_POINT ( 'NONE',  ( -0.1684574757390471245, 0.3000000000383806764, 0.09884777657425046493 ) ) ;
#4519 = ADVANCED_FACE ( 'NONE', ( #6247, #10207 ), #3577, .F. ) ;
#4520 =( NAMED_UNIT ( * ) SI_UNIT ( $, .STERADIAN. ) SOLID_ANGLE_UNIT ( ) );
#4521 = LINE ( 'NONE', #3661, #7352 ) ;
#4522 = MECHANICAL_DESIGN_GEOMETRIC_PRESENTATION_REPRESENTATION (  '', ( #1167 ), #10053 ) ;
#4523 =( NAMED_UNIT ( * ) SI_UNIT ( $, .STERADIAN. ) SOLID_ANGLE_UNIT ( ) );
#4524 = ORIENTED_EDGE ( 'NONE', *, *, #9337, .F. ) ;
#4525 = DIRECTION ( 'NONE',  ( -0.9999748501857348426, 0.0000000000000000000, -0.007092178509968051492 ) ) ;
#4526 = B_SPLINE_CURVE_WITH_KNOTS ( 'NONE', 3,
 ( #11044, #12041, #9315, #2632 ),
 .UNSPECIFIED., .F., .F.,
 ( 4, 4 ),
 ( 2.000000000000000000, 3.000000000000000000 ),
 .UNSPECIFIED. ) ;
#4527 = CARTESIAN_POINT ( 'NONE',  ( -0.2636122843015362704, 0.3000000000383806209, 0.06791518837213486592 ) ) ;
#4528 = ORIENTED_EDGE ( 'NONE', *, *, #8167, .T. ) ;
#4529 = ADVANCED_FACE ( 'NONE', ( #609 ), #6014, .F. ) ;
#4530 = CARTESIAN_POINT ( 'NONE',  ( -0.07947823490188062057, 0.3010000000383806218, 0.1516656114126317401 ) ) ;
#4531 = SURFACE_STYLE_USAGE ( .BOTH. , #10353 ) ;
#4532 = CARTESIAN_POINT ( 'NONE',  ( 0.2366535614540241916, 0.3000000000383806209, 0.1971840618333898787 ) ) ;
#4533 = PLANE ( 'NONE',  #7151 ) ;
#4534 = ORIENTED_EDGE ( 'NONE', *, *, #8317, .T. ) ;
#4535 = STYLED_ITEM ( 'NONE', ( #4611 ), #8009 ) ;
#4536 =( GEOMETRIC_REPRESENTATION_CONTEXT ( 3 ) GLOBAL_UNCERTAINTY_ASSIGNED_CONTEXT ( ( #9174 ) ) GLOBAL_UNIT_ASSIGNED_CONTEXT ( ( #10409, #941, #4777 ) ) REPRESENTATION_CONTEXT ( 'NONE', 'WORKASPACE' ) );
#4537 = SURFACE_STYLE_FILL_AREA ( #774 ) ;
#4538 = CARTESIAN_POINT ( 'NONE',  ( -0.1533597036915596568, 0.3010000000383806773, 0.2131855329286255207 ) ) ;
#4539 = EDGE_CURVE ( 'NONE', #10216, #3839, #2335, .T. ) ;
#4540 = CARTESIAN_POINT ( 'NONE',  ( -0.09075765645126747383, 0.3010000000383806218, 0.09490698425427500362 ) ) ;
#4541 = CARTESIAN_POINT ( 'NONE',  ( -0.06927822973042647992, 0.3010000000383806218, 0.05494445472113325402 ) ) ;
#4542 = EDGE_LOOP ( 'NONE', ( #7691, #4728, #11494, #2983, #2620, #12064, #8801, #5108, #6416, #8649, #3065, #1268, #5179, #7905, #9803, #11843, #7376, #864, #4844, #764, #3868, #6956, #10600, #2715, #1685, #1072, #10226, #1539, #2932, #3463, #9236, #3104, #4039 ) ) ;
#4543 = DIRECTION ( 'NONE',  ( -0.007092178509960657233, -0.0000000000000000000, 0.9999748501857348426 ) ) ;
#4544 = PRESENTATION_LAYER_ASSIGNMENT (  '', '', ( #3170 ) ) ;
#4545 = DIRECTION ( 'NONE',  ( -0.9999748501857348426, 0.0000000000000000000, -0.007092178509963393759 ) ) ;
#4546 = ORIENTED_EDGE ( 'NONE', *, *, #7804, .F. ) ;
#4547 = FILL_AREA_STYLE ('',( #1788 ) ) ;
#4548 = CARTESIAN_POINT ( 'NONE',  ( -0.07558621805047235909, 0.3010000000383806218, 0.2076543934544113346 ) ) ;
#4549 = MECHANICAL_DESIGN_GEOMETRIC_PRESENTATION_REPRESENTATION (  '', ( #9502 ), #5938 ) ;
#4550 = CARTESIAN_POINT ( 'NONE',  ( 0.2301529359484426329, 0.3010000000383806218, 0.1962703437822883312 ) ) ;
#4551 = DIRECTION ( 'NONE',  ( 0.007092178509963292278, 0.0000000000000000000, -0.9999748501857348426 ) ) ;
#4552 = EDGE_CURVE ( 'NONE', #3596, #8015, #11340, .T. ) ;
#4553 = PRESENTATION_STYLE_ASSIGNMENT (( #11367 ) ) ;
#4554 = VERTEX_POINT ( 'NONE', #5626 ) ;
#4555 = DIRECTION ( 'NONE',  ( 0.007092178509963341718, -0.0000000000000000000, -0.9999748501857348426 ) ) ;
#4556 = MECHANICAL_DESIGN_GEOMETRIC_PRESENTATION_REPRESENTATION (  '', ( #3976 ), #8907 ) ;
#4557 = CARTESIAN_POINT ( 'NONE',  ( -0.2786044463837674678, 0.3010000000383806218, 0.09482244866090128177 ) ) ;
#4558 = ORIENTED_EDGE ( 'NONE', *, *, #9417, .T. ) ;
#4559 = ADVANCED_FACE ( 'NONE', ( #8394 ), #8456, .F. ) ;
#4560 = CARTESIAN_POINT ( 'NONE',  ( -0.2702572791969076738, 0.3010000000383806218, 0.08561717371546391508 ) ) ;
#4561 = SURFACE_STYLE_USAGE ( .BOTH. , #6551 ) ;
#4562 = VERTEX_POINT ( 'NONE', #12240 ) ;
#4563 = CIRCLE ( 'NONE', #4761, 0.05000000000000002359 ) ;
#4564 = CARTESIAN_POINT ( 'NONE',  ( 0.05054126773848501702, 0.3010000000383806218, 0.07613335299045410898 ) ) ;
#4565 = ORIENTED_EDGE ( 'NONE', *, *, #895, .F. ) ;
#4566 =( GEOMETRIC_REPRESENTATION_CONTEXT ( 3 ) GLOBAL_UNCERTAINTY_ASSIGNED_CONTEXT ( ( #4342 ) ) GLOBAL_UNIT_ASSIGNED_CONTEXT ( ( #2015, #1189, #8671 ) ) REPRESENTATION_CONTEXT ( 'NONE', 'WORKASPACE' ) );
#4567 = VECTOR ( 'NONE', #8415, 1000.000000000000000 ) ;
#4568 = STYLED_ITEM ( 'NONE', ( #1317 ), #4270 ) ;
#4569 = STYLED_ITEM ( 'NONE', ( #6256 ), #3617 ) ;
#4570 = CARTESIAN_POINT ( 'NONE',  ( -0.09067934299154378763, 0.3000000000383806764, 0.08386503289269027495 ) ) ;
#4571 = CARTESIAN_POINT ( 'NONE',  ( -0.1697108044815270333, 0.3010000000383806773, 0.1590111914590974507 ) ) ;
#4572 = CARTESIAN_POINT ( 'NONE',  ( 0.1281795864602693624, 0.3000000000000000444, 0.07798539298053178137 ) ) ;
#4573 =( NAMED_UNIT ( * ) PLANE_ANGLE_UNIT ( ) SI_UNIT ( $, .RADIAN. ) );
#4574 = ORIENTED_EDGE ( 'NONE', *, *, #3443, .T. ) ;
#4575 = FACE_OUTER_BOUND ( 'NONE', #6091, .T. ) ;
#4576 = PRESENTATION_LAYER_ASSIGNMENT (  '', '', ( #826 ) ) ;
#4577 = VECTOR ( 'NONE', #11658, 1000.000000000000000 ) ;
#4578 = PRESENTATION_LAYER_ASSIGNMENT (  '', '', ( #11103 ) ) ;
#4579 =( LENGTH_UNIT ( ) NAMED_UNIT ( * ) SI_UNIT ( .MILLI., .METRE. ) );
#4580 = VERTEX_POINT ( 'NONE', #11369 ) ;
#4581 = AXIS2_PLACEMENT_3D ( 'NONE', #4080, #11572, #6992 ) ;
#4582 = VECTOR ( 'NONE', #9634, 1000.000000000000000 ) ;
#4583 = CARTESIAN_POINT ( 'NONE',  ( -0.2681217386275446257, 0.3000000000383806209, 0.09898314714741519860 ) ) ;
#4584 = PRESENTATION_LAYER_ASSIGNMENT (  '', '', ( #8527 ) ) ;
#4585 = CARTESIAN_POINT ( 'NONE',  ( -0.07962566394887087007, 0.3010000000383806218, 0.06469702645513186745 ) ) ;
#4586 = CARTESIAN_POINT ( 'NONE',  ( -0.09048046219976775550, 0.3010000000383806773, 0.05582346714787936315 ) ) ;
#4587 = PLANE ( 'NONE',  #6795 ) ;
#4588 = STYLED_ITEM ( 'NONE', ( #5717 ), #4154 ) ;
#4589 = ORIENTED_EDGE ( 'NONE', *, *, #612, .F. ) ;
#4590 =( NAMED_UNIT ( * ) PLANE_ANGLE_UNIT ( ) SI_UNIT ( $, .RADIAN. ) );
#4591 =( LENGTH_UNIT ( ) NAMED_UNIT ( * ) SI_UNIT ( .MILLI., .METRE. ) );
#4592 = ADVANCED_FACE ( 'NONE', ( #3935 ), #8278, .T. ) ;
#4593 = CARTESIAN_POINT ( 'NONE',  ( -0.1261413847512703745, 0.3000000000383806209, 0.07656378746473867236 ) ) ;
#4594 = VERTEX_POINT ( 'NONE', #227 ) ;
#4595 = UNCERTAINTY_MEASURE_WITH_UNIT (LENGTH_MEASURE( 1.000000000000000082E-05 ), #2548, 'distance_accuracy_value', 'NONE');
#4596 = CARTESIAN_POINT ( 'NONE',  ( -0.05857630941871455610, 0.3000000000000000444, 0.1601425257019531423 ) ) ;
#4597 = PRESENTATION_STYLE_ASSIGNMENT (( #4531 ) ) ;
#4598 =( GEOMETRIC_REPRESENTATION_CONTEXT ( 3 ) GLOBAL_UNCERTAINTY_ASSIGNED_CONTEXT ( ( #8190 ) ) GLOBAL_UNIT_ASSIGNED_CONTEXT ( ( #5871, #8596, #12197 ) ) REPRESENTATION_CONTEXT ( 'NONE', 'WORKASPACE' ) );
#4599 = LINE ( 'NONE', #8371, #27 ) ;
#4600 = DIRECTION ( 'NONE',  ( -0.9999748501857348426, 0.0000000000000000000, -0.007092178509964102394 ) ) ;
#4601 = ORIENTED_EDGE ( 'NONE', *, *, #146, .T. ) ;
#4602 = FILL_AREA_STYLE_COLOUR ( '', #12117 ) ;
#4603 = CARTESIAN_POINT ( 'NONE',  ( -0.07072889208594392019, 0.3000000000383806209, 0.1517276648743602907 ) ) ;
#4604 =( GEOMETRIC_REPRESENTATION_CONTEXT ( 3 ) GLOBAL_UNCERTAINTY_ASSIGNED_CONTEXT ( ( #5093 ) ) GLOBAL_UNIT_ASSIGNED_CONTEXT ( ( #2084, #7587, #11539 ) ) REPRESENTATION_CONTEXT ( 'NONE', 'WORKASPACE' ) );
#4605 = DIRECTION ( 'NONE',  ( 0.0000000000000000000, -0.0000000000000000000, -1.000000000000000000 ) ) ;
#4606 = SURFACE_STYLE_FILL_AREA ( #6338 ) ;
#4607 =( NAMED_UNIT ( * ) PLANE_ANGLE_UNIT ( ) SI_UNIT ( $, .RADIAN. ) );
#4608 = FACE_OUTER_BOUND ( 'NONE', #2573, .T. ) ;
#4609 = CARTESIAN_POINT ( 'NONE',  ( -0.07962566394887087007, 0.3010000000383806218, 0.06469702645513186745 ) ) ;
#4610 = ORIENTED_EDGE ( 'NONE', *, *, #5400, .T. ) ;
#4611 = PRESENTATION_STYLE_ASSIGNMENT (( #11048 ) ) ;
#4612 = PRESENTATION_STYLE_ASSIGNMENT (( #6659 ) ) ;
#4613 =( GEOMETRIC_REPRESENTATION_CONTEXT ( 3 ) GLOBAL_UNCERTAINTY_ASSIGNED_CONTEXT ( ( #2390 ) ) GLOBAL_UNIT_ASSIGNED_CONTEXT ( ( #4459, #8227, #4333 ) ) REPRESENTATION_CONTEXT ( 'NONE', 'WORKASPACE' ) );
#4614 =( NAMED_UNIT ( * ) PLANE_ANGLE_UNIT ( ) SI_UNIT ( $, .RADIAN. ) );
#4615 = ORIENTED_EDGE ( 'NONE', *, *, #6639, .F. ) ;
#4616 = EDGE_CURVE ( 'NONE', #8087, #5844, #4235, .T. ) ;
#4617 = PRESENTATION_STYLE_ASSIGNMENT (( #4673 ) ) ;
#4618 = EDGE_CURVE ( 'NONE', #11106, #553, #3137, .T. ) ;
#4619 = CARTESIAN_POINT ( 'NONE',  ( -0.08624688870241548067, 0.3000000000383806209, 0.1516176057042715741 ) ) ;
#4620 = CARTESIAN_POINT ( 'NONE',  ( 0.1737701084432274057, 0.3000000000000000444, 0.07223546485127341210 ) ) ;
#4621 = EDGE_CURVE ( 'NONE', #5858, #680, #2224, .T. ) ;
#4622 = ORIENTED_EDGE ( 'NONE', *, *, #468, .F. ) ;
#4623 = PRESENTATION_LAYER_ASSIGNMENT (  '', '', ( #9177 ) ) ;
#4624 = CARTESIAN_POINT ( 'NONE',  ( 0.4499999999999997891, 0.3000000000000000444, 0.2499999999999999445 ) ) ;
#4625 = FILL_AREA_STYLE_COLOUR ( '', #11898 ) ;
#4626 = ORIENTED_EDGE ( 'NONE', *, *, #7877, .F. ) ;
#4627 = CARTESIAN_POINT ( 'NONE',  ( -0.07947823490188062057, 0.3010000000383806773, 0.1516656114126317401 ) ) ;
#4628 = FILL_AREA_STYLE ('',( #3581 ) ) ;
#4629 = VERTEX_POINT ( 'NONE', #11561 ) ;
#4630 = LINE ( 'NONE', #2706, #9609 ) ;
#4631 = EDGE_CURVE ( 'NONE', #6555, #6195, #6316, .T. ) ;
#4632 = ORIENTED_EDGE ( 'NONE', *, *, #10836, .F. ) ;
#4633 = FACE_OUTER_BOUND ( 'NONE', #4385, .T. ) ;
#4634 = FACE_OUTER_BOUND ( 'NONE', #11939, .T. ) ;
#4635 = ADVANCED_FACE ( 'NONE', ( #10807 ), #6041, .F. ) ;
#4636 = PLANE ( 'NONE',  #3264 ) ;
#4637 = VERTEX_POINT ( 'NONE', #8764 ) ;
#4638 = SURFACE_STYLE_USAGE ( .BOTH. , #9350 ) ;
#4639 = VERTEX_POINT ( 'NONE', #9753 ) ;
#4640 = COLOUR_RGB ( '',1.000000000000000000, 1.000000000000000000, 1.000000000000000000 ) ;
#4641 = SURFACE_SIDE_STYLE ('',( #4517 ) ) ;
#4642 = CARTESIAN_POINT ( 'NONE',  ( -0.1149107358856692324, 0.3010000000383806218, 0.09401823098910848386 ) ) ;
#4643 = FILL_AREA_STYLE ('',( #9356 ) ) ;
#4644 = PLANE ( 'NONE',  #7897 ) ;
#4645 = FILL_AREA_STYLE ('',( #11388 ) ) ;
#4646 = CARTESIAN_POINT ( 'NONE',  ( -0.1553642605812432242, 0.3000000000000000444, 0.06260018519777491020 ) ) ;
#4647 = DIRECTION ( 'NONE',  ( 0.007092178509963453607, 0.0000000000000000000, -0.9999748501857348426 ) ) ;
#4648 = ORIENTED_EDGE ( 'NONE', *, *, #3056, .T. ) ;
#4649 = CARTESIAN_POINT ( 'NONE',  ( 0.3107631713427365661, 0.3010000000383806218, 0.1460866349904363648 ) ) ;
#4650 = B_SPLINE_CURVE_WITH_KNOTS ( 'NONE', 3,
 ( #10976, #5603, #11978, #12159 ),
 .UNSPECIFIED., .F., .F.,
 ( 4, 4 ),
 ( 21.00000000000000000, 22.00000000000000000 ),
 .UNSPECIFIED. ) ;
#4651 = DIRECTION ( 'NONE',  ( -0.0000000000000000000, -1.000000000000000000, -0.0000000000000000000 ) ) ;
#4652 = SURFACE_STYLE_FILL_AREA ( #6442 ) ;
#4653 = EDGE_LOOP ( 'NONE', ( #9576, #4232, #7123, #11690 ) ) ;
#4654 = DIRECTION ( 'NONE',  ( -0.9999748501857348426, -0.0000000000000000000, -0.007092178509963466618 ) ) ;
#4655 = DIRECTION ( 'NONE',  ( -0.0000000000000000000, -1.000000000000000000, -0.0000000000000000000 ) ) ;
#4656 = B_SPLINE_SURFACE_WITH_KNOTS ( 'NONE', 3, 1, ( 
 ( #2316, #931 ),
 ( #12016, #2 ),
 ( #5585, #11018 ),
 ( #2544, #6433 ),
 ( #3658, #10276 ),
 ( #1642, #6573 ) ),
 .UNSPECIFIED., .F., .F., .F.,
 ( 4, 2, 4 ),
 ( 2, 2 ),
 ( 2.000000000000000000, 3.000000000000000000, 4.000000000000000000 ),
 ( 0.0000000000000000000, 1.000000000000000000 ),
 .UNSPECIFIED. ) ;
#4657 =( LENGTH_UNIT ( ) NAMED_UNIT ( * ) SI_UNIT ( .MILLI., .METRE. ) );
#4658 = ORIENTED_EDGE ( 'NONE', *, *, #4028, .T. ) ;
#4659 =( LENGTH_UNIT ( ) NAMED_UNIT ( * ) SI_UNIT ( .MILLI., .METRE. ) );
#4660 = CARTESIAN_POINT ( 'NONE',  ( -0.08235852309880657696, 0.3010000000383806218, 0.2147184848664923373 ) ) ;
#4661 = B_SPLINE_CURVE_WITH_KNOTS ( 'NONE', 3,
 ( #7229, #722, #10936, #11804 ),
 .UNSPECIFIED., .F., .F.,
 ( 4, 4 ),
 ( 22.00000000000000000, 23.00000000000000000 ),
 .UNSPECIFIED. ) ;
#4662 = UNCERTAINTY_MEASURE_WITH_UNIT (LENGTH_MEASURE( 1.000000000000000082E-05 ), #12128, 'distance_accuracy_value', 'NONE');
#4663 = B_SPLINE_CURVE_WITH_KNOTS ( 'NONE', 3,
 ( #11272, #2720, #12018, #876 ),
 .UNSPECIFIED., .F., .F.,
 ( 4, 4 ),
 ( 4.000000000000000000, 5.000000000000000000 ),
 .UNSPECIFIED. ) ;
#4664 = LINE ( 'NONE', #3676, #8488 ) ;
#4665 = CARTESIAN_POINT ( 'NONE',  ( -0.1097918262667172962, 0.3010000000383806218, 0.09137189323063166224 ) ) ;
#4666 = EDGE_LOOP ( 'NONE', ( #5916, #5424, #3548, #8222 ) ) ;
#4667 = CARTESIAN_POINT ( 'NONE',  ( -0.1357250516081565384, 0.3000000000000000444, 0.04240129713246746507 ) ) ;
#4668 = VECTOR ( 'NONE', #10542, 1000.000000000000000 ) ;
#4669 = CARTESIAN_POINT ( 'NONE',  ( -0.1562488046639261829, 0.3000000000000000444, 0.04877518144947042694 ) ) ;
#4670 = CARTESIAN_POINT ( 'NONE',  ( -0.5000000000000002220, 0.3000000000000000444, 0.2999999999999999889 ) ) ;
#4671 = VERTEX_POINT ( 'NONE', #4066 ) ;
#4672 = EDGE_CURVE ( 'NONE', #2899, #6513, #8826, .T. ) ;
#4673 = SURFACE_STYLE_USAGE ( .BOTH. , #12173 ) ;
#4674 =( NAMED_UNIT ( * ) SI_UNIT ( $, .STERADIAN. ) SOLID_ANGLE_UNIT ( ) );
#4675 = CARTESIAN_POINT ( 'NONE',  ( -0.1356768246753326801, 0.3010000000383806773, 0.03560145137876107035 ) ) ;
#4676 = VECTOR ( 'NONE', #3662, 1000.000000000000000 ) ;
#4677 = PRESENTATION_STYLE_ASSIGNMENT (( #5622 ) ) ;
#4678 =( GEOMETRIC_REPRESENTATION_CONTEXT ( 3 ) GLOBAL_UNCERTAINTY_ASSIGNED_CONTEXT ( ( #535 ) ) GLOBAL_UNIT_ASSIGNED_CONTEXT ( ( #6710, #1143, #2026 ) ) REPRESENTATION_CONTEXT ( 'NONE', 'WORKASPACE' ) );
#4679 = CARTESIAN_POINT ( 'NONE',  ( 0.1272750778494582125, 0.3000000000383806209, 0.2055182605355260761 ) ) ;
#4680 = ORIENTED_EDGE ( 'NONE', *, *, #4845, .F. ) ;
#4681 =( NAMED_UNIT ( * ) SI_UNIT ( $, .STERADIAN. ) SOLID_ANGLE_UNIT ( ) );
#4682 = VERTEX_POINT ( 'NONE', #3208 ) ;
#4683 = ADVANCED_FACE ( 'NONE', ( #9868 ), #10751, .F. ) ;
#4684 = EDGE_CURVE ( 'NONE', #5854, #3718, #3316, .T. ) ;
#4685 = FILL_AREA_STYLE ('',( #2772 ) ) ;
#4686 = DIRECTION ( 'NONE',  ( -0.007092178509963203807, 0.0000000000000000000, 0.9999748501857348426 ) ) ;
#4687 = ORIENTED_EDGE ( 'NONE', *, *, #6076, .T. ) ;
#4688 = ORIENTED_EDGE ( 'NONE', *, *, #526, .F. ) ;
#4689 = CARTESIAN_POINT ( 'NONE',  ( -0.1205641077928972654, 0.3000000000000000444, 0.07086373545509425109 ) ) ;
#4690 = DIRECTION ( 'NONE',  ( -0.9999748501857348426, 0.0000000000000000000, -0.007092178509963778001 ) ) ;
#4691 = PRESENTATION_STYLE_ASSIGNMENT (( #3033 ) ) ;
#4692 = SURFACE_STYLE_FILL_AREA ( #922 ) ;
#4693 = EDGE_LOOP ( 'NONE', ( #3156, #8588, #450, #2228 ) ) ;
#4694 = DIRECTION ( 'NONE',  ( 0.9999748501857348426, 0.0000000000000000000, 0.007092178509965357466 ) ) ;
#4695 = VECTOR ( 'NONE', #7066, 1000.000000000000114 ) ;
#4696 = EDGE_LOOP ( 'NONE', ( #6492, #3900, #5799, #200 ) ) ;
#4697 = EDGE_CURVE ( 'NONE', #11265, #8858, #8204, .T. ) ;
#4698 = UNCERTAINTY_MEASURE_WITH_UNIT (LENGTH_MEASURE( 1.000000000000000082E-05 ), #1655, 'distance_accuracy_value', 'NONE');
#4699 = CARTESIAN_POINT ( 'NONE',  ( -0.1113433495717457700, 0.3000000000000000444, 0.09242146902170773892 ) ) ;
#4700 = DIRECTION ( 'NONE',  ( -0.0000000000000000000, -1.000000000000000000, -0.0000000000000000000 ) ) ;
#4701 = CARTESIAN_POINT ( 'NONE',  ( -0.04522868543321438561, 0.3010000000383806773, 0.08362590178079810921 ) ) ;
#4702 = DIRECTION ( 'NONE',  ( 0.0000000000000000000, 1.000000000000000000, 0.0000000000000000000 ) ) ;
#4703 = CARTESIAN_POINT ( 'NONE',  ( -0.1060716889868553725, 0.3000000000000000444, 0.09682595060005891319 ) ) ;
#4704 = DIRECTION ( 'NONE',  ( 0.0000000000000000000, 0.0000000000000000000, -1.000000000000000000 ) ) ;
#4705 = CARTESIAN_POINT ( 'NONE',  ( -0.1089894625464456063, 0.3000000000000000444, 0.08819584463670156194 ) ) ;
#4706 = MECHANICAL_DESIGN_GEOMETRIC_PRESENTATION_REPRESENTATION (  '', ( #1364 ), #8060 ) ;
#4707 = CARTESIAN_POINT ( 'NONE',  ( 0.09992199848931948569, 0.3000000000000000444, 0.2087947179843276935 ) ) ;
#4708 = EDGE_LOOP ( 'NONE', ( #7165, #9224, #2185, #1681, #8963, #2704 ) ) ;
#4709 = CARTESIAN_POINT ( 'NONE',  ( 0.1157474825709721988, 0.3010000000383806218, 0.05707450097645832415 ) ) ;
#4710 = ORIENTED_EDGE ( 'NONE', *, *, #3777, .T. ) ;
#4711 = EDGE_CURVE ( 'NONE', #7187, #2589, #10192, .T. ) ;
#4712 = UNCERTAINTY_MEASURE_WITH_UNIT (LENGTH_MEASURE( 1.000000000000000082E-05 ), #9265, 'distance_accuracy_value', 'NONE');
#4713 = CARTESIAN_POINT ( 'NONE',  ( -0.04522868543321438561, 0.3010000000383806773, 0.08362590178079810921 ) ) ;
#4714 = EDGE_CURVE ( 'NONE', #7142, #1668, #9942, .T. ) ;
#4715 = VECTOR ( 'NONE', #9355, 1000.000000000000000 ) ;
#4716 = DIRECTION ( 'NONE',  ( 0.0000000000000000000, -0.0000000000000000000, 1.000000000000000000 ) ) ;
#4717 = DIRECTION ( 'NONE',  ( 0.0000000000000000000, -0.0000000000000000000, -1.000000000000000000 ) ) ;
#4718 = CARTESIAN_POINT ( 'NONE',  ( -0.06920899134719891987, 0.3010000000383806773, 0.07596937961273876605 ) ) ;
#4719 = VERTEX_POINT ( 'NONE', #10057 ) ;
#4720 = SURFACE_SIDE_STYLE ('',( #951 ) ) ;
#4721 = SURFACE_SIDE_STYLE ('',( #11461 ) ) ;
#4722 = EDGE_CURVE ( 'NONE', #9754, #10203, #1597, .T. ) ;
#4723 = CARTESIAN_POINT ( 'NONE',  ( -0.1089894625464456063, 0.3010000000383806218, 0.08819584463670156194 ) ) ;
#4724 =( GEOMETRIC_REPRESENTATION_CONTEXT ( 3 ) GLOBAL_UNCERTAINTY_ASSIGNED_CONTEXT ( ( #5210 ) ) GLOBAL_UNIT_ASSIGNED_CONTEXT ( ( #3227, #6115, #6060 ) ) REPRESENTATION_CONTEXT ( 'NONE', 'WORKASPACE' ) );
#4725 = CARTESIAN_POINT ( 'NONE',  ( -0.05555023290851149320, 0.3010000000383806773, 0.06773758202827179220 ) ) ;
#4726 = CARTESIAN_POINT ( 'NONE',  ( -0.1563250175356250826, 0.3000000000000000444, 0.06611823915281013486 ) ) ;
#4727 = CARTESIAN_POINT ( 'NONE',  ( 0.1737393428458150479, 0.3010000000383806218, 0.07657331726434679631 ) ) ;
#4728 = ORIENTED_EDGE ( 'NONE', *, *, #9814, .T. ) ;
#4729 =( GEOMETRIC_REPRESENTATION_CONTEXT ( 3 ) GLOBAL_UNCERTAINTY_ASSIGNED_CONTEXT ( ( #10651 ) ) GLOBAL_UNIT_ASSIGNED_CONTEXT ( ( #11413, #2038, #4853 ) ) REPRESENTATION_CONTEXT ( 'NONE', 'WORKASPACE' ) );
#4730 = CARTESIAN_POINT ( 'NONE',  ( -0.1357250516081566216, 0.3000000000000000444, 0.04240129713246750670 ) ) ;
#4731 = ORIENTED_EDGE ( 'NONE', *, *, #11418, .T. ) ;
#4732 = CARTESIAN_POINT ( 'NONE',  ( -0.2592552612880864027, 0.3000000000000000444, 0.1067196377811700375 ) ) ;
#4733 =( GEOMETRIC_REPRESENTATION_CONTEXT ( 3 ) GLOBAL_UNCERTAINTY_ASSIGNED_CONTEXT ( ( #2969 ) ) GLOBAL_UNIT_ASSIGNED_CONTEXT ( ( #5174, #9065, #4248 ) ) REPRESENTATION_CONTEXT ( 'NONE', 'WORKASPACE' ) );
#4734 =( NAMED_UNIT ( * ) PLANE_ANGLE_UNIT ( ) SI_UNIT ( $, .RADIAN. ) );
#4735 = DIRECTION ( 'NONE',  ( -0.0000000000000000000, -1.000000000000000000, -0.0000000000000000000 ) ) ;
#4736 = DIRECTION ( 'NONE',  ( 0.007092178509953184912, 0.0000000000000000000, -0.9999748501857349536 ) ) ;
#4737 = ORIENTED_EDGE ( 'NONE', *, *, #9703, .F. ) ;
#4738 = CARTESIAN_POINT ( 'NONE',  ( 0.4499999999999996780, -0.2499999999999998890, 0.2499999999999999445 ) ) ;
#4739 = PRESENTATION_LAYER_ASSIGNMENT (  '', '', ( #3752 ) ) ;
#4740 = ORIENTED_EDGE ( 'NONE', *, *, #335, .F. ) ;
#4741 =( GEOMETRIC_REPRESENTATION_CONTEXT ( 3 ) GLOBAL_UNCERTAINTY_ASSIGNED_CONTEXT ( ( #9042 ) ) GLOBAL_UNIT_ASSIGNED_CONTEXT ( ( #7816, #10473, #5784 ) ) REPRESENTATION_CONTEXT ( 'NONE', 'WORKASPACE' ) );
#4742 = LINE ( 'NONE', #299, #7116 ) ;
#4743 = EDGE_LOOP ( 'NONE', ( #6658, #1102, #4399, #1527 ) ) ;
#4744 = STYLED_ITEM ( 'NONE', ( #11575 ), #9689 ) ;
#4745 = ORIENTED_EDGE ( 'NONE', *, *, #4245, .F. ) ;
#4746 =( NAMED_UNIT ( * ) PLANE_ANGLE_UNIT ( ) SI_UNIT ( $, .RADIAN. ) );
#4747 = CARTESIAN_POINT ( 'NONE',  ( 0.06109670222509443888, 0.3000000000000000444, 0.1169860697357324036 ) ) ;
#4748 = EDGE_CURVE ( 'NONE', #10757, #6278, #4661, .T. ) ;
#4749 = MECHANICAL_DESIGN_GEOMETRIC_PRESENTATION_REPRESENTATION (  '', ( #10686 ), #1807 ) ;
#4750 = CARTESIAN_POINT ( 'NONE',  ( -0.06330585771785759985, 0.3010000000383806218, 0.06830644680900753440 ) ) ;
#4751 = PRESENTATION_LAYER_ASSIGNMENT (  '', '', ( #8111 ) ) ;
#4752 = FACE_OUTER_BOUND ( 'NONE', #12214, .T. ) ;
#4753 = CARTESIAN_POINT ( 'NONE',  ( -0.1345518228300270902, 0.3010000000383806773, 0.09908824756497884578 ) ) ;
#4754 = B_SPLINE_SURFACE_WITH_KNOTS ( 'NONE', 3, 1, ( 
 ( #3145, #10812 ),
 ( #1298, #7169 ),
 ( #4130, #8079 ),
 ( #2347, #2410 ) ),
 .UNSPECIFIED., .F., .F., .F.,
 ( 4, 4 ),
 ( 2, 2 ),
 ( 26.00000000000000000, 27.00000000000000000 ),
 ( 0.0000000000000000000, 1.000000000000000000 ),
 .UNSPECIFIED. ) ;
#4755 = DIRECTION ( 'NONE',  ( 0.007092178509964642760, 0.0000000000000000000, -0.9999748501857348426 ) ) ;
#4756 = ORIENTED_EDGE ( 'NONE', *, *, #1786, .F. ) ;
#4757 = STYLED_ITEM ( 'NONE', ( #9686 ), #9772 ) ;
#4758 = VECTOR ( 'NONE', #8446, 1000.000000000000000 ) ;
#4759 = SURFACE_STYLE_FILL_AREA ( #996 ) ;
#4760 = DIRECTION ( 'NONE',  ( 0.3962797719141810115, -0.0000000000000000000, -0.9181298069290880770 ) ) ;
#4761 = AXIS2_PLACEMENT_3D ( 'NONE', #7204, #7260, #11964 ) ;
#4762 = COLOUR_RGB ( '',1.000000000000000000, 1.000000000000000000, 1.000000000000000000 ) ;
#4763 = FILL_AREA_STYLE_COLOUR ( '', #11897 ) ;
#4764 = SURFACE_SIDE_STYLE ('',( #11640 ) ) ;
#4765 =( NAMED_UNIT ( * ) SI_UNIT ( $, .STERADIAN. ) SOLID_ANGLE_UNIT ( ) );
#4766 = CARTESIAN_POINT ( 'NONE',  ( 0.1739393192289856449, 0.3010000000383806218, 0.04837727658082612708 ) ) ;
#4767 = VECTOR ( 'NONE', #10776, 1000.000000000000000 ) ;
#4768 = EDGE_CURVE ( 'NONE', #803, #9336, #2567, .T. ) ;
#4769 = ADVANCED_FACE ( 'NONE', ( #8072 ), #10983, .T. ) ;
#4770 = VECTOR ( 'NONE', #5710, 1000.000000000000000 ) ;
#4771 =( NAMED_UNIT ( * ) PLANE_ANGLE_UNIT ( ) SI_UNIT ( $, .RADIAN. ) );
#4772 = ORIENTED_EDGE ( 'NONE', *, *, #5680, .F. ) ;
#4773 = STYLED_ITEM ( 'NONE', ( #11794 ), #175 ) ;
#4774 = CARTESIAN_POINT ( 'NONE',  ( 0.1282318878819781460, 0.3010000000383806218, 0.07061105711684040331 ) ) ;
#4775 = VECTOR ( 'NONE', #2700, 1000.000000000000114 ) ;
#4776 = MECHANICAL_DESIGN_GEOMETRIC_PRESENTATION_REPRESENTATION (  '', ( #8527 ), #2037 ) ;
#4777 =( NAMED_UNIT ( * ) SI_UNIT ( $, .STERADIAN. ) SOLID_ANGLE_UNIT ( ) );
#4778 = ORIENTED_EDGE ( 'NONE', *, *, #768, .F. ) ;
#4779 = CARTESIAN_POINT ( 'NONE',  ( -0.08299351206344997289, 0.3010000000383806773, 0.07774322619278853375 ) ) ;
#4780 = CARTESIAN_POINT ( 'NONE',  ( -0.06571274714772742942, 0.3010000000383806218, 0.2009554253597677365 ) ) ;
#4781 = CARTESIAN_POINT ( 'NONE',  ( -0.2059845006927038535, 0.3010000000383806773, 0.1517977700540079633 ) ) ;
#4782 = EDGE_LOOP ( 'NONE', ( #7246, #216, #2481, #6464 ) ) ;
#4783 = VECTOR ( 'NONE', #8811, 1000.000000000000114 ) ;
#4784 = MECHANICAL_DESIGN_GEOMETRIC_PRESENTATION_REPRESENTATION (  '', ( #8747 ), #3017 ) ;
#4785 = FILL_AREA_STYLE_COLOUR ( '', #5600 ) ;
#4786 = ADVANCED_FACE ( 'NONE', ( #5480 ), #9257, .F. ) ;
#4787 = EDGE_LOOP ( 'NONE', ( #8426, #247, #3292, #2468, #11121, #6394, #10106 ) ) ;
#4788 = EDGE_CURVE ( 'NONE', #470, #9458, #3867, .T. ) ;
#4789 = ADVANCED_FACE ( 'NONE', ( #3623 ), #3442, .T. ) ;
#4790 = CARTESIAN_POINT ( 'NONE',  ( -0.05917272082273143663, 0.3000000000000000444, 0.1826600186241198465 ) ) ;
#4791 = CARTESIAN_POINT ( 'NONE',  ( 0.1282811127908911331, 0.3010000000383806218, 0.06367049987529467547 ) ) ;
#4792 = CARTESIAN_POINT ( 'NONE',  ( -0.05339103524580324917, 0.3000000000383806209, 0.1657317484329678681 ) ) ;
#4793 =( NAMED_UNIT ( * ) SI_UNIT ( $, .STERADIAN. ) SOLID_ANGLE_UNIT ( ) );
#4794 = B_SPLINE_CURVE_WITH_KNOTS ( 'NONE', 3,
 ( #10032, #3420, #3478, #7206 ),
 .UNSPECIFIED., .F., .F.,
 ( 4, 4 ),
 ( 15.00000000000000000, 16.00000000000000000 ),
 .UNSPECIFIED. ) ;
#4795 = FILL_AREA_STYLE ('',( #5900 ) ) ;
#4796 = VERTEX_POINT ( 'NONE', #1853 ) ;
#4797 = FILL_AREA_STYLE_COLOUR ( '', #9482 ) ;
#4798 = CARTESIAN_POINT ( 'NONE',  ( 0.2401238400747974511, 0.3010000000383806218, 0.1972086742878463861 ) ) ;
#4799 = EDGE_LOOP ( 'NONE', ( #8355, #8572, #3880, #10091 ) ) ;
#4800 = B_SPLINE_CURVE_WITH_KNOTS ( 'NONE', 3,
 ( #2697, #4858, #1038, #8636 ),
 .UNSPECIFIED., .F., .F.,
 ( 4, 4 ),
 ( 5.000000000000000000, 6.000000000000000000 ),
 .UNSPECIFIED. ) ;
#4801 = COLOUR_RGB ( '',0.7686274509803920907, 0.7686274509803920907, 0.7686274509803920907 ) ;
#4802 = CARTESIAN_POINT ( 'NONE',  ( -0.1149107358856692324, 0.3000000000383806209, 0.09401823098910848386 ) ) ;
#4803 = EDGE_CURVE ( 'NONE', #10992, #2063, #1091, .T. ) ;
#4804 = LINE ( 'NONE', #908, #11085 ) ;
#4805 = UNCERTAINTY_MEASURE_WITH_UNIT (LENGTH_MEASURE( 1.000000000000000082E-05 ), #2001, 'distance_accuracy_value', 'NONE');
#4806 = CARTESIAN_POINT ( 'NONE',  ( 0.1844086016753657686, 0.3010000000383806773, 0.1013759932615268117 ) ) ;
#4807 = DIRECTION ( 'NONE',  ( -0.0000000000000000000, -1.000000000000000000, -0.0000000000000000000 ) ) ;
#4808 = VERTEX_POINT ( 'NONE', #4609 ) ;
#4809 = SURFACE_STYLE_FILL_AREA ( #858 ) ;
#4810 = VERTEX_POINT ( 'NONE', #6526 ) ;
#4811 = COLOUR_RGB ( '',1.000000000000000000, 1.000000000000000000, 1.000000000000000000 ) ;
#4812 = DIRECTION ( 'NONE',  ( -0.007092178509964560361, -0.0000000000000000000, 0.9999748501857348426 ) ) ;
#4813 = ORIENTED_EDGE ( 'NONE', *, *, #58, .F. ) ;
#4814 = CARTESIAN_POINT ( 'NONE',  ( 0.04005042482224686895, 0.3000000000000000444, 0.08733792516392605010 ) ) ;
#4815 = ORIENTED_EDGE ( 'NONE', *, *, #8959, .T. ) ;
#4816 = EDGE_CURVE ( 'NONE', #3355, #5288, #7179, .T. ) ;
#4817 = CARTESIAN_POINT ( 'NONE',  ( -0.2325172464158174468, 0.3010000000383805663, 0.2005522263714947795 ) ) ;
#4818 = CARTESIAN_POINT ( 'NONE',  ( 0.06122284118621485610, 0.3000000000383806209, 0.09920087318832886136 ) ) ;
#4819 = PRESENTATION_LAYER_ASSIGNMENT (  '', '', ( #3248 ) ) ;
#4820 = DIRECTION ( 'NONE',  ( -0.007092178509963738102, 0.0000000000000000000, 0.9999748501857348426 ) ) ;
#4821 = CARTESIAN_POINT ( 'NONE',  ( -0.1843058568177773915, 0.3010000000383806773, 0.05515802396470818186 ) ) ;
#4822 = CARTESIAN_POINT ( 'NONE',  ( -0.08288621819914061828, 0.3010000000383806773, 0.06261512898855499387 ) ) ;
#4823 = ORIENTED_EDGE ( 'NONE', *, *, #8249, .F. ) ;
#4824 =( LENGTH_UNIT ( ) NAMED_UNIT ( * ) SI_UNIT ( .MILLI., .METRE. ) );
#4825 = PRESENTATION_STYLE_ASSIGNMENT (( #6689 ) ) ;
#4826 = CARTESIAN_POINT ( 'NONE',  ( -0.1117453039769849832, 0.3010000000383806218, 0.08312294866157624029 ) ) ;
#4827 =( NAMED_UNIT ( * ) SI_UNIT ( $, .STERADIAN. ) SOLID_ANGLE_UNIT ( ) );
#4828 = SURFACE_STYLE_USAGE ( .BOTH. , #5010 ) ;
#4829 = CARTESIAN_POINT ( 'NONE',  ( -0.1356768246753327356, 0.3000000000000000444, 0.03560145137876107035 ) ) ;
#4830 = ADVANCED_FACE ( 'NONE', ( #10308 ), #5901, .T. ) ;
#4831 = SURFACE_STYLE_USAGE ( .BOTH. , #11519 ) ;
#4832 =( NAMED_UNIT ( * ) SI_UNIT ( $, .STERADIAN. ) SOLID_ANGLE_UNIT ( ) );
#4833 = FILL_AREA_STYLE ('',( #7499 ) ) ;
#4834 = ORIENTED_EDGE ( 'NONE', *, *, #9, .T. ) ;
#4835 = DIRECTION ( 'NONE',  ( 0.9999748501857348426, -0.0000000000000000000, 0.007092178509970696078 ) ) ;
#4836 = FACE_OUTER_BOUND ( 'NONE', #1810, .T. ) ;
#4837 = VERTEX_POINT ( 'NONE', #8442 ) ;
#4838 = UNCERTAINTY_MEASURE_WITH_UNIT (LENGTH_MEASURE( 1.000000000000000082E-05 ), #8246, 'distance_accuracy_value', 'NONE');
#4839 = CARTESIAN_POINT ( 'NONE',  ( 0.2006678734598231484, 0.3010000000383806218, 0.07199239986135662350 ) ) ;
#4840 = EDGE_CURVE ( 'NONE', #9987, #8464, #2092, .T. ) ;
#4841 = EDGE_CURVE ( 'NONE', #6383, #4131, #6180, .T. ) ;
#4842 = CARTESIAN_POINT ( 'NONE',  ( -0.2703112579657556136, 0.3010000000383806218, 0.09322801024702592754 ) ) ;
#4843 = LINE ( 'NONE', #2081, #12094 ) ;
#4844 = ORIENTED_EDGE ( 'NONE', *, *, #10731, .T. ) ;
#4845 = EDGE_CURVE ( 'NONE', #1271, #1012, #4902, .T. ) ;
#4846 = LINE ( 'NONE', #11538, #4668 ) ;
#4847 = CARTESIAN_POINT ( 'NONE',  ( 0.1282318878819781460, 0.3010000000383806218, 0.07061105711684040331 ) ) ;
#4848 = CARTESIAN_POINT ( 'NONE',  ( -0.2290779330532058400, 0.3010000000383806773, 0.1158550134551969424 ) ) ;
#4849 = DIRECTION ( 'NONE',  ( 0.0000000000000000000, -0.0000000000000000000, 1.000000000000000000 ) ) ;
#4850 = ORIENTED_EDGE ( 'NONE', *, *, #2303, .F. ) ;
#4851 = EDGE_CURVE ( 'NONE', #6620, #1484, #9677, .T. ) ;
#4852 = CARTESIAN_POINT ( 'NONE',  ( -0.1878940549403086968, 0.3010000000383806773, 0.1652457078455596695 ) ) ;
#4853 =( NAMED_UNIT ( * ) SI_UNIT ( $, .STERADIAN. ) SOLID_ANGLE_UNIT ( ) );
#4854 = LINE ( 'NONE', #2096, #3959 ) ;
#4855 = FILL_AREA_STYLE_COLOUR ( '', #2996 ) ;
#4856 = ORIENTED_EDGE ( 'NONE', *, *, #9814, .F. ) ;
#4857 = CARTESIAN_POINT ( 'NONE',  ( 0.08141997130647916914, 0.3010000000383806218, 0.1874069485851547756 ) ) ;
#4858 = CARTESIAN_POINT ( 'NONE',  ( -0.08182569249341933859, 0.3000000000383806209, 0.06702093721743172805 ) ) ;
#4859 =( LENGTH_UNIT ( ) NAMED_UNIT ( * ) SI_UNIT ( .MILLI., .METRE. ) );
#4860 = PLANE ( 'NONE',  #9539 ) ;
#4861 = ORIENTED_EDGE ( 'NONE', *, *, #5472, .F. ) ;
#4862 = CARTESIAN_POINT ( 'NONE',  ( -0.1134434921385708284, 0.3010000000383806218, 0.06086992331849381405 ) ) ;
#4863 = VECTOR ( 'NONE', #3229, 1000.000000000000000 ) ;
#4864 =( LENGTH_UNIT ( ) NAMED_UNIT ( * ) SI_UNIT ( .MILLI., .METRE. ) );
#4865 = VERTEX_POINT ( 'NONE', #11546 ) ;
#4866 = CARTESIAN_POINT ( 'NONE',  ( -0.2963877271910252409, 0.3010000000383806773, 0.07105163361020422341 ) ) ;
#4867 = ORIENTED_EDGE ( 'NONE', *, *, #6125, .F. ) ;
#4868 = CARTESIAN_POINT ( 'NONE',  ( 0.03430661691700520599, 0.3010000000383806218, 0.1020466347333380402 ) ) ;
#4869 = VERTEX_POINT ( 'NONE', #10665 ) ;
#4870 = SURFACE_STYLE_USAGE ( .BOTH. , #303 ) ;
#4871 = DIRECTION ( 'NONE',  ( -0.9999748501857348426, -0.0000000000000000000, -0.007092178509965825842 ) ) ;
#4872 = VECTOR ( 'NONE', #10787, 1000.000000000000114 ) ;
#4873 =( NAMED_UNIT ( * ) SI_UNIT ( $, .STERADIAN. ) SOLID_ANGLE_UNIT ( ) );
#4874 = PRESENTATION_STYLE_ASSIGNMENT (( #7842 ) ) ;
#4875 = EDGE_CURVE ( 'NONE', #353, #7255, #3921, .T. ) ;
#4876 = CARTESIAN_POINT ( 'NONE',  ( -0.1403964596463010972, 0.3010000000383806773, 0.2062589304316533867 ) ) ;
#4877 = CARTESIAN_POINT ( 'NONE',  ( -0.1303498635443924858, 0.3000000000000000444, 0.06739423748499547007 ) ) ;
#4878 = VERTEX_POINT ( 'NONE', #6964 ) ;
#4879 = LINE ( 'NONE', #6688, #12104 ) ;
#4880 = CARTESIAN_POINT ( 'NONE',  ( -0.1704031184300309476, 0.3000000000000000444, 0.2060461124987401083 ) ) ;
#4881 = VECTOR ( 'NONE', #9721, 1000.000000000000114 ) ;
#4882 = CARTESIAN_POINT ( 'NONE',  ( -0.1011086274763220716, 0.3000000000000000444, 0.08756548084747654837 ) ) ;
#4883 = CARTESIAN_POINT ( 'NONE',  ( -0.09300460198725063465, 0.3000000000383806209, 0.2138007539817342872 ) ) ;
#4884 = VERTEX_POINT ( 'NONE', #337 ) ;
#4885 = STYLED_ITEM ( 'NONE', ( #4269 ), #2574 ) ;
#4886 = CARTESIAN_POINT ( 'NONE',  ( -0.1385268197412866664, 0.3010000000383806773, 0.1867450458123980361 ) ) ;
#4887 = STYLED_ITEM ( 'NONE', ( #10236 ), #6919 ) ;
#4888 = ORIENTED_EDGE ( 'NONE', *, *, #9078, .T. ) ;
#4889 = CARTESIAN_POINT ( 'NONE',  ( -0.1562488046639261274, 0.3000000000000000444, 0.04877518144947044776 ) ) ;
#4890 = SURFACE_SIDE_STYLE ('',( #11590 ) ) ;
#4891 = AXIS2_PLACEMENT_3D ( 'NONE', #9279, #1056, #12135 ) ;
#4892 = CARTESIAN_POINT ( 'NONE',  ( -0.2550803981701580403, 0.3000000000000000444, 0.05465606565931812461 ) ) ;
#4893 = DIRECTION ( 'NONE',  ( -0.0000000000000000000, -1.000000000000000000, -0.0000000000000000000 ) ) ;
#4894 = ORIENTED_EDGE ( 'NONE', *, *, #12129, .T. ) ;
#4895 = CARTESIAN_POINT ( 'NONE',  ( -0.1032275776034935477, 0.3010000000383806218, 0.08065668413473843501 ) ) ;
#4896 = LINE ( 'NONE', #1961, #7380 ) ;
#4897 = ADVANCED_FACE ( 'NONE', ( #3069 ), #7875, .T. ) ;
#4898 = SURFACE_STYLE_FILL_AREA ( #2088 ) ;
#4899 =( NAMED_UNIT ( * ) SI_UNIT ( $, .STERADIAN. ) SOLID_ANGLE_UNIT ( ) );
#4900 = PRESENTATION_STYLE_ASSIGNMENT (( #8564 ) ) ;
#4901 = VECTOR ( 'NONE', #4344, 1000.000000000000000 ) ;
#4902 = LINE ( 'NONE', #5035, #2815 ) ;
#4903 = ORIENTED_EDGE ( 'NONE', *, *, #5737, .T. ) ;
#4904 = CARTESIAN_POINT ( 'NONE',  ( -0.1551615128869879290, 0.3010000000383806773, 0.06260162315677947342 ) ) ;
#4905 = SURFACE_SIDE_STYLE ('',( #2095 ) ) ;
#4906 = DIRECTION ( 'NONE',  ( 0.007092178509964610668, 0.0000000000000000000, -0.9999748501857348426 ) ) ;
#4907 = CARTESIAN_POINT ( 'NONE',  ( -0.08066651669031489613, 0.3010000000383806218, 0.1586757261441945344 ) ) ;
#4908 = ORIENTED_EDGE ( 'NONE', *, *, #9384, .T. ) ;
#4909 =( LENGTH_UNIT ( ) NAMED_UNIT ( * ) SI_UNIT ( .MILLI., .METRE. ) );
#4910 = FILL_AREA_STYLE_COLOUR ( '', #3258 ) ;
#4911 = EDGE_CURVE ( 'NONE', #5295, #11626, #2008, .T. ) ;
#4912 = ADVANCED_FACE ( 'NONE', ( #3899 ), #8425, .T. ) ;
#4913 = CARTESIAN_POINT ( 'NONE',  ( -0.09673989209842159820, 0.3000000000000000444, 0.2038859154969985266 ) ) ;
#4914 = UNCERTAINTY_MEASURE_WITH_UNIT (LENGTH_MEASURE( 1.000000000000000082E-05 ), #2623, 'distance_accuracy_value', 'NONE');
#4915 = FACE_OUTER_BOUND ( 'NONE', #7186, .T. ) ;
#4916 = ORIENTED_EDGE ( 'NONE', *, *, #10836, .T. ) ;
#4917 = DIRECTION ( 'NONE',  ( 0.007092178509962502111, -0.0000000000000000000, -0.9999748501857348426 ) ) ;
#4918 = CARTESIAN_POINT ( 'NONE',  ( -0.1060716889868553725, 0.3010000000383806218, 0.09682595060005891319 ) ) ;
#4919 = ORIENTED_EDGE ( 'NONE', *, *, #2627, .T. ) ;
#4920 = MECHANICAL_DESIGN_GEOMETRIC_PRESENTATION_REPRESENTATION (  '', ( #1782 ), #2000 ) ;
#4921 = FILL_AREA_STYLE ('',( #1987 ) ) ;
#4922 = AXIS2_PLACEMENT_3D ( 'NONE', #11616, #4062, #11365 ) ;
#4923 = LINE ( 'NONE', #5051, #2986 ) ;
#4924 = EDGE_LOOP ( 'NONE', ( #11849, #6315, #7350, #4331 ) ) ;
#4925 = FILL_AREA_STYLE_COLOUR ( '', #8817 ) ;
#4926 = ORIENTED_EDGE ( 'NONE', *, *, #768, .T. ) ;
#4927 = B_SPLINE_CURVE_WITH_KNOTS ( 'NONE', 3,
 ( #10092, #4274, #7253, #8232 ),
 .UNSPECIFIED., .F., .F.,
 ( 4, 4 ),
 ( 3.000000000000000000, 4.000000000000000000 ),
 .UNSPECIFIED. ) ;
#4928 = FILL_AREA_STYLE ('',( #5863 ) ) ;
#4929 = CARTESIAN_POINT ( 'NONE',  ( -0.05090353491118973506, 0.3010000000383806218, 0.1822507638114128914 ) ) ;
#4930 = EDGE_CURVE ( 'NONE', #343, #3288, #9098, .T. ) ;
#4931 = PRESENTATION_LAYER_ASSIGNMENT (  '', '', ( #806 ) ) ;
#4932 = FILL_AREA_STYLE_COLOUR ( '', #6146 ) ;
#4933 = EDGE_CURVE ( 'NONE', #3130, #10049, #2863, .T. ) ;
#4934 = CARTESIAN_POINT ( 'NONE',  ( -0.1125910249069113911, 0.3010000000383806218, 0.07481947365459803989 ) ) ;
#4935 = STYLED_ITEM ( 'NONE', ( #3482 ), #11059 ) ;
#4936 = EDGE_CURVE ( 'NONE', #4072, #12198, #11919, .T. ) ;
#4937 = ORIENTED_EDGE ( 'NONE', *, *, #8792, .F. ) ;
#4938 = CARTESIAN_POINT ( 'NONE',  ( 0.2169301805050373178, 0.3000000000000000444, 0.1645086717987799263 ) ) ;
#4939 = PRESENTATION_STYLE_ASSIGNMENT (( #2121 ) ) ;
#4940 = AXIS2_PLACEMENT_3D ( 'NONE', #8905, #437, #4209 ) ;
#4941 = CARTESIAN_POINT ( 'NONE',  ( -0.09067934299154378763, 0.3010000000383806773, 0.08386503289269027495 ) ) ;
#4942 = SURFACE_STYLE_USAGE ( .BOTH. , #4210 ) ;
#4943 = PLANE ( 'NONE',  #10149 ) ;
#4944 = PRESENTATION_LAYER_ASSIGNMENT (  '', '', ( #10292 ) ) ;
#4945 = CARTESIAN_POINT ( 'NONE',  ( -0.2380770480339418904, 0.3010000000383806773, 0.2125846872885029937 ) ) ;
#4946 = CARTESIAN_POINT ( 'NONE',  ( -0.1106294728516832582, 0.3000000000000000444, 0.08412905523827095278 ) ) ;
#4947 =( LENGTH_UNIT ( ) NAMED_UNIT ( * ) SI_UNIT ( .MILLI., .METRE. ) );
#4948 = CARTESIAN_POINT ( 'NONE',  ( 0.09256921454295005680, 0.3000000000383806764, 0.08337233655035200530 ) ) ;
#4949 = VERTEX_POINT ( 'NONE', #1007 ) ;
#4950 = SURFACE_SIDE_STYLE ('',( #6762 ) ) ;
#4951 = COLOUR_RGB ( '',1.000000000000000000, 1.000000000000000000, 1.000000000000000000 ) ;
#4952 =( GEOMETRIC_REPRESENTATION_CONTEXT ( 3 ) GLOBAL_UNCERTAINTY_ASSIGNED_CONTEXT ( ( #6702 ) ) GLOBAL_UNIT_ASSIGNED_CONTEXT ( ( #9933, #10798, #4365 ) ) REPRESENTATION_CONTEXT ( 'NONE', 'WORKASPACE' ) );
#4953 = AXIS2_PLACEMENT_3D ( 'NONE', #9058, #1399, #5416 ) ;
#4954 = ORIENTED_EDGE ( 'NONE', *, *, #6719, .T. ) ;
#4955 = UNCERTAINTY_MEASURE_WITH_UNIT (LENGTH_MEASURE( 1.000000000000000082E-05 ), #6404, 'distance_accuracy_value', 'NONE');
#4956 = LINE ( 'NONE', #5829, #2034 ) ;
#4957 =( GEOMETRIC_REPRESENTATION_CONTEXT ( 3 ) GLOBAL_UNCERTAINTY_ASSIGNED_CONTEXT ( ( #650 ) ) GLOBAL_UNIT_ASSIGNED_CONTEXT ( ( #11244, #10488, #105 ) ) REPRESENTATION_CONTEXT ( 'NONE', 'WORKASPACE' ) );
#4958 = CARTESIAN_POINT ( 'NONE',  ( -0.1406007287597556277, 0.3000000000000000444, 0.03494265885360655494 ) ) ;
#4959 = CARTESIAN_POINT ( 'NONE',  ( -0.06329103567887292559, 0.3010000000383806218, 0.06621658595844681638 ) ) ;
#4960 = CARTESIAN_POINT ( 'NONE',  ( -0.2337328483809981705, 0.3010000000383806218, 0.2048171174027608454 ) ) ;
#4961 = SURFACE_SIDE_STYLE ('',( #9669 ) ) ;
#4962 = ORIENTED_EDGE ( 'NONE', *, *, #3929, .T. ) ;
#4963 =( NAMED_UNIT ( * ) PLANE_ANGLE_UNIT ( ) SI_UNIT ( $, .RADIAN. ) );
#4964 =( GEOMETRIC_REPRESENTATION_CONTEXT ( 3 ) GLOBAL_UNCERTAINTY_ASSIGNED_CONTEXT ( ( #11899 ) ) GLOBAL_UNIT_ASSIGNED_CONTEXT ( ( #9732, #1261, #1320 ) ) REPRESENTATION_CONTEXT ( 'NONE', 'WORKASPACE' ) );
#4965 = VECTOR ( 'NONE', #6980, 1000.000000000000000 ) ;
#4966 = PRESENTATION_LAYER_ASSIGNMENT (  '', '', ( #11107 ) ) ;
#4967 = ADVANCED_FACE ( 'NONE', ( #7681 ), #2278, .F. ) ;
#4968 = STYLED_ITEM ( 'NONE', ( #7554 ), #3680 ) ;
#4969 = FILL_AREA_STYLE_COLOUR ( '', #9282 ) ;
#4970 = VECTOR ( 'NONE', #1161, 1000.000000000000000 ) ;
#4971 = MECHANICAL_DESIGN_GEOMETRIC_PRESENTATION_REPRESENTATION (  '', ( #6925 ), #4160 ) ;
#4972 = UNCERTAINTY_MEASURE_WITH_UNIT (LENGTH_MEASURE( 1.000000000000000082E-05 ), #3605, 'distance_accuracy_value', 'NONE');
#4973 = DIRECTION ( 'NONE',  ( -0.0000000000000000000, -1.000000000000000000, -0.0000000000000000000 ) ) ;
#4974 =( LENGTH_UNIT ( ) NAMED_UNIT ( * ) SI_UNIT ( .MILLI., .METRE. ) );
#4975 = ORIENTED_EDGE ( 'NONE', *, *, #9338, .F. ) ;
#4976 =( GEOMETRIC_REPRESENTATION_CONTEXT ( 3 ) GLOBAL_UNCERTAINTY_ASSIGNED_CONTEXT ( ( #12257 ) ) GLOBAL_UNIT_ASSIGNED_CONTEXT ( ( #5640, #11512, #5693 ) ) REPRESENTATION_CONTEXT ( 'NONE', 'WORKASPACE' ) );
#4977 = CARTESIAN_POINT ( 'NONE',  ( -0.1479273002113785374, 0.3000000000000000444, 0.04758645964856490079 ) ) ;
#4978 = LINE ( 'NONE', #1211, #1613 ) ;
#4979 = CARTESIAN_POINT ( 'NONE',  ( -0.1134434921385708284, 0.3010000000383806218, 0.06086992331849381405 ) ) ;
#4980 = ORIENTED_EDGE ( 'NONE', *, *, #8093, .F. ) ;
#4981 = UNCERTAINTY_MEASURE_WITH_UNIT (LENGTH_MEASURE( 1.000000000000000082E-05 ), #2523, 'distance_accuracy_value', 'NONE');
#4982 = PRESENTATION_STYLE_ASSIGNMENT (( #2099 ) ) ;
#4983 = VECTOR ( 'NONE', #4655, 1000.000000000000000 ) ;
#4984 = VECTOR ( 'NONE', #2401, 1000.000000000000000 ) ;
#4985 = SURFACE_STYLE_USAGE ( .BOTH. , #2948 ) ;
#4986 = CARTESIAN_POINT ( 'NONE',  ( -0.1835370319264455485, 0.3000000000000000444, 0.2040501572550144083 ) ) ;
#4987 =( NAMED_UNIT ( * ) SI_UNIT ( $, .STERADIAN. ) SOLID_ANGLE_UNIT ( ) );
#4988 = ORIENTED_EDGE ( 'NONE', *, *, #12116, .F. ) ;
#4989 = EDGE_CURVE ( 'NONE', #2626, #4629, #2332, .T. ) ;
#4990 = EDGE_CURVE ( 'NONE', #1012, #1498, #1125, .T. ) ;
#4991 = STYLED_ITEM ( 'NONE', ( #7812 ), #5162 ) ;
#4992 = CARTESIAN_POINT ( 'NONE',  ( -0.1555259721820835828, 0.3010000000383806218, 0.06341006985373308369 ) ) ;
#4993 = EDGE_LOOP ( 'NONE', ( #11206, #3520, #5596, #2950, #6142, #6487, #1990 ) ) ;
#4994 =( GEOMETRIC_REPRESENTATION_CONTEXT ( 3 ) GLOBAL_UNCERTAINTY_ASSIGNED_CONTEXT ( ( #8816 ) ) GLOBAL_UNIT_ASSIGNED_CONTEXT ( ( #2370, #10778, #8043 ) ) REPRESENTATION_CONTEXT ( 'NONE', 'WORKASPACE' ) );
#4995 = UNCERTAINTY_MEASURE_WITH_UNIT (LENGTH_MEASURE( 1.000000000000000082E-05 ), #1305, 'distance_accuracy_value', 'NONE');
#4996 = CARTESIAN_POINT ( 'NONE',  ( 0.03419893732606900383, 0.3010000000383806218, 0.1172291181780548558 ) ) ;
#4997 = ORIENTED_EDGE ( 'NONE', *, *, #2828, .F. ) ;
#4998 = ADVANCED_FACE ( 'NONE', ( #7954 ), #3192, .F. ) ;
#4999 = LINE ( 'NONE', #11506, #3693 ) ;
#5000 =( NAMED_UNIT ( * ) SI_UNIT ( $, .STERADIAN. ) SOLID_ANGLE_UNIT ( ) );
#5001 = DIRECTION ( 'NONE',  ( -0.9999748501857348426, 0.0000000000000000000, -0.007092178509963342585 ) ) ;
#5002 =( NAMED_UNIT ( * ) SI_UNIT ( $, .STERADIAN. ) SOLID_ANGLE_UNIT ( ) );
#5003 = SURFACE_SIDE_STYLE ('',( #5193 ) ) ;
#5004 = FILL_AREA_STYLE_COLOUR ( '', #3207 ) ;
#5005 = CARTESIAN_POINT ( 'NONE',  ( -0.05083871614368025427, 0.3010000000383806218, 0.1731115215830306420 ) ) ;
#5006 = ORIENTED_EDGE ( 'NONE', *, *, #4087, .T. ) ;
#5007 = EDGE_CURVE ( 'NONE', #11747, #561, #2453, .T. ) ;
#5008 =( NAMED_UNIT ( * ) PLANE_ANGLE_UNIT ( ) SI_UNIT ( $, .RADIAN. ) );
#5009 = EDGE_CURVE ( 'NONE', #5791, #2167, #5289, .T. ) ;
#5010 = SURFACE_SIDE_STYLE ('',( #6929 ) ) ;
#5011 =( NAMED_UNIT ( * ) PLANE_ANGLE_UNIT ( ) SI_UNIT ( $, .RADIAN. ) );
#5012 = COLOUR_RGB ( '',0.7686274509803920907, 0.7686274509803920907, 0.7686274509803920907 ) ;
#5013 = CARTESIAN_POINT ( 'NONE',  ( 0.03419893732606900383, 0.3000000000383806209, 0.1172291181780548558 ) ) ;
#5014 = SURFACE_STYLE_USAGE ( .BOTH. , #442 ) ;
#5015 = EDGE_LOOP ( 'NONE', ( #301, #6708, #2345, #6829 ) ) ;
#5016 = SURFACE_STYLE_USAGE ( .BOTH. , #8736 ) ;
#5017 = PRESENTATION_STYLE_ASSIGNMENT (( #6131 ) ) ;
#5018 = VERTEX_POINT ( 'NONE', #6159 ) ;
#5019 =( GEOMETRIC_REPRESENTATION_CONTEXT ( 3 ) GLOBAL_UNCERTAINTY_ASSIGNED_CONTEXT ( ( #765 ) ) GLOBAL_UNIT_ASSIGNED_CONTEXT ( ( #6844, #3195, #6971 ) ) REPRESENTATION_CONTEXT ( 'NONE', 'WORKASPACE' ) );
#5020 = CARTESIAN_POINT ( 'NONE',  ( 0.2401238400747974511, 0.3000000000000000444, 0.1972086742878463861 ) ) ;
#5021 = PRESENTATION_STYLE_ASSIGNMENT (( #8672 ) ) ;
#5022 = CARTESIAN_POINT ( 'NONE',  ( -0.2464830428257746564, 0.3010000000383806773, 0.1157315702051295442 ) ) ;
#5023 = ADVANCED_FACE ( 'NONE', ( #7223 ), #11738, .T. ) ;
#5024 = CARTESIAN_POINT ( 'NONE',  ( -0.1149107358856692324, 0.3010000000383806218, 0.09401823098910848386 ) ) ;
#5025 = CARTESIAN_POINT ( 'NONE',  ( 0.1120895504005327420, 0.3010000000383806773, 0.08351078173869919130 ) ) ;
#5026 = EDGE_LOOP ( 'NONE', ( #5138, #12047, #8561, #10466 ) ) ;
#5027 = DIRECTION ( 'NONE',  ( -0.9999748501857348426, -0.0000000000000000000, -0.007092178509963738102 ) ) ;
#5028 = SURFACE_SIDE_STYLE ('',( #8995 ) ) ;
#5029 = MECHANICAL_DESIGN_GEOMETRIC_PRESENTATION_REPRESENTATION (  '', ( #2666 ), #1496 ) ;
#5030 = ORIENTED_EDGE ( 'NONE', *, *, #963, .T. ) ;
#5031 = FILL_AREA_STYLE_COLOUR ( '', #9796 ) ;
#5032 = SURFACE_SIDE_STYLE ('',( #1392 ) ) ;
#5033 = CARTESIAN_POINT ( 'NONE',  ( -0.1386509009049984031, 0.3010000000383806218, 0.04150712734879691279 ) ) ;
#5034 = CARTESIAN_POINT ( 'NONE',  ( 0.09015416326393556334, 0.3000000000000000444, 0.05689298402215262757 ) ) ;
#5035 = CARTESIAN_POINT ( 'NONE',  ( -0.07428321710576467340, 0.3010000000383806218, 0.09430637585150224156 ) ) ;
#5036 = CARTESIAN_POINT ( 'NONE',  ( -0.1835282869466451361, 0.3010000000383806773, 0.1610343524383840708 ) ) ;
#5037 = CARTESIAN_POINT ( 'NONE',  ( -0.06888600850529047470, 0.3000000000383806209, 0.06121713441612319090 ) ) ;
#5038 = CARTESIAN_POINT ( 'NONE',  ( -0.1215078339447045880, 0.3010000000383806218, 0.09397144201529206153 ) ) ;
#5039 = ORIENTED_EDGE ( 'NONE', *, *, #1322, .F. ) ;
#5040 = CARTESIAN_POINT ( 'NONE',  ( -0.05922756360300536482, 0.3000000000000000444, 0.05844702505212615723 ) ) ;
#5041 = DIRECTION ( 'NONE',  ( -0.0000000000000000000, -1.000000000000000000, -0.0000000000000000000 ) ) ;
#5042 = UNCERTAINTY_MEASURE_WITH_UNIT (LENGTH_MEASURE( 1.000000000000000082E-05 ), #8490, 'distance_accuracy_value', 'NONE');
#5043 = DIRECTION ( 'NONE',  ( -0.0000000000000000000, -1.000000000000000000, -0.0000000000000000000 ) ) ;
#5044 = FACE_OUTER_BOUND ( 'NONE', #4354, .T. ) ;
#5045 = FILL_AREA_STYLE_COLOUR ( '', #7737 ) ;
#5046 = VERTEX_POINT ( 'NONE', #7394 ) ;
#5047 = ADVANCED_FACE ( 'NONE', ( #11109 ), #659, .T. ) ;
#5048 = PRESENTATION_STYLE_ASSIGNMENT (( #8074 ) ) ;
#5049 = AXIS2_PLACEMENT_3D ( 'NONE', #2819, #7694, #9617 ) ;
#5050 = DIRECTION ( 'NONE',  ( -0.007092178509964424185, 0.0000000000000000000, 0.9999748501857348426 ) ) ;
#5051 = CARTESIAN_POINT ( 'NONE',  ( -0.1168465351328578788, 0.3010000000383806773, 0.2064259549008332917 ) ) ;
#5052 = EDGE_LOOP ( 'NONE', ( #538, #856, #6306, #57 ) ) ;
#5053 = VERTEX_POINT ( 'NONE', #4431 ) ;
#5054 = DIRECTION ( 'NONE',  ( -0.0000000000000000000, -1.000000000000000000, -0.0000000000000000000 ) ) ;
#5055 = CARTESIAN_POINT ( 'NONE',  ( -0.2464830428257746842, 0.3010000000383806773, 0.1157315702051295581 ) ) ;
#5056 = PRESENTATION_STYLE_ASSIGNMENT (( #1301 ) ) ;
#5057 = CARTESIAN_POINT ( 'NONE',  ( -0.3094510777426408565, 0.3010000000383806773, 0.1074865979289164747 ) ) ;
#5058 = COLOUR_RGB ( '',1.000000000000000000, 1.000000000000000000, 1.000000000000000000 ) ;
#5059 = CARTESIAN_POINT ( 'NONE',  ( -0.1077855840852782604, 0.3010000000383806218, 0.07678755391980310319 ) ) ;
#5060 = ADVANCED_FACE ( 'NONE', ( #5606, #6515 ), #6594, .T. ) ;
#5061 = LINE ( 'NONE', #2239, #10240 ) ;
#5062 = SURFACE_STYLE_USAGE ( .BOTH. , #7903 ) ;
#5063 = SURFACE_STYLE_USAGE ( .BOTH. , #6189 ) ;
#5064 = EDGE_LOOP ( 'NONE', ( #3416, #9399, #7365, #6870 ) ) ;
#5065 = B_SPLINE_CURVE_WITH_KNOTS ( 'NONE', 3,
 ( #12103, #8378, #11171, #3556 ),
 .UNSPECIFIED., .F., .F.,
 ( 4, 4 ),
 ( 3.000000000000000000, 4.000000000000000000 ),
 .UNSPECIFIED. ) ;
#5066 = FILL_AREA_STYLE ('',( #1433 ) ) ;
#5067 = CARTESIAN_POINT ( 'NONE',  ( 0.2835608266892032936, 0.3000000000000000444, 0.1281076399072667571 ) ) ;
#5068 =( GEOMETRIC_REPRESENTATION_CONTEXT ( 3 ) GLOBAL_UNCERTAINTY_ASSIGNED_CONTEXT ( ( #8498 ) ) GLOBAL_UNIT_ASSIGNED_CONTEXT ( ( #10657, #4963, #2319 ) ) REPRESENTATION_CONTEXT ( 'NONE', 'WORKASPACE' ) );
#5069 =( NAMED_UNIT ( * ) SI_UNIT ( $, .STERADIAN. ) SOLID_ANGLE_UNIT ( ) );
#5070 = CARTESIAN_POINT ( 'NONE',  ( 0.2169301805050373178, 0.3000000000000000444, 0.1645086717987799263 ) ) ;
#5071 = SURFACE_STYLE_USAGE ( .BOTH. , #3231 ) ;
#5072 = CARTESIAN_POINT ( 'NONE',  ( -0.1008470305938002215, 0.3010000000383806773, 0.05727842632315501697 ) ) ;
#5073 = CARTESIAN_POINT ( 'NONE',  ( -0.1608522898302235382, 0.3000000000383806764, 0.1590740192064438174 ) ) ;
#5074 = ORIENTED_EDGE ( 'NONE', *, *, #9935, .T. ) ;
#5075 = PLANE ( 'NONE',  #9902 ) ;
#5076 = EDGE_CURVE ( 'NONE', #8878, #10216, #10123, .T. ) ;
#5077 = CARTESIAN_POINT ( 'NONE',  ( 0.1163043078674890207, 0.3000000000383806209, 0.2232265415380157159 ) ) ;
#5078 = PRESENTATION_LAYER_ASSIGNMENT (  '', '', ( #10017 ) ) ;
#5079 = DIRECTION ( 'NONE',  ( -0.9999748501857348426, -0.0000000000000000000, -0.007092178509964355664 ) ) ;
#5080 = ORIENTED_EDGE ( 'NONE', *, *, #10989, .T. ) ;
#5081 = VECTOR ( 'NONE', #2442, 1000.000000000000000 ) ;
#5082 = UNCERTAINTY_MEASURE_WITH_UNIT (LENGTH_MEASURE( 1.000000000000000082E-05 ), #7138, 'distance_accuracy_value', 'NONE');
#5083 = CARTESIAN_POINT ( 'NONE',  ( -0.08066651669031489613, 0.3010000000383806773, 0.1586757261441945344 ) ) ;
#5084 = LINE ( 'NONE', #1512, #7342 ) ;
#5085 = SURFACE_STYLE_FILL_AREA ( #11660 ) ;
#5086 =( GEOMETRIC_REPRESENTATION_CONTEXT ( 3 ) GLOBAL_UNCERTAINTY_ASSIGNED_CONTEXT ( ( #4052 ) ) GLOBAL_UNIT_ASSIGNED_CONTEXT ( ( #7985, #10715, #6869 ) ) REPRESENTATION_CONTEXT ( 'NONE', 'WORKASPACE' ) );
#5087 = FILL_AREA_STYLE_COLOUR ( '', #6590 ) ;
#5088 = ORIENTED_EDGE ( 'NONE', *, *, #9338, .T. ) ;
#5089 = ADVANCED_FACE ( 'NONE', ( #2818 ), #9248, .F. ) ;
#5090 = LINE ( 'NONE', #3989, #7081 ) ;
#5091 = CARTESIAN_POINT ( 'NONE',  ( -0.2290779330532058400, 0.3000000000000000444, 0.1158550134551969701 ) ) ;
#5092 = EDGE_CURVE ( 'NONE', #10146, #11431, #4896, .T. ) ;
#5093 = UNCERTAINTY_MEASURE_WITH_UNIT (LENGTH_MEASURE( 1.000000000000000082E-05 ), #2084, 'distance_accuracy_value', 'NONE');
#5094 = FILL_AREA_STYLE ('',( #6963 ) ) ;
#5095 = STYLED_ITEM ( 'NONE', ( #9766 ), #3038 ) ;
#5096 = DIRECTION ( 'NONE',  ( -0.0000000000000000000, -1.000000000000000000, -0.0000000000000000000 ) ) ;
#5097 = VECTOR ( 'NONE', #9618, 1000.000000000000114 ) ;
#5098 = CARTESIAN_POINT ( 'NONE',  ( -0.1774620048014195484, 0.3000000000383806209, 0.1589562171801693902 ) ) ;
#5099 = LINE ( 'NONE', #8875, #9490 ) ;
#5100 = LINE ( 'NONE', #11670, #8108 ) ;
#5101 = SURFACE_STYLE_FILL_AREA ( #9747 ) ;
#5102 = ORIENTED_EDGE ( 'NONE', *, *, #11668, .F. ) ;
#5103 = CARTESIAN_POINT ( 'NONE',  ( 0.2835608266892032936, 0.3010000000383806218, 0.1281076399072667571 ) ) ;
#5104 = CARTESIAN_POINT ( 'NONE',  ( 0.2177054820917722067, 0.3000000000000000444, 0.05519475465062153446 ) ) ;
#5105 = COLOUR_RGB ( '',1.000000000000000000, 1.000000000000000000, 1.000000000000000000 ) ;
#5106 = CARTESIAN_POINT ( 'NONE',  ( -0.1106294728516832582, 0.3000000000000000444, 0.08412905523827095278 ) ) ;
#5107 =( LENGTH_UNIT ( ) NAMED_UNIT ( * ) SI_UNIT ( .MILLI., .METRE. ) );
#5108 = ORIENTED_EDGE ( 'NONE', *, *, #5460, .T. ) ;
#5109 =( NAMED_UNIT ( * ) PLANE_ANGLE_UNIT ( ) SI_UNIT ( $, .RADIAN. ) );
#5110 = B_SPLINE_SURFACE_WITH_KNOTS ( 'NONE', 3, 1, ( 
 ( #6346, #7282 ),
 ( #6461, #2570 ),
 ( #4441, #5363 ),
 ( #12043, #9322 ) ),
 .UNSPECIFIED., .F., .F., .F.,
 ( 4, 4 ),
 ( 2, 2 ),
 ( 1.000000000000000000, 2.000000000000000000 ),
 ( 0.0000000000000000000, 1.000000000000000000 ),
 .UNSPECIFIED. ) ;
#5111 = SURFACE_STYLE_USAGE ( .BOTH. , #1415 ) ;
#5112 = B_SPLINE_CURVE_WITH_KNOTS ( 'NONE', 3,
 ( #5958, #274, #7808, #327 ),
 .UNSPECIFIED., .F., .F.,
 ( 4, 4 ),
 ( 1.000000000000000000, 2.000000000000000000 ),
 .UNSPECIFIED. ) ;
#5113 = STYLED_ITEM ( 'NONE', ( #10099 ), #7422 ) ;
#5114 = CARTESIAN_POINT ( 'NONE',  ( 0.2177054820917722067, 0.3010000000383806218, 0.05519475465062153446 ) ) ;
#5115 = ORIENTED_EDGE ( 'NONE', *, *, #8941, .T. ) ;
#5116 = CARTESIAN_POINT ( 'NONE',  ( 0.2584566845650436706, 0.3010000000383806218, 0.05895426299984748292 ) ) ;
#5117 = EDGE_LOOP ( 'NONE', ( #5435, #302, #11081, #2291 ) ) ;
#5118 = CARTESIAN_POINT ( 'NONE',  ( -0.1165129286434225669, 0.3010000000383806773, 0.1593884897798748812 ) ) ;
#5119 = FILL_AREA_STYLE_COLOUR ( '', #8177 ) ;
#5120 = DIRECTION ( 'NONE',  ( 0.2455530343989390241, -0.0000000000000000000, 0.9693831581461860303 ) ) ;
#5121 = FILL_AREA_STYLE_COLOUR ( '', #1956 ) ;
#5122 = ADVANCED_FACE ( 'NONE', ( #3115 ), #3860, .F. ) ;
#5123 =( LENGTH_UNIT ( ) NAMED_UNIT ( * ) SI_UNIT ( .MILLI., .METRE. ) );
#5124 =( LENGTH_UNIT ( ) NAMED_UNIT ( * ) SI_UNIT ( .MILLI., .METRE. ) );
#5125 = PRESENTATION_LAYER_ASSIGNMENT (  '', '', ( #11850 ) ) ;
#5126 = ORIENTED_EDGE ( 'NONE', *, *, #9008, .F. ) ;
#5127 = B_SPLINE_CURVE_WITH_KNOTS ( 'NONE', 3,
 ( #9810, #6904, #7034, #9631 ),
 .UNSPECIFIED., .F., .F.,
 ( 4, 4 ),
 ( 5.000000000000000000, 6.000000000000000000 ),
 .UNSPECIFIED. ) ;
#5128 = CARTESIAN_POINT ( 'NONE',  ( -0.1228797243786863697, 0.3010000000383806218, 0.07848972516608603012 ) ) ;
#5129 =( NAMED_UNIT ( * ) SI_UNIT ( $, .STERADIAN. ) SOLID_ANGLE_UNIT ( ) );
#5130 = B_SPLINE_SURFACE_WITH_KNOTS ( 'NONE', 3, 1, ( 
 ( #10464, #9668 ),
 ( #2995, #4892 ),
 ( #8674, #197 ),
 ( #2080, #10597 ) ),
 .UNSPECIFIED., .F., .F., .F.,
 ( 4, 4 ),
 ( 2, 2 ),
 ( 5.000000000000000000, 6.000000000000000000 ),
 ( 0.0000000000000000000, 1.000000000000000000 ),
 .UNSPECIFIED. ) ;
#5131 =( LENGTH_UNIT ( ) NAMED_UNIT ( * ) SI_UNIT ( .MILLI., .METRE. ) );
#5132 =( GEOMETRIC_REPRESENTATION_CONTEXT ( 3 ) GLOBAL_UNCERTAINTY_ASSIGNED_CONTEXT ( ( #11781 ) ) GLOBAL_UNIT_ASSIGNED_CONTEXT ( ( #480, #5109, #9998 ) ) REPRESENTATION_CONTEXT ( 'NONE', 'WORKASPACE' ) );
#5133 = SURFACE_SIDE_STYLE ('',( #8226 ) ) ;
#5134 =( NAMED_UNIT ( * ) SI_UNIT ( $, .STERADIAN. ) SOLID_ANGLE_UNIT ( ) );
#5135 = STYLED_ITEM ( 'NONE', ( #12213 ), #11110 ) ;
#5136 = CARTESIAN_POINT ( 'NONE',  ( 0.4999999999999997780, 0.3000000000000000444, 0.0000000000000000000 ) ) ;
#5137 = DIRECTION ( 'NONE',  ( -0.9999748501857348426, -0.0000000000000000000, -0.007092178509963803154 ) ) ;
#5138 = ORIENTED_EDGE ( 'NONE', *, *, #2301, .T. ) ;
#5139 = SURFACE_STYLE_FILL_AREA ( #4147 ) ;
#5140 = ORIENTED_EDGE ( 'NONE', *, *, #1145, .T. ) ;
#5141 = VECTOR ( 'NONE', #875, 1000.000000000000000 ) ;
#5142 = DIRECTION ( 'NONE',  ( 0.007092178509964610668, 0.0000000000000000000, -0.9999748501857348426 ) ) ;
#5143 = DIRECTION ( 'NONE',  ( 0.9999748501857349536, -0.0000000000000000000, 0.007092178509957596313 ) ) ;
#5144 = STYLED_ITEM ( 'NONE', ( #9470 ), #653 ) ;
#5145 = PRESENTATION_LAYER_ASSIGNMENT (  '', '', ( #5942 ) ) ;
#5146 = SURFACE_STYLE_FILL_AREA ( #9912 ) ;
#5147 = EDGE_CURVE ( 'NONE', #2616, #3084, #5712, .T. ) ;
#5148 = DIRECTION ( 'NONE',  ( 0.3492990577959547149, -0.0000000000000000000, 0.9370112956751686095 ) ) ;
#5149 = EDGE_CURVE ( 'NONE', #5497, #8205, #9489, .T. ) ;
#5150 = CARTESIAN_POINT ( 'NONE',  ( -0.01602550693476220353, 0.3010000000383806773, 0.1531450270305751149 ) ) ;
#5151 = CARTESIAN_POINT ( 'NONE',  ( -0.08268347050467753090, 0.3000000000000000444, 0.06261656694756101427 ) ) ;
#5152 = ORIENTED_EDGE ( 'NONE', *, *, #10399, .F. ) ;
#5153 = MECHANICAL_DESIGN_GEOMETRIC_PRESENTATION_REPRESENTATION (  '', ( #3973 ), #2791 ) ;
#5154 = SURFACE_SIDE_STYLE ('',( #462 ) ) ;
#5155 = MECHANICAL_DESIGN_GEOMETRIC_PRESENTATION_REPRESENTATION (  '', ( #8111 ), #3576 ) ;
#5156 = CARTESIAN_POINT ( 'NONE',  ( 0.1858360854224141712, 0.3010000000383806218, 0.2059335961005691606 ) ) ;
#5157 = ORIENTED_EDGE ( 'NONE', *, *, #6497, .T. ) ;
#5158 = CARTESIAN_POINT ( 'NONE',  ( -0.05090353491118973506, 0.3010000000383806218, 0.1822507638114128914 ) ) ;
#5159 = FILL_AREA_STYLE_COLOUR ( '', #1027 ) ;
#5160 = DIRECTION ( 'NONE',  ( 1.000000000000000000, -0.0000000000000000000, -0.0000000000000000000 ) ) ;
#5161 = VECTOR ( 'NONE', #10908, 1000.000000000000000 ) ;
#5162 = ADVANCED_FACE ( 'NONE', ( #7640 ), #4049, .T. ) ;
#5163 = FILL_AREA_STYLE_COLOUR ( '', #6553 ) ;
#5164 = VECTOR ( 'NONE', #960, 1000.000000000000114 ) ;
#5165 = COLOUR_RGB ( '',1.000000000000000000, 1.000000000000000000, 1.000000000000000000 ) ;
#5166 = CARTESIAN_POINT ( 'NONE',  ( -0.06694115715677316503, 0.3010000000383806218, 0.06188599195807011066 ) ) ;
#5167 = ORIENTED_EDGE ( 'NONE', *, *, #1095, .F. ) ;
#5168 = COLOUR_RGB ( '',1.000000000000000000, 1.000000000000000000, 1.000000000000000000 ) ;
#5169 = SURFACE_STYLE_USAGE ( .BOTH. , #3434 ) ;
#5170 = ADVANCED_FACE ( 'NONE', ( #9792, #1327 ), #2198, .F. ) ;
#5171 = COLOUR_RGB ( '',1.000000000000000000, 1.000000000000000000, 1.000000000000000000 ) ;
#5172 = PRESENTATION_STYLE_ASSIGNMENT (( #1342 ) ) ;
#5173 = MECHANICAL_DESIGN_GEOMETRIC_PRESENTATION_REPRESENTATION (  '', ( #4182 ), #10322 ) ;
#5174 =( LENGTH_UNIT ( ) NAMED_UNIT ( * ) SI_UNIT ( .MILLI., .METRE. ) );
#5175 = SURFACE_STYLE_USAGE ( .BOTH. , #8143 ) ;
#5176 = CARTESIAN_POINT ( 'NONE',  ( -0.1286616256100862055, 0.3010000000383806218, 0.06026289453298407789 ) ) ;
#5177 = PRESENTATION_LAYER_ASSIGNMENT (  '', '', ( #1236 ) ) ;
#5178 = CARTESIAN_POINT ( 'NONE',  ( -0.2531802341626471775, 0.3000000000383806209, 0.06162569770674542619 ) ) ;
#5179 = ORIENTED_EDGE ( 'NONE', *, *, #11528, .T. ) ;
#5180 = CARTESIAN_POINT ( 'NONE',  ( -0.1060716889868553725, 0.3010000000383806218, 0.09682595060005891319 ) ) ;
#5181 = SURFACE_STYLE_USAGE ( .BOTH. , #4190 ) ;
#5182 =( NAMED_UNIT ( * ) PLANE_ANGLE_UNIT ( ) SI_UNIT ( $, .RADIAN. ) );
#5183 = ORIENTED_EDGE ( 'NONE', *, *, #98, .F. ) ;
#5184 = ADVANCED_FACE ( 'NONE', ( #6029 ), #8075, .F. ) ;
#5185 = ORIENTED_EDGE ( 'NONE', *, *, #4406, .F. ) ;
#5186 = PRESENTATION_LAYER_ASSIGNMENT (  '', '', ( #4197 ) ) ;
#5187 = COLOUR_RGB ( '',1.000000000000000000, 1.000000000000000000, 1.000000000000000000 ) ;
#5188 = CARTESIAN_POINT ( 'NONE',  ( -0.1608522898302235382, 0.3010000000383806773, 0.1590740192064438174 ) ) ;
#5189 = CARTESIAN_POINT ( 'NONE',  ( -0.05988339222454173300, 0.3010000000383806218, 0.2058941521792218843 ) ) ;
#5190 = CARTESIAN_POINT ( 'NONE',  ( -0.06580555046161730426, 0.3000000000000000444, 0.2118413063438930599 ) ) ;
#5191 = CARTESIAN_POINT ( 'NONE',  ( -0.07504465569276723425, 0.3000000000000000444, 0.1005084863354538394 ) ) ;
#5192 = SURFACE_STYLE_USAGE ( .BOTH. , #603 ) ;
#5193 = SURFACE_STYLE_FILL_AREA ( #9420 ) ;
#5194 = FACE_OUTER_BOUND ( 'NONE', #2143, .T. ) ;
#5195 = PRESENTATION_STYLE_ASSIGNMENT (( #5063 ) ) ;
#5196 = ORIENTED_EDGE ( 'NONE', *, *, #4933, .T. ) ;
#5197 = MECHANICAL_DESIGN_GEOMETRIC_PRESENTATION_REPRESENTATION (  '', ( #10726 ), #1456 ) ;
#5198 = SURFACE_STYLE_FILL_AREA ( #5066 ) ;
#5199 = CARTESIAN_POINT ( 'NONE',  ( -0.2989319740375553924, 0.3010000000383806773, 0.07792735726579649858 ) ) ;
#5200 = DIRECTION ( 'NONE',  ( 0.0000000000000000000, -1.000000000000000000, 0.0000000000000000000 ) ) ;
#5201 = SURFACE_STYLE_USAGE ( .BOTH. , #5133 ) ;
#5202 = CARTESIAN_POINT ( 'NONE',  ( 0.03444812248131896154, 0.3000000000383806209, 0.1432592926200335626 ) ) ;
#5203 = AXIS2_PLACEMENT_3D ( 'NONE', #8678, #1085, #201 ) ;
#5204 = SURFACE_STYLE_USAGE ( .BOTH. , #2254 ) ;
#5205 = ORIENTED_EDGE ( 'NONE', *, *, #539, .T. ) ;
#5206 = DIRECTION ( 'NONE',  ( 0.007092178509963341718, -0.0000000000000000000, -0.9999748501857348426 ) ) ;
#5207 = FILL_AREA_STYLE ('',( #3344 ) ) ;
#5208 = FILL_AREA_STYLE ('',( #1449 ) ) ;
#5209 = ORIENTED_EDGE ( 'NONE', *, *, #8644, .F. ) ;
#5210 = UNCERTAINTY_MEASURE_WITH_UNIT (LENGTH_MEASURE( 1.000000000000000082E-05 ), #3227, 'distance_accuracy_value', 'NONE');
#5211 = CARTESIAN_POINT ( 'NONE',  ( -0.02395080812184762972, 0.3000000000000000444, 0.1600449733723150747 ) ) ;
#5212 = SURFACE_SIDE_STYLE ('',( #1452 ) ) ;
#5213 = COLOUR_RGB ( '',1.000000000000000000, 1.000000000000000000, 1.000000000000000000 ) ;
#5214 = ADVANCED_FACE ( 'NONE', ( #8929 ), #1578, .T. ) ;
#5215 = CARTESIAN_POINT ( 'NONE',  ( -0.1205641077928972654, 0.3010000000383806218, 0.07086373545509425109 ) ) ;
#5216 = DIRECTION ( 'NONE',  ( 0.007092178509963344320, -0.0000000000000000000, -0.9999748501857348426 ) ) ;
#5217 = VERTEX_POINT ( 'NONE', #701 ) ;
#5218 = PLANE ( 'NONE',  #563 ) ;
#5219 = B_SPLINE_SURFACE_WITH_KNOTS ( 'NONE', 3, 1, ( 
 ( #4550, #6470 ),
 ( #10251, #10070 ),
 ( #1790, #8215 ),
 ( #11941, #7175 ) ),
 .UNSPECIFIED., .F., .F., .F.,
 ( 4, 4 ),
 ( 2, 2 ),
 ( 4.000000000000000000, 5.000000000000000000 ),
 ( 0.0000000000000000000, 1.000000000000000000 ),
 .UNSPECIFIED. ) ;
#5220 = FACE_OUTER_BOUND ( 'NONE', #5461, .T. ) ;
#5221 = VERTEX_POINT ( 'NONE', #8294 ) ;
#5222 = ADVANCED_FACE ( 'NONE', ( #1572 ), #12209, .F. ) ;
#5223 = ADVANCED_FACE ( 'NONE', ( #10967 ), #4587, .F. ) ;
#5224 = UNCERTAINTY_MEASURE_WITH_UNIT (LENGTH_MEASURE( 1.000000000000000082E-05 ), #9006, 'distance_accuracy_value', 'NONE');
#5225 = CARTESIAN_POINT ( 'NONE',  ( -0.02433419011534256396, 0.3010000000383806773, 0.2141006279177168348 ) ) ;
#5226 = EDGE_CURVE ( 'NONE', #10330, #11747, #1287, .T. ) ;
#5227 = FILL_AREA_STYLE ('',( #1525 ) ) ;
#5228 = MECHANICAL_DESIGN_GEOMETRIC_PRESENTATION_REPRESENTATION (  '', ( #7795 ), #11352 ) ;
#5229 = CARTESIAN_POINT ( 'NONE',  ( -0.01645822198339210590, 0.3000000000000000444, 0.2141564870944953070 ) ) ;
#5230 = ORIENTED_EDGE ( 'NONE', *, *, #203, .F. ) ;
#5231 = PRESENTATION_STYLE_ASSIGNMENT (( #5169 ) ) ;
#5232 = CARTESIAN_POINT ( 'NONE',  ( -0.1166584943397403207, 0.3010000000383806773, 0.1799127948524280318 ) ) ;
#5233 = CARTESIAN_POINT ( 'NONE',  ( -0.1180266107297594513, 0.3000000000000000444, 0.08033336945613479829 ) ) ;
#5234 = EDGE_CURVE ( 'NONE', #11562, #6582, #10525, .T. ) ;
#5235 =( NAMED_UNIT ( * ) SI_UNIT ( $, .STERADIAN. ) SOLID_ANGLE_UNIT ( ) );
#5236 = CARTESIAN_POINT ( 'NONE',  ( -0.1106294728516832582, 0.3010000000383806218, 0.08412905523827095278 ) ) ;
#5237 =( LENGTH_UNIT ( ) NAMED_UNIT ( * ) SI_UNIT ( .MILLI., .METRE. ) );
#5238 = EDGE_LOOP ( 'NONE', ( #7325, #11958, #1898, #8032 ) ) ;
#5239 = EDGE_CURVE ( 'NONE', #1632, #7923, #12193, .T. ) ;
#5240 = B_SPLINE_CURVE_WITH_KNOTS ( 'NONE', 3,
 ( #1826, #3538, #1762, #2673 ),
 .UNSPECIFIED., .F., .F.,
 ( 4, 4 ),
 ( 1.000000000000000000, 2.000000000000000000 ),
 .UNSPECIFIED. ) ;
#5241 = CARTESIAN_POINT ( 'NONE',  ( 0.2174655103380818133, 0.3010000000383806218, 0.08903001670842267123 ) ) ;
#5242 = CARTESIAN_POINT ( 'NONE',  ( 0.3110185257777702827, 0.3000000000383806209, 0.1100824632738998665 ) ) ;
#5243 = ORIENTED_EDGE ( 'NONE', *, *, #5721, .F. ) ;
#5244 = CARTESIAN_POINT ( 'NONE',  ( -0.2337328483809981705, 0.3000000000383806209, 0.2048171174027608454 ) ) ;
#5245 = CARTESIAN_POINT ( 'NONE',  ( -0.1922311580050683755, 0.3000000000000000444, 0.06205797030644794737 ) ) ;
#5246 = ORIENTED_EDGE ( 'NONE', *, *, #3905, .F. ) ;
#5247 = CARTESIAN_POINT ( 'NONE',  ( -0.4499999999999981237, -0.2500000000000001665, -0.02000000000000000042 ) ) ;
#5248 = CARTESIAN_POINT ( 'NONE',  ( -0.3354161690472781121, 0.2375113646789956401, 0.2999999999999999889 ) ) ;
#5249 = SURFACE_STYLE_USAGE ( .BOTH. , #896 ) ;
#5250 = FILL_AREA_STYLE ('',( #10947 ) ) ;
#5251 = CARTESIAN_POINT ( 'NONE',  ( -0.1192617886232077706, 0.3010000000383806218, 0.07196474523745087504 ) ) ;
#5252 = CARTESIAN_POINT ( 'NONE',  ( -0.1937739655706610942, 0.3010000000383806218, 0.2048197783621315826 ) ) ;
#5253 = SURFACE_SIDE_STYLE ('',( #1492 ) ) ;
#5254 = CARTESIAN_POINT ( 'NONE',  ( -0.3634856939638865803, -0.2375113646789956401, 0.2999999999999999889 ) ) ;
#5255 = ORIENTED_EDGE ( 'NONE', *, *, #2085, .F. ) ;
#5256 = FILL_AREA_STYLE_COLOUR ( '', #6499 ) ;
#5257 = SURFACE_STYLE_USAGE ( .BOTH. , #1497 ) ;
#5258 = ORIENTED_EDGE ( 'NONE', *, *, #11045, .F. ) ;
#5259 = B_SPLINE_CURVE_WITH_KNOTS ( 'NONE', 3,
 ( #3681, #11238, #5483, #724 ),
 .UNSPECIFIED., .F., .F.,
 ( 4, 4 ),
 ( 18.00000000000000000, 19.00000000000000000 ),
 .UNSPECIFIED. ) ;
#5260 = CARTESIAN_POINT ( 'NONE',  ( -0.08238606380397087148, 0.3010000000383806218, 0.2076061665215889196 ) ) ;
#5261 = EDGE_LOOP ( 'NONE', ( #4227, #11693, #487, #8666 ) ) ;
#5262 =( LENGTH_UNIT ( ) NAMED_UNIT ( * ) SI_UNIT ( .MILLI., .METRE. ) );
#5263 = STYLED_ITEM ( 'NONE', ( #8524 ), #1769 ) ;
#5264 = EDGE_CURVE ( 'NONE', #5862, #4419, #11275, .T. ) ;
#5265 = DIRECTION ( 'NONE',  ( 0.9999748501857348426, -0.0000000000000000000, 0.007092178509965582113 ) ) ;
#5266 = ORIENTED_EDGE ( 'NONE', *, *, #2931, .T. ) ;
#5267 = SURFACE_SIDE_STYLE ('',( #7128 ) ) ;
#5268 = CARTESIAN_POINT ( 'NONE',  ( -0.2059845006927038535, 0.3010000000383806773, 0.1517977700540079633 ) ) ;
#5269 = ORIENTED_EDGE ( 'NONE', *, *, #7040, .F. ) ;
#5270 =( LENGTH_UNIT ( ) NAMED_UNIT ( * ) SI_UNIT ( .MILLI., .METRE. ) );
#5271 = MECHANICAL_DESIGN_GEOMETRIC_PRESENTATION_REPRESENTATION (  '', ( #7060 ), #1730 ) ;
#5272 = DIRECTION ( 'NONE',  ( -1.000000000000000000, -0.0000000000000000000, -0.0000000000000000000 ) ) ;
#5273 =( NAMED_UNIT ( * ) SI_UNIT ( $, .STERADIAN. ) SOLID_ANGLE_UNIT ( ) );
#5274 = DIRECTION ( 'NONE',  ( -0.9999748501857348426, 0.0000000000000000000, -0.007092178509965186596 ) ) ;
#5275 = CYLINDRICAL_SURFACE ( 'NONE', #2912, 0.05000000000000002359 ) ;
#5276 =( LENGTH_UNIT ( ) NAMED_UNIT ( * ) SI_UNIT ( .MILLI., .METRE. ) );
#5277 = ORIENTED_EDGE ( 'NONE', *, *, #1848, .F. ) ;
#5278 = STYLED_ITEM ( 'NONE', ( #1760 ), #2151 ) ;
#5279 = CARTESIAN_POINT ( 'NONE',  ( -0.08235852309880657696, 0.3000000000000000444, 0.2147184848664923373 ) ) ;
#5280 = DIRECTION ( 'NONE',  ( -0.9999748501857348426, -0.0000000000000000000, -0.007092178509964135354 ) ) ;
#5281 = EDGE_CURVE ( 'NONE', #2626, #1017, #8731, .T. ) ;
#5282 = CARTESIAN_POINT ( 'NONE',  ( 0.2398746465872760858, 0.3010000000383806218, 0.1711785080609857512 ) ) ;
#5283 = VERTEX_POINT ( 'NONE', #9546 ) ;
#5284 = SURFACE_STYLE_USAGE ( .BOTH. , #7023 ) ;
#5285 =( GEOMETRIC_REPRESENTATION_CONTEXT ( 3 ) GLOBAL_UNCERTAINTY_ASSIGNED_CONTEXT ( ( #6653 ) ) GLOBAL_UNIT_ASSIGNED_CONTEXT ( ( #5319, #4746, #9459 ) ) REPRESENTATION_CONTEXT ( 'NONE', 'WORKASPACE' ) );
#5286 =( LENGTH_UNIT ( ) NAMED_UNIT ( * ) SI_UNIT ( .MILLI., .METRE. ) );
#5287 = DIRECTION ( 'NONE',  ( -0.0000000000000000000, -1.000000000000000000, -0.0000000000000000000 ) ) ;
#5288 = VERTEX_POINT ( 'NONE', #6812 ) ;
#5289 = LINE ( 'NONE', #5103, #11921 ) ;
#5290 = DIRECTION ( 'NONE',  ( -0.0000000000000000000, -1.000000000000000000, -0.0000000000000000000 ) ) ;
#5291 = PRESENTATION_LAYER_ASSIGNMENT (  '', '', ( #5890 ) ) ;
#5292 = FILL_AREA_STYLE ('',( #10803 ) ) ;
#5293 = VECTOR ( 'NONE', #3862, 1000.000000000000000 ) ;
#5294 = PRESENTATION_STYLE_ASSIGNMENT (( #11984 ) ) ;
#5295 = VERTEX_POINT ( 'NONE', #1006 ) ;
#5296 = DIRECTION ( 'NONE',  ( -0.9999748501857348426, 0.0000000000000000000, -0.007092178509964025199 ) ) ;
#5297 = CARTESIAN_POINT ( 'NONE',  ( 0.07674063706369825544, 0.3010000000383806218, 0.1743595492369753863 ) ) ;
#5298 = ORIENTED_EDGE ( 'NONE', *, *, #10234, .T. ) ;
#5299 = PRESENTATION_STYLE_ASSIGNMENT (( #1540 ) ) ;
#5300 = EDGE_CURVE ( 'NONE', #103, #6148, #6636, .T. ) ;
#5301 = CARTESIAN_POINT ( 'NONE',  ( -0.5000000000000002220, 0.3000000000000000444, 0.2499999999999999445 ) ) ;
#5302 = ORIENTED_EDGE ( 'NONE', *, *, #5899, .F. ) ;
#5303 = EDGE_CURVE ( 'NONE', #6951, #8791, #10402, .T. ) ;
#5304 = PRESENTATION_LAYER_ASSIGNMENT (  '', '', ( #1364 ) ) ;
#5305 = CARTESIAN_POINT ( 'NONE',  ( 0.2000000000000018152, -0.2500000000000001665, -0.02000000000000000042 ) ) ;
#5306 = CARTESIAN_POINT ( 'NONE',  ( -0.2337328483809981705, 0.3010000000383806218, 0.2048171174027608454 ) ) ;
#5307 = VECTOR ( 'NONE', #10278, 1000.000000000000000 ) ;
#5308 = CARTESIAN_POINT ( 'NONE',  ( -0.2335456966632236675, 0.3000000000383806209, 0.2048184447495342564 ) ) ;
#5309 = CARTESIAN_POINT ( 'NONE',  ( -0.1125910249069113911, 0.3010000000383806218, 0.07481947365459803989 ) ) ;
#5310 = ORIENTED_EDGE ( 'NONE', *, *, #10974, .F. ) ;
#5311 =( NAMED_UNIT ( * ) PLANE_ANGLE_UNIT ( ) SI_UNIT ( $, .RADIAN. ) );
#5312 = ORIENTED_EDGE ( 'NONE', *, *, #5009, .T. ) ;
#5313 = PRESENTATION_LAYER_ASSIGNMENT (  '', '', ( #10844 ) ) ;
#5314 = CARTESIAN_POINT ( 'NONE',  ( -0.05912095429850876271, 0.3000000000000000444, 0.1753611016225989638 ) ) ;
#5315 = VERTEX_POINT ( 'NONE', #8604 ) ;
#5316 = CARTESIAN_POINT ( 'NONE',  ( -0.2461213477916747161, 0.3010000000383806218, 0.1087155930253119601 ) ) ;
#5317 = ADVANCED_FACE ( 'NONE', ( #7567 ), #1275, .F. ) ;
#5318 = VERTEX_POINT ( 'NONE', #8 ) ;
#5319 =( LENGTH_UNIT ( ) NAMED_UNIT ( * ) SI_UNIT ( .MILLI., .METRE. ) );
#5320 = SURFACE_SIDE_STYLE ('',( #12132 ) ) ;
#5321 = EDGE_CURVE ( 'NONE', #9760, #10255, #5851, .T. ) ;
#5322 = ADVANCED_FACE ( 'NONE', ( #9657 ), #7103, .F. ) ;
#5323 = STYLED_ITEM ( 'NONE', ( #4825 ), #7593 ) ;
#5324 =( NAMED_UNIT ( * ) SI_UNIT ( $, .STERADIAN. ) SOLID_ANGLE_UNIT ( ) );
#5325 =( NAMED_UNIT ( * ) PLANE_ANGLE_UNIT ( ) SI_UNIT ( $, .RADIAN. ) );
#5326 = ORIENTED_EDGE ( 'NONE', *, *, #7431, .F. ) ;
#5327 = CARTESIAN_POINT ( 'NONE',  ( -0.1303702161949420180, 0.3000000000000000444, 0.07026389716086435533 ) ) ;
#5328 =( LENGTH_UNIT ( ) NAMED_UNIT ( * ) SI_UNIT ( .MILLI., .METRE. ) );
#5329 = FACE_OUTER_BOUND ( 'NONE', #4693, .T. ) ;
#5330 = VERTEX_POINT ( 'NONE', #315 ) ;
#5331 = CARTESIAN_POINT ( 'NONE',  ( 0.2109310183554720664, 0.3000000000000000444, 0.2152215261950932990 ) ) ;
#5332 = PRESENTATION_LAYER_ASSIGNMENT (  '', '', ( #4535 ) ) ;
#5333 = FILL_AREA_STYLE_COLOUR ( '', #5347 ) ;
#5334 = B_SPLINE_SURFACE_WITH_KNOTS ( 'NONE', 3, 1, ( 
 ( #3204, #1291 ),
 ( #10804, #4986 ),
 ( #8822, #349 ),
 ( #10563, #8883 ) ),
 .UNSPECIFIED., .F., .F., .F.,
 ( 4, 4 ),
 ( 2, 2 ),
 ( 5.000000000000000000, 6.000000000000000000 ),
 ( 0.0000000000000000000, 1.000000000000000000 ),
 .UNSPECIFIED. ) ;
#5335 = PRESENTATION_STYLE_ASSIGNMENT (( #2491 ) ) ;
#5336 = ORIENTED_EDGE ( 'NONE', *, *, #3884, .T. ) ;
#5337 = LINE ( 'NONE', #2730, #9212 ) ;
#5338 = STYLED_ITEM ( 'NONE', ( #7245 ), #8358 ) ;
#5339 = SURFACE_STYLE_USAGE ( .BOTH. , #8187 ) ;
#5340 = COLOUR_RGB ( '',1.000000000000000000, 1.000000000000000000, 1.000000000000000000 ) ;
#5341 = LINE ( 'NONE', #7386, #7315 ) ;
#5342 = ORIENTED_EDGE ( 'NONE', *, *, #6615, .T. ) ;
#5343 = UNCERTAINTY_MEASURE_WITH_UNIT (LENGTH_MEASURE( 1.000000000000000082E-05 ), #11774, 'distance_accuracy_value', 'NONE');
#5344 = CARTESIAN_POINT ( 'NONE',  ( -0.01645822198339212672, 0.3010000000383806773, 0.2141564870944953070 ) ) ;
#5345 = LINE ( 'NONE', #655, #9329 ) ;
#5346 = FILL_AREA_STYLE ('',( #10397 ) ) ;
#5347 = COLOUR_RGB ( '',0.1019607843137254888, 0.1019607843137254888, 0.1019607843137254888 ) ;
#5348 =( NAMED_UNIT ( * ) PLANE_ANGLE_UNIT ( ) SI_UNIT ( $, .RADIAN. ) );
#5349 = VERTEX_POINT ( 'NONE', #4034 ) ;
#5350 = EDGE_CURVE ( 'NONE', #7347, #7990, #1569, .T. ) ;
#5351 =( NAMED_UNIT ( * ) SI_UNIT ( $, .STERADIAN. ) SOLID_ANGLE_UNIT ( ) );
#5352 = PRESENTATION_LAYER_ASSIGNMENT (  '', '', ( #10686 ) ) ;
#5353 = COLOUR_RGB ( '',0.1019607843137254888, 0.1019607843137254888, 0.1019607843137254888 ) ;
#5354 = PRESENTATION_STYLE_ASSIGNMENT (( #3436 ) ) ;
#5355 = CARTESIAN_POINT ( 'NONE',  ( 0.2000000000000018152, -0.2500000000000001665, 0.0000000000000000000 ) ) ;
#5356 =( GEOMETRIC_REPRESENTATION_CONTEXT ( 3 ) GLOBAL_UNCERTAINTY_ASSIGNED_CONTEXT ( ( #5828 ) ) GLOBAL_UNIT_ASSIGNED_CONTEXT ( ( #8796, #11653, #11456 ) ) REPRESENTATION_CONTEXT ( 'NONE', 'WORKASPACE' ) );
#5357 = COLOUR_RGB ( '',1.000000000000000000, 1.000000000000000000, 1.000000000000000000 ) ;
#5358 = VECTOR ( 'NONE', #1455, 1000.000000000000000 ) ;
#5359 = CARTESIAN_POINT ( 'NONE',  ( -0.4499999999999981792, 0.2499999999999998335, -0.02000000000000000042 ) ) ;
#5360 = ORIENTED_EDGE ( 'NONE', *, *, #9971, .T. ) ;
#5361 =( GEOMETRIC_REPRESENTATION_CONTEXT ( 3 ) GLOBAL_UNCERTAINTY_ASSIGNED_CONTEXT ( ( #9409 ) ) GLOBAL_UNIT_ASSIGNED_CONTEXT ( ( #6713, #9571, #11469 ) ) REPRESENTATION_CONTEXT ( 'NONE', 'WORKASPACE' ) );
#5362 = AXIS2_PLACEMENT_3D ( 'NONE', #1187, #4038, #1447 ) ;
#5363 = CARTESIAN_POINT ( 'NONE',  ( -0.2340615802739389739, 0.3000000000383806209, 0.2027872069886215434 ) ) ;
#5364 = CARTESIAN_POINT ( 'NONE',  ( -0.2369041256808862850, 0.3000000000383806764, 0.1087809648539770080 ) ) ;
#5365 = SURFACE_SIDE_STYLE ('',( #10368 ) ) ;
#5366 = ORIENTED_EDGE ( 'NONE', *, *, #782, .T. ) ;
#5367 = MECHANICAL_DESIGN_GEOMETRIC_PRESENTATION_REPRESENTATION (  '', ( #32 ), #1417 ) ;
#5368 = CARTESIAN_POINT ( 'NONE',  ( -0.07504465569276723425, 0.3010000000383806218, 0.1005084863354538394 ) ) ;
#5369 = EDGE_LOOP ( 'NONE', ( #1969, #11320, #10460, #5080 ) ) ;
#5370 = MECHANICAL_DESIGN_GEOMETRIC_PRESENTATION_REPRESENTATION (  '', ( #8927 ), #827 ) ;
#5371 =( LENGTH_UNIT ( ) NAMED_UNIT ( * ) SI_UNIT ( .MILLI., .METRE. ) );
#5372 = PRESENTATION_LAYER_ASSIGNMENT (  '', '', ( #4773 ) ) ;
#5373 = VECTOR ( 'NONE', #194, 1000.000000000000114 ) ;
#5374 = DIRECTION ( 'NONE',  ( 1.000000000000000000, 0.0000000000000000000, 0.0000000000000000000 ) ) ;
#5375 = MECHANICAL_DESIGN_GEOMETRIC_PRESENTATION_REPRESENTATION (  '', ( #634 ), #1031 ) ;
#5376 = CARTESIAN_POINT ( 'NONE',  ( -0.2332363208663789655, 0.3010000000383806773, 0.2029802211550670310 ) ) ;
#5377 = VERTEX_POINT ( 'NONE', #4142 ) ;
#5378 = CARTESIAN_POINT ( 'NONE',  ( 0.04631184382952685530, 0.3010000000383806218, 0.1525618385563084767 ) ) ;
#5379 = VERTEX_POINT ( 'NONE', #7799 ) ;
#5380 = MECHANICAL_DESIGN_GEOMETRIC_PRESENTATION_REPRESENTATION (  '', ( #10113 ), #43 ) ;
#5381 = EDGE_CURVE ( 'NONE', #8790, #5379, #11772, .T. ) ;
#5382 = EDGE_CURVE ( 'NONE', #3736, #6941, #9383, .T. ) ;
#5383 = STYLED_ITEM ( 'NONE', ( #969 ), #9757 ) ;
#5384 = CARTESIAN_POINT ( 'NONE',  ( 0.05054126773848501702, 0.3010000000383806218, 0.07613335299045410898 ) ) ;
#5385 =( GEOMETRIC_REPRESENTATION_CONTEXT ( 3 ) GLOBAL_UNCERTAINTY_ASSIGNED_CONTEXT ( ( #8175 ) ) GLOBAL_UNIT_ASSIGNED_CONTEXT ( ( #4465, #753, #8288 ) ) REPRESENTATION_CONTEXT ( 'NONE', 'WORKASPACE' ) );
#5386 =( GEOMETRIC_REPRESENTATION_CONTEXT ( 3 ) GLOBAL_UNCERTAINTY_ASSIGNED_CONTEXT ( ( #8058 ) ) GLOBAL_UNIT_ASSIGNED_CONTEXT ( ( #9800, #7820, #11667 ) ) REPRESENTATION_CONTEXT ( 'NONE', 'WORKASPACE' ) );
#5387 =( NAMED_UNIT ( * ) PLANE_ANGLE_UNIT ( ) SI_UNIT ( $, .RADIAN. ) );
#5388 = VERTEX_POINT ( 'NONE', #258 ) ;
#5389 = VECTOR ( 'NONE', #5079, 1000.000000000000000 ) ;
#5390 = ORIENTED_EDGE ( 'NONE', *, *, #9825, .T. ) ;
#5391 = CARTESIAN_POINT ( 'NONE',  ( 0.1281795864602693624, 0.3010000000383806218, 0.07798539298053178137 ) ) ;
#5392 = CARTESIAN_POINT ( 'NONE',  ( 0.1282318878819781460, 0.3000000000000000444, 0.07061105711684040331 ) ) ;
#5393 = CARTESIAN_POINT ( 'NONE',  ( 0.1146891787164184690, 0.3010000000383806218, 0.08396301967234481856 ) ) ;
#5394 = FACE_OUTER_BOUND ( 'NONE', #5577, .T. ) ;
#5395 = ORIENTED_EDGE ( 'NONE', *, *, #1284, .F. ) ;
#5396 =( NAMED_UNIT ( * ) SI_UNIT ( $, .STERADIAN. ) SOLID_ANGLE_UNIT ( ) );
#5397 = LINE ( 'NONE', #4339, #10313 ) ;
#5398 = AXIS2_PLACEMENT_3D ( 'NONE', #6133, #7989, #11835 ) ;
#5399 = ORIENTED_EDGE ( 'NONE', *, *, #9007, .T. ) ;
#5400 = EDGE_CURVE ( 'NONE', #7545, #4131, #4424, .T. ) ;
#5401 = CARTESIAN_POINT ( 'NONE',  ( 0.1739393192289856449, 0.3000000000383806209, 0.04837727658082612708 ) ) ;
#5402 = DIRECTION ( 'NONE',  ( 0.9999748501857348426, 0.0000000000000000000, 0.007092178509963466618 ) ) ;
#5403 = ADVANCED_FACE ( 'NONE', ( #9722 ), #9071, .F. ) ;
#5404 = LINE ( 'NONE', #12079, #9319 ) ;
#5405 = DIRECTION ( 'NONE',  ( -0.0000000000000000000, -1.000000000000000000, -0.0000000000000000000 ) ) ;
#5406 =( GEOMETRIC_REPRESENTATION_CONTEXT ( 3 ) GLOBAL_UNCERTAINTY_ASSIGNED_CONTEXT ( ( #718 ) ) GLOBAL_UNIT_ASSIGNED_CONTEXT ( ( #8601, #3047, #3897 ) ) REPRESENTATION_CONTEXT ( 'NONE', 'WORKASPACE' ) );
#5407 = CARTESIAN_POINT ( 'NONE',  ( -0.2337328483809981705, 0.3010000000383806218, 0.2048171174027608454 ) ) ;
#5408 = FACE_OUTER_BOUND ( 'NONE', #7333, .T. ) ;
#5409 = SURFACE_STYLE_USAGE ( .BOTH. , #9182 ) ;
#5410 = ORIENTED_EDGE ( 'NONE', *, *, #8781, .F. ) ;
#5411 = DIRECTION ( 'NONE',  ( 0.007092178509963615804, 0.0000000000000000000, -0.9999748501857348426 ) ) ;
#5412 = ORIENTED_EDGE ( 'NONE', *, *, #5917, .F. ) ;
#5413 = VECTOR ( 'NONE', #1127, 1000.000000000000000 ) ;
#5414 = EDGE_CURVE ( 'NONE', #3679, #1724, #6881, .T. ) ;
#5415 = DIRECTION ( 'NONE',  ( -0.0000000000000000000, -1.000000000000000000, -0.0000000000000000000 ) ) ;
#5416 = DIRECTION ( 'NONE',  ( 0.3427414958247869126, 0.0000000000000000000, 0.9394297563095324044 ) ) ;
#5417 = CARTESIAN_POINT ( 'NONE',  ( -0.4499999999999981237, -0.2500000000000001665, 0.0000000000000000000 ) ) ;
#5418 = ORIENTED_EDGE ( 'NONE', *, *, #5525, .T. ) ;
#5419 = COLOUR_RGB ( '',1.000000000000000000, 1.000000000000000000, 1.000000000000000000 ) ;
#5420 = FACE_BOUND ( 'NONE', #4993, .T. ) ;
#5421 = CARTESIAN_POINT ( 'NONE',  ( -0.1253703211595268707, 0.3000000000000000444, 0.05800911053237797071 ) ) ;
#5422 = CARTESIAN_POINT ( 'NONE',  ( 0.03419893732606900383, 0.3010000000383806218, 0.1172291181780548558 ) ) ;
#5423 =( NAMED_UNIT ( * ) PLANE_ANGLE_UNIT ( ) SI_UNIT ( $, .RADIAN. ) );
#5424 = ORIENTED_EDGE ( 'NONE', *, *, #2050, .F. ) ;
#5425 = MECHANICAL_DESIGN_GEOMETRIC_PRESENTATION_REPRESENTATION (  '', ( #3452 ), #9583 ) ;
#5426 = CARTESIAN_POINT ( 'NONE',  ( 0.1127817436576375870, 0.3010000000383806773, 0.1082427051004219570 ) ) ;
#5427 = B_SPLINE_SURFACE_WITH_KNOTS ( 'NONE', 3, 1, ( 
 ( #788, #6350 ),
 ( #8388, #1673 ),
 ( #10370, #8329 ),
 ( #12114, #3631 ) ),
 .UNSPECIFIED., .F., .F., .F.,
 ( 4, 4 ),
 ( 2, 2 ),
 ( 2.000000000000000000, 3.000000000000000000 ),
 ( 0.0000000000000000000, 1.000000000000000000 ),
 .UNSPECIFIED. ) ;
#5428 = SURFACE_STYLE_USAGE ( .BOTH. , #10867 ) ;
#5429 = ORIENTED_EDGE ( 'NONE', *, *, #9664, .F. ) ;
#5430 = CARTESIAN_POINT ( 'NONE',  ( 0.4499999999999996780, -0.2499999999999998890, 0.2999999999999999889 ) ) ;
#5431 = VERTEX_POINT ( 'NONE', #9217 ) ;
#5432 = FILL_AREA_STYLE ('',( #7289 ) ) ;
#5433 = FILL_AREA_STYLE ('',( #8268 ) ) ;
#5434 = DIRECTION ( 'NONE',  ( -0.3349296977015619459, 0.0000000000000000000, -0.9422431202176752008 ) ) ;
#5435 = ORIENTED_EDGE ( 'NONE', *, *, #2726, .T. ) ;
#5436 = EDGE_CURVE ( 'NONE', #10134, #4719, #6483, .T. ) ;
#5437 = CARTESIAN_POINT ( 'NONE',  ( -0.05917272082273143663, 0.3000000000000000444, 0.1826600186241198465 ) ) ;
#5438 = FILL_AREA_STYLE_COLOUR ( '', #11504 ) ;
#5439 = ORIENTED_EDGE ( 'NONE', *, *, #9229, .F. ) ;
#5440 = DIRECTION ( 'NONE',  ( 3.614007241618348278E-16, -1.000000000000000000, 0.0000000000000000000 ) ) ;
#5441 = EDGE_LOOP ( 'NONE', ( #2244, #498, #3826, #11196 ) ) ;
#5442 = CARTESIAN_POINT ( 'NONE',  ( -0.2608823379689205746, 0.3010000000383806773, 0.1514084150000267748 ) ) ;
#5443 = ORIENTED_EDGE ( 'NONE', *, *, #10165, .F. ) ;
#5444 = FILL_AREA_STYLE ('',( #10384 ) ) ;
#5445 = CARTESIAN_POINT ( 'NONE',  ( 0.2584566845650436706, 0.3010000000383806218, 0.05895426299984748292 ) ) ;
#5446 = EDGE_CURVE ( 'NONE', #9336, #9117, #9094, .T. ) ;
#5447 = ADVANCED_FACE ( 'NONE', ( #1806 ), #9852, .F. ) ;
#5448 = CARTESIAN_POINT ( 'NONE',  ( -0.09673989209842159820, 0.3010000000383806218, 0.2038859154969985266 ) ) ;
#5449 = EDGE_LOOP ( 'NONE', ( #3609, #4916, #5277 ) ) ;
#5450 = CARTESIAN_POINT ( 'NONE',  ( -0.1010896021725460614, 0.3010000000383806218, 0.08488297288938255469 ) ) ;
#5451 = PLANE ( 'NONE',  #5765 ) ;
#5452 = FILL_AREA_STYLE_COLOUR ( '', #4018 ) ;
#5453 = ORIENTED_EDGE ( 'NONE', *, *, #5149, .F. ) ;
#5454 = SURFACE_STYLE_FILL_AREA ( #7433 ) ;
#5455 =( LENGTH_UNIT ( ) NAMED_UNIT ( * ) SI_UNIT ( .MILLI., .METRE. ) );
#5456 = CARTESIAN_POINT ( 'NONE',  ( -0.1060716889868553725, 0.3000000000000000444, 0.09682595060005891319 ) ) ;
#5457 = LINE ( 'NONE', #1820, #5307 ) ;
#5458 = CARTESIAN_POINT ( 'NONE',  ( -0.1707648134645446958, 0.3000000000000000444, 0.2130620896785551666 ) ) ;
#5459 =( NAMED_UNIT ( * ) PLANE_ANGLE_UNIT ( ) SI_UNIT ( $, .RADIAN. ) );
#5460 = EDGE_CURVE ( 'NONE', #3506, #276, #7329, .T. ) ;
#5461 = EDGE_LOOP ( 'NONE', ( #1914, #2460, #3650, #1092 ) ) ;
#5462 = CARTESIAN_POINT ( 'NONE',  ( -0.05555023290851149320, 0.3010000000383806218, 0.06773758202827179220 ) ) ;
#5463 = CARTESIAN_POINT ( 'NONE',  ( -0.1278432262494003657, 0.3000000000000000444, 0.07461771903355486624 ) ) ;
#5464 = EDGE_LOOP ( 'NONE', ( #5569, #3564, #2277, #7244 ) ) ;
#5465 = UNCERTAINTY_MEASURE_WITH_UNIT (LENGTH_MEASURE( 1.000000000000000082E-05 ), #4078, 'distance_accuracy_value', 'NONE');
#5466 = CARTESIAN_POINT ( 'NONE',  ( -0.2753470953625867801, 0.3010000000383806218, 0.06876776656435842905 ) ) ;
#5467 = DIRECTION ( 'NONE',  ( 0.0000000000000000000, -1.000000000000000000, 0.0000000000000000000 ) ) ;
#5468 = LINE ( 'NONE', #6449, #11499 ) ;
#5469 = EDGE_LOOP ( 'NONE', ( #6371, #5542, #9300, #1927 ) ) ;
#5470 = COLOUR_RGB ( '',1.000000000000000000, 1.000000000000000000, 1.000000000000000000 ) ;
#5471 = DIRECTION ( 'NONE',  ( -0.0000000000000000000, -1.000000000000000000, -0.0000000000000000000 ) ) ;
#5472 = EDGE_CURVE ( 'NONE', #8770, #8156, #3486, .T. ) ;
#5473 = EDGE_CURVE ( 'NONE', #3839, #7003, #11007, .T. ) ;
#5474 = CARTESIAN_POINT ( 'NONE',  ( -0.1555259721820835828, 0.3000000000383806209, 0.06341006985373308369 ) ) ;
#5475 = CARTESIAN_POINT ( 'NONE',  ( -0.07504465569276723425, 0.3000000000383806209, 0.1005084863354538394 ) ) ;
#5476 = CARTESIAN_POINT ( 'NONE',  ( -0.1303498635443924858, 0.3010000000383806218, 0.06739423748499547007 ) ) ;
#5477 = CARTESIAN_POINT ( 'NONE',  ( -0.1553642605812432798, 0.3000000000000000444, 0.06260018519777493795 ) ) ;
#5478 = CARTESIAN_POINT ( 'NONE',  ( -0.1205641077928972654, 0.3010000000383806218, 0.07086373545509425109 ) ) ;
#5479 = COLOUR_RGB ( '',1.000000000000000000, 1.000000000000000000, 1.000000000000000000 ) ;
#5480 = FACE_OUTER_BOUND ( 'NONE', #8978, .T. ) ;
#5481 = VERTEX_POINT ( 'NONE', #5392 ) ;
#5482 = PRESENTATION_LAYER_ASSIGNMENT (  '', '', ( #1336 ) ) ;
#5483 = CARTESIAN_POINT ( 'NONE',  ( 0.2637328348575166959, 0.3000000000383806209, 0.1713477188467424639 ) ) ;
#5484 = DIRECTION ( 'NONE',  ( 0.007092178509970722966, 0.0000000000000000000, -0.9999748501857348426 ) ) ;
#5485 = CARTESIAN_POINT ( 'NONE',  ( -0.4500000000000001776, 0.3000000000000000444, 0.2999999999999999889 ) ) ;
#5486 = ORIENTED_EDGE ( 'NONE', *, *, #7259, .F. ) ;
#5487 =( NAMED_UNIT ( * ) SI_UNIT ( $, .STERADIAN. ) SOLID_ANGLE_UNIT ( ) );
#5488 = ORIENTED_EDGE ( 'NONE', *, *, #3701, .T. ) ;
#5489 = DIRECTION ( 'NONE',  ( -0.0000000000000000000, -0.0000000000000000000, 1.000000000000000000 ) ) ;
#5490 = VECTOR ( 'NONE', #5882, 1000.000000000000000 ) ;
#5491 =( NAMED_UNIT ( * ) SI_UNIT ( $, .STERADIAN. ) SOLID_ANGLE_UNIT ( ) );
#5492 = CARTESIAN_POINT ( 'NONE',  ( -0.1181675307123672830, 0.3010000000383806218, 0.1002026435160618817 ) ) ;
#5493 = FILL_AREA_STYLE_COLOUR ( '', #3793 ) ;
#5494 = ORIENTED_EDGE ( 'NONE', *, *, #2216, .T. ) ;
#5495 = DIRECTION ( 'NONE',  ( 1.000000000000000000, 0.0000000000000000000, 0.0000000000000000000 ) ) ;
#5496 =( LENGTH_UNIT ( ) NAMED_UNIT ( * ) SI_UNIT ( .MILLI., .METRE. ) );
#5497 = VERTEX_POINT ( 'NONE', #9163 ) ;
#5498 =( NAMED_UNIT ( * ) SI_UNIT ( $, .STERADIAN. ) SOLID_ANGLE_UNIT ( ) );
#5499 =( GEOMETRIC_REPRESENTATION_CONTEXT ( 3 ) GLOBAL_UNCERTAINTY_ASSIGNED_CONTEXT ( ( #2188 ) ) GLOBAL_UNIT_ASSIGNED_CONTEXT ( ( #9097, #9166, #4402 ) ) REPRESENTATION_CONTEXT ( 'NONE', 'WORKASPACE' ) );
#5500 = DIRECTION ( 'NONE',  ( -0.007092178509964265458, -0.0000000000000000000, 0.9999748501857348426 ) ) ;
#5501 = ORIENTED_EDGE ( 'NONE', *, *, #555, .F. ) ;
#5502 = PRESENTATION_STYLE_ASSIGNMENT (( #6554 ) ) ;
#5503 = ORIENTED_EDGE ( 'NONE', *, *, #9467, .F. ) ;
#5504 = EDGE_CURVE ( 'NONE', #7387, #7347, #688, .T. ) ;
#5505 = LINE ( 'NONE', #9278, #3628 ) ;
#5506 = CARTESIAN_POINT ( 'NONE',  ( -0.1081278071893977261, 0.3000000000000000444, 0.05466891965310177737 ) ) ;
#5507 = ORIENTED_EDGE ( 'NONE', *, *, #1848, .T. ) ;
#5508 = CARTESIAN_POINT ( 'NONE',  ( 0.05054126773848501702, 0.3010000000383806218, 0.07613335299045410898 ) ) ;
#5509 = CARTESIAN_POINT ( 'NONE',  ( -0.3217935729080182439, 0.3010000000383806773, 0.07087144628550495762 ) ) ;
#5510 = CARTESIAN_POINT ( 'NONE',  ( 0.03430661691700520599, 0.3000000000383806209, 0.1020466347333380402 ) ) ;
#5511 = ORIENTED_EDGE ( 'NONE', *, *, #12172, .T. ) ;
#5512 =( LENGTH_UNIT ( ) NAMED_UNIT ( * ) SI_UNIT ( .MILLI., .METRE. ) );
#5513 =( NAMED_UNIT ( * ) PLANE_ANGLE_UNIT ( ) SI_UNIT ( $, .RADIAN. ) );
#5514 = CARTESIAN_POINT ( 'NONE',  ( -0.08293842717228784578, 0.3010000000383806218, 0.06997642989600150187 ) ) ;
#5515 = CARTESIAN_POINT ( 'NONE',  ( 0.06122284118621485610, 0.3010000000383806218, 0.09920087318832886136 ) ) ;
#5516 = CARTESIAN_POINT ( 'NONE',  ( -0.07420978241982030543, 0.3000000000000000444, 0.1587215196079294066 ) ) ;
#5517 = DIRECTION ( 'NONE',  ( 1.000000000000000000, 0.0000000000000000000, 0.0000000000000000000 ) ) ;
#5518 = VERTEX_POINT ( 'NONE', #1690 ) ;
#5519 = MECHANICAL_DESIGN_GEOMETRIC_PRESENTATION_REPRESENTATION (  '', ( #1585 ), #259 ) ;
#5520 = FILL_AREA_STYLE_COLOUR ( '', #3895 ) ;
#5521 = B_SPLINE_SURFACE_WITH_KNOTS ( 'NONE', 3, 1, ( 
 ( #9809, #1345 ),
 ( #11929, #10860 ),
 ( #9939, #11858 ),
 ( #7033, #10933 ) ),
 .UNSPECIFIED., .F., .F., .F.,
 ( 4, 4 ),
 ( 2, 2 ),
 ( 19.00000000000000000, 20.00000000000000000 ),
 ( 0.0000000000000000000, 1.000000000000000000 ),
 .UNSPECIFIED. ) ;
#5522 = CARTESIAN_POINT ( 'NONE',  ( -0.2702033004280597339, 0.3000000000383806209, 0.07800633718390394267 ) ) ;
#5523 = VERTEX_POINT ( 'NONE', #5445 ) ;
#5524 = SURFACE_SIDE_STYLE ('',( #3544 ) ) ;
#5525 = EDGE_CURVE ( 'NONE', #7629, #4079, #5505, .T. ) ;
#5526 = ADVANCED_FACE ( 'NONE', ( #4634 ), #7551, .F. ) ;
#5527 = MECHANICAL_DESIGN_GEOMETRIC_PRESENTATION_REPRESENTATION (  '', ( #3939 ), #4741 ) ;
#5528 = CARTESIAN_POINT ( 'NONE',  ( -0.05917272082273143663, 0.3010000000383806218, 0.1826600186241198465 ) ) ;
#5529 = CARTESIAN_POINT ( 'NONE',  ( -0.07744101015633554630, 0.3010000000383806218, 0.06234181312721942536 ) ) ;
#5530 = DIRECTION ( 'NONE',  ( 0.007092178509964102394, 0.0000000000000000000, -0.9999748501857348426 ) ) ;
#5531 = ORIENTED_EDGE ( 'NONE', *, *, #11963, .F. ) ;
#5532 = SURFACE_SIDE_STYLE ('',( #1773 ) ) ;
#5533 = MECHANICAL_DESIGN_GEOMETRIC_PRESENTATION_REPRESENTATION (  '', ( #2973 ), #999 ) ;
#5534 = PRESENTATION_LAYER_ASSIGNMENT (  '', '', ( #9717 ) ) ;
#5535 = PRESENTATION_STYLE_ASSIGNMENT (( #5249 ) ) ;
#5536 = FACE_OUTER_BOUND ( 'NONE', #6854, .T. ) ;
#5537 = SURFACE_STYLE_USAGE ( .BOTH. , #11172 ) ;
#5538 = ADVANCED_BREP_SHAPE_REPRESENTATION ( 'SOD993_L1.0-W0.6-H0.3-LS1.0-RD', ( #3377, #4581 ), #4976 ) ;
#5539 = B_SPLINE_CURVE_WITH_KNOTS ( 'NONE', 3,
 ( #7526, #12111, #8386, #11302 ),
 .UNSPECIFIED., .F., .F.,
 ( 4, 4 ),
 ( 1.000000000000000000, 2.000000000000000000 ),
 .UNSPECIFIED. ) ;
#5540 = CARTESIAN_POINT ( 'NONE',  ( -0.07278400955674792228, 0.3010000000383806773, 0.07644312066001351935 ) ) ;
#5541 = CARTESIAN_POINT ( 'NONE',  ( -0.3082354757770475184, 0.3010000000383806773, 0.1032217068980687963 ) ) ;
#5542 = ORIENTED_EDGE ( 'NONE', *, *, #5009, .F. ) ;
#5543 = EDGE_CURVE ( 'NONE', #6148, #3585, #6588, .T. ) ;
#5544 = CARTESIAN_POINT ( 'NONE',  ( -0.09673989209842151493, 0.3000000000000000444, 0.2038859154969985266 ) ) ;
#5545 = VECTOR ( 'NONE', #1154, 1000.000000000000000 ) ;
#5546 = COLOUR_RGB ( '',1.000000000000000000, 1.000000000000000000, 1.000000000000000000 ) ;
#5547 = SURFACE_STYLE_USAGE ( .BOTH. , #3505 ) ;
#5548 = ORIENTED_EDGE ( 'NONE', *, *, #1708, .T. ) ;
#5549 = CYLINDRICAL_SURFACE ( 'NONE', #6139, 0.05000000000000002359 ) ;
#5550 = FACE_OUTER_BOUND ( 'NONE', #3235, .T. ) ;
#5551 = PRESENTATION_STYLE_ASSIGNMENT (( #971 ) ) ;
#5552 = VECTOR ( 'NONE', #3169, 1000.000000000000000 ) ;
#5553 = FILL_AREA_STYLE ('',( #1676 ) ) ;
#5554 = PRESENTATION_LAYER_ASSIGNMENT (  '', '', ( #10888 ) ) ;
#5555 = COLOUR_RGB ( '',1.000000000000000000, 1.000000000000000000, 1.000000000000000000 ) ;
#5556 = DIRECTION ( 'NONE',  ( -0.3475765303544171014, 0.0000000000000000000, 0.9376516173647785335 ) ) ;
#5557 = ORIENTED_EDGE ( 'NONE', *, *, #2450, .F. ) ;
#5558 = CARTESIAN_POINT ( 'NONE',  ( -0.1284783512381004744, 0.3000000000000000444, 0.09819551713281136907 ) ) ;
#5559 = FILL_AREA_STYLE ('',( #8517 ) ) ;
#5560 = ORIENTED_EDGE ( 'NONE', *, *, #10679, .F. ) ;
#5561 = CARTESIAN_POINT ( 'NONE',  ( 0.07496245016367407421, 0.3010000000383806218, 0.05808665684566197834 ) ) ;
#5562 = EDGE_CURVE ( 'NONE', #3853, #2656, #10334, .T. ) ;
#5563 = PRESENTATION_LAYER_ASSIGNMENT (  '', '', ( #4180 ) ) ;
#5564 = VECTOR ( 'NONE', #2694, 1000.000000000000000 ) ;
#5565 =( LENGTH_UNIT ( ) NAMED_UNIT ( * ) SI_UNIT ( .MILLI., .METRE. ) );
#5566 = ORIENTED_EDGE ( 'NONE', *, *, #5381, .T. ) ;
#5567 = COLOUR_RGB ( '',1.000000000000000000, 1.000000000000000000, 1.000000000000000000 ) ;
#5568 = CARTESIAN_POINT ( 'NONE',  ( 0.3046317330356290709, 0.3000000000000000444, 0.09311868384888523364 ) ) ;
#5569 = ORIENTED_EDGE ( 'NONE', *, *, #5446, .T. ) ;
#5570 =( GEOMETRIC_REPRESENTATION_CONTEXT ( 3 ) GLOBAL_UNCERTAINTY_ASSIGNED_CONTEXT ( ( #9991 ) ) GLOBAL_UNIT_ASSIGNED_CONTEXT ( ( #2262, #10030, #4222 ) ) REPRESENTATION_CONTEXT ( 'NONE', 'WORKASPACE' ) );
#5571 = STYLED_ITEM ( 'NONE', ( #5195 ), #4470 ) ;
#5572 = MECHANICAL_DESIGN_GEOMETRIC_PRESENTATION_REPRESENTATION (  '', ( #1022 ), #7343 ) ;
#5573 =( LENGTH_UNIT ( ) NAMED_UNIT ( * ) SI_UNIT ( .MILLI., .METRE. ) );
#5574 = SURFACE_STYLE_FILL_AREA ( #9347 ) ;
#5575 = SURFACE_SIDE_STYLE ('',( #690 ) ) ;
#5576 = FILL_AREA_STYLE ('',( #7552 ) ) ;
#5577 = EDGE_LOOP ( 'NONE', ( #2289, #12210, #10067, #6607 ) ) ;
#5578 = CARTESIAN_POINT ( 'NONE',  ( -0.3366005673301507017, 0.3010000000383806773, 0.05407789552660156873 ) ) ;
#5579 = CARTESIAN_POINT ( 'NONE',  ( -0.09644743335900975156, 0.3010000000383806773, 0.1626501536337019438 ) ) ;
#5580 = COLOUR_RGB ( '',1.000000000000000000, 1.000000000000000000, 1.000000000000000000 ) ;
#5581 = CARTESIAN_POINT ( 'NONE',  ( -0.07003371823190170098, 0.3000000000000000444, 0.2054478401807157129 ) ) ;
#5582 = EDGE_LOOP ( 'NONE', ( #8054, #4304, #10382, #9500 ) ) ;
#5583 = UNCERTAINTY_MEASURE_WITH_UNIT (LENGTH_MEASURE( 1.000000000000000082E-05 ), #11042, 'distance_accuracy_value', 'NONE');
#5584 = PRESENTATION_LAYER_ASSIGNMENT (  '', '', ( #11299 ) ) ;
#5585 = CARTESIAN_POINT ( 'NONE',  ( 0.2344354346322558846, 0.3010000000383806218, 0.08177565011530317507 ) ) ;
#5586 = CARTESIAN_POINT ( 'NONE',  ( -0.1386824236502810226, 0.3000000000383806209, 0.03495626415805040688 ) ) ;
#5587 = CARTESIAN_POINT ( 'NONE',  ( -0.1009030003828082500, 0.3000000000000000444, 0.06516999043137589043 ) ) ;
#5588 = SURFACE_STYLE_USAGE ( .BOTH. , #7262 ) ;
#5589 = MECHANICAL_DESIGN_GEOMETRIC_PRESENTATION_REPRESENTATION (  '', ( #8548 ), #1246 ) ;
#5590 = SURFACE_STYLE_USAGE ( .BOTH. , #12023 ) ;
#5591 = CARTESIAN_POINT ( 'NONE',  ( -0.08296386798547464303, 0.3010000000383806773, 0.07356350449083751131 ) ) ;
#5592 = COLOUR_RGB ( '',1.000000000000000000, 1.000000000000000000, 1.000000000000000000 ) ;
#5593 = EDGE_LOOP ( 'NONE', ( #9978, #7127, #10208, #6421 ) ) ;
#5594 = CARTESIAN_POINT ( 'NONE',  ( 0.2174562885453621697, 0.3010000000383806218, 0.02916459669755753700 ) ) ;
#5595 = CARTESIAN_POINT ( 'NONE',  ( -0.1998649125028333640, 0.3000000000383806209, 0.1993800998865170870 ) ) ;
#5596 = ORIENTED_EDGE ( 'NONE', *, *, #6124, .F. ) ;
#5597 = UNCERTAINTY_MEASURE_WITH_UNIT (LENGTH_MEASURE( 1.000000000000000082E-05 ), #6194, 'distance_accuracy_value', 'NONE');
#5599 = EDGE_CURVE ( 'NONE', #9736, #4878, #1932, .T. ) ;
#5598 = DIRECTION ( 'NONE',  ( 1.000000000000000000, 0.0000000000000000000, 0.0000000000000000000 ) ) ;
#5600 = COLOUR_RGB ( '',1.000000000000000000, 1.000000000000000000, 1.000000000000000000 ) ;
#5601 = CARTESIAN_POINT ( 'NONE',  ( -0.1126506403741447809, 0.3010000000383806218, 0.05463684210604041053 ) ) ;
#5602 = COLOUR_RGB ( '',1.000000000000000000, 1.000000000000000000, 1.000000000000000000 ) ;
#5603 = CARTESIAN_POINT ( 'NONE',  ( 0.1272750778494582125, 0.3010000000383806218, 0.2055182605355260761 ) ) ;
#5604 = ORIENTED_EDGE ( 'NONE', *, *, #3131, .F. ) ;
#5605 = CARTESIAN_POINT ( 'NONE',  ( -0.1181675307123672830, 0.3000000000000000444, 0.1002026435160618817 ) ) ;
#5606 = FACE_OUTER_BOUND ( 'NONE', #9353, .T. ) ;
#5607 = ADVANCED_FACE ( 'NONE', ( #986 ), #11955, .F. ) ;
#5608 = ADVANCED_FACE ( 'NONE', ( #1991, #5745 ), #8652, .T. ) ;
#5609 = CARTESIAN_POINT ( 'NONE',  ( -0.2146870555787802615, 0.3000000000000000444, 0.1517360484289757561 ) ) ;
#5610 = CARTESIAN_POINT ( 'NONE',  ( -0.1384772654616892862, 0.3000000000000000444, 0.1797580483409171037 ) ) ;
#5611 = CARTESIAN_POINT ( 'NONE',  ( 0.06096441017970172932, 0.3000000000000000444, 0.1356388318012229088 ) ) ;
#5612 = EDGE_CURVE ( 'NONE', #10146, #10811, #9544, .T. ) ;
#5613 = DIRECTION ( 'NONE',  ( -0.0000000000000000000, -1.000000000000000000, -0.0000000000000000000 ) ) ;
#5614 = EDGE_LOOP ( 'NONE', ( #4145, #2049, #2527, #8669 ) ) ;
#5615 = CARTESIAN_POINT ( 'NONE',  ( -0.1117453039769849832, 0.3000000000000000444, 0.08312294866157624029 ) ) ;
#5616 = STYLED_ITEM ( 'NONE', ( #7064 ), #5403 ) ;
#5617 = CARTESIAN_POINT ( 'NONE',  ( -0.1924262779809833845, 0.3010000000383806773, 0.08956927285047998344 ) ) ;
#5618 = ORIENTED_EDGE ( 'NONE', *, *, #895, .T. ) ;
#5619 = CARTESIAN_POINT ( 'NONE',  ( -0.07947823490188062057, 0.3000000000383806209, 0.1516656114126317401 ) ) ;
#5620 = EDGE_CURVE ( 'NONE', #11975, #10972, #1725, .T. ) ;
#5621 =( NAMED_UNIT ( * ) PLANE_ANGLE_UNIT ( ) SI_UNIT ( $, .RADIAN. ) );
#5622 = SURFACE_STYLE_USAGE ( .BOTH. , #6411 ) ;
#5623 = CARTESIAN_POINT ( 'NONE',  ( 0.2398746465872760858, 0.3010000000383806218, 0.1711785080609857512 ) ) ;
#5624 = ORIENTED_EDGE ( 'NONE', *, *, #10783, .T. ) ;
#5625 = MECHANICAL_DESIGN_GEOMETRIC_PRESENTATION_REPRESENTATION (  '', ( #11551 ), #10749 ) ;
#5626 = CARTESIAN_POINT ( 'NONE',  ( -0.05988339222454173300, 0.3010000000383806218, 0.2058941521792218843 ) ) ;
#5627 = ORIENTED_EDGE ( 'NONE', *, *, #232, .F. ) ;
#5628 =( LENGTH_UNIT ( ) NAMED_UNIT ( * ) SI_UNIT ( .MILLI., .METRE. ) );
#5629 = VERTEX_POINT ( 'NONE', #1357 ) ;
#5630 = VERTEX_POINT ( 'NONE', #358 ) ;
#5631 = AXIS2_PLACEMENT_3D ( 'NONE', #11026, #8363, #6501 ) ;
#5632 = CARTESIAN_POINT ( 'NONE',  ( -0.06537249139256422203, 0.3010000000383806218, 0.07381304289953131981 ) ) ;
#5633 = CARTESIAN_POINT ( 'NONE',  ( -0.06571274714772742942, 0.3010000000383806218, 0.2009554253597677365 ) ) ;
#5634 = ORIENTED_EDGE ( 'NONE', *, *, #12090, .T. ) ;
#5635 = EDGE_CURVE ( 'NONE', #4554, #9968, #5990, .T. ) ;
#5636 = CARTESIAN_POINT ( 'NONE',  ( -0.1385268197412866664, 0.3000000000000000444, 0.1867450458123980084 ) ) ;
#5637 = CARTESIAN_POINT ( 'NONE',  ( -0.09196773755194921629, 0.3010000000383806218, 0.1599680888207823948 ) ) ;
#5638 = DIRECTION ( 'NONE',  ( -0.9999748501857348426, 0.0000000000000000000, -0.007092178509964642760 ) ) ;
#5639 = ORIENTED_EDGE ( 'NONE', *, *, #7512, .F. ) ;
#5640 =( LENGTH_UNIT ( ) NAMED_UNIT ( * ) SI_UNIT ( .MILLI., .METRE. ) );
#5641 = CARTESIAN_POINT ( 'NONE',  ( -0.05552257985069933288, 0.3010000000383806218, 0.06383858790339787259 ) ) ;
#5642 = CARTESIAN_POINT ( 'NONE',  ( -0.4500000000000000111, -0.2499999999999998890, 0.2499999999999999445 ) ) ;
#5643 = FILL_AREA_STYLE ('',( #11086 ) ) ;
#5644 = DIRECTION ( 'NONE',  ( 0.0000000000000000000, 0.0000000000000000000, -1.000000000000000000 ) ) ;
#5645 =( NAMED_UNIT ( * ) SI_UNIT ( $, .STERADIAN. ) SOLID_ANGLE_UNIT ( ) );
#5646 = CARTESIAN_POINT ( 'NONE',  ( -0.4134856939638866247, -0.2375113646789956401, 0.2999999999999999889 ) ) ;
#5647 = ORIENTED_EDGE ( 'NONE', *, *, #6379, .F. ) ;
#5648 = SURFACE_STYLE_FILL_AREA ( #11452 ) ;
#5649 =( NAMED_UNIT ( * ) PLANE_ANGLE_UNIT ( ) SI_UNIT ( $, .RADIAN. ) );
#5650 =( NAMED_UNIT ( * ) SI_UNIT ( $, .STERADIAN. ) SOLID_ANGLE_UNIT ( ) );
#5651 = ORIENTED_EDGE ( 'NONE', *, *, #8792, .T. ) ;
#5652 = CARTESIAN_POINT ( 'NONE',  ( -0.2691773925217667007, 0.3010000000383806218, 0.06310310977246418040 ) ) ;
#5653 = B_SPLINE_SURFACE_WITH_KNOTS ( 'NONE', 3, 1, ( 
 ( #6716, #965 ),
 ( #10480, #11178 ),
 ( #11239, #8385 ),
 ( #9323, #4669 ) ),
 .UNSPECIFIED., .F., .F., .F.,
 ( 4, 4 ),
 ( 2, 2 ),
 ( 1.000000000000000000, 2.000000000000000000 ),
 ( 0.0000000000000000000, 1.000000000000000000 ),
 .UNSPECIFIED. ) ;
#5654 = VERTEX_POINT ( 'NONE', #4256 ) ;
#5655 = B_SPLINE_CURVE_WITH_KNOTS ( 'NONE', 3,
 ( #1964, #2820, #5715, #6597 ),
 .UNSPECIFIED., .F., .F.,
 ( 4, 4 ),
 ( 4.000000000000000000, 5.000000000000000000 ),
 .UNSPECIFIED. ) ;
#5656 = FILL_AREA_STYLE ('',( #10356 ) ) ;
#5657 =( NAMED_UNIT ( * ) PLANE_ANGLE_UNIT ( ) SI_UNIT ( $, .RADIAN. ) );
#5658 = AXIS2_PLACEMENT_3D ( 'NONE', #5442, #2591, #2655 ) ;
#5659 =( LENGTH_UNIT ( ) NAMED_UNIT ( * ) SI_UNIT ( .MILLI., .METRE. ) );
#5660 = UNCERTAINTY_MEASURE_WITH_UNIT (LENGTH_MEASURE( 1.000000000000000082E-05 ), #9948, 'distance_accuracy_value', 'NONE');
#5661 = CARTESIAN_POINT ( 'NONE',  ( -0.06046075534982608274, 0.3010000000383806773, 0.08058567943684857848 ) ) ;
#5662 = FACE_OUTER_BOUND ( 'NONE', #7362, .T. ) ;
#5663 = LINE ( 'NONE', #11173, #5953 ) ;
#5664 = ORIENTED_EDGE ( 'NONE', *, *, #6439, .T. ) ;
#5665 = CARTESIAN_POINT ( 'NONE',  ( -0.1117453039769849832, 0.3010000000383806218, 0.08312294866157624029 ) ) ;
#5666 = CARTESIAN_POINT ( 'NONE',  ( -0.1386509009049984031, 0.3010000000383806773, 0.04150712734879691279 ) ) ;
#5667 = VERTEX_POINT ( 'NONE', #8024 ) ;
#5668 = FACE_OUTER_BOUND ( 'NONE', #5593, .T. ) ;
#5669 = SURFACE_STYLE_FILL_AREA ( #10485 ) ;
#5670 = CARTESIAN_POINT ( 'NONE',  ( -0.1173749001724034291, 0.3000000000000000444, 0.09400075425657250516 ) ) ;
#5671 = COLOUR_RGB ( '',1.000000000000000000, 1.000000000000000000, 1.000000000000000000 ) ;
#5672 = VECTOR ( 'NONE', #8055, 1000.000000000000114 ) ;
#5673 = CARTESIAN_POINT ( 'NONE',  ( 0.2006001891220481892, 0.3010000000383806218, 0.08153567847897424947 ) ) ;
#5674 = ORIENTED_EDGE ( 'NONE', *, *, #6734, .T. ) ;
#5675 = FILL_AREA_STYLE ('',( #3575 ) ) ;
#5676 =( NAMED_UNIT ( * ) SI_UNIT ( $, .STERADIAN. ) SOLID_ANGLE_UNIT ( ) );
#5677 = ORIENTED_EDGE ( 'NONE', *, *, #10783, .F. ) ;
#5678 = FILL_AREA_STYLE ('',( #8584 ) ) ;
#5679 = ADVANCED_FACE ( 'NONE', ( #11815 ), #4126, .F. ) ;
#5680 = EDGE_CURVE ( 'NONE', #7857, #88, #2577, .T. ) ;
#5681 = VERTEX_POINT ( 'NONE', #540 ) ;
#5682 = COLOUR_RGB ( '',1.000000000000000000, 1.000000000000000000, 1.000000000000000000 ) ;
#5683 = EDGE_LOOP ( 'NONE', ( #7894, #4464, #10808, #329, #1132, #3723, #5961, #8163 ) ) ;
#5684 = PRESENTATION_STYLE_ASSIGNMENT (( #174 ) ) ;
#5685 = CARTESIAN_POINT ( 'NONE',  ( -0.02345946859065687132, 0.3010000000383806773, 0.09076764576379139915 ) ) ;
#5686 = PRESENTATION_STYLE_ASSIGNMENT (( #8467 ) ) ;
#5687 = DIRECTION ( 'NONE',  ( 0.9999748501857348426, 0.0000000000000000000, 0.007092178509963546415 ) ) ;
#5688 = DIRECTION ( 'NONE',  ( 0.9999748501857348426, -0.0000000000000000000, 0.007092178509962842985 ) ) ;
#5689 = CARTESIAN_POINT ( 'NONE',  ( -0.1800132275282965710, 0.3010000000383806773, 0.2129964966254278558 ) ) ;
#5690 = ORIENTED_EDGE ( 'NONE', *, *, #2216, .F. ) ;
#5691 = COLOUR_RGB ( '',0.7686274509803920907, 0.7686274509803920907, 0.7686274509803920907 ) ;
#5692 = UNCERTAINTY_MEASURE_WITH_UNIT (LENGTH_MEASURE( 1.000000000000000082E-05 ), #7180, 'distance_accuracy_value', 'NONE');
#5693 =( NAMED_UNIT ( * ) SI_UNIT ( $, .STERADIAN. ) SOLID_ANGLE_UNIT ( ) );
#5694 = ADVANCED_FACE ( 'NONE', ( #11056 ), #9951, .F. ) ;
#5695 = CARTESIAN_POINT ( 'NONE',  ( -0.07465651980998951054, 0.3010000000383806218, 0.06117620789056198161 ) ) ;
#5696 = CARTESIAN_POINT ( 'NONE',  ( -0.1181675307123672830, 0.3010000000383806218, 0.1002026435160618817 ) ) ;
#5697 = EDGE_CURVE ( 'NONE', #5667, #6567, #12052, .T. ) ;
#5698 = CARTESIAN_POINT ( 'NONE',  ( -0.1934591631605366568, 0.3010000000383806218, 0.1604336292458889701 ) ) ;
#5699 = PRESENTATION_STYLE_ASSIGNMENT (( #1124 ) ) ;
#5700 = FILL_AREA_STYLE_COLOUR ( '', #5479 ) ;
#5701 = DIRECTION ( 'NONE',  ( -0.0000000000000000000, -1.000000000000000000, -0.0000000000000000000 ) ) ;
#5702 = SURFACE_SIDE_STYLE ('',( #261 ) ) ;
#5703 = PRESENTATION_STYLE_ASSIGNMENT (( #881 ) ) ;
#5704 = EDGE_LOOP ( 'NONE', ( #10666, #7302, #7953, #11099 ) ) ;
#5705 = VERTEX_POINT ( 'NONE', #3567 ) ;
#5706 = UNCERTAINTY_MEASURE_WITH_UNIT (LENGTH_MEASURE( 1.000000000000000082E-05 ), #2354, 'distance_accuracy_value', 'NONE');
#5707 = FACE_OUTER_BOUND ( 'NONE', #11586, .T. ) ;
#5708 = VECTOR ( 'NONE', #12143, 1000.000000000000000 ) ;
#5709 =( NAMED_UNIT ( * ) PLANE_ANGLE_UNIT ( ) SI_UNIT ( $, .RADIAN. ) );
#5710 = DIRECTION ( 'NONE',  ( -0.0000000000000000000, -1.000000000000000000, -0.0000000000000000000 ) ) ;
#5711 = VERTEX_POINT ( 'NONE', #3451 ) ;
#5712 = LINE ( 'NONE', #2874, #6788 ) ;
#5713 = CARTESIAN_POINT ( 'NONE',  ( -0.05912095429850876271, 0.3000000000383806209, 0.1753611016225989638 ) ) ;
#5714 = COLOUR_RGB ( '',1.000000000000000000, 1.000000000000000000, 1.000000000000000000 ) ;
#5715 = CARTESIAN_POINT ( 'NONE',  ( -0.2784732602775099042, 0.3010000000383806218, 0.07632562053298402871 ) ) ;
#5716 = CARTESIAN_POINT ( 'NONE',  ( -0.05857630941871455610, 0.3000000000000000444, 0.1601425257019531423 ) ) ;
#5717 = PRESENTATION_STYLE_ASSIGNMENT (( #5537 ) ) ;
#5718 = DIRECTION ( 'NONE',  ( 1.000000000000000000, 0.0000000000000000000, 0.0000000000000000000 ) ) ;
#5719 = FILL_AREA_STYLE ('',( #6657 ) ) ;
#5720 = ORIENTED_EDGE ( 'NONE', *, *, #7817, .F. ) ;
#5721 = EDGE_CURVE ( 'NONE', #8429, #10882, #7354, .T. ) ;
#5722 = FILL_AREA_STYLE_COLOUR ( '', #10073 ) ;
#5723 = PRESENTATION_LAYER_ASSIGNMENT (  '', '', ( #11064 ) ) ;
#5724 = CARTESIAN_POINT ( 'NONE',  ( -0.1372180620872272827, 0.3010000000383806773, 0.04179803125115081480 ) ) ;
#5725 = ORIENTED_EDGE ( 'NONE', *, *, #11057, .T. ) ;
#5726 = FILL_AREA_STYLE_COLOUR ( '', #1407 ) ;
#5727 = VECTOR ( 'NONE', #3119, 1000.000000000000114 ) ;
#5728 = DIRECTION ( 'NONE',  ( 0.0000000000000000000, -1.000000000000000000, 0.0000000000000000000 ) ) ;
#5729 = CARTESIAN_POINT ( 'NONE',  ( 0.3108954633881262919, 0.3010000000383806218, 0.1274338729253616798 ) ) ;
#5730 = CARTESIAN_POINT ( 'NONE',  ( -0.1386824236502810226, 0.3000000000000000444, 0.03495626415805040688 ) ) ;
#5731 = DIRECTION ( 'NONE',  ( -0.0000000000000000000, -0.0000000000000000000, 1.000000000000000000 ) ) ;
#5732 = ORIENTED_EDGE ( 'NONE', *, *, #7113, .F. ) ;
#5733 = STYLED_ITEM ( 'NONE', ( #1001 ), #8225 ) ;
#5734 = VECTOR ( 'NONE', #5906, 1000.000000000000000 ) ;
#5735 = ORIENTED_EDGE ( 'NONE', *, *, #9363, .T. ) ;
#5736 = AXIS2_PLACEMENT_3D ( 'NONE', #6767, #6821, #1074 ) ;
#5737 = EDGE_CURVE ( 'NONE', #1105, #9961, #2582, .T. ) ;
#5738 = CARTESIAN_POINT ( 'NONE',  ( -0.04815298198153811216, 0.3010000000383806773, 0.05612366874347839152 ) ) ;
#5739 = ORIENTED_EDGE ( 'NONE', *, *, #5303, .F. ) ;
#5741 = SURFACE_SIDE_STYLE ('',( #9457 ) ) ;
#5740 = COLOUR_RGB ( '',1.000000000000000000, 1.000000000000000000, 1.000000000000000000 ) ;
#5742 = ORIENTED_EDGE ( 'NONE', *, *, #2875, .F. ) ;
#5743 = VECTOR ( 'NONE', #8091, 1000.000000000000227 ) ;
#5744 = DIRECTION ( 'NONE',  ( 0.9410702468834490908, -0.0000000000000000000, 0.3382111624868763267 ) ) ;
#5745 = FACE_BOUND ( 'NONE', #11836, .T. ) ;
#5746 = AXIS2_PLACEMENT_3D ( 'NONE', #4738, #49, #5495 ) ;
#5747 = FACE_OUTER_BOUND ( 'NONE', #8934, .T. ) ;
#5748 =( NAMED_UNIT ( * ) PLANE_ANGLE_UNIT ( ) SI_UNIT ( $, .RADIAN. ) );
#5749 = COLOUR_RGB ( '',1.000000000000000000, 1.000000000000000000, 1.000000000000000000 ) ;
#5750 = SURFACE_STYLE_USAGE ( .BOTH. , #244 ) ;
#5751 = EDGE_CURVE ( 'NONE', #10136, #4671, #11992, .T. ) ;
#5752 = ADVANCED_FACE ( 'NONE', ( #2641 ), #8214, .F. ) ;
#5753 = CARTESIAN_POINT ( 'NONE',  ( -0.1060716889868553725, 0.3010000000383806218, 0.09682595060005891319 ) ) ;
#5754 = CARTESIAN_POINT ( 'NONE',  ( -0.1876830186384911003, 0.3010000000383806773, 0.2102594568377461060 ) ) ;
#5755 = VERTEX_POINT ( 'NONE', #3745 ) ;
#5756 =( GEOMETRIC_REPRESENTATION_CONTEXT ( 3 ) GLOBAL_UNCERTAINTY_ASSIGNED_CONTEXT ( ( #9556 ) ) GLOBAL_UNIT_ASSIGNED_CONTEXT ( ( #1037, #2213, #6720 ) ) REPRESENTATION_CONTEXT ( 'NONE', 'WORKASPACE' ) );
#5757 =( GEOMETRIC_REPRESENTATION_CONTEXT ( 3 ) GLOBAL_UNCERTAINTY_ASSIGNED_CONTEXT ( ( #6943 ) ) GLOBAL_UNIT_ASSIGNED_CONTEXT ( ( #786, #12046, #7346 ) ) REPRESENTATION_CONTEXT ( 'NONE', 'WORKASPACE' ) );
#5758 = EDGE_CURVE ( 'NONE', #1908, #6555, #68, .T. ) ;
#5759 = SURFACE_SIDE_STYLE ('',( #10449 ) ) ;
#5760 = VECTOR ( 'NONE', #6263, 1000.000000000000000 ) ;
#5761 = PRESENTATION_LAYER_ASSIGNMENT (  '', '', ( #3973 ) ) ;
#5762 = AXIS2_PLACEMENT_3D ( 'NONE', #5642, #9178, #698 ) ;
#5763 = FACE_BOUND ( 'NONE', #9450, .T. ) ;
#5764 = CARTESIAN_POINT ( 'NONE',  ( -0.2296552207245262656, 0.3010000000383806773, 0.2126444178933750984 ) ) ;
#5765 = AXIS2_PLACEMENT_3D ( 'NONE', #5509, #9283, #562 ) ;
#5766 = DIRECTION ( 'NONE',  ( -0.0000000000000000000, -1.000000000000000000, -0.0000000000000000000 ) ) ;
#5767 = CARTESIAN_POINT ( 'NONE',  ( -0.06548442679329812000, 0.3010000000383806218, 0.06320645153347548284 ) ) ;
#5768 = CARTESIAN_POINT ( 'NONE',  ( 0.2168378917518772042, 0.3010000000383806218, 0.1163554317908793573 ) ) ;
#5769 = STYLED_ITEM ( 'NONE', ( #5835 ), #9169 ) ;
#5770 = CARTESIAN_POINT ( 'NONE',  ( -0.09679829535651728045, 0.3000000000000000444, 0.2121205910882233703 ) ) ;
#5771 = ORIENTED_EDGE ( 'NONE', *, *, #1217, .T. ) ;
#5772 = STYLED_ITEM ( 'NONE', ( #11033 ), #252 ) ;
#5773 = EDGE_CURVE ( 'NONE', #10332, #1697, #160, .T. ) ;
#5774 = AXIS2_PLACEMENT_3D ( 'NONE', #11207, #7312, #12142 ) ;
#5775 = PRESENTATION_LAYER_ASSIGNMENT (  '', '', ( #6766 ) ) ;
#5776 = FACE_OUTER_BOUND ( 'NONE', #1939, .T. ) ;
#5777 = ORIENTED_EDGE ( 'NONE', *, *, #5381, .F. ) ;
#5778 = CARTESIAN_POINT ( 'NONE',  ( 0.2006001891220481892, 0.3000000000000000444, 0.08153567847897424947 ) ) ;
#5779 = FILL_AREA_STYLE_COLOUR ( '', #10697 ) ;
#5780 = VERTEX_POINT ( 'NONE', #851 ) ;
#5781 = STYLED_ITEM ( 'NONE', ( #2282 ), #4040 ) ;
#5782 =( NAMED_UNIT ( * ) SI_UNIT ( $, .STERADIAN. ) SOLID_ANGLE_UNIT ( ) );
#5783 = FILL_AREA_STYLE ('',( #2933 ) ) ;
#5784 =( NAMED_UNIT ( * ) SI_UNIT ( $, .STERADIAN. ) SOLID_ANGLE_UNIT ( ) );
#5785 = CARTESIAN_POINT ( 'NONE',  ( 0.2718794121080188586, 0.3010000000383806218, 0.06251991495498795959 ) ) ;
#5786 = COLOUR_RGB ( '',1.000000000000000000, 1.000000000000000000, 1.000000000000000000 ) ;
#5787 = ORIENTED_EDGE ( 'NONE', *, *, #842, .T. ) ;
#5788 = LINE ( 'NONE', #5903, #10117 ) ;
#5789 = CARTESIAN_POINT ( 'NONE',  ( -0.08016290024583248852, 0.3000000000000000444, 0.09426467504032319533 ) ) ;
#5790 = DIRECTION ( 'NONE',  ( -0.9999748501857348426, 0.0000000000000000000, -0.007092178509964941133 ) ) ;
#5791 = VERTEX_POINT ( 'NONE', #5794 ) ;
#5792 = EDGE_CURVE ( 'NONE', #3718, #10428, #8323, .T. ) ;
#5793 = CARTESIAN_POINT ( 'NONE',  ( 0.07674063706369825544, 0.3010000000383806218, 0.1743595492369753863 ) ) ;
#5794 = CARTESIAN_POINT ( 'NONE',  ( 0.2835608266892032936, 0.3010000000383806218, 0.1281076399072667571 ) ) ;
#5795 = DIRECTION ( 'NONE',  ( -0.0000000000000000000, -1.000000000000000000, -0.0000000000000000000 ) ) ;
#5796 = CARTESIAN_POINT ( 'NONE',  ( -0.1093632146618768869, 0.3000000000383806209, 0.09911092655362621628 ) ) ;
#5797 = EDGE_LOOP ( 'NONE', ( #10038, #8610, #1171, #9033 ) ) ;
#5798 = CARTESIAN_POINT ( 'NONE',  ( -0.1017906464812901868, 0.3000000000000000444, 0.08256968020503013816 ) ) ;
#5799 = ORIENTED_EDGE ( 'NONE', *, *, #5635, .F. ) ;
#5800 = VECTOR ( 'NONE', #5701, 1000.000000000000000 ) ;
#5801 = SURFACE_SIDE_STYLE ('',( #3082 ) ) ;
#5802 = VERTEX_POINT ( 'NONE', #10250 ) ;
#5803 = CARTESIAN_POINT ( 'NONE',  ( -0.05995991569839124319, 0.3010000000383806773, 0.08913625659843756044 ) ) ;
#5804 = ORIENTED_EDGE ( 'NONE', *, *, #6731, .F. ) ;
#5805 =( NAMED_UNIT ( * ) PLANE_ANGLE_UNIT ( ) SI_UNIT ( $, .RADIAN. ) );
#5806 =( GEOMETRIC_REPRESENTATION_CONTEXT ( 3 ) GLOBAL_UNCERTAINTY_ASSIGNED_CONTEXT ( ( #1766 ) ) GLOBAL_UNIT_ASSIGNED_CONTEXT ( ( #2763, #4734, #4674 ) ) REPRESENTATION_CONTEXT ( 'NONE', 'WORKASPACE' ) );
#5807 = FILL_AREA_STYLE_COLOUR ( '', #7410 ) ;
#5808 = SURFACE_STYLE_FILL_AREA ( #11758 ) ;
#5809 = EDGE_CURVE ( 'NONE', #1295, #10428, #2945, .T. ) ;
#5810 = FILL_AREA_STYLE ('',( #2061 ) ) ;
#5811 =( NAMED_UNIT ( * ) SI_UNIT ( $, .STERADIAN. ) SOLID_ANGLE_UNIT ( ) );
#5812 = SURFACE_STYLE_FILL_AREA ( #1995 ) ;
#5813 = ORIENTED_EDGE ( 'NONE', *, *, #8309, .F. ) ;
#5814 = UNCERTAINTY_MEASURE_WITH_UNIT (LENGTH_MEASURE( 1.000000000000000082E-05 ), #9207, 'distance_accuracy_value', 'NONE');
#5815 = APPLICATION_PROTOCOL_DEFINITION ( 'draft international standard', 'automotive_design', 1998, #1716 ) ;
#5816 = LINE ( 'NONE', #9596, #11445 ) ;
#5817 = PRESENTATION_LAYER_ASSIGNMENT (  '', '', ( #11159 ) ) ;
#5818 = EDGE_CURVE ( 'NONE', #9345, #6173, #9578, .T. ) ;
#5819 = PRODUCT_DEFINITION ( 'Œ¥÷™', '', #7751, #6687 ) ;
#5820 = PRESENTATION_STYLE_ASSIGNMENT (( #2126 ) ) ;
#5821 =( NAMED_UNIT ( * ) PLANE_ANGLE_UNIT ( ) SI_UNIT ( $, .RADIAN. ) );
#5822 = PLANE ( 'NONE',  #10573 ) ;
#5823 = CARTESIAN_POINT ( 'NONE',  ( -0.04714787961761831431, 0.3010000000383806773, 0.1101267838715366404 ) ) ;
#5824 = ORIENTED_EDGE ( 'NONE', *, *, #9235, .T. ) ;
#5825 = CARTESIAN_POINT ( 'NONE',  ( 0.3032626830731077749, 0.3010000000383806218, 0.1638195300207760940 ) ) ;
#5826 = VECTOR ( 'NONE', #9898, 1000.000000000000000 ) ;
#5827 = ORIENTED_EDGE ( 'NONE', *, *, #3336, .F. ) ;
#5828 = UNCERTAINTY_MEASURE_WITH_UNIT (LENGTH_MEASURE( 1.000000000000000082E-05 ), #8796, 'distance_accuracy_value', 'NONE');
#5829 = CARTESIAN_POINT ( 'NONE',  ( -0.2369041256808862850, 0.3010000000383806773, 0.1087809648539770080 ) ) ;
#5830 = B_SPLINE_CURVE_WITH_KNOTS ( 'NONE', 3,
 ( #427, #1238, #6002, #11698 ),
 .UNSPECIFIED., .F., .F.,
 ( 4, 4 ),
 ( 1.000000000000000000, 2.000000000000000000 ),
 .UNSPECIFIED. ) ;
#5831 = CARTESIAN_POINT ( 'NONE',  ( -0.1017906464812901868, 0.3000000000383806209, 0.08256968020503013816 ) ) ;
#5832 = CARTESIAN_POINT ( 'NONE',  ( -0.06046075534982608274, 0.3000000000383806209, 0.08058567943684857848 ) ) ;
#5833 = EDGE_CURVE ( 'NONE', #11766, #11810, #6721, .T. ) ;
#5834 = DIRECTION ( 'NONE',  ( -0.9999748501857348426, -0.0000000000000000000, -0.007092178509962077972 ) ) ;
#5835 = PRESENTATION_STYLE_ASSIGNMENT (( #8743 ) ) ;
#5836 = ORIENTED_EDGE ( 'NONE', *, *, #6747, .T. ) ;
#5837 = CARTESIAN_POINT ( 'NONE',  ( -0.06330585771785759985, 0.3010000000383806218, 0.06830644680900753440 ) ) ;
#5838 = ORIENTED_EDGE ( 'NONE', *, *, #1531, .T. ) ;
#5839 = B_SPLINE_CURVE_WITH_KNOTS ( 'NONE', 3,
 ( #11591, #4842, #8614, #4100 ),
 .UNSPECIFIED., .F., .F.,
 ( 4, 4 ),
 ( 4.000000000000000000, 5.000000000000000000 ),
 .UNSPECIFIED. ) ;
#5840 = DIRECTION ( 'NONE',  ( -0.0000000000000000000, -1.000000000000000000, -0.0000000000000000000 ) ) ;
#5841 = LINE ( 'NONE', #2089, #5097 ) ;
#5842 = FILL_AREA_STYLE ('',( #285 ) ) ;
#5843 = CARTESIAN_POINT ( 'NONE',  ( -0.4500000000000001776, 0.2500000000000000000, 0.2499999999999999445 ) ) ;
#5844 = VERTEX_POINT ( 'NONE', #7409 ) ;
#5845 = CARTESIAN_POINT ( 'NONE',  ( 0.2365428457808008422, 0.3000000000383806209, 0.02929996537310895766 ) ) ;
#5846 = CARTESIAN_POINT ( 'NONE',  ( 0.2584566845650436706, 0.3010000000383806218, 0.05895426299984748292 ) ) ;
#5847 = EDGE_CURVE ( 'NONE', #10330, #4448, #3685, .T. ) ;
#5848 = CARTESIAN_POINT ( 'NONE',  ( -0.1011086274763220716, 0.3010000000383806218, 0.08756548084747654837 ) ) ;
#5849 = ORIENTED_EDGE ( 'NONE', *, *, #3569, .T. ) ;
#5850 = MECHANICAL_DESIGN_GEOMETRIC_PRESENTATION_REPRESENTATION (  '', ( #7641 ), #9218 ) ;
#5851 = B_SPLINE_CURVE_WITH_KNOTS ( 'NONE', 3,
 ( #3964, #1948, #1068, #5880 ),
 .UNSPECIFIED., .F., .F.,
 ( 4, 4 ),
 ( 8.000000000000000000, 9.000000000000000000 ),
 .UNSPECIFIED. ) ;
#5852 = CARTESIAN_POINT ( 'NONE',  ( 0.1737608787874757310, 0.3000000000383806209, 0.07353681726571997812 ) ) ;
#5853 = CARTESIAN_POINT ( 'NONE',  ( -0.1133951619037125158, 0.3000000000383806209, 0.1002364908588226217 ) ) ;
#5854 = VERTEX_POINT ( 'NONE', #10371 ) ;
#5855 = LINE ( 'NONE', #9633, #2778 ) ;
#5856 = VECTOR ( 'NONE', #3323, 1000.000000000000000 ) ;
#5857 = FILL_AREA_STYLE ('',( #5045 ) ) ;
#5858 = VERTEX_POINT ( 'NONE', #1789 ) ;
#5859 = SURFACE_STYLE_USAGE ( .BOTH. , #5801 ) ;
#5860 = B_SPLINE_CURVE_WITH_KNOTS ( 'NONE', 3,
 ( #1334, #6715, #10667, #3125 ),
 .UNSPECIFIED., .F., .F.,
 ( 4, 4 ),
 ( 12.00000000000000000, 13.00000000000000000 ),
 .UNSPECIFIED. ) ;
#5861 = ORIENTED_EDGE ( 'NONE', *, *, #1065, .F. ) ;
#5862 = VERTEX_POINT ( 'NONE', #8449 ) ;
#5863 = FILL_AREA_STYLE_COLOUR ( '', #2519 ) ;
#5864 =( LENGTH_UNIT ( ) NAMED_UNIT ( * ) SI_UNIT ( .MILLI., .METRE. ) );
#5865 = VECTOR ( 'NONE', #9113, 1000.000000000000000 ) ;
#5866 = CARTESIAN_POINT ( 'NONE',  ( -0.06505172009923927690, 0.3010000000383806218, 0.05497443063580040312 ) ) ;
#5867 = CARTESIAN_POINT ( 'NONE',  ( 0.2365428457808008422, 0.3000000000000000444, 0.02929996537310895766 ) ) ;
#5868 = DIRECTION ( 'NONE',  ( -0.007092178509962503846, 0.0000000000000000000, 0.9999748501857348426 ) ) ;
#5869 =( LENGTH_UNIT ( ) NAMED_UNIT ( * ) SI_UNIT ( .MILLI., .METRE. ) );
#5870 = PLANE ( 'NONE',  #2607 ) ;
#5871 =( LENGTH_UNIT ( ) NAMED_UNIT ( * ) SI_UNIT ( .MILLI., .METRE. ) );
#5872 = ORIENTED_EDGE ( 'NONE', *, *, #3443, .F. ) ;
#5873 = LINE ( 'NONE', #6861, #9856 ) ;
#5874 =( GEOMETRIC_REPRESENTATION_CONTEXT ( 3 ) GLOBAL_UNCERTAINTY_ASSIGNED_CONTEXT ( ( #3918 ) ) GLOBAL_UNIT_ASSIGNED_CONTEXT ( ( #3890, #6680, #117 ) ) REPRESENTATION_CONTEXT ( 'NONE', 'WORKASPACE' ) );
#5875 = FACE_OUTER_BOUND ( 'NONE', #9418, .T. ) ;
#5876 = EDGE_CURVE ( 'NONE', #2707, #9428, #907, .T. ) ;
#5877 = DIRECTION ( 'NONE',  ( 0.0000000000000000000, -0.0000000000000000000, -1.000000000000000000 ) ) ;
#5878 = FILL_AREA_STYLE ('',( #3507 ) ) ;
#5879 = CARTESIAN_POINT ( 'NONE',  ( -0.1168465351328578788, 0.3000000000383806764, 0.2064259549008332917 ) ) ;
#5880 = CARTESIAN_POINT ( 'NONE',  ( -0.08238606380397087148, 0.3000000000000000444, 0.2076061665215889196 ) ) ;
#5881 = DIRECTION ( 'NONE',  ( 0.007092178509965236036, 0.0000000000000000000, -0.9999748501857348426 ) ) ;
#5882 = DIRECTION ( 'NONE',  ( -0.0000000000000000000, -1.000000000000000000, -0.0000000000000000000 ) ) ;
#5883 = ORIENTED_EDGE ( 'NONE', *, *, #1601, .T. ) ;
#5884 = STYLED_ITEM ( 'NONE', ( #1879 ), #2650 ) ;
#5885 = CARTESIAN_POINT ( 'NONE',  ( 0.1956716209133519679, 0.3000000000000000444, 0.2259584781534839659 ) ) ;
#5886 = EDGE_LOOP ( 'NONE', ( #7810, #11805, #9869, #4516 ) ) ;
#5887 = SURFACE_SIDE_STYLE ('',( #8555 ) ) ;
#5888 = CARTESIAN_POINT ( 'NONE',  ( -0.1704031184300309476, 0.3000000000000000444, 0.2060461124987401083 ) ) ;
#5889 = CARTESIAN_POINT ( 'NONE',  ( -0.06905856497853075926, 0.3010000000383806773, 0.09434343094896985304 ) ) ;
#5890 = STYLED_ITEM ( 'NONE', ( #1809 ), #2979 ) ;
#5891 = LINE ( 'NONE', #4960, #10489 ) ;
#5892 = FILL_AREA_STYLE_COLOUR ( '', #3991 ) ;
#5893 = EDGE_LOOP ( 'NONE', ( #10917, #1828, #8340, #3972 ) ) ;
#5894 = STYLED_ITEM ( 'NONE', ( #4106 ), #7039 ) ;
#5895 = CARTESIAN_POINT ( 'NONE',  ( 0.2930118290230381839, 0.3000000000000000444, 0.08002207605094992238 ) ) ;
#5896 = UNCERTAINTY_MEASURE_WITH_UNIT (LENGTH_MEASURE( 1.000000000000000082E-05 ), #12246, 'distance_accuracy_value', 'NONE');
#5897 = CARTESIAN_POINT ( 'NONE',  ( 0.2835608266892032936, 0.3010000000383806218, 0.1281076399072667571 ) ) ;
#5898 = ADVANCED_FACE ( 'NONE', ( #11243 ), #1977, .F. ) ;
#5899 = EDGE_CURVE ( 'NONE', #4502, #7043, #4800, .T. ) ;
#5900 = FILL_AREA_STYLE_COLOUR ( '', #2210 ) ;
#5901 = SPHERICAL_SURFACE ( 'NONE', #9537, 0.05000000000000000278 ) ;
#5902 = ORIENTED_EDGE ( 'NONE', *, *, #8823, .T. ) ;
#5903 = CARTESIAN_POINT ( 'NONE',  ( -0.1697108044815270333, 0.3010000000383806773, 0.1590111914590974507 ) ) ;
#5904 = EDGE_CURVE ( 'NONE', #8780, #2600, #11419, .T. ) ;
#5905 = CARTESIAN_POINT ( 'NONE',  ( -0.1684574757390471245, 0.3010000000383806773, 0.09884777657425046493 ) ) ;
#5906 = DIRECTION ( 'NONE',  ( -0.0000000000000000000, -1.000000000000000000, -0.0000000000000000000 ) ) ;
#5907 = CARTESIAN_POINT ( 'NONE',  ( -0.1400545387897615124, 0.3010000000383806773, 0.04149717224798589454 ) ) ;
#5908 = ORIENTED_EDGE ( 'NONE', *, *, #8941, .F. ) ;
#5909 = SURFACE_STYLE_FILL_AREA ( #8761 ) ;
#5910 = PRESENTATION_LAYER_ASSIGNMENT (  '', '', ( #11439 ) ) ;
#5911 = FILL_AREA_STYLE ('',( #4910 ) ) ;
#5912 = PRESENTATION_STYLE_ASSIGNMENT (( #1289 ) ) ;
#5913 = SURFACE_STYLE_USAGE ( .BOTH. , #6846 ) ;
#5914 = EDGE_CURVE ( 'NONE', #11092, #4167, #11741, .T. ) ;
#5915 = CARTESIAN_POINT ( 'NONE',  ( -0.1017906464812901868, 0.3010000000383806218, 0.08256968020503013816 ) ) ;
#5916 = ORIENTED_EDGE ( 'NONE', *, *, #2725, .T. ) ;
#5917 = EDGE_CURVE ( 'NONE', #11372, #6007, #7708, .T. ) ;
#5918 = COLOUR_RGB ( '',1.000000000000000000, 1.000000000000000000, 1.000000000000000000 ) ;
#5919 = CARTESIAN_POINT ( 'NONE',  ( -0.09188544274815206581, 0.3000000000000000444, 0.1527629689026110127 ) ) ;
#5920 = PRESENTATION_LAYER_ASSIGNMENT (  '', '', ( #2563 ) ) ;
#5921 = PRESENTATION_STYLE_ASSIGNMENT (( #3886 ) ) ;
#5922 = VERTEX_POINT ( 'NONE', #4116 ) ;
#5923 = SURFACE_STYLE_USAGE ( .BOTH. , #5741 ) ;
#5924 = ORIENTED_EDGE ( 'NONE', *, *, #1641, .F. ) ;
#5925 = CARTESIAN_POINT ( 'NONE',  ( 0.1585076185311927455, 0.3010000000383806218, 0.2057397728603544695 ) ) ;
#5926 =( LENGTH_UNIT ( ) NAMED_UNIT ( * ) SI_UNIT ( .MILLI., .METRE. ) );
#5927 = COLOUR_RGB ( '',1.000000000000000000, 1.000000000000000000, 1.000000000000000000 ) ;
#5928 = CARTESIAN_POINT ( 'NONE',  ( -0.07329726075303738542, 0.3000000000000000444, 0.2147827505728447661 ) ) ;
#5929 = PLANE ( 'NONE',  #6294 ) ;
#5930 = PRESENTATION_LAYER_ASSIGNMENT (  '', '', ( #11673 ) ) ;
#5931 = PRESENTATION_LAYER_ASSIGNMENT (  '', '', ( #11865 ) ) ;
#5932 = SURFACE_STYLE_FILL_AREA ( #2676 ) ;
#5933 = SURFACE_STYLE_FILL_AREA ( #4203 ) ;
#5934 = CARTESIAN_POINT ( 'NONE',  ( -0.05339103524580324917, 0.3010000000383806218, 0.1657317484329678681 ) ) ;
#5935 = ORIENTED_EDGE ( 'NONE', *, *, #536, .F. ) ;
#5936 = FACE_OUTER_BOUND ( 'NONE', #10063, .T. ) ;
#5937 = COLOUR_RGB ( '',1.000000000000000000, 1.000000000000000000, 1.000000000000000000 ) ;
#5938 =( GEOMETRIC_REPRESENTATION_CONTEXT ( 3 ) GLOBAL_UNCERTAINTY_ASSIGNED_CONTEXT ( ( #3105 ) ) GLOBAL_UNIT_ASSIGNED_CONTEXT ( ( #7607, #7664, #3143 ) ) REPRESENTATION_CONTEXT ( 'NONE', 'WORKASPACE' ) );
#5939 = SURFACE_STYLE_FILL_AREA ( #7059 ) ;
#5940 = VECTOR ( 'NONE', #4058, 1000.000000000000000 ) ;
#5941 = DIRECTION ( 'NONE',  ( -0.9919892169122314085, 0.0000000000000000000, 0.1263225772768188093 ) ) ;
#5942 = STYLED_ITEM ( 'NONE', ( #2160 ), #11381 ) ;
#5943 = DIRECTION ( 'NONE',  ( -0.007092178509963963616, 0.0000000000000000000, 0.9999748501857348426 ) ) ;
#5944 = CARTESIAN_POINT ( 'NONE',  ( -0.2817027300535174250, 0.3010000000383806773, 0.05446725058058569241 ) ) ;
#5945 = DIRECTION ( 'NONE',  ( 0.0000000000000000000, 0.0000000000000000000, 1.000000000000000000 ) ) ;
#5946 = PRESENTATION_STYLE_ASSIGNMENT (( #5204 ) ) ;
#5947 = ORIENTED_EDGE ( 'NONE', *, *, #9087, .T. ) ;
#5948 = MECHANICAL_DESIGN_GEOMETRIC_PRESENTATION_REPRESENTATION (  '', ( #9890 ), #11089 ) ;
#5949 = SURFACE_SIDE_STYLE ('',( #5139 ) ) ;
#5950 = AXIS2_PLACEMENT_3D ( 'NONE', #4670, #8262, #1723 ) ;
#5951 = VECTOR ( 'NONE', #5148, 1000.000000000000000 ) ;
#5952 = ORIENTED_EDGE ( 'NONE', *, *, #9312, .F. ) ;
#5953 = VECTOR ( 'NONE', #10128, 1000.000000000000000 ) ;
#5954 = UNCERTAINTY_MEASURE_WITH_UNIT (LENGTH_MEASURE( 1.000000000000000082E-05 ), #8585, 'distance_accuracy_value', 'NONE');
#5955 = DIRECTION ( 'NONE',  ( -0.0000000000000000000, -1.000000000000000000, -0.0000000000000000000 ) ) ;
#5956 = MECHANICAL_DESIGN_GEOMETRIC_PRESENTATION_REPRESENTATION (  '', ( #4569 ), #6755 ) ;
#5957 = CARTESIAN_POINT ( 'NONE',  ( -0.06329103567887292559, 0.3000000000383806209, 0.06621658595844681638 ) ) ;
#5958 = CARTESIAN_POINT ( 'NONE',  ( -0.1224997779783061347, 0.3010000000383806218, 0.06670126856538299842 ) ) ;
#5959 = VECTOR ( 'NONE', #388, 1000.000000000000000 ) ;
#5960 = CARTESIAN_POINT ( 'NONE',  ( 0.1146891787164184690, 0.3010000000383806218, 0.08396301967234481856 ) ) ;
#5961 = ORIENTED_EDGE ( 'NONE', *, *, #1902, .F. ) ;
#5962 = CARTESIAN_POINT ( 'NONE',  ( -0.08268347050467753090, 0.3010000000383806218, 0.06261656694756101427 ) ) ;
#5963 = AXIS2_PLACEMENT_3D ( 'NONE', #10592, #269, #11455 ) ;
#5964 = B_SPLINE_CURVE_WITH_KNOTS ( 'NONE', 3,
 ( #6385, #9240, #3425, #10919, #647, #2552 ),
 .UNSPECIFIED., .F., .F.,
 ( 4, 2, 4 ),
 ( 2.000000000000000000, 3.000000000000000000, 4.000000000000000000 ),
 .UNSPECIFIED. ) ;
#5965 = PRESENTATION_LAYER_ASSIGNMENT (  '', '', ( #11108 ) ) ;
#5966 = LINE ( 'NONE', #6957, #5081 ) ;
#5967 = PLANE ( 'NONE',  #365 ) ;
#5968 = EDGE_CURVE ( 'NONE', #8205, #4594, #3618, .T. ) ;
#5969 = CARTESIAN_POINT ( 'NONE',  ( -0.1400545387897615124, 0.3010000000383806218, 0.04149717224798589454 ) ) ;
#5970 = AXIS2_PLACEMENT_3D ( 'NONE', #10201, #10141, #4551 ) ;
#5971 = MECHANICAL_DESIGN_GEOMETRIC_PRESENTATION_REPRESENTATION (  '', ( #4744 ), #11679 ) ;
#5972 = UNCERTAINTY_MEASURE_WITH_UNIT (LENGTH_MEASURE( 1.000000000000000082E-05 ), #4177, 'distance_accuracy_value', 'NONE');
#5973 = SURFACE_STYLE_USAGE ( .BOTH. , #7590 ) ;
#5974 = MECHANICAL_DESIGN_GEOMETRIC_PRESENTATION_REPRESENTATION (  '', ( #4005 ), #9727 ) ;
#5975 = COLOUR_RGB ( '',0.1019607843137254888, 0.1019607843137254888, 0.1019607843137254888 ) ;
#5976 = CARTESIAN_POINT ( 'NONE',  ( -0.06330585771785759985, 0.3000000000383806209, 0.06830644680900753440 ) ) ;
#5977 = CARTESIAN_POINT ( 'NONE',  ( -0.1430984179515005783, 0.3010000000383806773, 0.09902763206225634329 ) ) ;
#5978 = FACE_OUTER_BOUND ( 'NONE', #1516, .T. ) ;
#5979 = ORIENTED_EDGE ( 'NONE', *, *, #1694, .F. ) ;
#5980 = UNCERTAINTY_MEASURE_WITH_UNIT (LENGTH_MEASURE( 1.000000000000000082E-05 ), #958, 'distance_accuracy_value', 'NONE');
#5981 = ADVANCED_FACE ( 'NONE', ( #11676 ), #370, .F. ) ;
#5982 = PRESENTATION_LAYER_ASSIGNMENT (  '', '', ( #1656 ) ) ;
#5983 = VECTOR ( 'NONE', #1528, 1000.000000000000000 ) ;
#5984 = LINE ( 'NONE', #9751, #7277 ) ;
#5985 = MECHANICAL_DESIGN_GEOMETRIC_PRESENTATION_REPRESENTATION (  '', ( #9938 ), #4994 ) ;
#5986 =( NAMED_UNIT ( * ) PLANE_ANGLE_UNIT ( ) SI_UNIT ( $, .RADIAN. ) );
#5987 = CARTESIAN_POINT ( 'NONE',  ( -0.06435189913898473058, 0.3010000000383806218, 0.09924300173480912757 ) ) ;
#5988 = CARTESIAN_POINT ( 'NONE',  ( 0.4500000000000018430, -0.2500000000000001665, -0.02000000000000000042 ) ) ;
#5989 = ORIENTED_EDGE ( 'NONE', *, *, #11743, .F. ) ;
#5990 = B_SPLINE_CURVE_WITH_KNOTS ( 'NONE', 3,
 ( #5189, #9878, #8967, #4929 ),
 .UNSPECIFIED., .F., .F.,
 ( 4, 4 ),
 ( 3.000000000000000000, 4.000000000000000000 ),
 .UNSPECIFIED. ) ;
#5991 = CARTESIAN_POINT ( 'NONE',  ( -0.07420978241982030543, 0.3000000000383806209, 0.1587215196079294066 ) ) ;
#5992 = B_SPLINE_CURVE_WITH_KNOTS ( 'NONE', 3,
 ( #2304, #9034, #500, #7063 ),
 .UNSPECIFIED., .F., .F.,
 ( 4, 4 ),
 ( 5.000000000000000000, 6.000000000000000000 ),
 .UNSPECIFIED. ) ;
#5993 = CARTESIAN_POINT ( 'NONE',  ( -0.1142006192852175334, 0.3010000000383806218, 0.08185779380888048851 ) ) ;
#5994 =( NAMED_UNIT ( * ) PLANE_ANGLE_UNIT ( ) SI_UNIT ( $, .RADIAN. ) );
#5995 = ORIENTED_EDGE ( 'NONE', *, *, #5300, .T. ) ;
#5996 = UNCERTAINTY_MEASURE_WITH_UNIT (LENGTH_MEASURE( 1.000000000000000082E-05 ), #2383, 'distance_accuracy_value', 'NONE');
#5997 = DIRECTION ( 'NONE',  ( 0.007092178509966605600, 0.0000000000000000000, -0.9999748501857348426 ) ) ;
#5998 = ADVANCED_FACE ( 'NONE', ( #1288 ), #345, .F. ) ;
#5999 = ORIENTED_EDGE ( 'NONE', *, *, #9600, .F. ) ;
#6000 = CARTESIAN_POINT ( 'NONE',  ( -0.2963877271910252409, 0.3010000000383806773, 0.07105163361020422341 ) ) ;
#6001 = CARTESIAN_POINT ( 'NONE',  ( -0.2557314568895266427, 0.3010000000383806773, 0.1156659771520022750 ) ) ;
#6002 = CARTESIAN_POINT ( 'NONE',  ( -0.3097798096351688235, 0.3010000000383806218, 0.1054566875151959487 ) ) ;
#6003 = CARTESIAN_POINT ( 'NONE',  ( 0.2584566845650436706, 0.3000000000000000444, 0.05895426299984748292 ) ) ;
#6004 =( NAMED_UNIT ( * ) PLANE_ANGLE_UNIT ( ) SI_UNIT ( $, .RADIAN. ) );
#6005 = CARTESIAN_POINT ( 'NONE',  ( -0.09679829535651728045, 0.3010000000383806773, 0.2121205910882233703 ) ) ;
#6006 = DIRECTION ( 'NONE',  ( 1.000000000000000000, -0.0000000000000000000, 0.0000000000000000000 ) ) ;
#6007 = VERTEX_POINT ( 'NONE', #4179 ) ;
#6008 = FILL_AREA_STYLE_COLOUR ( '', #3543 ) ;
#6009 = SURFACE_STYLE_USAGE ( .BOTH. , #9597 ) ;
#6010 = PLANE ( 'NONE',  #3199 ) ;
#6011 = B_SPLINE_CURVE_WITH_KNOTS ( 'NONE', 3,
 ( #5437, #1796, #6415, #7415 ),
 .UNSPECIFIED., .F., .F.,
 ( 4, 4 ),
 ( 9.000000000000000000, 10.00000000000000000 ),
 .UNSPECIFIED. ) ;
#6012 = ADVANCED_FACE ( 'NONE', ( #6265 ), #7498, .F. ) ;
#6013 = VECTOR ( 'NONE', #6537, 1000.000000000000114 ) ;
#6014 = B_SPLINE_SURFACE_WITH_KNOTS ( 'NONE', 3, 1, ( 
 ( #3458, #110 ),
 ( #7715, #10496 ),
 ( #1870, #1797 ),
 ( #8642, #11314 ) ),
 .UNSPECIFIED., .F., .F., .F.,
 ( 4, 4 ),
 ( 2, 2 ),
 ( 21.00000000000000000, 22.00000000000000000 ),
 ( 0.0000000000000000000, 1.000000000000000000 ),
 .UNSPECIFIED. ) ;
#6015 = CARTESIAN_POINT ( 'NONE',  ( 0.3108954633881262919, 0.3000000000000000444, 0.1274338729253616798 ) ) ;
#6016 = EDGE_CURVE ( 'NONE', #9361, #11315, #643, .T. ) ;
#6017 = FILL_AREA_STYLE ('',( #6127 ) ) ;
#6018 = B_SPLINE_CURVE_WITH_KNOTS ( 'NONE', 3,
 ( #2893, #4679, #10433, #2766 ),
 .UNSPECIFIED., .F., .F.,
 ( 4, 4 ),
 ( 21.00000000000000000, 22.00000000000000000 ),
 .UNSPECIFIED. ) ;
#6019 = VERTEX_POINT ( 'NONE', #7319 ) ;
#6020 = PLANE ( 'NONE',  #9698 ) ;
#6021 = SURFACE_SIDE_STYLE ('',( #4217 ) ) ;
#6022 = ORIENTED_EDGE ( 'NONE', *, *, #1622, .T. ) ;
#6023 = STYLED_ITEM ( 'NONE', ( #7826 ), #5981 ) ;
#6024 = CARTESIAN_POINT ( 'NONE',  ( -0.1934591631605366568, 0.3010000000383806218, 0.1604336292458889701 ) ) ;
#6025 = EDGE_CURVE ( 'NONE', #7970, #10992, #5240, .T. ) ;
#6026 = CARTESIAN_POINT ( 'NONE',  ( -0.3217935729080182439, 0.3000000000000000444, 0.07087144628550492986 ) ) ;
#6027 = CARTESIAN_POINT ( 'NONE',  ( -0.01602550693476220353, 0.3010000000383806773, 0.1531450270305751149 ) ) ;
#6028 = ORIENTED_EDGE ( 'NONE', *, *, #466, .T. ) ;
#6029 = FACE_OUTER_BOUND ( 'NONE', #685, .T. ) ;
#6030 = EDGE_LOOP ( 'NONE', ( #3796, #1430, #8843, #7211, #5674, #7486, #11951, #10937, #2130, #3070, #4962, #12238 ) ) ;
#6031 = DIRECTION ( 'NONE',  ( -0.8896103580601519845, 0.0000000000000000000, 0.4567202763531394982 ) ) ;
#6032 = SURFACE_SIDE_STYLE ('',( #11663 ) ) ;
#6033 = CARTESIAN_POINT ( 'NONE',  ( -0.1251809627667016256, 0.3000000000000000444, 0.09288481112674941420 ) ) ;
#6034 = SURFACE_STYLE_USAGE ( .BOTH. , #9744 ) ;
#6035 = CARTESIAN_POINT ( 'NONE',  ( 0.09015416326393560498, 0.3010000000383806773, 0.05689298402215263450 ) ) ;
#6036 = PRESENTATION_STYLE_ASSIGNMENT (( #10672 ) ) ;
#6037 = EDGE_LOOP ( 'NONE', ( #5735, #5639, #7300, #5664 ) ) ;
#6038 = CARTESIAN_POINT ( 'NONE',  ( 0.2183422894924522684, 0.3000000000000000444, 0.2100684035978636344 ) ) ;
#6039 = CARTESIAN_POINT ( 'NONE',  ( -0.1228797243786863697, 0.3010000000383806218, 0.07848972516608603012 ) ) ;
#6040 =( NAMED_UNIT ( * ) SI_UNIT ( $, .STERADIAN. ) SOLID_ANGLE_UNIT ( ) );
#6041 = PLANE ( 'NONE',  #2046 ) ;
#6042 = ORIENTED_EDGE ( 'NONE', *, *, #2507, .F. ) ;
#6043 =( GEOMETRIC_REPRESENTATION_CONTEXT ( 3 ) GLOBAL_UNCERTAINTY_ASSIGNED_CONTEXT ( ( #2290 ) ) GLOBAL_UNIT_ASSIGNED_CONTEXT ( ( #1651, #706, #4474 ) ) REPRESENTATION_CONTEXT ( 'NONE', 'WORKASPACE' ) );
#6044 = FILL_AREA_STYLE ('',( #2287 ) ) ;
#6045 = LINE ( 'NONE', #9817, #11484 ) ;
#6046 = ORIENTED_EDGE ( 'NONE', *, *, #10479, .F. ) ;
#6047 = CARTESIAN_POINT ( 'NONE',  ( -0.2346538951962383601, 0.3010000000383806773, 0.2005370724958138451 ) ) ;
#6048 = ORIENTED_EDGE ( 'NONE', *, *, #3719, .T. ) ;
#6049 = CARTESIAN_POINT ( 'NONE',  ( -0.2592465163078721546, 0.3010000000383806218, 0.06370383296454304456 ) ) ;
#6050 = CARTESIAN_POINT ( 'NONE',  ( 0.2401238400747974511, 0.3010000000383806218, 0.1972086742878463861 ) ) ;
#6051 = CARTESIAN_POINT ( 'NONE',  ( -0.1924035092663176072, 0.3000000000383806209, 0.1963136666212549897 ) ) ;
#6052 =( GEOMETRIC_REPRESENTATION_CONTEXT ( 3 ) GLOBAL_UNCERTAINTY_ASSIGNED_CONTEXT ( ( #4662 ) ) GLOBAL_UNIT_ASSIGNED_CONTEXT ( ( #12128, #9397, #8463 ) ) REPRESENTATION_CONTEXT ( 'NONE', 'WORKASPACE' ) );
#6053 = SURFACE_STYLE_USAGE ( .BOTH. , #1304 ) ;
#6054 =( NAMED_UNIT ( * ) SI_UNIT ( $, .STERADIAN. ) SOLID_ANGLE_UNIT ( ) );
#6055 =( NAMED_UNIT ( * ) PLANE_ANGLE_UNIT ( ) SI_UNIT ( $, .RADIAN. ) );
#6056 = CARTESIAN_POINT ( 'NONE',  ( -0.2817027300535174250, 0.3010000000383806773, 0.05446725058058569241 ) ) ;
#6057 = ORIENTED_EDGE ( 'NONE', *, *, #5473, .T. ) ;
#6058 = ADVANCED_FACE ( 'NONE', ( #11276 ), #2549, .T. ) ;
#6059 = ADVANCED_FACE ( 'NONE', ( #3664 ), #1480, .F. ) ;
#6060 =( NAMED_UNIT ( * ) SI_UNIT ( $, .STERADIAN. ) SOLID_ANGLE_UNIT ( ) );
#6061 = FILL_AREA_STYLE ('',( #9030 ) ) ;
#6062 = SURFACE_SIDE_STYLE ('',( #6995 ) ) ;
#6063 = MECHANICAL_DESIGN_GEOMETRIC_PRESENTATION_REPRESENTATION (  '', ( #1933 ), #5068 ) ;
#6064 = CARTESIAN_POINT ( 'NONE',  ( 0.2401238400747974511, 0.3000000000000000444, 0.1972086742878463861 ) ) ;
#6065 =( NAMED_UNIT ( * ) PLANE_ANGLE_UNIT ( ) SI_UNIT ( $, .RADIAN. ) );
#6066 = CARTESIAN_POINT ( 'NONE',  ( 0.06109670222509443888, 0.3000000000000000444, 0.1169860697357324036 ) ) ;
#6067 = ORIENTED_EDGE ( 'NONE', *, *, #10389, .F. ) ;
#6068 = CARTESIAN_POINT ( 'NONE',  ( -0.1542511951100558332, 0.3000000000000000444, 0.06619533448549147492 ) ) ;
#6069 = DIRECTION ( 'NONE',  ( -0.9999748501857348426, -0.0000000000000000000, -0.007092178509963963616 ) ) ;
#6070 =( GEOMETRIC_REPRESENTATION_CONTEXT ( 3 ) GLOBAL_UNCERTAINTY_ASSIGNED_CONTEXT ( ( #8751 ) ) GLOBAL_UNIT_ASSIGNED_CONTEXT ( ( #819, #5459, #10220 ) ) REPRESENTATION_CONTEXT ( 'NONE', 'WORKASPACE' ) );
#6071 = ORIENTED_EDGE ( 'NONE', *, *, #9611, .T. ) ;
#6072 = ADVANCED_FACE ( 'NONE', ( #937 ), #11521, .F. ) ;
#6073 = UNCERTAINTY_MEASURE_WITH_UNIT (LENGTH_MEASURE( 1.000000000000000082E-05 ), #847, 'distance_accuracy_value', 'NONE');
#6074 = CARTESIAN_POINT ( 'NONE',  ( -0.1945390498360939080, 0.3010000000383806218, 0.1829476931888865954 ) ) ;
#6075 = ADVANCED_FACE ( 'NONE', ( #129 ), #5822, .F. ) ;
#6076 = EDGE_CURVE ( 'NONE', #4411, #8627, #4212, .T. ) ;
#6077 = CYLINDRICAL_SURFACE ( 'NONE', #6557, 0.04999999999999996808 ) ;
#6078 = PRESENTATION_STYLE_ASSIGNMENT (( #7079 ) ) ;
#6079 = CARTESIAN_POINT ( 'NONE',  ( -0.08268347050467753090, 0.3010000000383806218, 0.06261656694756101427 ) ) ;
#6080 =( GEOMETRIC_REPRESENTATION_CONTEXT ( 3 ) GLOBAL_UNCERTAINTY_ASSIGNED_CONTEXT ( ( #9619 ) ) GLOBAL_UNIT_ASSIGNED_CONTEXT ( ( #2233, #11753, #2293 ) ) REPRESENTATION_CONTEXT ( 'NONE', 'WORKASPACE' ) );
#6081 = ORIENTED_EDGE ( 'NONE', *, *, #10740, .T. ) ;
#6082 = LINE ( 'NONE', #3117, #9822 ) ;
#6083 = DIRECTION ( 'NONE',  ( -0.9999748501857348426, -0.0000000000000000000, -0.007092178509963466618 ) ) ;
#6084 = LINE ( 'NONE', #9924, #3755 ) ;
#6085 = ORIENTED_EDGE ( 'NONE', *, *, #6820, .F. ) ;
#6086 = UNCERTAINTY_MEASURE_WITH_UNIT (LENGTH_MEASURE( 1.000000000000000082E-05 ), #7936, 'distance_accuracy_value', 'NONE');
#6087 = VECTOR ( 'NONE', #573, 1000.000000000000114 ) ;
#6088 = CARTESIAN_POINT ( 'NONE',  ( -0.1218793731190529334, 0.3010000000383806773, 0.1001763178050260605 ) ) ;
#6089 = SURFACE_STYLE_USAGE ( .BOTH. , #2451 ) ;
#6090 = CARTESIAN_POINT ( 'NONE',  ( -0.08283843371524417243, 0.3010000000383806773, 0.05587766714118960060 ) ) ;
#6091 = EDGE_LOOP ( 'NONE', ( #4255, #9505, #322, #576 ) ) ;
#6092 = CARTESIAN_POINT ( 'NONE',  ( -0.2963877271910252409, 0.3010000000383806773, 0.07105163361020422341 ) ) ;
#6093 = CARTESIAN_POINT ( 'NONE',  ( -0.1403964596463010972, 0.3010000000383806773, 0.2062589304316533867 ) ) ;
#6094 = EDGE_CURVE ( 'NONE', #11431, #5046, #9069, .T. ) ;
#6095 =( LENGTH_UNIT ( ) NAMED_UNIT ( * ) SI_UNIT ( .MILLI., .METRE. ) );
#6096 = ORIENTED_EDGE ( 'NONE', *, *, #11965, .T. ) ;
#6097 = B_SPLINE_SURFACE_WITH_KNOTS ( 'NONE', 3, 1, ( 
 ( #2100, #220 ),
 ( #1160, #2398 ),
 ( #346, #408 ),
 ( #6845, #4913 ) ),
 .UNSPECIFIED., .F., .F., .F.,
 ( 4, 4 ),
 ( 2, 2 ),
 ( 7.000000000000000000, 8.000000000000000000 ),
 ( 0.0000000000000000000, 1.000000000000000000 ),
 .UNSPECIFIED. ) ;
#6098 = CARTESIAN_POINT ( 'NONE',  ( -0.07744101015633554630, 0.3010000000383806218, 0.06234181312721942536 ) ) ;
#6099 = CARTESIAN_POINT ( 'NONE',  ( -0.1126506403741447809, 0.3010000000383806218, 0.05463684210604041053 ) ) ;
#6100 = ORIENTED_EDGE ( 'NONE', *, *, #9548, .T. ) ;
#6101 = UNCERTAINTY_MEASURE_WITH_UNIT (LENGTH_MEASURE( 1.000000000000000082E-05 ), #5124, 'distance_accuracy_value', 'NONE');
#6102 = CARTESIAN_POINT ( 'NONE',  ( 0.2000000000000018152, -0.2500000000000001665, -0.02000000000000000042 ) ) ;
#6103 = ORIENTED_EDGE ( 'NONE', *, *, #6428, .F. ) ;
#6104 = CARTESIAN_POINT ( 'NONE',  ( -0.1126506403741447809, 0.3000000000000000444, 0.05463684210604041053 ) ) ;
#6105 = CARTESIAN_POINT ( 'NONE',  ( -0.1253703211595268707, 0.3000000000000000444, 0.05800911053237797071 ) ) ;
#6106 =( LENGTH_UNIT ( ) NAMED_UNIT ( * ) SI_UNIT ( .MILLI., .METRE. ) );
#6107 = FILL_AREA_STYLE ('',( #9150 ) ) ;
#6108 = CARTESIAN_POINT ( 'NONE',  ( 0.07477478006641244401, 0.3010000000383806218, 0.08454754994499789900 ) ) ;
#6109 = CARTESIAN_POINT ( 'NONE',  ( 0.0000000000000000000, 0.0000000000000000000, 0.2999999999999999889 ) ) ;
#6110 =( GEOMETRIC_REPRESENTATION_CONTEXT ( 3 ) GLOBAL_UNCERTAINTY_ASSIGNED_CONTEXT ( ( #136 ) ) GLOBAL_UNIT_ASSIGNED_CONTEXT ( ( #9713, #2971, #2247 ) ) REPRESENTATION_CONTEXT ( 'NONE', 'WORKASPACE' ) );
#6111 = ADVANCED_FACE ( 'NONE', ( #3098 ), #4089, .F. ) ;
#6112 = CARTESIAN_POINT ( 'NONE',  ( -0.5000000000000002220, 0.3000000000000000444, 0.2999999999999999889 ) ) ;
#6113 = CARTESIAN_POINT ( 'NONE',  ( -0.05090353491118973506, 0.3000000000000000444, 0.1822507638114128914 ) ) ;
#6114 = ORIENTED_EDGE ( 'NONE', *, *, #6987, .F. ) ;
#6115 =( NAMED_UNIT ( * ) PLANE_ANGLE_UNIT ( ) SI_UNIT ( $, .RADIAN. ) );
#6116 = B_SPLINE_CURVE_WITH_KNOTS ( 'NONE', 3,
 ( #4958, #1134, #270, #4889 ),
 .UNSPECIFIED., .F., .F.,
 ( 4, 4 ),
 ( 1.000000000000000000, 2.000000000000000000 ),
 .UNSPECIFIED. ) ;
#6117 = CARTESIAN_POINT ( 'NONE',  ( -0.1763802318002337111, 0.3000000000383806764, 0.09879158556078007636 ) ) ;
#6118 = FILL_AREA_STYLE_COLOUR ( '', #627 ) ;
#6119 = LINE ( 'NONE', #5260, #2683 ) ;
#6120 = VECTOR ( 'NONE', #11934, 1000.000000000000000 ) ;
#6121 = FACE_OUTER_BOUND ( 'NONE', #11063, .T. ) ;
#6122 = FILL_AREA_STYLE_COLOUR ( '', #1671 ) ;
#6123 = COLOUR_RGB ( '',0.1019607843137254888, 0.1019607843137254888, 0.1019607843137254888 ) ;
#6124 = EDGE_CURVE ( 'NONE', #9394, #11092, #6934, .T. ) ;
#6125 = EDGE_CURVE ( 'NONE', #2873, #6714, #7453, .T. ) ;
#6126 = VECTOR ( 'NONE', #7940, 1000.000000000000000 ) ;
#6127 = FILL_AREA_STYLE_COLOUR ( '', #6819 ) ;
#6128 = DIRECTION ( 'NONE',  ( -0.9999748501857348426, 0.0000000000000000000, -0.007092178509963928922 ) ) ;
#6129 = ORIENTED_EDGE ( 'NONE', *, *, #2816, .F. ) ;
#6130 = CARTESIAN_POINT ( 'NONE',  ( -0.1085876274563394861, 0.3000000000383806764, 0.1524885434381348659 ) ) ;
#6131 = SURFACE_STYLE_USAGE ( .BOTH. , #5949 ) ;
#6132 = EDGE_CURVE ( 'NONE', #7706, #10378, #2427, .T. ) ;
#6133 = CARTESIAN_POINT ( 'NONE',  ( -0.2161644645117964669, 0.3010000000383806773, 0.1159466003826696290 ) ) ;
#6134 = ORIENTED_EDGE ( 'NONE', *, *, #11848, .F. ) ;
#6135 = FILL_AREA_STYLE ('',( #8176 ) ) ;
#6136 =( GEOMETRIC_REPRESENTATION_CONTEXT ( 3 ) GLOBAL_UNCERTAINTY_ASSIGNED_CONTEXT ( ( #10490 ) ) GLOBAL_UNIT_ASSIGNED_CONTEXT ( ( #7622, #11750, #2636 ) ) REPRESENTATION_CONTEXT ( 'NONE', 'WORKASPACE' ) );
#6137 =( LENGTH_UNIT ( ) NAMED_UNIT ( * ) SI_UNIT ( .MILLI., .METRE. ) );
#6138 = DIRECTION ( 'NONE',  ( -0.0000000000000000000, -1.000000000000000000, -0.0000000000000000000 ) ) ;
#6139 = AXIS2_PLACEMENT_3D ( 'NONE', #3015, #10429, #6899 ) ;
#6140 = EDGE_CURVE ( 'NONE', #3397, #4507, #9778, .T. ) ;
#6141 = PRESENTATION_LAYER_ASSIGNMENT (  '', '', ( #10885 ) ) ;
#6142 = ORIENTED_EDGE ( 'NONE', *, *, #7148, .F. ) ;
#6143 = STYLED_ITEM ( 'NONE', ( #3004 ), #11654 ) ;
#6144 = LINE ( 'NONE', #6211, #2887 ) ;
#6145 = CARTESIAN_POINT ( 'NONE',  ( -0.04824933950742547190, 0.3010000000383806773, 0.1598726395160341429 ) ) ;
#6146 = COLOUR_RGB ( '',1.000000000000000000, 1.000000000000000000, 1.000000000000000000 ) ;
#6147 = DIRECTION ( 'NONE',  ( 0.9999748501857348426, -0.0000000000000000000, 0.007092178509963286206 ) ) ;
#6148 = VERTEX_POINT ( 'NONE', #6066 ) ;
#6149 = B_SPLINE_CURVE_WITH_KNOTS ( 'NONE', 3,
 ( #4380, #4308, #4253, #7345, #2572, #666 ),
 .UNSPECIFIED., .F., .F.,
 ( 4, 2, 4 ),
 ( 2.000000000000000000, 3.000000000000000000, 4.000000000000000000 ),
 .UNSPECIFIED. ) ;
#6150 = CARTESIAN_POINT ( 'NONE',  ( -0.06537249139256422203, 0.3000000000383806209, 0.07381304289953131981 ) ) ;
#6151 = STYLED_ITEM ( 'NONE', ( #11524 ), #10088 ) ;
#6152 = COLOUR_RGB ( '',1.000000000000000000, 1.000000000000000000, 1.000000000000000000 ) ;
#6153 = CARTESIAN_POINT ( 'NONE',  ( -0.1529269886429297232, 0.3010000000383806773, 0.1521740728647053287 ) ) ;
#6154 = STYLED_ITEM ( 'NONE', ( #8050 ), #1387 ) ;
#6155 =( LENGTH_UNIT ( ) NAMED_UNIT ( * ) SI_UNIT ( .MILLI., .METRE. ) );
#6156 =( GEOMETRIC_REPRESENTATION_CONTEXT ( 3 ) GLOBAL_UNCERTAINTY_ASSIGNED_CONTEXT ( ( #4698 ) ) GLOBAL_UNIT_ASSIGNED_CONTEXT ( ( #1655, #11100, #766 ) ) REPRESENTATION_CONTEXT ( 'NONE', 'WORKASPACE' ) );
#6157 =( NAMED_UNIT ( * ) PLANE_ANGLE_UNIT ( ) SI_UNIT ( $, .RADIAN. ) );
#6158 = ORIENTED_EDGE ( 'NONE', *, *, #6363, .F. ) ;
#6159 = CARTESIAN_POINT ( 'NONE',  ( 0.2401238400747974511, 0.3010000000383806218, 0.1972086742878463861 ) ) ;
#6160 = FACE_OUTER_BOUND ( 'NONE', #1772, .T. ) ;
#6161 = EDGE_CURVE ( 'NONE', #5349, #11398, #9036, .T. ) ;
#6162 = VECTOR ( 'NONE', #9388, 1000.000000000000000 ) ;
#6163 = VECTOR ( 'NONE', #7866, 1000.000000000000000 ) ;
#6164 = LINE ( 'NONE', #9251, #8650 ) ;
#6165 =( GEOMETRIC_REPRESENTATION_CONTEXT ( 3 ) GLOBAL_UNCERTAINTY_ASSIGNED_CONTEXT ( ( #10745 ) ) GLOBAL_UNIT_ASSIGNED_CONTEXT ( ( #3869, #3186, #9622 ) ) REPRESENTATION_CONTEXT ( 'NONE', 'WORKASPACE' ) );
#6166 = CARTESIAN_POINT ( 'NONE',  ( 0.1260660218168952740, 0.3000000000000000444, 0.1313287011573964769 ) ) ;
#6167 = COLOUR_RGB ( '',1.000000000000000000, 1.000000000000000000, 1.000000000000000000 ) ;
#6168 = CARTESIAN_POINT ( 'NONE',  ( -0.09679829535651722494, 0.3010000000383806773, 0.2121205910882233703 ) ) ;
#6169 = MECHANICAL_DESIGN_GEOMETRIC_PRESENTATION_REPRESENTATION (  '', ( #5571 ), #10121 ) ;
#6170 = FILL_AREA_STYLE ('',( #1347 ) ) ;
#6171 = MECHANICAL_DESIGN_GEOMETRIC_PRESENTATION_REPRESENTATION (  '', ( #11299 ), #7549 ) ;
#6172 = DIRECTION ( 'NONE',  ( -0.0000000000000000000, -1.000000000000000000, -0.0000000000000000000 ) ) ;
#6173 = VERTEX_POINT ( 'NONE', #8038 ) ;
#6174 = CARTESIAN_POINT ( 'NONE',  ( 0.2301529359484426329, 0.3010000000383806218, 0.1962703437822883312 ) ) ;
#6175 = FILL_AREA_STYLE_COLOUR ( '', #7734 ) ;
#6176 = ORIENTED_EDGE ( 'NONE', *, *, #11655, .F. ) ;
#6177 = DIRECTION ( 'NONE',  ( -0.0000000000000000000, -1.000000000000000000, -0.0000000000000000000 ) ) ;
#6178 = CARTESIAN_POINT ( 'NONE',  ( -0.04820231503667318784, 0.3000000000383806764, 0.06307947426199811414 ) ) ;
#6179 = ORIENTED_EDGE ( 'NONE', *, *, #5809, .T. ) ;
#6180 = CIRCLE ( 'NONE', #8144, 0.05000000000000002359 ) ;
#6181 = COLOUR_RGB ( '',1.000000000000000000, 1.000000000000000000, 1.000000000000000000 ) ;
#6182 = SURFACE_STYLE_USAGE ( .BOTH. , #7174 ) ;
#6183 = CARTESIAN_POINT ( 'NONE',  ( -0.2171197913716588490, 0.3010000000383806773, 0.05492529583016843298 ) ) ;
#6184 = CARTESIAN_POINT ( 'NONE',  ( -0.05857630941871455610, 0.3000000000000000444, 0.1601425257019531423 ) ) ;
#6185 =( NAMED_UNIT ( * ) SI_UNIT ( $, .STERADIAN. ) SOLID_ANGLE_UNIT ( ) );
#6186 = DIRECTION ( 'NONE',  ( 0.007092178509958839243, -0.0000000000000000000, -0.9999748501857349536 ) ) ;
#6187 = SURFACE_SIDE_STYLE ('',( #7115 ) ) ;
#6188 = FILL_AREA_STYLE_COLOUR ( '', #8704 ) ;
#6189 = SURFACE_SIDE_STYLE ('',( #3093 ) ) ;
#6190 = ORIENTED_EDGE ( 'NONE', *, *, #11273, .F. ) ;
#6191 = AXIS2_PLACEMENT_3D ( 'NONE', #5591, #1827, #6697 ) ;
#6192 = COLOUR_RGB ( '',1.000000000000000000, 1.000000000000000000, 1.000000000000000000 ) ;
#6193 = CARTESIAN_POINT ( 'NONE',  ( -0.1261413847512703745, 0.3010000000383806218, 0.07656378746473867236 ) ) ;
#6194 =( LENGTH_UNIT ( ) NAMED_UNIT ( * ) SI_UNIT ( .MILLI., .METRE. ) );
#6195 = VERTEX_POINT ( 'NONE', #4335 ) ;
#6196 = CARTESIAN_POINT ( 'NONE',  ( -0.02395080812184766442, 0.3010000000383806773, 0.1600449733723151025 ) ) ;
#6197 = ADVANCED_FACE ( 'NONE', ( #8788 ), #6213, .F. ) ;
#6198 = CARTESIAN_POINT ( 'NONE',  ( 0.2174562885453621697, 0.3000000000000000444, 0.02916459669755753700 ) ) ;
#6199 = CARTESIAN_POINT ( 'NONE',  ( -0.08296386798547464303, 0.3010000000383806773, 0.07356350449083751131 ) ) ;
#6200 = ORIENTED_EDGE ( 'NONE', *, *, #512, .F. ) ;
#6201 = CARTESIAN_POINT ( 'NONE',  ( -0.08283843371524417243, 0.3010000000383806773, 0.05587766714118960060 ) ) ;
#6202 = SURFACE_STYLE_USAGE ( .BOTH. , #11080 ) ;
#6203 = LINE ( 'NONE', #564, #5389 ) ;
#6204 = ORIENTED_EDGE ( 'NONE', *, *, #2440, .F. ) ;
#6205 = UNCERTAINTY_MEASURE_WITH_UNIT (LENGTH_MEASURE( 1.000000000000000082E-05 ), #577, 'distance_accuracy_value', 'NONE');
#6206 = SURFACE_SIDE_STYLE ('',( #11900 ) ) ;
#6207 = CARTESIAN_POINT ( 'NONE',  ( -0.4500000000000000111, -0.2999999999999999334, 0.2999999999999999889 ) ) ;
#6208 = LINE ( 'NONE', #5215, #5760 ) ;
#6209 = CARTESIAN_POINT ( 'NONE',  ( -0.3194094911806665271, 0.3010000000383806773, 0.07778212340617211840 ) ) ;
#6210 = ORIENTED_EDGE ( 'NONE', *, *, #2069, .F. ) ;
#6211 = CARTESIAN_POINT ( 'NONE',  ( -0.2161644645117964669, 0.3000000000383806764, 0.1159466003826696290 ) ) ;
#6212 =( LENGTH_UNIT ( ) NAMED_UNIT ( * ) SI_UNIT ( .MILLI., .METRE. ) );
#6213 = B_SPLINE_SURFACE_WITH_KNOTS ( 'NONE', 3, 1, ( 
 ( #5072, #6254 ),
 ( #1745, #9096 ),
 ( #10021, #5506 ),
 ( #4401, #624 ) ),
 .UNSPECIFIED., .F., .F., .F.,
 ( 4, 4 ),
 ( 2, 2 ),
 ( 19.00000000000000000, 20.00000000000000000 ),
 ( 0.0000000000000000000, 1.000000000000000000 ),
 .UNSPECIFIED. ) ;
#6214 = CARTESIAN_POINT ( 'NONE',  ( -0.2380770480339418904, 0.3000000000383806764, 0.2125846872885029937 ) ) ;
#6215 = ORIENTED_EDGE ( 'NONE', *, *, #555, .T. ) ;
#6216 = UNCERTAINTY_MEASURE_WITH_UNIT (LENGTH_MEASURE( 1.000000000000000082E-05 ), #4579, 'distance_accuracy_value', 'NONE');
#6217 = FILL_AREA_STYLE ('',( #1523 ) ) ;
#6218 = ADVANCED_FACE ( 'NONE', ( #2536 ), #10060, .F. ) ;
#6219 = ADVANCED_FACE ( 'NONE', ( #12192 ), #4636, .F. ) ;
#6220 = CARTESIAN_POINT ( 'NONE',  ( -0.1925647644945035486, 0.3000000000000000444, 0.1090954354274050880 ) ) ;
#6221 = CARTESIAN_POINT ( 'NONE',  ( 0.2401238400747974511, 0.3000000000000000444, 0.1972086742878463861 ) ) ;
#6222 = SURFACE_STYLE_USAGE ( .BOTH. , #2501 ) ;
#6223 = COLOUR_RGB ( '',1.000000000000000000, 1.000000000000000000, 1.000000000000000000 ) ;
#6224 = DIRECTION ( 'NONE',  ( 0.3382111624796516614, 0.0000000000000000000, -0.9410702468860454584 ) ) ;
#6225 = ORIENTED_EDGE ( 'NONE', *, *, #3501, .F. ) ;
#6226 = PRESENTATION_STYLE_ASSIGNMENT (( #8951 ) ) ;
#6227 = FACE_BOUND ( 'NONE', #6289, .T. ) ;
#6228 = LINE ( 'NONE', #9992, #10458 ) ;
#6229 = PRESENTATION_STYLE_ASSIGNMENT (( #5175 ) ) ;
#6230 = PRESENTATION_LAYER_ASSIGNMENT (  '', '', ( #8996 ) ) ;
#6231 = B_SPLINE_SURFACE_WITH_KNOTS ( 'NONE', 3, 1, ( 
 ( #542, #8084 ),
 ( #11875, #6396 ),
 ( #3330, #1425 ),
 ( #11230, #5191 ) ),
 .UNSPECIFIED., .F., .F., .F.,
 ( 4, 4 ),
 ( 2, 2 ),
 ( 1.000000000000000000, 2.000000000000000000 ),
 ( 0.0000000000000000000, 1.000000000000000000 ),
 .UNSPECIFIED. ) ;
#6232 = DIRECTION ( 'NONE',  ( -0.0000000000000000000, -1.000000000000000000, -0.0000000000000000000 ) ) ;
#6233 = DIRECTION ( 'NONE',  ( 0.9999748501857348426, -0.0000000000000000000, 0.007092178509963393759 ) ) ;
#6234 = ORIENTED_EDGE ( 'NONE', *, *, #2139, .T. ) ;
#6235 = ADVANCED_FACE ( 'NONE', ( #11957 ), #9187, .T. ) ;
#6236 = PRESENTATION_STYLE_ASSIGNMENT (( #6981 ) ) ;
#6237 = ORIENTED_EDGE ( 'NONE', *, *, #5904, .F. ) ;
#6238 = SURFACE_STYLE_FILL_AREA ( #2466 ) ;
#6239 = CARTESIAN_POINT ( 'NONE',  ( -0.07010858147790996475, 0.3000000000383806764, 0.08185857505698616865 ) ) ;
#6240 = ORIENTED_EDGE ( 'NONE', *, *, #3659, .T. ) ;
#6241 = DIRECTION ( 'NONE',  ( 1.000000000000000000, -7.264154555652881286E-15, 0.0000000000000000000 ) ) ;
#6242 = FILL_AREA_STYLE_COLOUR ( '', #5749 ) ;
#6243 = FACE_OUTER_BOUND ( 'NONE', #6970, .T. ) ;
#6244 = PRESENTATION_STYLE_ASSIGNMENT (( #1241 ) ) ;
#6245 = SURFACE_STYLE_USAGE ( .BOTH. , #2471 ) ;
#6246 =( NAMED_UNIT ( * ) PLANE_ANGLE_UNIT ( ) SI_UNIT ( $, .RADIAN. ) );
#6247 = FACE_OUTER_BOUND ( 'NONE', #7421, .T. ) ;
#6248 = ORIENTED_EDGE ( 'NONE', *, *, #5751, .F. ) ;
#6249 = DIRECTION ( 'NONE',  ( -0.007092178509963293145, -0.0000000000000000000, 0.9999748501857348426 ) ) ;
#6250 = ORIENTED_EDGE ( 'NONE', *, *, #3827, .F. ) ;
#6251 = ORIENTED_EDGE ( 'NONE', *, *, #4714, .F. ) ;
#6252 = CARTESIAN_POINT ( 'NONE',  ( -0.3278980124440741828, 0.3000000000383806764, 0.05413961715163378291 ) ) ;
#6253 = CARTESIAN_POINT ( 'NONE',  ( -0.1090018511163427239, 0.3000000000000000444, 0.08994259400426035667 ) ) ;
#6254 = CARTESIAN_POINT ( 'NONE',  ( -0.1008470305938002215, 0.3000000000000000444, 0.05727842632315501697 ) ) ;
#6255 = EDGE_LOOP ( 'NONE', ( #10199, #4218, #6067, #821 ) ) ;
#6256 = PRESENTATION_STYLE_ASSIGNMENT (( #6202 ) ) ;
#6257 = CARTESIAN_POINT ( 'NONE',  ( -0.08238606380397087148, 0.3010000000383806218, 0.2076061665215889196 ) ) ;
#6258 = EDGE_LOOP ( 'NONE', ( #7608, #1588, #1445, #2586, #3665, #2494, #2968 ) ) ;
#6260 = ADVANCED_FACE ( 'NONE', ( #2059 ), #2779, .F. ) ;
#6259 = CARTESIAN_POINT ( 'NONE',  ( -0.1414508950651480190, 0.3010000000383806773, 0.1592116208221150964 ) ) ;
#6261 = AXIS2_PLACEMENT_3D ( 'NONE', #10601, #2265, #8802 ) ;
#6262 = SURFACE_SIDE_STYLE ('',( #7010 ) ) ;
#6263 = DIRECTION ( 'NONE',  ( -0.0000000000000000000, -1.000000000000000000, -0.0000000000000000000 ) ) ;
#6264 = CARTESIAN_POINT ( 'NONE',  ( -0.4134856939638866247, -0.2375113646789956401, 0.2999999999999999889 ) ) ;
#6265 = FACE_OUTER_BOUND ( 'NONE', #10120, .T. ) ;
#6266 = ORIENTED_EDGE ( 'NONE', *, *, #10583, .T. ) ;
#6267 = STYLED_ITEM ( 'NONE', ( #8562 ), #3261 ) ;
#6268 = SURFACE_STYLE_FILL_AREA ( #8806 ) ;
#6269 =( NAMED_UNIT ( * ) SI_UNIT ( $, .STERADIAN. ) SOLID_ANGLE_UNIT ( ) );
#6270 = DIRECTION ( 'NONE',  ( -0.0000000000000000000, -1.000000000000000000, -0.0000000000000000000 ) ) ;
#6271 = VERTEX_POINT ( 'NONE', #5685 ) ;
#6272 = CARTESIAN_POINT ( 'NONE',  ( -0.1215078339447045880, 0.3000000000000000444, 0.09397144201529206153 ) ) ;
#6273 =( LENGTH_UNIT ( ) NAMED_UNIT ( * ) SI_UNIT ( .MILLI., .METRE. ) );
#6274 = DIRECTION ( 'NONE',  ( 0.4610253948556706782, -0.0000000000000000000, 0.8873869422626033954 ) ) ;
#6275 = PRESENTATION_LAYER_ASSIGNMENT (  '', '', ( #4885 ) ) ;
#6276 =( NAMED_UNIT ( * ) PLANE_ANGLE_UNIT ( ) SI_UNIT ( $, .RADIAN. ) );
#6277 =( LENGTH_UNIT ( ) NAMED_UNIT ( * ) SI_UNIT ( .MILLI., .METRE. ) );
#6278 = VERTEX_POINT ( 'NONE', #6803 ) ;
#6279 =( NAMED_UNIT ( * ) PLANE_ANGLE_UNIT ( ) SI_UNIT ( $, .RADIAN. ) );
#6280 = EDGE_CURVE ( 'NONE', #2348, #4580, #11141, .T. ) ;
#6281 = EDGE_CURVE ( 'NONE', #1536, #2656, #988, .T. ) ;
#6282 = FACE_BOUND ( 'NONE', #4787, .T. ) ;
#6283 = CARTESIAN_POINT ( 'NONE',  ( -0.2142450491027245441, 0.3010000000383806773, 0.08941452633897051250 ) ) ;
#6284 = LINE ( 'NONE', #475, #1041 ) ;
#6285 = VECTOR ( 'NONE', #2271, 1000.000000000000227 ) ;
#6287 = EDGE_CURVE ( 'NONE', #3006, #12171, #7613, .T. ) ;
#6286 = FILL_AREA_STYLE_COLOUR ( '', #4174 ) ;
#6288 =( NAMED_UNIT ( * ) SI_UNIT ( $, .STERADIAN. ) SOLID_ANGLE_UNIT ( ) );
#6289 = EDGE_LOOP ( 'NONE', ( #1542, #3941, #5557, #6481, #8937, #2568, #3761, #5531 ) ) ;
#6290 = CARTESIAN_POINT ( 'NONE',  ( -0.1180266107297594513, 0.3010000000383806218, 0.08033336945613479829 ) ) ;
#6291 = PRESENTATION_STYLE_ASSIGNMENT (( #5428 ) ) ;
#6292 = CARTESIAN_POINT ( 'NONE',  ( 0.2930118290230381839, 0.3000000000000000444, 0.08002207605094992238 ) ) ;
#6293 = ORIENTED_EDGE ( 'NONE', *, *, #1319, .T. ) ;
#6294 = AXIS2_PLACEMENT_3D ( 'NONE', #1239, #5001, #8775 ) ;
#6295 = CARTESIAN_POINT ( 'NONE',  ( 0.1778433525305151697, 0.3010000000383806218, 0.2319053324667978422 ) ) ;
#6296 = VERTEX_POINT ( 'NONE', #10445 ) ;
#6297 = VECTOR ( 'NONE', #6921, 1000.000000000000000 ) ;
#6298 = ADVANCED_FACE ( 'NONE', ( #5747 ), #10644, .F. ) ;
#6299 = DIRECTION ( 'NONE',  ( 0.0000000000000000000, 1.000000000000000000, 0.0000000000000000000 ) ) ;
#6300 = EDGE_CURVE ( 'NONE', #1653, #5018, #11437, .T. ) ;
#6301 = DIRECTION ( 'NONE',  ( 0.9422431202176752008, 0.0000000000000000000, -0.3349296977015619459 ) ) ;
#6302 = ORIENTED_EDGE ( 'NONE', *, *, #7267, .T. ) ;
#6303 = VERTEX_POINT ( 'NONE', #6183 ) ;
#6304 = COLOUR_RGB ( '',1.000000000000000000, 1.000000000000000000, 1.000000000000000000 ) ;
#6305 = SURFACE_SIDE_STYLE ('',( #7122 ) ) ;
#6306 = ORIENTED_EDGE ( 'NONE', *, *, #2267, .F. ) ;
#6307 = CARTESIAN_POINT ( 'NONE',  ( -0.2904052849400102776, 0.3000000000000000444, 0.05440552895555052226 ) ) ;
#6308 = ORIENTED_EDGE ( 'NONE', *, *, #2285, .F. ) ;
#6309 = LINE ( 'NONE', #8981, #12003 ) ;
#6310 = B_SPLINE_SURFACE_WITH_KNOTS ( 'NONE', 3, 1, ( 
 ( #2334, #9864 ),
 ( #11556, #7098 ),
 ( #11677, #1405 ),
 ( #1221, #7827 ) ),
 .UNSPECIFIED., .F., .F., .F.,
 ( 4, 4 ),
 ( 2, 2 ),
 ( 5.000000000000000000, 6.000000000000000000 ),
 ( 0.0000000000000000000, 1.000000000000000000 ),
 .UNSPECIFIED. ) ;
#6311 = CARTESIAN_POINT ( 'NONE',  ( -0.1047820843058547002, 0.3010000000383806218, 0.06233506160403734508 ) ) ;
#6312 = COLOUR_RGB ( '',1.000000000000000000, 1.000000000000000000, 1.000000000000000000 ) ;
#6313 = PRESENTATION_STYLE_ASSIGNMENT (( #6484 ) ) ;
#6314 = SURFACE_STYLE_FILL_AREA ( #2537 ) ;
#6315 = ORIENTED_EDGE ( 'NONE', *, *, #2746, .F. ) ;
#6316 = B_SPLINE_CURVE_WITH_KNOTS ( 'NONE', 3,
 ( #6850, #2106, #2340, #3266 ),
 .UNSPECIFIED., .F., .F.,
 ( 4, 4 ),
 ( 10.00000000000000000, 11.00000000000000000 ),
 .UNSPECIFIED. ) ;
#6317 = ORIENTED_EDGE ( 'NONE', *, *, #2931, .F. ) ;
#6318 =( NAMED_UNIT ( * ) SI_UNIT ( $, .STERADIAN. ) SOLID_ANGLE_UNIT ( ) );
#6319 =( GEOMETRIC_REPRESENTATION_CONTEXT ( 3 ) GLOBAL_UNCERTAINTY_ASSIGNED_CONTEXT ( ( #2135 ) ) GLOBAL_UNIT_ASSIGNED_CONTEXT ( ( #3885, #1106, #3938 ) ) REPRESENTATION_CONTEXT ( 'NONE', 'WORKASPACE' ) );
#6320 =( LENGTH_UNIT ( ) NAMED_UNIT ( * ) SI_UNIT ( .MILLI., .METRE. ) );
#6321 = DIRECTION ( 'NONE',  ( -1.807003620809174139E-16, -1.000000000000000000, -0.0000000000000000000 ) ) ;
#6322 =( LENGTH_UNIT ( ) NAMED_UNIT ( * ) SI_UNIT ( .MILLI., .METRE. ) );
#6323 = CARTESIAN_POINT ( 'NONE',  ( 0.2177054820917722067, 0.3000000000000000444, 0.05519475465062153446 ) ) ;
#6324 = B_SPLINE_SURFACE_WITH_KNOTS ( 'NONE', 3, 1, ( 
 ( #2879, #12225 ),
 ( #2688, #9313 ),
 ( #3677, #5611 ),
 ( #778, #1025 ) ),
 .UNSPECIFIED., .F., .F., .F.,
 ( 4, 4 ),
 ( 2, 2 ),
 ( 23.00000000000000000, 24.00000000000000000 ),
 ( 0.0000000000000000000, 1.000000000000000000 ),
 .UNSPECIFIED. ) ;
#6325 = ORIENTED_EDGE ( 'NONE', *, *, #2050, .T. ) ;
#6326 = CARTESIAN_POINT ( 'NONE',  ( -0.1847385718664072418, 0.3010000000383806773, 0.1161694840286279784 ) ) ;
#6327 = DIRECTION ( 'NONE',  ( -0.0000000000000000000, -1.000000000000000000, -0.0000000000000000000 ) ) ;
#6328 = ORIENTED_EDGE ( 'NONE', *, *, #8384, .F. ) ;
#6329 = MECHANICAL_DESIGN_GEOMETRIC_PRESENTATION_REPRESENTATION (  '', ( #4935 ), #6920 ) ;
#6330 = UNCERTAINTY_MEASURE_WITH_UNIT (LENGTH_MEASURE( 1.000000000000000082E-05 ), #5276, 'distance_accuracy_value', 'NONE');
#6331 = VECTOR ( 'NONE', #1916, 1000.000000000000000 ) ;
#6332 = STYLED_ITEM ( 'NONE', ( #6479 ), #8469 ) ;
#6333 =( NAMED_UNIT ( * ) PLANE_ANGLE_UNIT ( ) SI_UNIT ( $, .RADIAN. ) );
#6334 = ORIENTED_EDGE ( 'NONE', *, *, #2535, .F. ) ;
#6335 = MECHANICAL_DESIGN_GEOMETRIC_PRESENTATION_REPRESENTATION (  '', ( #8906 ), #3563 ) ;
#6336 = STYLED_ITEM ( 'NONE', ( #5172 ), #6575 ) ;
#6337 = CARTESIAN_POINT ( 'NONE',  ( -0.04815298198153811216, 0.3010000000383806773, 0.05612366874347839152 ) ) ;
#6338 = FILL_AREA_STYLE ('',( #777 ) ) ;
#6339 = DIRECTION ( 'NONE',  ( -0.0000000000000000000, -1.000000000000000000, -0.0000000000000000000 ) ) ;
#6340 = PRESENTATION_LAYER_ASSIGNMENT (  '', '', ( #1623 ) ) ;
#6341 = CARTESIAN_POINT ( 'NONE',  ( 0.07674063706369825544, 0.3010000000383806218, 0.1743595492369753863 ) ) ;
#6342 = CARTESIAN_POINT ( 'NONE',  ( 0.4499999999999997891, 0.3000000000000000444, 0.2999999999999999889 ) ) ;
#6343 = ORIENTED_EDGE ( 'NONE', *, *, #7418, .T. ) ;
#6344 = VECTOR ( 'NONE', #9043, 1000.000000000000000 ) ;
#6345 = STYLED_ITEM ( 'NONE', ( #8285 ), #3642 ) ;
#6346 = CARTESIAN_POINT ( 'NONE',  ( -0.2346538951962383879, 0.3010000000383806773, 0.2005370724958138173 ) ) ;
#6347 = EDGE_CURVE ( 'NONE', #7682, #10049, #541, .T. ) ;
#6348 = VERTEX_POINT ( 'NONE', #9952 ) ;
#6349 = VECTOR ( 'NONE', #10509, 1000.000000000000000 ) ;
#6350 = CARTESIAN_POINT ( 'NONE',  ( -0.1205641077928972654, 0.3000000000000000444, 0.07086373545509425109 ) ) ;
#6351 = ORIENTED_EDGE ( 'NONE', *, *, #5833, .F. ) ;
#6352 = VECTOR ( 'NONE', #9045, 1000.000000000000114 ) ;
#6353 =( NAMED_UNIT ( * ) SI_UNIT ( $, .STERADIAN. ) SOLID_ANGLE_UNIT ( ) );
#6354 = VECTOR ( 'NONE', #1397, 1000.000000000000000 ) ;
#6355 = CARTESIAN_POINT ( 'NONE',  ( -0.2335456966632236675, 0.3010000000383806773, 0.2048184447495342841 ) ) ;
#6356 = CARTESIAN_POINT ( 'NONE',  ( -0.09300460198725063465, 0.3000000000000000444, 0.2138007539817342872 ) ) ;
#6357 = CARTESIAN_POINT ( 'NONE',  ( -0.1166041680694361315, 0.3010000000383806218, 0.07329372195507743992 ) ) ;
#6358 = ORIENTED_EDGE ( 'NONE', *, *, #7606, .T. ) ;
#6359 = FILL_AREA_STYLE_COLOUR ( '', #3372 ) ;
#6360 = SURFACE_STYLE_FILL_AREA ( #1680 ) ;
#6361 = VERTEX_POINT ( 'NONE', #4133 ) ;
#6362 =( NAMED_UNIT ( * ) PLANE_ANGLE_UNIT ( ) SI_UNIT ( $, .RADIAN. ) );
#6363 = EDGE_CURVE ( 'NONE', #3006, #8330, #2294, .T. ) ;
#6364 = VERTEX_POINT ( 'NONE', #5248 ) ;
#6365 = COLOUR_RGB ( '',1.000000000000000000, 1.000000000000000000, 1.000000000000000000 ) ;
#6366 = FILL_AREA_STYLE_COLOUR ( '', #10987 ) ;
#6367 = EDGE_LOOP ( 'NONE', ( #8150, #4059, #9477, #5390 ) ) ;
#6368 = CARTESIAN_POINT ( 'NONE',  ( -0.3094510777426408565, 0.3010000000383806773, 0.1074865979289164747 ) ) ;
#6369 = CARTESIAN_POINT ( 'NONE',  ( -0.1009030003828083194, 0.3010000000383806773, 0.06516999043137589043 ) ) ;
#6370 =( LENGTH_UNIT ( ) NAMED_UNIT ( * ) SI_UNIT ( .MILLI., .METRE. ) );
#6371 = ORIENTED_EDGE ( 'NONE', *, *, #3347, .T. ) ;
#6372 = MECHANICAL_DESIGN_GEOMETRIC_PRESENTATION_REPRESENTATION (  '', ( #3409 ), #2622 ) ;
#6373 = SURFACE_SIDE_STYLE ('',( #2482 ) ) ;
#6374 =( NAMED_UNIT ( * ) SI_UNIT ( $, .STERADIAN. ) SOLID_ANGLE_UNIT ( ) );
#6375 = ORIENTED_EDGE ( 'NONE', *, *, #11039, .F. ) ;
#6376 = DIRECTION ( 'NONE',  ( -0.0000000000000000000, -1.000000000000000000, -0.0000000000000000000 ) ) ;
#6377 = CARTESIAN_POINT ( 'NONE',  ( -0.1128950941012343556, 0.3010000000383806218, 0.09350223676574787035 ) ) ;
#6378 = EDGE_CURVE ( 'NONE', #10143, #5654, #9022, .T. ) ;
#6379 = EDGE_CURVE ( 'NONE', #2348, #4594, #3087, .T. ) ;
#6380 = FILL_AREA_STYLE_COLOUR ( '', #1779 ) ;
#6381 = PRESENTATION_LAYER_ASSIGNMENT (  '', '', ( #3232 ) ) ;
#6382 =( NAMED_UNIT ( * ) PLANE_ANGLE_UNIT ( ) SI_UNIT ( $, .RADIAN. ) );
#6383 = VERTEX_POINT ( 'NONE', #10634 ) ;
#6384 = SURFACE_STYLE_USAGE ( .BOTH. , #11095 ) ;
#6385 = CARTESIAN_POINT ( 'NONE',  ( 0.2174655103380818133, 0.3010000000383806218, 0.08903001670842267123 ) ) ;
#6386 = CARTESIAN_POINT ( 'NONE',  ( -0.2702572791969076738, 0.3010000000383806218, 0.08561717371546391508 ) ) ;
#6387 = EDGE_CURVE ( 'NONE', #8878, #7072, #5830, .T. ) ;
#6388 = ORIENTED_EDGE ( 'NONE', *, *, #6536, .F. ) ;
#6389 = MECHANICAL_DESIGN_GEOMETRIC_PRESENTATION_REPRESENTATION (  '', ( #11740 ), #4613 ) ;
#6390 = DIRECTION ( 'NONE',  ( 0.0000000000000000000, -0.0000000000000000000, -1.000000000000000000 ) ) ;
#6391 = PLANE ( 'NONE',  #2044 ) ;
#6392 = CARTESIAN_POINT ( 'NONE',  ( 0.2401238400747974511, 0.3000000000000000444, 0.1972086742878463861 ) ) ;
#6393 = CARTESIAN_POINT ( 'NONE',  ( -0.07962566394887087007, 0.3010000000383806773, 0.06469702645513186745 ) ) ;
#6394 = ORIENTED_EDGE ( 'NONE', *, *, #7592, .F. ) ;
#6395 = DIRECTION ( 'NONE',  ( 0.0000000000000000000, 1.000000000000000000, 0.0000000000000000000 ) ) ;
#6396 = CARTESIAN_POINT ( 'NONE',  ( -0.09075765645126747383, 0.3000000000000000444, 0.09490698425427500362 ) ) ;
#6397 = DIRECTION ( 'NONE',  ( 0.007092178509963344320, -0.0000000000000000000, -0.9999748501857348426 ) ) ;
#6398 =( NAMED_UNIT ( * ) SI_UNIT ( $, .STERADIAN. ) SOLID_ANGLE_UNIT ( ) );
#6399 = CARTESIAN_POINT ( 'NONE',  ( -0.1934591631605366568, 0.3000000000000000444, 0.1604336292458889701 ) ) ;
#6400 = DIRECTION ( 'NONE',  ( -1.000000000000000000, -3.614007241618348278E-16, 0.0000000000000000000 ) ) ;
#6401 = VERTEX_POINT ( 'NONE', #304 ) ;
#6402 = AXIS2_PLACEMENT_3D ( 'NONE', #8424, #4647, #8184 ) ;
#6403 = ADVANCED_FACE ( 'NONE', ( #7048 ), #1612, .T. ) ;
#6404 =( LENGTH_UNIT ( ) NAMED_UNIT ( * ) SI_UNIT ( .MILLI., .METRE. ) );
#6405 = PLANE ( 'NONE',  #9298 ) ;
#6406 = PLANE ( 'NONE',  #8117 ) ;
#6407 = EDGE_LOOP ( 'NONE', ( #1034, #12130, #4756, #1854 ) ) ;
#6408 = CARTESIAN_POINT ( 'NONE',  ( -0.2636884999578180677, 0.3010000000383806218, 0.1028513924644997024 ) ) ;
#6409 = EDGE_LOOP ( 'NONE', ( #9130, #4888, #6475, #2196, #8040, #10434, #4284, #9159, #2178, #3981, #6618, #2331, #318, #4926, #6836 ) ) ;
#6410 = PRESENTATION_LAYER_ASSIGNMENT (  '', '', ( #9773 ) ) ;
#6411 = SURFACE_SIDE_STYLE ('',( #1922 ) ) ;
#6412 = CARTESIAN_POINT ( 'NONE',  ( -0.08819141830943036386, 0.3010000000383806773, 0.2146771158920066924 ) ) ;
#6413 = FACE_OUTER_BOUND ( 'NONE', #7675, .T. ) ;
#6414 = ORIENTED_EDGE ( 'NONE', *, *, #10296, .T. ) ;
#6415 = CARTESIAN_POINT ( 'NONE',  ( -0.06140715081536284731, 0.3000000000383806209, 0.1964317079732118554 ) ) ;
#6416 = ORIENTED_EDGE ( 'NONE', *, *, #3947, .T. ) ;
#6417 = PRESENTATION_STYLE_ASSIGNMENT (( #1875 ) ) ;
#6418 = LINE ( 'NONE', #12244, #2402 ) ;
#6419 = VERTEX_POINT ( 'NONE', #4075 ) ;
#6420 = SURFACE_SIDE_STYLE ('',( #3584 ) ) ;
#6421 = ORIENTED_EDGE ( 'NONE', *, *, #4153, .T. ) ;
#6422 = B_SPLINE_CURVE_WITH_KNOTS ( 'NONE', 3,
 ( #4703, #8478, #6, #4882 ),
 .UNSPECIFIED., .F., .F.,
 ( 4, 4 ),
 ( 6.000000000000000000, 7.000000000000000000 ),
 .UNSPECIFIED. ) ;
#6423 = FACE_OUTER_BOUND ( 'NONE', #5614, .T. ) ;
#6424 = CARTESIAN_POINT ( 'NONE',  ( 0.3107631713427365661, 0.3010000000383806218, 0.1460866349904363648 ) ) ;
#6425 = CARTESIAN_POINT ( 'NONE',  ( -0.08238606380397087148, 0.3010000000383806218, 0.2076061665215889196 ) ) ;
#6426 = VERTEX_POINT ( 'NONE', #9264 ) ;
#6427 = LINE ( 'NONE', #5508, #7150 ) ;
#6428 = EDGE_CURVE ( 'NONE', #9829, #9345, #368, .T. ) ;
#6429 = EDGE_CURVE ( 'NONE', #803, #4639, #7411, .T. ) ;
#6430 = PLANE ( 'NONE',  #263 ) ;
#6431 = VERTEX_POINT ( 'NONE', #8267 ) ;
#6432 = LINE ( 'NONE', #1890, #5708 ) ;
#6433 = CARTESIAN_POINT ( 'NONE',  ( 0.2345708033078058308, 0.3000000000000000444, 0.06268909288007280811 ) ) ;
#6434 = MECHANICAL_DESIGN_GEOMETRIC_PRESENTATION_REPRESENTATION (  '', ( #6441 ), #11387 ) ;
#6435 = DIRECTION ( 'NONE',  ( -0.0000000000000000000, -1.000000000000000000, -0.0000000000000000000 ) ) ;
#6436 = LINE ( 'NONE', #756, #739 ) ;
#6437 =( LENGTH_UNIT ( ) NAMED_UNIT ( * ) SI_UNIT ( .MILLI., .METRE. ) );
#6438 = ORIENTED_EDGE ( 'NONE', *, *, #4348, .F. ) ;
#6439 = EDGE_CURVE ( 'NONE', #9491, #8247, #11058, .T. ) ;
#6440 = FILL_AREA_STYLE ('',( #3721 ) ) ;
#6441 = STYLED_ITEM ( 'NONE', ( #6996 ), #1652 ) ;
#6442 = FILL_AREA_STYLE ('',( #885 ) ) ;
#6443 = ADVANCED_FACE ( 'NONE', ( #7239 ), #5219, .F. ) ;
#6444 = ORIENTED_EDGE ( 'NONE', *, *, #73, .T. ) ;
#6445 = UNCERTAINTY_MEASURE_WITH_UNIT (LENGTH_MEASURE( 1.000000000000000082E-05 ), #8362, 'distance_accuracy_value', 'NONE');
#6446 = CARTESIAN_POINT ( 'NONE',  ( -0.1763802318002337111, 0.3000000000383806764, 0.09879158556078007636 ) ) ;
#6447 = FILL_AREA_STYLE ('',( #828 ) ) ;
#6448 = CARTESIAN_POINT ( 'NONE',  ( -0.2059845006927038535, 0.3010000000383806773, 0.1517977700540079633 ) ) ;
#6449 = CARTESIAN_POINT ( 'NONE',  ( -0.09048046219976775550, 0.3000000000383806764, 0.05582346714787936315 ) ) ;
#6450 = ORIENTED_EDGE ( 'NONE', *, *, #6016, .F. ) ;
#6451 = STYLED_ITEM ( 'NONE', ( #3479 ), #2070 ) ;
#6452 = FILL_AREA_STYLE_COLOUR ( '', #10940 ) ;
#6453 = CARTESIAN_POINT ( 'NONE',  ( -0.1430984179515005783, 0.3010000000383806773, 0.09902763206225634329 ) ) ;
#6454 = DIRECTION ( 'NONE',  ( -0.0000000000000000000, -1.000000000000000000, -0.0000000000000000000 ) ) ;
#6455 = CARTESIAN_POINT ( 'NONE',  ( -0.08235852309880657696, 0.3010000000383806218, 0.2147184848664923373 ) ) ;
#6456 = FILL_AREA_STYLE ('',( #2822 ) ) ;
#6457 = CARTESIAN_POINT ( 'NONE',  ( -0.07963672377970335003, 0.3010000000383806218, 0.05746005091060948922 ) ) ;
#6458 = STYLED_ITEM ( 'NONE', ( #2379 ), #2138 ) ;
#6459 = CARTESIAN_POINT ( 'NONE',  ( -0.3082354757770475184, 0.3000000000383806209, 0.1032217068980687963 ) ) ;
#6460 = VERTEX_POINT ( 'NONE', #3453 ) ;
#6461 = CARTESIAN_POINT ( 'NONE',  ( -0.2343635447031647834, 0.3010000000383806773, 0.2013813568590243908 ) ) ;
#6462 = CARTESIAN_POINT ( 'NONE',  ( -0.1106294728516832582, 0.3010000000383806218, 0.08412905523827095278 ) ) ;
#6463 = CARTESIAN_POINT ( 'NONE',  ( -0.3354161690472781121, -0.2375113646789956401, 0.2999999999999999889 ) ) ;
#6464 = ORIENTED_EDGE ( 'NONE', *, *, #112, .T. ) ;
#6465 = CARTESIAN_POINT ( 'NONE',  ( -0.06571274714772742942, 0.3000000000000000444, 0.2009554253597677365 ) ) ;
#6466 = PLANE ( 'NONE',  #1434 ) ;
#6467 = DIRECTION ( 'NONE',  ( -0.0000000000000000000, -1.000000000000000000, -0.0000000000000000000 ) ) ;
#6468 = MECHANICAL_DESIGN_GEOMETRIC_PRESENTATION_REPRESENTATION (  '', ( #11615 ), #6080 ) ;
#6469 = MECHANICAL_DESIGN_GEOMETRIC_PRESENTATION_REPRESENTATION (  '', ( #1959 ), #3124 ) ;
#6470 = CARTESIAN_POINT ( 'NONE',  ( 0.2301529359484426329, 0.3000000000000000444, 0.1962703437822883312 ) ) ;
#6471 = SURFACE_STYLE_USAGE ( .BOTH. , #7241 ) ;
#6472 = ORIENTED_EDGE ( 'NONE', *, *, #7654, .T. ) ;
#6473 = CARTESIAN_POINT ( 'NONE',  ( 0.2301529359484426329, 0.3000000000000000444, 0.1962703437822883312 ) ) ;
#6474 = CARTESIAN_POINT ( 'NONE',  ( -0.5000000000000002220, 0.3000000000000000444, 0.2999999999999999889 ) ) ;
#6475 = ORIENTED_EDGE ( 'NONE', *, *, #8482, .T. ) ;
#6476 = LINE ( 'NONE', #10259, #7306 ) ;
#6477 =( GEOMETRIC_REPRESENTATION_CONTEXT ( 3 ) GLOBAL_UNCERTAINTY_ASSIGNED_CONTEXT ( ( #3794 ) ) GLOBAL_UNIT_ASSIGNED_CONTEXT ( ( #6742, #4573, #7425 ) ) REPRESENTATION_CONTEXT ( 'NONE', 'WORKASPACE' ) );
#6478 = VECTOR ( 'NONE', #9826, 1000.000000000000114 ) ;
#6479 = PRESENTATION_STYLE_ASSIGNMENT (( #2703 ) ) ;
#6480 = VERTEX_POINT ( 'NONE', #10994 ) ;
#6481 = ORIENTED_EDGE ( 'NONE', *, *, #1590, .F. ) ;
#6482 = FILL_AREA_STYLE_COLOUR ( '', #10229 ) ;
#6483 = LINE ( 'NONE', #9035, #7974 ) ;
#6484 = SURFACE_STYLE_USAGE ( .BOTH. , #8405 ) ;
#6485 = CARTESIAN_POINT ( 'NONE',  ( 0.03419893732606900383, 0.3010000000383806218, 0.1172291181780548558 ) ) ;
#6486 = EDGE_CURVE ( 'NONE', #7094, #9428, #2444, .T. ) ;
#6487 = ORIENTED_EDGE ( 'NONE', *, *, #963, .F. ) ;
#6488 = CARTESIAN_POINT ( 'NONE',  ( 0.0000000000000000000, 0.0000000000000000000, -0.02000000000000000042 ) ) ;
#6489 = SURFACE_SIDE_STYLE ('',( #11205 ) ) ;
#6490 = VECTOR ( 'NONE', #9226, 1000.000000000000000 ) ;
#6491 =( NAMED_UNIT ( * ) PLANE_ANGLE_UNIT ( ) SI_UNIT ( $, .RADIAN. ) );
#6492 = ORIENTED_EDGE ( 'NONE', *, *, #10618, .T. ) ;
#6493 = CARTESIAN_POINT ( 'NONE',  ( -0.08066651669031489613, 0.3010000000383806218, 0.1586757261441945344 ) ) ;
#6494 =( NAMED_UNIT ( * ) SI_UNIT ( $, .STERADIAN. ) SOLID_ANGLE_UNIT ( ) );
#6495 = ADVANCED_FACE ( 'NONE', ( #7290 ), #10140, .F. ) ;
#6496 = SURFACE_STYLE_FILL_AREA ( #5643 ) ;
#6497 = EDGE_CURVE ( 'NONE', #276, #6941, #1040, .T. ) ;
#6498 = CARTESIAN_POINT ( 'NONE',  ( 0.1120895504005327142, 0.3000000000000000444, 0.08351078173869919130 ) ) ;
#6499 = COLOUR_RGB ( '',0.1019607843137254888, 0.1019607843137254888, 0.1019607843137254888 ) ;
#6500 = LINE ( 'NONE', #12082, #8837 ) ;
#6501 = DIRECTION ( 'NONE',  ( -0.9999748501857348426, 0.0000000000000000000, -0.007092178509965358334 ) ) ;
#6502 = CARTESIAN_POINT ( 'NONE',  ( -0.1608522898302235382, 0.3010000000383806773, 0.1590740192064438174 ) ) ;
#6503 = EDGE_CURVE ( 'NONE', #10656, #10977, #4804, .T. ) ;
#6504 = ORIENTED_EDGE ( 'NONE', *, *, #6094, .T. ) ;
#6505 = CARTESIAN_POINT ( 'NONE',  ( -0.2028862170221215622, 0.3000000000383806209, 0.1921529681343294438 ) ) ;
#6506 = CARTESIAN_POINT ( 'NONE',  ( -0.1404462351503606155, 0.3000000000383806764, 0.2132771198560967363 ) ) ;
#6507 = ORIENTED_EDGE ( 'NONE', *, *, #5599, .F. ) ;
#6508 = STYLED_ITEM ( 'NONE', ( #5048 ), #7862 ) ;
#6509 = CARTESIAN_POINT ( 'NONE',  ( -0.07072889208594392019, 0.3010000000383806218, 0.1517276648743602907 ) ) ;
#6510 = SURFACE_STYLE_USAGE ( .BOTH. , #9367 ) ;
#6511 = EDGE_CURVE ( 'NONE', #4884, #505, #7530, .T. ) ;
#6512 = CARTESIAN_POINT ( 'NONE',  ( 0.2336201379977393688, 0.3000000000383806209, 0.1967287431326869840 ) ) ;
#6513 = VERTEX_POINT ( 'NONE', #10432 ) ;
#6514 = CARTESIAN_POINT ( 'NONE',  ( -0.1181675307123672830, 0.3010000000383806218, 0.1002026435160618817 ) ) ;
#6515 = FACE_BOUND ( 'NONE', #8454, .T. ) ;
#6516 = EDGE_CURVE ( 'NONE', #6460, #11281, #11884, .T. ) ;
#6517 = COLOUR_RGB ( '',1.000000000000000000, 1.000000000000000000, 1.000000000000000000 ) ;
#6518 = VECTOR ( 'NONE', #575, 1000.000000000000114 ) ;
#6519 = FACE_OUTER_BOUND ( 'NONE', #3758, .T. ) ;
#6520 = CARTESIAN_POINT ( 'NONE',  ( -0.5000000000000002220, 0.3000000000000000444, 0.2999999999999999889 ) ) ;
#6521 = UNCERTAINTY_MEASURE_WITH_UNIT (LENGTH_MEASURE( 1.000000000000000082E-05 ), #7493, 'distance_accuracy_value', 'NONE');
#6522 = CARTESIAN_POINT ( 'NONE',  ( 0.4499999999999996780, -0.2999999999999999334, 0.2499999999999999445 ) ) ;
#6523 = LINE ( 'NONE', #2751, #2232 ) ;
#6524 = B_SPLINE_CURVE_WITH_KNOTS ( 'NONE', 3,
 ( #10015, #6193, #5128, #11822 ),
 .UNSPECIFIED., .F., .F.,
 ( 4, 4 ),
 ( 15.00000000000000000, 16.00000000000000000 ),
 .UNSPECIFIED. ) ;
#6525 = FILL_AREA_STYLE_COLOUR ( '', #4762 ) ;
#6526 = CARTESIAN_POINT ( 'NONE',  ( -0.06330585771785759985, 0.3000000000383806209, 0.06830644680900753440 ) ) ;
#6527 = ORIENTED_EDGE ( 'NONE', *, *, #767, .T. ) ;
#6528 =( GEOMETRIC_REPRESENTATION_CONTEXT ( 3 ) GLOBAL_UNCERTAINTY_ASSIGNED_CONTEXT ( ( #10411 ) ) GLOBAL_UNIT_ASSIGNED_CONTEXT ( ( #12233, #7528, #5487 ) ) REPRESENTATION_CONTEXT ( 'NONE', 'WORKASPACE' ) );
#6529 = COLOUR_RGB ( '',1.000000000000000000, 1.000000000000000000, 1.000000000000000000 ) ;
#6530 =( NAMED_UNIT ( * ) PLANE_ANGLE_UNIT ( ) SI_UNIT ( $, .RADIAN. ) );
#6531 =( NAMED_UNIT ( * ) SI_UNIT ( $, .STERADIAN. ) SOLID_ANGLE_UNIT ( ) );
#6532 = AXIS2_PLACEMENT_3D ( 'NONE', #8145, #9811, #11860 ) ;
#6533 = LINE ( 'NONE', #1856, #2413 ) ;
#6534 = ORIENTED_EDGE ( 'NONE', *, *, #1439, .T. ) ;
#6535 = PRESENTATION_LAYER_ASSIGNMENT (  '', '', ( #10295 ) ) ;
#6536 = EDGE_CURVE ( 'NONE', #7923, #2230, #1868, .T. ) ;
#6537 = DIRECTION ( 'NONE',  ( -0.9999748501857348426, -0.0000000000000000000, -0.007092178509963738102 ) ) ;
#6538 =( GEOMETRIC_REPRESENTATION_CONTEXT ( 3 ) GLOBAL_UNCERTAINTY_ASSIGNED_CONTEXT ( ( #8554 ) ) GLOBAL_UNIT_ASSIGNED_CONTEXT ( ( #483, #5182, #7105 ) ) REPRESENTATION_CONTEXT ( 'NONE', 'WORKASPACE' ) );
#6539 = SURFACE_SIDE_STYLE ('',( #164 ) ) ;
#6540 = PRESENTATION_LAYER_ASSIGNMENT (  '', '', ( #3188 ) ) ;
#6541 = DIRECTION ( 'NONE',  ( -0.0000000000000000000, -1.000000000000000000, -0.0000000000000000000 ) ) ;
#6542 = VECTOR ( 'NONE', #9001, 1000.000000000000000 ) ;
#6543 = CARTESIAN_POINT ( 'NONE',  ( -0.01533904742765626779, 0.3010000000383806773, 0.05635639687801814735 ) ) ;
#6544 = ORIENTED_EDGE ( 'NONE', *, *, #12183, .T. ) ;
#6545 = CARTESIAN_POINT ( 'NONE',  ( -0.3854161690472781565, -0.2375113646789956401, 0.2999999999999999889 ) ) ;
#6546 = CARTESIAN_POINT ( 'NONE',  ( -0.3094510777426409120, 0.3000000000383806209, 0.1074865979289164747 ) ) ;
#6547 = ORIENTED_EDGE ( 'NONE', *, *, #1481, .F. ) ;
#6548 = ADVANCED_FACE ( 'NONE', ( #8637 ), #12235, .T. ) ;
#6549 =( GEOMETRIC_REPRESENTATION_CONTEXT ( 3 ) GLOBAL_UNCERTAINTY_ASSIGNED_CONTEXT ( ( #10903 ) ) GLOBAL_UNIT_ASSIGNED_CONTEXT ( ( #11569, #1058, #9708 ) ) REPRESENTATION_CONTEXT ( 'NONE', 'WORKASPACE' ) );
#6550 = MECHANICAL_DESIGN_GEOMETRIC_PRESENTATION_REPRESENTATION (  '', ( #4181 ), #7933 ) ;
#6551 = SURFACE_SIDE_STYLE ('',( #7540 ) ) ;
#6552 = ORIENTED_EDGE ( 'NONE', *, *, #9332, .T. ) ;
#6553 = COLOUR_RGB ( '',1.000000000000000000, 1.000000000000000000, 1.000000000000000000 ) ;
#6554 = SURFACE_STYLE_USAGE ( .BOTH. , #6420 ) ;
#6555 = VERTEX_POINT ( 'NONE', #5670 ) ;
#6556 = STYLED_ITEM ( 'NONE', ( #10652 ), #11914 ) ;
#6557 = AXIS2_PLACEMENT_3D ( 'NONE', #10907, #7258, #7929 ) ;
#6558 = PRESENTATION_LAYER_ASSIGNMENT (  '', '', ( #5571 ) ) ;
#6559 = MECHANICAL_DESIGN_GEOMETRIC_PRESENTATION_REPRESENTATION (  '', ( #4968 ), #9120 ) ;
#6560 = FACE_OUTER_BOUND ( 'NONE', #742, .T. ) ;
#6561 = ORIENTED_EDGE ( 'NONE', *, *, #6814, .F. ) ;
#6562 = COLOUR_RGB ( '',1.000000000000000000, 1.000000000000000000, 1.000000000000000000 ) ;
#6563 = PLANE ( 'NONE',  #2807 ) ;
#6564 = COLOUR_RGB ( '',1.000000000000000000, 1.000000000000000000, 1.000000000000000000 ) ;
#6565 = MECHANICAL_DESIGN_GEOMETRIC_PRESENTATION_REPRESENTATION (  '', ( #5772 ), #8139 ) ;
#6566 = CARTESIAN_POINT ( 'NONE',  ( -0.1707648134645446958, 0.3000000000000000444, 0.2130620896785551666 ) ) ;
#6567 = VERTEX_POINT ( 'NONE', #2891 ) ;
#6568 = VECTOR ( 'NONE', #4303, 1000.000000000000000 ) ;
#6569 = UNCERTAINTY_MEASURE_WITH_UNIT (LENGTH_MEASURE( 1.000000000000000082E-05 ), #9676, 'distance_accuracy_value', 'NONE');
#6570 = DIRECTION ( 'NONE',  ( -0.9999748501857348426, -0.0000000000000000000, -0.007092178509963546415 ) ) ;
#6571 = VECTOR ( 'NONE', #4807, 1000.000000000000000 ) ;
#6572 = CARTESIAN_POINT ( 'NONE',  ( -0.1149107358856692324, 0.3000000000000000444, 0.09401823098910848386 ) ) ;
#6573 = CARTESIAN_POINT ( 'NONE',  ( 0.2177054820917722067, 0.3000000000000000444, 0.05519475465062153446 ) ) ;
#6574 = DIRECTION ( 'NONE',  ( -0.0000000000000000000, -1.000000000000000000, -0.0000000000000000000 ) ) ;
#6575 = ADVANCED_FACE ( 'NONE', ( #10561 ), #6097, .F. ) ;
#6576 = CARTESIAN_POINT ( 'NONE',  ( -0.06900039478049899144, 0.3000000000000000444, 0.1609108194622984322 ) ) ;
#6577 = PRESENTATION_STYLE_ASSIGNMENT (( #4831 ) ) ;
#6578 = STYLED_ITEM ( 'NONE', ( #7390 ), #308 ) ;
#6579 = MECHANICAL_DESIGN_GEOMETRIC_PRESENTATION_REPRESENTATION (  '', ( #4015 ), #4207 ) ;
#6580 = FILL_AREA_STYLE ('',( #760 ) ) ;
#6581 =( GEOMETRIC_REPRESENTATION_CONTEXT ( 3 ) GLOBAL_UNCERTAINTY_ASSIGNED_CONTEXT ( ( #6842 ) ) GLOBAL_UNIT_ASSIGNED_CONTEXT ( ( #1594, #11930, #10861 ) ) REPRESENTATION_CONTEXT ( 'NONE', 'WORKASPACE' ) );
#6582 = VERTEX_POINT ( 'NONE', #7032 ) ;
#6583 = CARTESIAN_POINT ( 'NONE',  ( 0.1282318878819781460, 0.3000000000000000444, 0.07061105711684040331 ) ) ;
#6584 = CARTESIAN_POINT ( 'NONE',  ( -0.2989319740375553924, 0.3010000000383806773, 0.07792735726579649858 ) ) ;
#6585 = ORIENTED_EDGE ( 'NONE', *, *, #3308, .F. ) ;
#6586 = UNCERTAINTY_MEASURE_WITH_UNIT (LENGTH_MEASURE( 1.000000000000000082E-05 ), #8006, 'distance_accuracy_value', 'NONE');
#6587 = DIRECTION ( 'NONE',  ( -0.007092178509957594579, -0.0000000000000000000, 0.9999748501857349536 ) ) ;
#6588 = B_SPLINE_CURVE_WITH_KNOTS ( 'NONE', 3,
 ( #4747, #4818, #12190, #1112 ),
 .UNSPECIFIED., .F., .F.,
 ( 4, 4 ),
 ( 24.00000000000000000, 25.00000000000000000 ),
 .UNSPECIFIED. ) ;
#6589 = PRESENTATION_LAYER_ASSIGNMENT (  '', '', ( #11925 ) ) ;
#6590 = COLOUR_RGB ( '',1.000000000000000000, 1.000000000000000000, 1.000000000000000000 ) ;
#6591 = STYLED_ITEM ( 'NONE', ( #2786 ), #4420 ) ;
#6592 =( NAMED_UNIT ( * ) PLANE_ANGLE_UNIT ( ) SI_UNIT ( $, .RADIAN. ) );
#6593 = ORIENTED_EDGE ( 'NONE', *, *, #7943, .T. ) ;
#6594 = PLANE ( 'NONE',  #456 ) ;
#6595 = CARTESIAN_POINT ( 'NONE',  ( -0.07278400955674792228, 0.3010000000383806773, 0.07644312066001351935 ) ) ;
#6596 = MECHANICAL_DESIGN_GEOMETRIC_PRESENTATION_REPRESENTATION (  '', ( #9164 ), #2066 ) ;
#6597 = CARTESIAN_POINT ( 'NONE',  ( -0.2785402912896446925, 0.3010000000383806218, 0.08577678229140707489 ) ) ;
#6598 = EDGE_CURVE ( 'NONE', #4507, #8709, #3076, .T. ) ;
#6599 = ADVANCED_FACE ( 'NONE', ( #8011 ), #6310, .F. ) ;
#6600 = CARTESIAN_POINT ( 'NONE',  ( -0.2028220619280017845, 0.3010000000383806218, 0.1831073017652502244 ) ) ;
#6601 = CARTESIAN_POINT ( 'NONE',  ( -0.09048046219976775550, 0.3010000000383806773, 0.05582346714787936315 ) ) ;
#6602 = ORIENTED_EDGE ( 'NONE', *, *, #4930, .T. ) ;
#6603 = B_SPLINE_CURVE_WITH_KNOTS ( 'NONE', 3,
 ( #12166, #12227, #11116, #1776 ),
 .UNSPECIFIED., .F., .F.,
 ( 4, 4 ),
 ( 5.000000000000000000, 6.000000000000000000 ),
 .UNSPECIFIED. ) ;
#6604 =( NAMED_UNIT ( * ) PLANE_ANGLE_UNIT ( ) SI_UNIT ( $, .RADIAN. ) );
#6605 = VECTOR ( 'NONE', #11871, 1000.000000000000000 ) ;
#6606 = CARTESIAN_POINT ( 'NONE',  ( -0.02395080812184766442, 0.3010000000383806773, 0.1600449733723151025 ) ) ;
#6607 = ORIENTED_EDGE ( 'NONE', *, *, #11807, .T. ) ;
#6608 = EDGE_CURVE ( 'NONE', #3094, #2109, #5984, .T. ) ;
#6609 = SURFACE_SIDE_STYLE ('',( #1979 ) ) ;
#6610 = ORIENTED_EDGE ( 'NONE', *, *, #10662, .F. ) ;
#6611 = AXIS2_PLACEMENT_3D ( 'NONE', #10969, #8881, #407 ) ;
#6612 = SURFACE_STYLE_FILL_AREA ( #5675 ) ;
#6613 =( NAMED_UNIT ( * ) PLANE_ANGLE_UNIT ( ) SI_UNIT ( $, .RADIAN. ) );
#6614 = ORIENTED_EDGE ( 'NONE', *, *, #10389, .T. ) ;
#6615 = EDGE_CURVE ( 'NONE', #1697, #4629, #8954, .T. ) ;
#6616 =( NAMED_UNIT ( * ) SI_UNIT ( $, .STERADIAN. ) SOLID_ANGLE_UNIT ( ) );
#6617 = DIRECTION ( 'NONE',  ( -0.3451999324527419977, 0.0000000000000000000, 0.9385291719678308109 ) ) ;
#6618 = ORIENTED_EDGE ( 'NONE', *, *, #10914, .T. ) ;
#6619 =( NAMED_UNIT ( * ) PLANE_ANGLE_UNIT ( ) SI_UNIT ( $, .RADIAN. ) );
#6620 = VERTEX_POINT ( 'NONE', #4119 ) ;
#6621 = PRESENTATION_LAYER_ASSIGNMENT (  '', '', ( #11359 ) ) ;
#6622 = SURFACE_SIDE_STYLE ('',( #2847 ) ) ;
#6623 =( NAMED_UNIT ( * ) PLANE_ANGLE_UNIT ( ) SI_UNIT ( $, .RADIAN. ) );
#6624 = CARTESIAN_POINT ( 'NONE',  ( -0.06140715081536284731, 0.3000000000000000444, 0.1964317079732118554 ) ) ;
#6625 = CARTESIAN_POINT ( 'NONE',  ( -0.1167080486193376454, 0.3000000000383806764, 0.1868997923239089920 ) ) ;
#6626 = FACE_OUTER_BOUND ( 'NONE', #5238, .T. ) ;
#6627 = SURFACE_STYLE_USAGE ( .BOTH. , #1061 ) ;
#6628 = ORIENTED_EDGE ( 'NONE', *, *, #9249, .T. ) ;
#6629 = CARTESIAN_POINT ( 'NONE',  ( 0.1585076185311927455, 0.3000000000000000444, 0.2057397728603544695 ) ) ;
#6630 =( NAMED_UNIT ( * ) PLANE_ANGLE_UNIT ( ) SI_UNIT ( $, .RADIAN. ) );
#6631 = CARTESIAN_POINT ( 'NONE',  ( -0.1924262779809833845, 0.3010000000383806773, 0.08956927285047998344 ) ) ;
#6632 = CARTESIAN_POINT ( 'NONE',  ( -0.1697082593558360553, 0.3010000000383806218, 0.1520550541038856174 ) ) ;
#6633 = SURFACE_SIDE_STYLE ('',( #7565 ) ) ;
#6634 = LINE ( 'NONE', #9543, #10320 ) ;
#6635 = DIRECTION ( 'NONE',  ( -0.007092178509953211800, -0.0000000000000000000, 0.9999748501857349536 ) ) ;
#6636 = LINE ( 'NONE', #2127, #5800 ) ;
#6637 = ORIENTED_EDGE ( 'NONE', *, *, #2217, .F. ) ;
#6638 =( NAMED_UNIT ( * ) PLANE_ANGLE_UNIT ( ) SI_UNIT ( $, .RADIAN. ) );
#6639 = EDGE_CURVE ( 'NONE', #3167, #8308, #3198, .T. ) ;
#6640 = UNCERTAINTY_MEASURE_WITH_UNIT (LENGTH_MEASURE( 1.000000000000000082E-05 ), #11568, 'distance_accuracy_value', 'NONE');
#6641 = LINE ( 'NONE', #8609, #406 ) ;
#6642 = ORIENTED_EDGE ( 'NONE', *, *, #5264, .F. ) ;
#6643 = CARTESIAN_POINT ( 'NONE',  ( -0.04714787961761831431, 0.3010000000383806773, 0.1101267838715366404 ) ) ;
#6644 = B_SPLINE_SURFACE_WITH_KNOTS ( 'NONE', 3, 1, ( 
 ( #4564, #10571 ),
 ( #3943, #4814 ),
 ( #4868, #1170 ),
 ( #4996, #9640 ) ),
 .UNSPECIFIED., .F., .F., .F.,
 ( 4, 4 ),
 ( 2, 2 ),
 ( 34.00000000000000000, 35.00000000000000000 ),
 ( 0.0000000000000000000, 1.000000000000000000 ),
 .UNSPECIFIED. ) ;
#6645 = CARTESIAN_POINT ( 'NONE',  ( -0.07504465569276723425, 0.3000000000383806209, 0.1005084863354538394 ) ) ;
#6646 = LINE ( 'NONE', #1957, #4770 ) ;
#6647 = ORIENTED_EDGE ( 'NONE', *, *, #9109, .T. ) ;
#6648 = FILL_AREA_STYLE_COLOUR ( '', #522 ) ;
#6649 = CARTESIAN_POINT ( 'NONE',  ( -0.05555023290851149320, 0.3010000000383806218, 0.06773758202827179220 ) ) ;
#6650 = PRESENTATION_LAYER_ASSIGNMENT (  '', '', ( #6843 ) ) ;
#6651 = CARTESIAN_POINT ( 'NONE',  ( 0.2718794121080188586, 0.3000000000000000444, 0.06251991495498795959 ) ) ;
#6652 = DIRECTION ( 'NONE',  ( -0.0000000000000000000, -1.000000000000000000, -0.0000000000000000000 ) ) ;
#6653 = UNCERTAINTY_MEASURE_WITH_UNIT (LENGTH_MEASURE( 1.000000000000000082E-05 ), #5319, 'distance_accuracy_value', 'NONE');
#6654 = DIRECTION ( 'NONE',  ( -0.007092178509964265458, -0.0000000000000000000, 0.9999748501857348426 ) ) ;
#6655 = PRESENTATION_STYLE_ASSIGNMENT (( #899 ) ) ;
#6656 = SURFACE_SIDE_STYLE ('',( #4053 ) ) ;
#6657 = FILL_AREA_STYLE_COLOUR ( '', #6776 ) ;
#6658 = ORIENTED_EDGE ( 'NONE', *, *, #10974, .T. ) ;
#6659 = SURFACE_STYLE_USAGE ( .BOTH. , #10426 ) ;
#6660 = LINE ( 'NONE', #8758, #615 ) ;
#6661 = EDGE_LOOP ( 'NONE', ( #8213, #7633, #5183, #3172 ) ) ;
#6662 = EDGE_CURVE ( 'NONE', #192, #11237, #3737, .T. ) ;
#6663 = CARTESIAN_POINT ( 'NONE',  ( -0.06503813254809825972, 0.3010000000383806218, 0.1652124337543380006 ) ) ;
#6664 = EDGE_CURVE ( 'NONE', #9841, #2899, #3311, .T. ) ;
#6665 = CARTESIAN_POINT ( 'NONE',  ( -0.09639389703908625429, 0.3010000000383806773, 0.1551017010080659730 ) ) ;
#6666 = SURFACE_SIDE_STYLE ('',( #7600 ) ) ;
#6667 = EDGE_CURVE ( 'NONE', #8551, #2953, #7224, .T. ) ;
#6668 = VECTOR ( 'NONE', #8361, 1000.000000000000000 ) ;
#6669 = UNCERTAINTY_MEASURE_WITH_UNIT (LENGTH_MEASURE( 1.000000000000000082E-05 ), #11165, 'distance_accuracy_value', 'NONE');
#6670 = CARTESIAN_POINT ( 'NONE',  ( -0.05917272082273143663, 0.3010000000383806218, 0.1826600186241198465 ) ) ;
#6671 = CARTESIAN_POINT ( 'NONE',  ( -0.2000000000000054512, 0.2499999999999998335, -0.02000000000000000042 ) ) ;
#6672 = ORIENTED_EDGE ( 'NONE', *, *, #3108, .T. ) ;
#6673 = CARTESIAN_POINT ( 'NONE',  ( -0.06694115715677316503, 0.3000000000383806209, 0.06188599195807011066 ) ) ;
#6674 = ORIENTED_EDGE ( 'NONE', *, *, #10823, .F. ) ;
#6675 = DIRECTION ( 'NONE',  ( -0.9999748501857348426, 0.0000000000000000000, -0.007092178509965924721 ) ) ;
#6676 = ORIENTED_EDGE ( 'NONE', *, *, #8309, .T. ) ;
#6677 = EDGE_CURVE ( 'NONE', #4460, #8165, #9990, .T. ) ;
#6678 = ORIENTED_EDGE ( 'NONE', *, *, #5543, .F. ) ;
#6679 = VECTOR ( 'NONE', #9009, 1000.000000000000000 ) ;
#6680 =( NAMED_UNIT ( * ) PLANE_ANGLE_UNIT ( ) SI_UNIT ( $, .RADIAN. ) );
#6681 = CARTESIAN_POINT ( 'NONE',  ( -0.1937739655706610942, 0.3000000000000000444, 0.2048197783621315826 ) ) ;
#6682 = DIRECTION ( 'NONE',  ( -0.0000000000000000000, -1.000000000000000000, -0.0000000000000000000 ) ) ;
#6683 = CARTESIAN_POINT ( 'NONE',  ( -0.1046489127492169630, 0.3010000000383806218, 0.07874379867667745392 ) ) ;
#6684 = FILL_AREA_STYLE_COLOUR ( '', #822 ) ;
#6685 = ORIENTED_EDGE ( 'NONE', *, *, #7481, .F. ) ;
#6686 = VECTOR ( 'NONE', #9373, 1000.000000000000114 ) ;
#6687 = PRODUCT_DEFINITION_CONTEXT ( 'detailed design', #11192, 'design' ) ;
#6688 = CARTESIAN_POINT ( 'NONE',  ( -0.1414015620100129988, 0.3010000000383806773, 0.1522558153035966089 ) ) ;
#6689 = SURFACE_STYLE_USAGE ( .BOTH. , #5759 ) ;
#6690 = CARTESIAN_POINT ( 'NONE',  ( -0.07130338486278821331, 0.3010000000383806218, 0.06119998952027910777 ) ) ;
#6691 = SURFACE_SIDE_STYLE ('',( #67 ) ) ;
#6692 = CARTESIAN_POINT ( 'NONE',  ( -0.2296552207245262656, 0.3000000000383806764, 0.2126444178933750984 ) ) ;
#6693 = FACE_OUTER_BOUND ( 'NONE', #5704, .T. ) ;
#6694 = DIRECTION ( 'NONE',  ( -0.007092178509970695210, -0.0000000000000000000, 0.9999748501857348426 ) ) ;
#6695 = EDGE_CURVE ( 'NONE', #5780, #3480, #11170, .T. ) ;
#6696 = B_SPLINE_CURVE_WITH_KNOTS ( 'NONE', 3,
 ( #4435, #12224, #9196, #11233 ),
 .UNSPECIFIED., .F., .F.,
 ( 4, 4 ),
 ( 3.000000000000000000, 4.000000000000000000 ),
 .UNSPECIFIED. ) ;
#6697 = DIRECTION ( 'NONE',  ( 0.007092178509980151188, 0.0000000000000000000, -0.9999748501857347316 ) ) ;
#6698 = ORIENTED_EDGE ( 'NONE', *, *, #1071, .F. ) ;
#6699 = CARTESIAN_POINT ( 'NONE',  ( 0.1157474825709721988, 0.3000000000000000444, 0.05707450097645832415 ) ) ;
#6700 = CARTESIAN_POINT ( 'NONE',  ( -0.1879702705965884679, 0.3000000000383806209, 0.2001819119379253109 ) ) ;
#6701 = ORIENTED_EDGE ( 'NONE', *, *, #7469, .T. ) ;
#6702 = UNCERTAINTY_MEASURE_WITH_UNIT (LENGTH_MEASURE( 1.000000000000000082E-05 ), #9933, 'distance_accuracy_value', 'NONE');
#6703 = MECHANICAL_DESIGN_GEOMETRIC_PRESENTATION_REPRESENTATION (  '', ( #5113 ), #12037 ) ;
#6704 = CARTESIAN_POINT ( 'NONE',  ( -0.4500000000000000111, -0.2999999999999999334, 0.0000000000000000000 ) ) ;
#6705 = LINE ( 'NONE', #6826, #9327 ) ;
#6706 = ORIENTED_EDGE ( 'NONE', *, *, #2237, .F. ) ;
#6707 =( NAMED_UNIT ( * ) PLANE_ANGLE_UNIT ( ) SI_UNIT ( $, .RADIAN. ) );
#6708 = ORIENTED_EDGE ( 'NONE', *, *, #12039, .F. ) ;
#6709 = B_SPLINE_CURVE_WITH_KNOTS ( 'NONE', 3,
 ( #8042, #11716, #9903, #3237 ),
 .UNSPECIFIED., .F., .F.,
 ( 4, 4 ),
 ( 2.000000000000000000, 3.000000000000000000 ),
 .UNSPECIFIED. ) ;
#6710 =( LENGTH_UNIT ( ) NAMED_UNIT ( * ) SI_UNIT ( .MILLI., .METRE. ) );
#6711 = COLOUR_RGB ( '',1.000000000000000000, 1.000000000000000000, 1.000000000000000000 ) ;
#6712 = CARTESIAN_POINT ( 'NONE',  ( -0.06001256712046579289, 0.3010000000383806773, 0.09655994141222509763 ) ) ;
#6713 =( LENGTH_UNIT ( ) NAMED_UNIT ( * ) SI_UNIT ( .MILLI., .METRE. ) );
#6714 = VERTEX_POINT ( 'NONE', #5475 ) ;
#6715 = CARTESIAN_POINT ( 'NONE',  ( -0.09196773755194921629, 0.3000000000383806209, 0.1599680888207823948 ) ) ;
#6716 = CARTESIAN_POINT ( 'NONE',  ( -0.1406007287597556277, 0.3010000000383806773, 0.03494265885360655494 ) ) ;
#6717 = CARTESIAN_POINT ( 'NONE',  ( -0.2161146890077369209, 0.3010000000383806773, 0.1089284109582266957 ) ) ;
#6718 = VERTEX_POINT ( 'NONE', #4538 ) ;
#6719 = EDGE_CURVE ( 'NONE', #7109, #2953, #6164, .T. ) ;
#6720 =( NAMED_UNIT ( * ) SI_UNIT ( $, .STERADIAN. ) SOLID_ANGLE_UNIT ( ) );
#6721 = LINE ( 'NONE', #1862, #1891 ) ;
#6722 = B_SPLINE_CURVE_WITH_KNOTS ( 'NONE', 3,
 ( #2288, #8149, #10941, #11866 ),
 .UNSPECIFIED., .F., .F.,
 ( 4, 4 ),
 ( 4.000000000000000000, 5.000000000000000000 ),
 .UNSPECIFIED. ) ;
#6723 = CARTESIAN_POINT ( 'NONE',  ( -0.1386824236502810226, 0.3010000000383806218, 0.03495626415805040688 ) ) ;
#6724 = CARTESIAN_POINT ( 'NONE',  ( 0.3046317330356290709, 0.3010000000383806218, 0.09311868384888523364 ) ) ;
#6725 = ORIENTED_EDGE ( 'NONE', *, *, #5239, .F. ) ;
#6726 = STYLED_ITEM ( 'NONE', ( #4082 ), #8310 ) ;
#6727 = CARTESIAN_POINT ( 'NONE',  ( -0.2146870555787802615, 0.3010000000383806773, 0.1517360484289757561 ) ) ;
#6728 = MECHANICAL_DESIGN_GEOMETRIC_PRESENTATION_REPRESENTATION (  '', ( #3752 ), #4357 ) ;
#6729 = CARTESIAN_POINT ( 'NONE',  ( -0.3103721245574679322, 0.3000000000383806764, 0.1032065530223878064 ) ) ;
#6730 = ORIENTED_EDGE ( 'NONE', *, *, #1849, .F. ) ;
#6731 = EDGE_CURVE ( 'NONE', #5388, #7990, #9133, .T. ) ;
#6732 = VECTOR ( 'NONE', #11948, 1000.000000000000000 ) ;
#6733 = ORIENTED_EDGE ( 'NONE', *, *, #10386, .F. ) ;
#6734 = EDGE_CURVE ( 'NONE', #9146, #2012, #1471, .T. ) ;
#6736 = FACE_OUTER_BOUND ( 'NONE', #6661, .T. ) ;
#6735 = AXIS2_PLACEMENT_3D ( 'NONE', #1529, #1469, #11674 ) ;
#6737 = ORIENTED_EDGE ( 'NONE', *, *, #9007, .F. ) ;
#6738 = MECHANICAL_DESIGN_GEOMETRIC_PRESENTATION_REPRESENTATION (  '', ( #10477 ), #7524 ) ;
#6739 =( NAMED_UNIT ( * ) SI_UNIT ( $, .STERADIAN. ) SOLID_ANGLE_UNIT ( ) );
#6740 = DIRECTION ( 'NONE',  ( 0.9919892169122314085, 0.0000000000000000000, -0.1263225772768188093 ) ) ;
#6741 = MECHANICAL_DESIGN_GEOMETRIC_PRESENTATION_REPRESENTATION (  '', ( #1628 ), #5361 ) ;
#6742 =( LENGTH_UNIT ( ) NAMED_UNIT ( * ) SI_UNIT ( .MILLI., .METRE. ) );
#6743 = FILL_AREA_STYLE ('',( #10635 ) ) ;
#6744 = B_SPLINE_SURFACE_WITH_KNOTS ( 'NONE', 3, 1, ( 
 ( #3923, #1094 ),
 ( #1280, #5098 ),
 ( #5036, #10610 ),
 ( #4852, #11412 ) ),
 .UNSPECIFIED., .F., .F., .F.,
 ( 4, 4 ),
 ( 2, 2 ),
 ( 2.000000000000000000, 3.000000000000000000 ),
 ( 0.0000000000000000000, 1.000000000000000000 ),
 .UNSPECIFIED. ) ;
#6745 = FACE_OUTER_BOUND ( 'NONE', #11078, .T. ) ;
#6746 = ORIENTED_EDGE ( 'NONE', *, *, #7205, .F. ) ;
#6747 = EDGE_CURVE ( 'NONE', #9050, #5667, #10931, .T. ) ;
#6748 = VECTOR ( 'NONE', #3999, 1000.000000000000000 ) ;
#6749 = DIRECTION ( 'NONE',  ( -0.9999748501857348426, -0.0000000000000000000, -0.007092178509962986967 ) ) ;
#6750 = DIRECTION ( 'NONE',  ( 0.9999748501857349536, -0.0000000000000000000, 0.007092178509953212667 ) ) ;
#6751 = MECHANICAL_DESIGN_GEOMETRIC_PRESENTATION_REPRESENTATION (  '', ( #6154 ), #12230 ) ;
#6752 = MECHANICAL_DESIGN_GEOMETRIC_PRESENTATION_REPRESENTATION (  '', ( #7155 ), #2415 ) ;
#6753 =( GEOMETRIC_REPRESENTATION_CONTEXT ( 3 ) GLOBAL_UNCERTAINTY_ASSIGNED_CONTEXT ( ( #586 ) ) GLOBAL_UNIT_ASSIGNED_CONTEXT ( ( #6320, #11084, #10101 ) ) REPRESENTATION_CONTEXT ( 'NONE', 'WORKASPACE' ) );
#6754 = PRESENTATION_STYLE_ASSIGNMENT (( #6009 ) ) ;
#6755 =( GEOMETRIC_REPRESENTATION_CONTEXT ( 3 ) GLOBAL_UNCERTAINTY_ASSIGNED_CONTEXT ( ( #2639 ) ) GLOBAL_UNIT_ASSIGNED_CONTEXT ( ( #5328, #11959, #9100 ) ) REPRESENTATION_CONTEXT ( 'NONE', 'WORKASPACE' ) );
#6756 = DIRECTION ( 'NONE',  ( 0.9999748501857348426, -0.0000000000000000000, 0.007092178509965924721 ) ) ;
#6757 = CARTESIAN_POINT ( 'NONE',  ( -0.07428321710576467340, 0.3000000000000000444, 0.09430637585150224156 ) ) ;
#6758 = CARTESIAN_POINT ( 'NONE',  ( 0.2578167557320734105, 0.3010000000383806218, 0.08801480081575580039 ) ) ;
#6759 = PRESENTATION_LAYER_ASSIGNMENT (  '', '', ( #32 ) ) ;
#6760 = VECTOR ( 'NONE', #6138, 1000.000000000000000 ) ;
#6761 = ORIENTED_EDGE ( 'NONE', *, *, #5504, .T. ) ;
#6762 = SURFACE_STYLE_FILL_AREA ( #2073 ) ;
#6763 = VECTOR ( 'NONE', #6587, 1000.000000000000000 ) ;
#6764 = DIRECTION ( 'NONE',  ( -0.0000000000000000000, -1.000000000000000000, -0.0000000000000000000 ) ) ;
#6765 = MECHANICAL_DESIGN_GEOMETRIC_PRESENTATION_REPRESENTATION (  '', ( #7158 ), #10312 ) ;
#6766 = STYLED_ITEM ( 'NONE', ( #546 ), #3864 ) ;
#6767 = CARTESIAN_POINT ( 'NONE',  ( -0.09679829535651722494, 0.3010000000383806773, 0.2121205910882233703 ) ) ;
#6768 = VERTEX_POINT ( 'NONE', #12102 ) ;
#6769 = EDGE_CURVE ( 'NONE', #7706, #6567, #4371, .T. ) ;
#6770 = SURFACE_STYLE_USAGE ( .BOTH. , #3975 ) ;
#6771 = CARTESIAN_POINT ( 'NONE',  ( -0.1345518228300270902, 0.3010000000383806773, 0.09908824756497884578 ) ) ;
#6772 = CARTESIAN_POINT ( 'NONE',  ( -0.06428918235199458653, 0.3010000000383806773, 0.09259922635856329687 ) ) ;
#6773 = DIRECTION ( 'NONE',  ( -0.9999748501857348426, -0.0000000000000000000, -0.007092178509963688662 ) ) ;
#6774 = DIRECTION ( 'NONE',  ( 0.9999748501857348426, -0.0000000000000000000, 0.007092178509963316564 ) ) ;
#6775 = ORIENTED_EDGE ( 'NONE', *, *, #8414, .T. ) ;
#6776 = COLOUR_RGB ( '',1.000000000000000000, 1.000000000000000000, 1.000000000000000000 ) ;
#6777 = DIRECTION ( 'NONE',  ( -0.0000000000000000000, -1.000000000000000000, -0.0000000000000000000 ) ) ;
#6778 = ORIENTED_EDGE ( 'NONE', *, *, #702, .T. ) ;
#6779 = FILL_AREA_STYLE_COLOUR ( '', #11607 ) ;
#6780 = CARTESIAN_POINT ( 'NONE',  ( -0.1414015620100129988, 0.3010000000383806773, 0.1522558153035966089 ) ) ;
#6781 = ORIENTED_EDGE ( 'NONE', *, *, #4201, .F. ) ;
#6782 = SURFACE_STYLE_FILL_AREA ( #11548 ) ;
#6783 = DIRECTION ( 'NONE',  ( -0.9999748501857348426, 0.0000000000000000000, -0.007092178509963395494 ) ) ;
#6784 = LINE ( 'NONE', #341, #5734 ) ;
#6785 =( LENGTH_UNIT ( ) NAMED_UNIT ( * ) SI_UNIT ( .MILLI., .METRE. ) );
#6786 = ORIENTED_EDGE ( 'NONE', *, *, #7276, .F. ) ;
#6787 = FILL_AREA_STYLE_COLOUR ( '', #8511 ) ;
#6788 = VECTOR ( 'NONE', #3982, 1000.000000000000000 ) ;
#6789 =( NAMED_UNIT ( * ) PLANE_ANGLE_UNIT ( ) SI_UNIT ( $, .RADIAN. ) );
#6790 = DIRECTION ( 'NONE',  ( 0.0000000000000000000, 0.0000000000000000000, -1.000000000000000000 ) ) ;
#6791 = FILL_AREA_STYLE ('',( #9581 ) ) ;
#6792 = ORIENTED_EDGE ( 'NONE', *, *, #6878, .F. ) ;
#6793 = ADVANCED_FACE ( 'NONE', ( #10124, #4297, #11857, #3621, #12038, #8138, #3555, #5420, #3373, #2505, #7275, #6282, #6227, #11112 ), #660, .F. ) ;
#6794 = ORIENTED_EDGE ( 'NONE', *, *, #8183, .T. ) ;
#6795 = AXIS2_PLACEMENT_3D ( 'NONE', #10035, #7626, #2981 ) ;
#6796 = PRESENTATION_STYLE_ASSIGNMENT (( #12243 ) ) ;
#6797 = SURFACE_SIDE_STYLE ('',( #10690 ) ) ;
#6798 = EDGE_LOOP ( 'NONE', ( #4601, #10483, #9659, #12188 ) ) ;
#6799 = PLANE ( 'NONE',  #12191 ) ;
#6800 = ORIENTED_EDGE ( 'NONE', *, *, #2746, .T. ) ;
#6801 = DIRECTION ( 'NONE',  ( -0.0000000000000000000, -1.000000000000000000, -0.0000000000000000000 ) ) ;
#6802 = CARTESIAN_POINT ( 'NONE',  ( -0.1937739655706610942, 0.3010000000383806218, 0.2048197783621315826 ) ) ;
#6803 = CARTESIAN_POINT ( 'NONE',  ( 0.09469197609897327117, 0.3010000000383806218, 0.1510612868822690524 ) ) ;
#6804 = FILL_AREA_STYLE_COLOUR ( '', #2346 ) ;
#6805 = CARTESIAN_POINT ( 'NONE',  ( -0.1435480375257111030, 0.3000000000000000444, 0.04147239510818574726 ) ) ;
#6806 = SURFACE_STYLE_FILL_AREA ( #9407 ) ;
#6807 = VERTEX_POINT ( 'NONE', #12163 ) ;
#6808 = CARTESIAN_POINT ( 'NONE',  ( 0.1157474825709722543, 0.3000000000000000444, 0.05707450097645832415 ) ) ;
#6809 = DIRECTION ( 'NONE',  ( 0.0000000000000000000, -0.0000000000000000000, -1.000000000000000000 ) ) ;
#6810 = CARTESIAN_POINT ( 'NONE',  ( -0.2557314568895266427, 0.3010000000383806218, 0.1156659771520022750 ) ) ;
#6811 = LINE ( 'NONE', #5944, #4881 ) ;
#6812 = CARTESIAN_POINT ( 'NONE',  ( -0.1113433495717457700, 0.3010000000383806218, 0.09242146902170773892 ) ) ;
#6813 = EDGE_CURVE ( 'NONE', #5791, #10849, #10828, .T. ) ;
#6814 = EDGE_CURVE ( 'NONE', #1243, #4884, #791, .T. ) ;
#6815 =( NAMED_UNIT ( * ) SI_UNIT ( $, .STERADIAN. ) SOLID_ANGLE_UNIT ( ) );
#6816 = LINE ( 'NONE', #9899, #4695 ) ;
#6817 = ORIENTED_EDGE ( 'NONE', *, *, #9548, .F. ) ;
#6818 = PRESENTATION_STYLE_ASSIGNMENT (( #5016 ) ) ;
#6819 = COLOUR_RGB ( '',1.000000000000000000, 1.000000000000000000, 1.000000000000000000 ) ;
#6820 = EDGE_CURVE ( 'NONE', #2832, #5318, #8377, .T. ) ;
#6821 = DIRECTION ( 'NONE',  ( 0.9999748501857348426, -0.0000000000000000000, 0.007092178509962369405 ) ) ;
#6822 = ORIENTED_EDGE ( 'NONE', *, *, #9467, .T. ) ;
#6823 = UNCERTAINTY_MEASURE_WITH_UNIT (LENGTH_MEASURE( 1.000000000000000082E-05 ), #7815, 'distance_accuracy_value', 'NONE');
#6824 = LINE ( 'NONE', #6024, #9510 ) ;
#6825 = PRESENTATION_STYLE_ASSIGNMENT (( #4044 ) ) ;
#6826 = CARTESIAN_POINT ( 'NONE',  ( -0.1165129286434225669, 0.3000000000383806764, 0.1593884897798748812 ) ) ;
#6827 = VERTEX_POINT ( 'NONE', #5610 ) ;
#6828 = EDGE_CURVE ( 'NONE', #3615, #1230, #7455, .T. ) ;
#6829 = ORIENTED_EDGE ( 'NONE', *, *, #9170, .T. ) ;
#6830 = EDGE_CURVE ( 'NONE', #738, #6019, #11231, .T. ) ;
#6831 = CARTESIAN_POINT ( 'NONE',  ( 0.2718794121080188586, 0.3010000000383806218, 0.06251991495498795959 ) ) ;
#6832 = DIRECTION ( 'NONE',  ( 0.9999748501857348426, -0.0000000000000000000, 0.007092178509963394627 ) ) ;
#6833 = CARTESIAN_POINT ( 'NONE',  ( 0.2578167557320734105, 0.3010000000383806218, 0.08801480081575580039 ) ) ;
#6834 = DIRECTION ( 'NONE',  ( -0.3382111624796516614, -0.0000000000000000000, 0.9410702468860454584 ) ) ;
#6835 = FILL_AREA_STYLE ('',( #1333 ) ) ;
#6836 = ORIENTED_EDGE ( 'NONE', *, *, #10822, .T. ) ;
#6837 = CARTESIAN_POINT ( 'NONE',  ( -0.3278980124440741828, 0.3000000000000000444, 0.05413961715163382454 ) ) ;
#6838 = SURFACE_STYLE_FILL_AREA ( #9438 ) ;
#6839 = DIRECTION ( 'NONE',  ( -0.0000000000000000000, -1.000000000000000000, -0.0000000000000000000 ) ) ;
#6840 = CARTESIAN_POINT ( 'NONE',  ( -0.1400545387897615124, 0.3000000000000000444, 0.04149717224798589454 ) ) ;
#6841 = VERTEX_POINT ( 'NONE', #7644 ) ;
#6842 = UNCERTAINTY_MEASURE_WITH_UNIT (LENGTH_MEASURE( 1.000000000000000082E-05 ), #1594, 'distance_accuracy_value', 'NONE');
#6843 = STYLED_ITEM ( 'NONE', ( #5502 ), #1756 ) ;
#6844 =( LENGTH_UNIT ( ) NAMED_UNIT ( * ) SI_UNIT ( .MILLI., .METRE. ) );
#6845 = CARTESIAN_POINT ( 'NONE',  ( -0.09673989209842159820, 0.3010000000383806218, 0.2038859154969985266 ) ) ;
#6846 = SURFACE_SIDE_STYLE ('',( #3877 ) ) ;
#6847 =( NAMED_UNIT ( * ) PLANE_ANGLE_UNIT ( ) SI_UNIT ( $, .RADIAN. ) );
#6848 =( NAMED_UNIT ( * ) SI_UNIT ( $, .STERADIAN. ) SOLID_ANGLE_UNIT ( ) );
#6849 = COLOUR_RGB ( '',1.000000000000000000, 1.000000000000000000, 1.000000000000000000 ) ;
#6850 = CARTESIAN_POINT ( 'NONE',  ( -0.1173749001724034291, 0.3000000000000000444, 0.09400075425657250516 ) ) ;
#6851 = ORIENTED_EDGE ( 'NONE', *, *, #6125, .T. ) ;
#6852 = ORIENTED_EDGE ( 'NONE', *, *, #1758, .T. ) ;
#6853 = CARTESIAN_POINT ( 'NONE',  ( -0.2171197913716588490, 0.3000000000383806764, 0.05492529583016843298 ) ) ;
#6854 = EDGE_LOOP ( 'NONE', ( #9210, #5453, #11998, #9038 ) ) ;
#6855 = DIRECTION ( 'NONE',  ( -0.3962797719141809560, 0.0000000000000000000, 0.9181298069290880770 ) ) ;
#6856 = PRESENTATION_LAYER_ASSIGNMENT (  '', '', ( #3103 ) ) ;
#6857 = CARTESIAN_POINT ( 'NONE',  ( -0.05922756360300536482, 0.3010000000383806218, 0.05844702505212615723 ) ) ;
#6858 = CARTESIAN_POINT ( 'NONE',  ( -0.06329103567887292559, 0.3010000000383806218, 0.06621658595844681638 ) ) ;
#6859 =( NAMED_UNIT ( * ) PLANE_ANGLE_UNIT ( ) SI_UNIT ( $, .RADIAN. ) );
#6860 = ORIENTED_EDGE ( 'NONE', *, *, #6664, .T. ) ;
#6861 = CARTESIAN_POINT ( 'NONE',  ( 0.1282318878819781460, 0.3010000000383806218, 0.07061105711684040331 ) ) ;
#6862 = CARTESIAN_POINT ( 'NONE',  ( 0.09469197609897327117, 0.3000000000000000444, 0.1510612868822690524 ) ) ;
#6863 = FILL_AREA_STYLE ('',( #6118 ) ) ;
#6864 = CARTESIAN_POINT ( 'NONE',  ( 0.09256921454295001517, 0.3000000000000000444, 0.08337233655035201918 ) ) ;
#6865 =( NAMED_UNIT ( * ) SI_UNIT ( $, .STERADIAN. ) SOLID_ANGLE_UNIT ( ) );
#6866 = EDGE_CURVE ( 'NONE', #6019, #2452, #2749, .T. ) ;
#6867 = DIRECTION ( 'NONE',  ( -0.007092178509963688662, 0.0000000000000000000, 0.9999748501857348426 ) ) ;
#6868 = CARTESIAN_POINT ( 'NONE',  ( -0.1008470305938001660, 0.3010000000383806773, 0.05727842632315501697 ) ) ;
#6869 =( NAMED_UNIT ( * ) SI_UNIT ( $, .STERADIAN. ) SOLID_ANGLE_UNIT ( ) );
#6870 = ORIENTED_EDGE ( 'NONE', *, *, #1694, .T. ) ;
#6871 = AXIS2_PLACEMENT_3D ( 'NONE', #2428, #1557, #1746 ) ;
#6872 = DIRECTION ( 'NONE',  ( 0.007092178509970695210, 0.0000000000000000000, -0.9999748501857347316 ) ) ;
#6873 = CARTESIAN_POINT ( 'NONE',  ( -0.1479273002113785374, 0.3010000000383806218, 0.04758645964856490079 ) ) ;
#6874 = VECTOR ( 'NONE', #6652, 1000.000000000000000 ) ;
#6875 = ORIENTED_EDGE ( 'NONE', *, *, #8250, .T. ) ;
#6876 = DIRECTION ( 'NONE',  ( 0.9999748501857348426, 0.0000000000000000000, 0.007092178509963582844 ) ) ;
#6877 = DIRECTION ( 'NONE',  ( -0.0000000000000000000, -1.000000000000000000, -0.0000000000000000000 ) ) ;
#6878 = EDGE_CURVE ( 'NONE', #9422, #9829, #1774, .T. ) ;
#6879 = EDGE_CURVE ( 'NONE', #7142, #7537, #2027, .T. ) ;
#6880 = CARTESIAN_POINT ( 'NONE',  ( -0.05555023290851149320, 0.3000000000000000444, 0.06773758202827179220 ) ) ;
#6881 = B_SPLINE_CURVE_WITH_KNOTS ( 'NONE', 3,
 ( #4571, #3405, #11074, #558 ),
 .UNSPECIFIED., .F., .F.,
 ( 4, 4 ),
 ( 2.000000000000000000, 3.000000000000000000 ),
 .UNSPECIFIED. ) ;
#6882 =( GEOMETRIC_REPRESENTATION_CONTEXT ( 3 ) GLOBAL_UNCERTAINTY_ASSIGNED_CONTEXT ( ( #9478 ) ) GLOBAL_UNIT_ASSIGNED_CONTEXT ( ( #4259, #10303, #1490 ) ) REPRESENTATION_CONTEXT ( 'NONE', 'WORKASPACE' ) );
#6883 = EDGE_LOOP ( 'NONE', ( #5302, #11831, #1416, #620 ) ) ;
#6884 = FACE_OUTER_BOUND ( 'NONE', #2701, .T. ) ;
#6885 =( NAMED_UNIT ( * ) PLANE_ANGLE_UNIT ( ) SI_UNIT ( $, .RADIAN. ) );
#6886 = LINE ( 'NONE', #7871, #6285 ) ;
#6887 = B_SPLINE_SURFACE_WITH_KNOTS ( 'NONE', 3, 1, ( 
 ( #7042, #11809 ),
 ( #10810, #7891 ),
 ( #10753, #9016 ),
 ( #5297, #3212 ) ),
 .UNSPECIFIED., .F., .F., .F.,
 ( 4, 4 ),
 ( 2, 2 ),
 ( 35.00000000000000000, 36.00000000000000000 ),
 ( 0.0000000000000000000, 1.000000000000000000 ),
 .UNSPECIFIED. ) ;
#6888 = LINE ( 'NONE', #6214, #6518 ) ;
#6889 = STYLED_ITEM ( 'NONE', ( #8475 ), #7515 ) ;
#6890 = LINE ( 'NONE', #11545, #11477 ) ;
#6891 =( NAMED_UNIT ( * ) PLANE_ANGLE_UNIT ( ) SI_UNIT ( $, .RADIAN. ) );
#6892 = VERTEX_POINT ( 'NONE', #7696 ) ;
#6893 = EDGE_CURVE ( 'NONE', #5654, #10691, #8013, .T. ) ;
#6894 = CARTESIAN_POINT ( 'NONE',  ( -0.1944850710672459682, 0.3000000000383806209, 0.1753368566573257903 ) ) ;
#6895 = LINE ( 'NONE', #8756, #2384 ) ;
#6896 = DIRECTION ( 'NONE',  ( 0.0000000000000000000, 0.0000000000000000000, -1.000000000000000000 ) ) ;
#6897 = CARTESIAN_POINT ( 'NONE',  ( -0.2436912618190237023, 0.3010000000383806773, 0.1751126428800156842 ) ) ;
#6898 = ORIENTED_EDGE ( 'NONE', *, *, #8849, .T. ) ;
#6899 = DIRECTION ( 'NONE',  ( -1.000000000000000000, 0.0000000000000000000, 0.0000000000000000000 ) ) ;
#6900 = MECHANICAL_DESIGN_GEOMETRIC_PRESENTATION_REPRESENTATION (  '', ( #12242 ), #10061 ) ;
#6901 = SURFACE_STYLE_FILL_AREA ( #4004 ) ;
#6902 = SURFACE_STYLE_FILL_AREA ( #10620 ) ;
#6903 = CARTESIAN_POINT ( 'NONE',  ( -0.06140715081536284731, 0.3010000000383806218, 0.1964317079732118554 ) ) ;
#6904 = CARTESIAN_POINT ( 'NONE',  ( -0.2550803981701580403, 0.3010000000383806218, 0.05465606565931812461 ) ) ;
#6905 = ORIENTED_EDGE ( 'NONE', *, *, #4711, .T. ) ;
#6906 = EDGE_CURVE ( 'NONE', #2012, #1840, #7518, .T. ) ;
#6907 = VECTOR ( 'NONE', #4543, 1000.000000000000114 ) ;
#6908 = PLANE ( 'NONE',  #7695 ) ;
#6909 = EDGE_CURVE ( 'NONE', #11562, #172, #5655, .T. ) ;
#6910 = FILL_AREA_STYLE ('',( #4763 ) ) ;
#6911 = PRESENTATION_LAYER_ASSIGNMENT (  '', '', ( #387 ) ) ;
#6912 = ORIENTED_EDGE ( 'NONE', *, *, #9401, .T. ) ;
#6913 = CARTESIAN_POINT ( 'NONE',  ( -0.06503813254809825972, 0.3010000000383806218, 0.1652124337543380006 ) ) ;
#6914 = ORIENTED_EDGE ( 'NONE', *, *, #11422, .F. ) ;
#6915 = SURFACE_SIDE_STYLE ('',( #7110 ) ) ;
#6916 = COLOUR_RGB ( '',1.000000000000000000, 1.000000000000000000, 1.000000000000000000 ) ;
#6917 = SURFACE_STYLE_FILL_AREA ( #3149 ) ;
#6918 = CARTESIAN_POINT ( 'NONE',  ( 0.2365428457808008422, 0.3010000000383806218, 0.02929996537310895766 ) ) ;
#6919 = ADVANCED_FACE ( 'NONE', ( #10421 ), #1024, .F. ) ;
#6920 =( GEOMETRIC_REPRESENTATION_CONTEXT ( 3 ) GLOBAL_UNCERTAINTY_ASSIGNED_CONTEXT ( ( #12141 ) ) GLOBAL_UNIT_ASSIGNED_CONTEXT ( ( #2555, #8299, #823 ) ) REPRESENTATION_CONTEXT ( 'NONE', 'WORKASPACE' ) );
#6921 = DIRECTION ( 'NONE',  ( -0.0000000000000000000, -1.000000000000000000, -0.0000000000000000000 ) ) ;
#6922 = SURFACE_SIDE_STYLE ('',( #2298 ) ) ;
#6923 = EDGE_LOOP ( 'NONE', ( #6778, #3889 ) ) ;
#6924 = CARTESIAN_POINT ( 'NONE',  ( -0.1776708434785890245, 0.3000000000383806209, 0.2059945671989796834 ) ) ;
#6925 = STYLED_ITEM ( 'NONE', ( #5699 ), #9566 ) ;
#6926 =( GEOMETRIC_REPRESENTATION_CONTEXT ( 3 ) GLOBAL_UNCERTAINTY_ASSIGNED_CONTEXT ( ( #5954 ) ) GLOBAL_UNIT_ASSIGNED_CONTEXT ( ( #8585, #5994, #11623 ) ) REPRESENTATION_CONTEXT ( 'NONE', 'WORKASPACE' ) );
#6927 = CARTESIAN_POINT ( 'NONE',  ( -0.2380770480339418904, 0.3010000000383806773, 0.2125846872885029937 ) ) ;
#6928 =( LENGTH_UNIT ( ) NAMED_UNIT ( * ) SI_UNIT ( .MILLI., .METRE. ) );
#6929 = SURFACE_STYLE_FILL_AREA ( #2249 ) ;
#6930 = VECTOR ( 'NONE', #2839, 1000.000000000000000 ) ;
#6931 = VECTOR ( 'NONE', #11567, 1000.000000000000000 ) ;
#6932 = CARTESIAN_POINT ( 'NONE',  ( 0.1260660218168953850, 0.3010000000383806773, 0.1313287011573964491 ) ) ;
#6933 =( NAMED_UNIT ( * ) PLANE_ANGLE_UNIT ( ) SI_UNIT ( $, .RADIAN. ) );
#6934 = LINE ( 'NONE', #9834, #9192 ) ;
#6935 = CARTESIAN_POINT ( 'NONE',  ( -0.2989319740375553924, 0.3010000000383806773, 0.07792735726579649858 ) ) ;
#6936 = VERTEX_POINT ( 'NONE', #3002 ) ;
#6937 =( LENGTH_UNIT ( ) NAMED_UNIT ( * ) SI_UNIT ( .MILLI., .METRE. ) );
#6938 = MECHANICAL_DESIGN_GEOMETRIC_PRESENTATION_REPRESENTATION (  '', ( #4757 ), #5756 ) ;
#6939 = FILL_AREA_STYLE_COLOUR ( '', #3587 ) ;
#6940 = COLOUR_RGB ( '',1.000000000000000000, 1.000000000000000000, 1.000000000000000000 ) ;
#6941 = VERTEX_POINT ( 'NONE', #2204 ) ;
#6942 = PRESENTATION_LAYER_ASSIGNMENT (  '', '', ( #6143 ) ) ;
#6943 = UNCERTAINTY_MEASURE_WITH_UNIT (LENGTH_MEASURE( 1.000000000000000082E-05 ), #786, 'distance_accuracy_value', 'NONE');
#6944 = CARTESIAN_POINT ( 'NONE',  ( -0.1181675307123672830, 0.3010000000383806218, 0.1002026435160618817 ) ) ;
#6945 = CARTESIAN_POINT ( 'NONE',  ( -0.08238606380397087148, 0.3010000000383806218, 0.2076061665215889196 ) ) ;
#6946 = SURFACE_STYLE_USAGE ( .BOTH. , #4890 ) ;
#6947 = STYLED_ITEM ( 'NONE', ( #1114 ), #10297 ) ;
#6948 =( LENGTH_UNIT ( ) NAMED_UNIT ( * ) SI_UNIT ( .MILLI., .METRE. ) );
#6949 = VECTOR ( 'NONE', #9180, 1000.000000000000000 ) ;
#6950 = DIRECTION ( 'NONE',  ( 0.007092178509965186596, 0.0000000000000000000, -0.9999748501857348426 ) ) ;
#6951 = VERTEX_POINT ( 'NONE', #6780 ) ;
#6952 = SURFACE_STYLE_FILL_AREA ( #8865 ) ;
#6953 = COLOUR_RGB ( '',1.000000000000000000, 1.000000000000000000, 1.000000000000000000 ) ;
#6954 = STYLED_ITEM ( 'NONE', ( #8431 ), #11839 ) ;
#6955 = MECHANICAL_DESIGN_GEOMETRIC_PRESENTATION_REPRESENTATION (  '', ( #6766 ), #439 ) ;
#6956 = ORIENTED_EDGE ( 'NONE', *, *, #10823, .T. ) ;
#6957 = CARTESIAN_POINT ( 'NONE',  ( -0.02395080812184766442, 0.3000000000383806764, 0.1600449733723151025 ) ) ;
#6958 = LINE ( 'NONE', #1274, #2530 ) ;
#6959 = FILL_AREA_STYLE ('',( #8999 ) ) ;
#6960 =( GEOMETRIC_REPRESENTATION_CONTEXT ( 3 ) GLOBAL_UNCERTAINTY_ASSIGNED_CONTEXT ( ( #3348 ) ) GLOBAL_UNIT_ASSIGNED_CONTEXT ( ( #1791, #3634, #11185 ) ) REPRESENTATION_CONTEXT ( 'NONE', 'WORKASPACE' ) );
#6961 = MECHANICAL_DESIGN_GEOMETRIC_PRESENTATION_REPRESENTATION (  '', ( #410 ), #6528 ) ;
#6962 = UNCERTAINTY_MEASURE_WITH_UNIT (LENGTH_MEASURE( 1.000000000000000082E-05 ), #11127, 'distance_accuracy_value', 'NONE');
#6963 = FILL_AREA_STYLE_COLOUR ( '', #8119 ) ;
#6964 = CARTESIAN_POINT ( 'NONE',  ( -0.07278400955674792228, 0.3000000000000000444, 0.07644312066001351935 ) ) ;
#6965 = COLOUR_RGB ( '',1.000000000000000000, 1.000000000000000000, 1.000000000000000000 ) ;
#6966 = VECTOR ( 'NONE', #8624, 1000.000000000000000 ) ;
#6967 = CARTESIAN_POINT ( 'NONE',  ( -0.1178441005482067094, 0.3010000000383806218, 0.05460000823303651218 ) ) ;
#6968 = CARTESIAN_POINT ( 'NONE',  ( -0.04719765512167783950, 0.3010000000383806773, 0.1171449732959795598 ) ) ;
#6969 = CARTESIAN_POINT ( 'NONE',  ( -0.2206694978298006649, 0.3010000000383806773, 0.1683821530840460545 ) ) ;
#6970 = EDGE_LOOP ( 'NONE', ( #3508, #2678, #7649, #9950 ) ) ;
#6971 =( NAMED_UNIT ( * ) SI_UNIT ( $, .STERADIAN. ) SOLID_ANGLE_UNIT ( ) );
#6972 = EDGE_CURVE ( 'NONE', #6718, #11092, #5090, .T. ) ;
#6973 = EDGE_CURVE ( 'NONE', #1924, #8327, #11599, .T. ) ;
#6974 = PRESENTATION_LAYER_ASSIGNMENT (  '', '', ( #248 ) ) ;
#6975 = CARTESIAN_POINT ( 'NONE',  ( -0.1923767237013861153, 0.3010000000383806773, 0.08258227537899906490 ) ) ;
#6976 = FILL_AREA_STYLE ('',( #3079 ) ) ;
#6977 = CARTESIAN_POINT ( 'NONE',  ( -0.1032275776034935477, 0.3000000000000000444, 0.08065668413473843501 ) ) ;
#6978 = CARTESIAN_POINT ( 'NONE',  ( -0.06927822973042647992, 0.3000000000000000444, 0.05494445472113325402 ) ) ;
#6979 = ORIENTED_EDGE ( 'NONE', *, *, #11395, .T. ) ;
#6980 = DIRECTION ( 'NONE',  ( 0.0000000000000000000, 1.000000000000000000, -0.0000000000000000000 ) ) ;
#6981 = SURFACE_STYLE_USAGE ( .BOTH. , #7167 ) ;
#6982 = EDGE_LOOP ( 'NONE', ( #7274, #4772, #210, #4047 ) ) ;
#6983 = CARTESIAN_POINT ( 'NONE',  ( -0.09644743335900975156, 0.3010000000383806773, 0.1626501536337019438 ) ) ;
#6984 = ORIENTED_EDGE ( 'NONE', *, *, #11806, .T. ) ;
#6985 = EDGE_CURVE ( 'NONE', #2729, #12093, #6958, .T. ) ;
#6986 = CARTESIAN_POINT ( 'NONE',  ( -0.2694921949318911936, 0.3000000000000000444, 0.1074892588887059880 ) ) ;
#6987 = EDGE_CURVE ( 'NONE', #8791, #9050, #5841, .T. ) ;
#6988 = PRESENTATION_STYLE_ASSIGNMENT (( #1426 ) ) ;
#6989 = CARTESIAN_POINT ( 'NONE',  ( -0.1166041680694361315, 0.3010000000383806218, 0.07329372195507743992 ) ) ;
#6990 = PRESENTATION_LAYER_ASSIGNMENT (  '', '', ( #72 ) ) ;
#6991 = VERTEX_POINT ( 'NONE', #10547 ) ;
#6992 = DIRECTION ( 'NONE',  ( 1.000000000000000000, 0.0000000000000000000, 0.0000000000000000000 ) ) ;
#6993 = CARTESIAN_POINT ( 'NONE',  ( -0.1404462351503606155, 0.3010000000383806773, 0.2132771198560967363 ) ) ;
#6994 = CARTESIAN_POINT ( 'NONE',  ( 0.1163043078674890207, 0.3010000000383806218, 0.2232265415380157159 ) ) ;
#6995 = SURFACE_STYLE_FILL_AREA ( #6863 ) ;
#6996 = PRESENTATION_STYLE_ASSIGNMENT (( #2476 ) ) ;
#6997 = VECTOR ( 'NONE', #6467, 1000.000000000000000 ) ;
#6998 = CARTESIAN_POINT ( 'NONE',  ( 0.1220635311277044333, 0.3010000000383806218, 0.08401532121141504217 ) ) ;
#6999 = B_SPLINE_SURFACE_WITH_KNOTS ( 'NONE', 3, 1, ( 
 ( #8750, #3118 ),
 ( #7764, #1202 ),
 ( #281, #9795 ),
 ( #4051, #11730 ) ),
 .UNSPECIFIED., .F., .F., .F.,
 ( 4, 4 ),
 ( 2, 2 ),
 ( 3.000000000000000000, 4.000000000000000000 ),
 ( 0.0000000000000000000, 1.000000000000000000 ),
 .UNSPECIFIED. ) ;
#7000 =( LENGTH_UNIT ( ) NAMED_UNIT ( * ) SI_UNIT ( .MILLI., .METRE. ) );
#7001 = SURFACE_SIDE_STYLE ('',( #3233 ) ) ;
#7002 = DIRECTION ( 'NONE',  ( 0.007092178509963928922, 0.0000000000000000000, -0.9999748501857348426 ) ) ;
#7003 = VERTEX_POINT ( 'NONE', #4164 ) ;
#7004 = EDGE_CURVE ( 'NONE', #224, #9167, #7939, .T. ) ;
#7005 = SURFACE_STYLE_FILL_AREA ( #7750 ) ;
#7006 = DIRECTION ( 'NONE',  ( 0.9999748501857348426, -0.0000000000000000000, 0.007092178509963453607 ) ) ;
#7007 = B_SPLINE_CURVE_WITH_KNOTS ( 'NONE', 3,
 ( #11245, #9446, #854, #5492 ),
 .UNSPECIFIED., .F., .F.,
 ( 4, 4 ),
 ( 8.000000000000000000, 9.000000000000000000 ),
 .UNSPECIFIED. ) ;
#7008 = VERTEX_POINT ( 'NONE', #10730 ) ;
#7009 = CARTESIAN_POINT ( 'NONE',  ( 0.2587766062771868492, 0.3000000000000000444, 0.1973409663625794730 ) ) ;
#7010 = SURFACE_STYLE_FILL_AREA ( #8049 ) ;
#7011 = CARTESIAN_POINT ( 'NONE',  ( -0.4499999999999981237, -0.2500000000000001665, 0.0000000000000000000 ) ) ;
#7012 = CARTESIAN_POINT ( 'NONE',  ( -0.1167080486193376454, 0.3010000000383806773, 0.1868997923239089920 ) ) ;
#7013 = CARTESIAN_POINT ( 'NONE',  ( -0.02345946859065687132, 0.3010000000383806773, 0.09076764576379139915 ) ) ;
#7014 = SURFACE_STYLE_USAGE ( .BOTH. , #3297 ) ;
#7015 =( GEOMETRIC_REPRESENTATION_CONTEXT ( 3 ) GLOBAL_UNCERTAINTY_ASSIGNED_CONTEXT ( ( #5343 ) ) GLOBAL_UNIT_ASSIGNED_CONTEXT ( ( #11774, #2364, #5324 ) ) REPRESENTATION_CONTEXT ( 'NONE', 'WORKASPACE' ) );
#7016 = ADVANCED_FACE ( 'NONE', ( #11543 ), #6999, .T. ) ;
#7017 = ORIENTED_EDGE ( 'NONE', *, *, #8857, .T. ) ;
#7018 = DIRECTION ( 'NONE',  ( 0.007092178509958839243, -0.0000000000000000000, -0.9999748501857349536 ) ) ;
#7019 = SURFACE_STYLE_USAGE ( .BOTH. , #5154 ) ;
#7020 = B_SPLINE_CURVE_WITH_KNOTS ( 'NONE', 3,
 ( #6064, #1440, #441, #10083 ),
 .UNSPECIFIED., .F., .F.,
 ( 4, 4 ),
 ( 5.000000000000000000, 6.000000000000000000 ),
 .UNSPECIFIED. ) ;
#7021 = CARTESIAN_POINT ( 'NONE',  ( -0.1372180620872272827, 0.3010000000383806218, 0.04179803125115081480 ) ) ;
#7022 = ORIENTED_EDGE ( 'NONE', *, *, #7061, .F. ) ;
#7023 = SURFACE_SIDE_STYLE ('',( #2498 ) ) ;
#7024 =( LENGTH_UNIT ( ) NAMED_UNIT ( * ) SI_UNIT ( .MILLI., .METRE. ) );
#7025 = LINE ( 'NONE', #156, #7726 ) ;
#7026 = B_SPLINE_CURVE_WITH_KNOTS ( 'NONE', 3,
 ( #4829, #10343, #5586, #7624 ),
 .UNSPECIFIED., .F., .F.,
 ( 4, 4 ),
 ( 2.000000000000000000, 3.000000000000000000 ),
 .UNSPECIFIED. ) ;
#7027 = CARTESIAN_POINT ( 'NONE',  ( -0.07504465569276723425, 0.3010000000383806773, 0.1005084863354538394 ) ) ;
#7028 = ORIENTED_EDGE ( 'NONE', *, *, #332, .F. ) ;
#7029 = CARTESIAN_POINT ( 'NONE',  ( -0.08303488103793559005, 0.3000000000000000444, 0.08357612140341477702 ) ) ;
#7030 = CARTESIAN_POINT ( 'NONE',  ( -0.2146870555787802615, 0.3010000000383806773, 0.1517360484289757561 ) ) ;
#7031 = EDGE_CURVE ( 'NONE', #10567, #4562, #6886, .T. ) ;
#7032 = CARTESIAN_POINT ( 'NONE',  ( -0.2691773925217667007, 0.3000000000000000444, 0.06310310977246418040 ) ) ;
#7033 = CARTESIAN_POINT ( 'NONE',  ( 0.2169301805050373178, 0.3010000000383806218, 0.1645086717987799263 ) ) ;
#7034 = CARTESIAN_POINT ( 'NONE',  ( -0.2630076896813623999, 0.3010000000383806218, 0.05743845298056739906 ) ) ;
#7035 = CARTESIAN_POINT ( 'NONE',  ( -0.2142450491027245441, 0.3010000000383806773, 0.08941452633897051250 ) ) ;
#7036 = ORIENTED_EDGE ( 'NONE', *, *, #10839, .F. ) ;
#7037 = LINE ( 'NONE', #8383, #796 ) ;
#7038 = VECTOR ( 'NONE', #7018, 1000.000000000000000 ) ;
#7039 = ADVANCED_FACE ( 'NONE', ( #10659 ), #5967, .F. ) ;
#7040 = EDGE_CURVE ( 'NONE', #5802, #10567, #12026, .T. ) ;
#7041 =( NAMED_UNIT ( * ) SI_UNIT ( $, .STERADIAN. ) SOLID_ANGLE_UNIT ( ) );
#7042 = CARTESIAN_POINT ( 'NONE',  ( 0.03419893732606900383, 0.3010000000383806218, 0.1172291181780548558 ) ) ;
#7043 = VERTEX_POINT ( 'NONE', #10846 ) ;
#7044 = CARTESIAN_POINT ( 'NONE',  ( -0.04527823971281177279, 0.3000000000000000444, 0.09061289925227901387 ) ) ;
#7045 = ORIENTED_EDGE ( 'NONE', *, *, #11119, .T. ) ;
#7046 = EDGE_CURVE ( 'NONE', #6841, #4017, #1518, .T. ) ;
#7047 = DIRECTION ( 'NONE',  ( -0.9999748501857348426, 0.0000000000000000000, -0.007092178509963317432 ) ) ;
#7048 = FACE_OUTER_BOUND ( 'NONE', #11540, .T. ) ;
#7049 = CARTESIAN_POINT ( 'NONE',  ( 0.2174562885453621697, 0.3010000000383806218, 0.02916459669755753700 ) ) ;
#7050 = MECHANICAL_DESIGN_GEOMETRIC_PRESENTATION_REPRESENTATION (  '', ( #513 ), #3090 ) ;
#7051 = CARTESIAN_POINT ( 'NONE',  ( 0.2168378917518772042, 0.3010000000383806218, 0.1163554317908793573 ) ) ;
#7052 = CARTESIAN_POINT ( 'NONE',  ( -0.1125910249069113911, 0.3010000000383806218, 0.07481947365459803989 ) ) ;
#7053 = FILL_AREA_STYLE ('',( #3039 ) ) ;
#7054 = FILL_AREA_STYLE ('',( #679 ) ) ;
#7055 = ORIENTED_EDGE ( 'NONE', *, *, #3406, .T. ) ;
#7056 = FILL_AREA_STYLE ('',( #5256 ) ) ;
#7057 = EDGE_CURVE ( 'NONE', #7295, #4403, #10040, .T. ) ;
#7058 = CARTESIAN_POINT ( 'NONE',  ( 0.09992199848931948569, 0.3010000000383806218, 0.2087947179843276935 ) ) ;
#7059 = FILL_AREA_STYLE ('',( #9774 ) ) ;
#7060 = STYLED_ITEM ( 'NONE', ( #11349 ), #1930 ) ;
#7061 = EDGE_CURVE ( 'NONE', #2600, #9146, #1577, .T. ) ;
#7062 = FACE_OUTER_BOUND ( 'NONE', #629, .T. ) ;
#7063 = CARTESIAN_POINT ( 'NONE',  ( 0.2901568176952524225, 0.3010000000383806218, 0.1767407862493474702 ) ) ;
#7064 = PRESENTATION_STYLE_ASSIGNMENT (( #5071 ) ) ;
#7065 = DIRECTION ( 'NONE',  ( -0.9999748501857348426, -0.0000000000000000000, -0.007092178509963963616 ) ) ;
#7066 = DIRECTION ( 'NONE',  ( -0.9999748501857348426, -0.0000000000000000000, -0.007092178509965825842 ) ) ;
#7067 = ORIENTED_EDGE ( 'NONE', *, *, #6280, .T. ) ;
#7068 = CARTESIAN_POINT ( 'NONE',  ( -0.1704031184300309476, 0.3010000000383806218, 0.2060461124987401083 ) ) ;
#7069 =( NAMED_UNIT ( * ) PLANE_ANGLE_UNIT ( ) SI_UNIT ( $, .RADIAN. ) );
#7070 = VECTOR ( 'NONE', #9545, 1000.000000000000114 ) ;
#7071 = CARTESIAN_POINT ( 'NONE',  ( 0.2835423920232607031, 0.3010000000383806218, 0.06954353933260110088 ) ) ;
#7072 = VERTEX_POINT ( 'NONE', #2618 ) ;
#7073 = PRESENTATION_LAYER_ASSIGNMENT (  '', '', ( #10816 ) ) ;
#7074 = UNCERTAINTY_MEASURE_WITH_UNIT (LENGTH_MEASURE( 1.000000000000000082E-05 ), #4138, 'distance_accuracy_value', 'NONE');
#7075 = FACE_OUTER_BOUND ( 'NONE', #6367, .T. ) ;
#7076 = DIRECTION ( 'NONE',  ( -0.0000000000000000000, -1.000000000000000000, -0.0000000000000000000 ) ) ;
#7077 = DIRECTION ( 'NONE',  ( 0.0000000000000000000, -0.0000000000000000000, -1.000000000000000000 ) ) ;
#7078 = CARTESIAN_POINT ( 'NONE',  ( -0.09239027418676834524, 0.3000000000383806209, 0.2063498592553102695 ) ) ;
#7079 = SURFACE_STYLE_USAGE ( .BOTH. , #1514 ) ;
#7080 = CARTESIAN_POINT ( 'NONE',  ( 0.0000000000000000000, 0.3010000000383805663, 0.0000000000000000000 ) ) ;
#7081 = VECTOR ( 'NONE', #3249, 1000.000000000000000 ) ;
#7082 = EDGE_LOOP ( 'NONE', ( #942, #7604, #7701, #2998 ) ) ;
#7083 = PRESENTATION_STYLE_ASSIGNMENT (( #3356 ) ) ;
#7084 = CARTESIAN_POINT ( 'NONE',  ( -0.01533904742765621401, 0.3000000000000000444, 0.05635639687801816122 ) ) ;
#7085 = DIRECTION ( 'NONE',  ( 0.9999748501857349536, -0.0000000000000000000, 0.007092178509957183449 ) ) ;
#7086 = ORIENTED_EDGE ( 'NONE', *, *, #8530, .F. ) ;
#7087 = UNCERTAINTY_MEASURE_WITH_UNIT (LENGTH_MEASURE( 1.000000000000000082E-05 ), #176, 'distance_accuracy_value', 'NONE');
#7088 = DIRECTION ( 'NONE',  ( -0.0000000000000000000, -1.000000000000000000, -0.0000000000000000000 ) ) ;
#7089 = MECHANICAL_DESIGN_GEOMETRIC_PRESENTATION_REPRESENTATION (  '', ( #9253 ), #7285 ) ;
#7090 = VECTOR ( 'NONE', #10349, 1000.000000000000000 ) ;
#7091 = FILL_AREA_STYLE ('',( #9124 ) ) ;
#7092 = CARTESIAN_POINT ( 'NONE',  ( -0.07130338486278821331, 0.3010000000383806218, 0.06119998952027910777 ) ) ;
#7093 = FILL_AREA_STYLE_COLOUR ( '', #5567 ) ;
#7094 = VERTEX_POINT ( 'NONE', #11096 ) ;
#7095 =( NAMED_UNIT ( * ) SI_UNIT ( $, .STERADIAN. ) SOLID_ANGLE_UNIT ( ) );
#7096 = PRESENTATION_STYLE_ASSIGNMENT (( #3371 ) ) ;
#7097 =( GEOMETRIC_REPRESENTATION_CONTEXT ( 3 ) GLOBAL_UNCERTAINTY_ASSIGNED_CONTEXT ( ( #11283 ) ) GLOBAL_UNIT_ASSIGNED_CONTEXT ( ( #8047, #452, #1381 ) ) REPRESENTATION_CONTEXT ( 'NONE', 'WORKASPACE' ) );
#7098 = CARTESIAN_POINT ( 'NONE',  ( -0.1793621688085147992, 0.3000000000000000444, 0.1519865851327462658 ) ) ;
#7099 = PRESENTATION_STYLE_ASSIGNMENT (( #4374 ) ) ;
#7100 = FILL_AREA_STYLE_COLOUR ( '', #5975 ) ;
#7101 = ORIENTED_EDGE ( 'NONE', *, *, #6511, .F. ) ;
#7102 = CARTESIAN_POINT ( 'NONE',  ( -0.1181675307123672830, 0.3010000000383806218, 0.1002026435160618817 ) ) ;
#7103 = B_SPLINE_SURFACE_WITH_KNOTS ( 'NONE', 3, 1, ( 
 ( #1183, #7914 ),
 ( #10771, #9777 ),
 ( #2251, #1311 ),
 ( #1370, #10645 ) ),
 .UNSPECIFIED., .F., .F., .F.,
 ( 4, 4 ),
 ( 2, 2 ),
 ( 0.0000000000000000000, 1.000000000000000000 ),
 ( 0.0000000000000000000, 1.000000000000000000 ),
 .UNSPECIFIED. ) ;
#7104 = MECHANICAL_DESIGN_GEOMETRIC_PRESENTATION_REPRESENTATION (  '', ( #2954 ), #8077 ) ;
#7105 =( NAMED_UNIT ( * ) SI_UNIT ( $, .STERADIAN. ) SOLID_ANGLE_UNIT ( ) );
#7106 = EDGE_LOOP ( 'NONE', ( #1663, #3637, #2691, #5336 ) ) ;
#7107 = SURFACE_STYLE_USAGE ( .BOTH. , #3387 ) ;
#7108 = DIRECTION ( 'NONE',  ( 0.9999748501857348426, -0.0000000000000000000, 0.007092178509964645362 ) ) ;
#7109 = VERTEX_POINT ( 'NONE', #7084 ) ;
#7110 = SURFACE_STYLE_FILL_AREA ( #9643 ) ;
#7111 = CARTESIAN_POINT ( 'NONE',  ( -0.05988339222454173300, 0.3010000000383806218, 0.2058941521792218843 ) ) ;
#7112 = FACE_BOUND ( 'NONE', #3632, .T. ) ;
#7113 = EDGE_CURVE ( 'NONE', #7941, #8607, #5964, .T. ) ;
#7114 =( NAMED_UNIT ( * ) SI_UNIT ( $, .STERADIAN. ) SOLID_ANGLE_UNIT ( ) );
#7115 = SURFACE_STYLE_FILL_AREA ( #675 ) ;
#7116 = VECTOR ( 'NONE', #52, 1000.000000000000000 ) ;
#7117 = PLANE ( 'NONE',  #8898 ) ;
#7118 =( LENGTH_UNIT ( ) NAMED_UNIT ( * ) SI_UNIT ( .MILLI., .METRE. ) );
#7119 = ORIENTED_EDGE ( 'NONE', *, *, #2368, .F. ) ;
#7120 = COLOUR_RGB ( '',1.000000000000000000, 1.000000000000000000, 1.000000000000000000 ) ;
#7121 = SURFACE_STYLE_FILL_AREA ( #7056 ) ;
#7122 = SURFACE_STYLE_FILL_AREA ( #6061 ) ;
#7123 = ORIENTED_EDGE ( 'NONE', *, *, #2016, .F. ) ;
#7124 = FILL_AREA_STYLE_COLOUR ( '', #11799 ) ;
#7125 = DIRECTION ( 'NONE',  ( -0.0000000000000000000, -1.000000000000000000, -0.0000000000000000000 ) ) ;
#7126 = SURFACE_SIDE_STYLE ('',( #10160 ) ) ;
#7127 = ORIENTED_EDGE ( 'NONE', *, *, #6695, .F. ) ;
#7128 = SURFACE_STYLE_FILL_AREA ( #7194 ) ;
#7129 = EDGE_CURVE ( 'NONE', #9341, #5497, #10383, .T. ) ;
#7130 = EDGE_CURVE ( 'NONE', #5377, #3167, #763, .T. ) ;
#7131 = B_SPLINE_CURVE_WITH_KNOTS ( 'NONE', 3,
 ( #998, #5641, #7562, #2855 ),
 .UNSPECIFIED., .F., .F.,
 ( 4, 4 ),
 ( 8.000000000000000000, 9.000000000000000000 ),
 .UNSPECIFIED. ) ;
#7132 =( NAMED_UNIT ( * ) SI_UNIT ( $, .STERADIAN. ) SOLID_ANGLE_UNIT ( ) );
#7133 = EDGE_LOOP ( 'NONE', ( #3472, #4439, #8044, #11162 ) ) ;
#7134 = LINE ( 'NONE', #10904, #1223 ) ;
#7135 = SURFACE_SIDE_STYLE ('',( #11721 ) ) ;
#7136 = PRESENTATION_STYLE_ASSIGNMENT (( #10784 ) ) ;
#7137 = FILL_AREA_STYLE_COLOUR ( '', #424 ) ;
#7138 =( LENGTH_UNIT ( ) NAMED_UNIT ( * ) SI_UNIT ( .MILLI., .METRE. ) );
#7139 = CARTESIAN_POINT ( 'NONE',  ( 0.2109310183554720664, 0.3010000000383806218, 0.2152215261950932990 ) ) ;
#7140 = VECTOR ( 'NONE', #10537, 1000.000000000000000 ) ;
#7141 = VECTOR ( 'NONE', #7652, 1000.000000000000000 ) ;
#7142 = VERTEX_POINT ( 'NONE', #6145 ) ;
#7143 = ADVANCED_FACE ( 'NONE', ( #11789 ), #5218, .F. ) ;
#7144 = SURFACE_STYLE_FILL_AREA ( #9850 ) ;
#7145 = VECTOR ( 'NONE', #8576, 1000.000000000000114 ) ;
#7146 = CARTESIAN_POINT ( 'NONE',  ( -0.1922311580050684032, 0.3000000000383806764, 0.06205797030644794737 ) ) ;
#7147 = ORIENTED_EDGE ( 'NONE', *, *, #1080, .T. ) ;
#7148 = EDGE_CURVE ( 'NONE', #4419, #9325, #9206, .T. ) ;
#7149 = CARTESIAN_POINT ( 'NONE',  ( -0.05097322061687430822, 0.3010000000383806218, 0.1920762290057998756 ) ) ;
#7150 = VECTOR ( 'NONE', #9281, 1000.000000000000000 ) ;
#7151 = AXIS2_PLACEMENT_3D ( 'NONE', #10048, #5530, #4600 ) ;
#7152 =( NAMED_UNIT ( * ) SI_UNIT ( $, .STERADIAN. ) SOLID_ANGLE_UNIT ( ) );
#7153 =( LENGTH_UNIT ( ) NAMED_UNIT ( * ) SI_UNIT ( .MILLI., .METRE. ) );
#7154 = MECHANICAL_DESIGN_GEOMETRIC_PRESENTATION_REPRESENTATION (  '', ( #3188 ), #8318 ) ;
#7155 = STYLED_ITEM ( 'NONE', ( #9483 ), #11911 ) ;
#7156 = FILL_AREA_STYLE ('',( #3369 ) ) ;
#7157 = ORIENTED_EDGE ( 'NONE', *, *, #9916, .T. ) ;
#7158 = STYLED_ITEM ( 'NONE', ( #9958 ), #4519 ) ;
#7159 =( GEOMETRIC_REPRESENTATION_CONTEXT ( 3 ) GLOBAL_UNCERTAINTY_ASSIGNED_CONTEXT ( ( #8832 ) ) GLOBAL_UNIT_ASSIGNED_CONTEXT ( ( #4275, #4514, #10962 ) ) REPRESENTATION_CONTEXT ( 'NONE', 'WORKASPACE' ) );
#7160 =( NAMED_UNIT ( * ) PLANE_ANGLE_UNIT ( ) SI_UNIT ( $, .RADIAN. ) );
#7161 = PRESENTATION_LAYER_ASSIGNMENT (  '', '', ( #10713 ) ) ;
#7162 = CARTESIAN_POINT ( 'NONE',  ( -0.1793621688085147992, 0.3000000000383806209, 0.1519865851327462658 ) ) ;
#7163 = VECTOR ( 'NONE', #992, 1000.000000000000000 ) ;
#7164 = DIRECTION ( 'NONE',  ( 0.0000000000000000000, 0.0000000000000000000, -1.000000000000000000 ) ) ;
#7165 = ORIENTED_EDGE ( 'NONE', *, *, #4618, .F. ) ;
#7166 = CARTESIAN_POINT ( 'NONE',  ( -0.1414508950651480190, 0.3000000000000000444, 0.1592116208221150686 ) ) ;
#7167 = SURFACE_SIDE_STYLE ('',( #595 ) ) ;
#7168 = ORIENTED_EDGE ( 'NONE', *, *, #12029, .T. ) ;
#7169 = CARTESIAN_POINT ( 'NONE',  ( 0.1129571241926249081, 0.3000000000000000444, 0.08351693488165369550 ) ) ;
#7170 = CARTESIAN_POINT ( 'NONE',  ( -0.1384772654616892862, 0.3010000000383806773, 0.1797580483409171037 ) ) ;
#7171 = ORIENTED_EDGE ( 'NONE', *, *, #4816, .T. ) ;
#7172 = AXIS2_PLACEMENT_3D ( 'NONE', #6502, #11449, #7628 ) ;
#7173 = VECTOR ( 'NONE', #4436, 1000.000000000000114 ) ;
#7174 = SURFACE_SIDE_STYLE ('',( #4316 ) ) ;
#7175 = CARTESIAN_POINT ( 'NONE',  ( 0.2401238400747974511, 0.3000000000000000444, 0.1972086742878463861 ) ) ;
#7176 = ADVANCED_FACE ( 'NONE', ( #2118 ), #7574, .F. ) ;
#7177 = DIRECTION ( 'NONE',  ( 0.9999748501857348426, -0.0000000000000000000, 0.007092178509964560361 ) ) ;
#7178 = CARTESIAN_POINT ( 'NONE',  ( -0.2521797830824283881, 0.3010000000383806773, 0.1514701366250619796 ) ) ;
#7179 = B_SPLINE_CURVE_WITH_KNOTS ( 'NONE', 3,
 ( #9377, #901, #4665, #7521 ),
 .UNSPECIFIED., .F., .F.,
 ( 4, 4 ),
 ( 12.00000000000000000, 13.00000000000000000 ),
 .UNSPECIFIED. ) ;
#7180 =( LENGTH_UNIT ( ) NAMED_UNIT ( * ) SI_UNIT ( .MILLI., .METRE. ) );
#7181 = CARTESIAN_POINT ( 'NONE',  ( -0.2694921949318911936, 0.3010000000383806218, 0.1074892588887059880 ) ) ;
#7182 = ORIENTED_EDGE ( 'NONE', *, *, #9246, .F. ) ;
#7183 = MECHANICAL_DESIGN_GEOMETRIC_PRESENTATION_REPRESENTATION (  '', ( #11925 ), #5406 ) ;
#7184 = PRESENTATION_LAYER_ASSIGNMENT (  '', '', ( #11726 ) ) ;
#7185 =( LENGTH_UNIT ( ) NAMED_UNIT ( * ) SI_UNIT ( .MILLI., .METRE. ) );
#7186 = EDGE_LOOP ( 'NONE', ( #3699, #4148, #297, #6343 ) ) ;
#7187 = VERTEX_POINT ( 'NONE', #11570 ) ;
#7188 = SURFACE_STYLE_USAGE ( .BOTH. , #11006 ) ;
#7189 = CARTESIAN_POINT ( 'NONE',  ( -0.1089894625464456063, 0.3000000000000000444, 0.08819584463670156194 ) ) ;
#7190 = B_SPLINE_CURVE_WITH_KNOTS ( 'NONE', 3,
 ( #8193, #11977, #4239, #3491 ),
 .UNSPECIFIED., .F., .F.,
 ( 4, 4 ),
 ( 5.000000000000000000, 6.000000000000000000 ),
 .UNSPECIFIED. ) ;
#7191 = COLOUR_RGB ( '',1.000000000000000000, 1.000000000000000000, 1.000000000000000000 ) ;
#7192 = CARTESIAN_POINT ( 'NONE',  ( -0.01602550693476220353, 0.3010000000383806773, 0.1531450270305751149 ) ) ;
#7193 = ORIENTED_EDGE ( 'NONE', *, *, #6598, .F. ) ;
#7194 = FILL_AREA_STYLE ('',( #3343 ) ) ;
#7195 = CARTESIAN_POINT ( 'NONE',  ( 0.2930118290230381839, 0.3000000000000000444, 0.08002207605094992238 ) ) ;
#7196 = CARTESIAN_POINT ( 'NONE',  ( 0.03419893732606900383, 0.3000000000383806209, 0.1172291181780548558 ) ) ;
#7197 = ORIENTED_EDGE ( 'NONE', *, *, #2286, .T. ) ;
#7198 = UNCERTAINTY_MEASURE_WITH_UNIT (LENGTH_MEASURE( 1.000000000000000082E-05 ), #5512, 'distance_accuracy_value', 'NONE');
#7199 = CARTESIAN_POINT ( 'NONE',  ( -0.1611858963196588501, 0.3010000000383806773, 0.2061114843274022279 ) ) ;
#7200 = FILL_AREA_STYLE ('',( #4466 ) ) ;
#7201 = B_SPLINE_SURFACE_WITH_KNOTS ( 'NONE', 3, 1, ( 
 ( #1147, #10607 ),
 ( #10923, #9981 ),
 ( #7149, #10851 ),
 ( #5158, #3429 ) ),
 .UNSPECIFIED., .F., .F., .F.,
 ( 4, 4 ),
 ( 2, 2 ),
 ( 3.000000000000000000, 4.000000000000000000 ),
 ( 0.0000000000000000000, 1.000000000000000000 ),
 .UNSPECIFIED. ) ;
#7202 = FACE_OUTER_BOUND ( 'NONE', #12028, .T. ) ;
#7203 = ADVANCED_FACE ( 'NONE', ( #12089 ), #12153, .T. ) ;
#7204 = CARTESIAN_POINT ( 'NONE',  ( 0.4499999999999996780, -0.2499999999999998890, 0.0000000000000000000 ) ) ;
#7205 = EDGE_CURVE ( 'NONE', #3705, #10332, #2731, .T. ) ;
#7206 = CARTESIAN_POINT ( 'NONE',  ( 0.2168378917518772042, 0.3000000000000000444, 0.1163554317908793573 ) ) ;
#7207 = B_SPLINE_CURVE_WITH_KNOTS ( 'NONE', 3,
 ( #11311, #2949, #10493, #2048, #5673, #9447, #3263 ),
 .UNSPECIFIED., .F., .F.,
 ( 4, 3, 4 ),
 ( 0.0000000000000000000, 1.000000000000000000, 2.000000000000000000 ),
 .UNSPECIFIED. ) ;
#7208 =( LENGTH_UNIT ( ) NAMED_UNIT ( * ) SI_UNIT ( .MILLI., .METRE. ) );
#7209 =( NAMED_UNIT ( * ) PLANE_ANGLE_UNIT ( ) SI_UNIT ( $, .RADIAN. ) );
#7210 = EDGE_CURVE ( 'NONE', #6892, #10882, #1832, .T. ) ;
#7211 = ORIENTED_EDGE ( 'NONE', *, *, #7061, .T. ) ;
#7212 = SURFACE_STYLE_FILL_AREA ( #8245 ) ;
#7213 = CARTESIAN_POINT ( 'NONE',  ( -0.06046075534982608274, 0.3010000000383806218, 0.08058567943684857848 ) ) ;
#7214 = B_SPLINE_SURFACE_WITH_KNOTS ( 'NONE', 3, 1, ( 
 ( #10701, #10952 ),
 ( #4557, #12000 ),
 ( #8221, #3515 ),
 ( #7181, #7298 ) ),
 .UNSPECIFIED., .F., .F., .F.,
 ( 4, 4 ),
 ( 2, 2 ),
 ( 3.000000000000000000, 4.000000000000000000 ),
 ( 0.0000000000000000000, 1.000000000000000000 ),
 .UNSPECIFIED. ) ;
#7215 = ORIENTED_EDGE ( 'NONE', *, *, #3127, .T. ) ;
#7216 = UNCERTAINTY_MEASURE_WITH_UNIT (LENGTH_MEASURE( 1.000000000000000082E-05 ), #7429, 'distance_accuracy_value', 'NONE');
#7217 = DIRECTION ( 'NONE',  ( -0.0000000000000000000, -1.000000000000000000, -0.0000000000000000000 ) ) ;
#7218 = ADVANCED_FACE ( 'NONE', ( #7502 ), #11279, .F. ) ;
#7219 = CARTESIAN_POINT ( 'NONE',  ( -0.2028220619280017845, 0.3000000000000000444, 0.1831073017652502244 ) ) ;
#7220 = PRESENTATION_LAYER_ASSIGNMENT (  '', '', ( #91 ) ) ;
#7221 =( NAMED_UNIT ( * ) PLANE_ANGLE_UNIT ( ) SI_UNIT ( $, .RADIAN. ) );
#7222 = ORIENTED_EDGE ( 'NONE', *, *, #10302, .F. ) ;
#7223 = FACE_OUTER_BOUND ( 'NONE', #7082, .T. ) ;
#7224 = LINE ( 'NONE', #6337, #6679 ) ;
#7225 = CARTESIAN_POINT ( 'NONE',  ( -0.1430984179515006338, 0.3000000000000000444, 0.09902763206225634329 ) ) ;
#7226 = DIRECTION ( 'NONE',  ( 0.8667467706370831637, 0.0000000000000000000, -0.4987484692609969739 ) ) ;
#7227 = B_SPLINE_SURFACE_WITH_KNOTS ( 'NONE', 3, 1, ( 
 ( #3001, #5895 ),
 ( #1023, #9568 ),
 ( #6831, #6651 ),
 ( #10420, #1087 ) ),
 .UNSPECIFIED., .F., .F., .F.,
 ( 4, 4 ),
 ( 2, 2 ),
 ( 8.000000000000000000, 9.000000000000000000 ),
 ( 0.0000000000000000000, 1.000000000000000000 ),
 .UNSPECIFIED. ) ;
#7228 = LINE ( 'NONE', #4302, #8110 ) ;
#7229 = CARTESIAN_POINT ( 'NONE',  ( 0.09816225471974694694, 0.3010000000383806218, 0.1510858993367255598 ) ) ;
#7230 = ORIENTED_EDGE ( 'NONE', *, *, #2303, .T. ) ;
#7231 = SURFACE_STYLE_FILL_AREA ( #12045 ) ;
#7232 = CARTESIAN_POINT ( 'NONE',  ( 0.3108954633881262919, 0.3000000000000000444, 0.1274338729253616798 ) ) ;
#7233 = ORIENTED_EDGE ( 'NONE', *, *, #3182, .T. ) ;
#7234 = UNCERTAINTY_MEASURE_WITH_UNIT (LENGTH_MEASURE( 1.000000000000000082E-05 ), #8935, 'distance_accuracy_value', 'NONE');
#7235 = EDGE_CURVE ( 'NONE', #12198, #11610, #10544, .T. ) ;
#7236 = FILL_AREA_STYLE ('',( #6648 ) ) ;
#7237 = CARTESIAN_POINT ( 'NONE',  ( -0.06548442679329812000, 0.3000000000383806209, 0.06320645153347548284 ) ) ;
#7238 = ORIENTED_EDGE ( 'NONE', *, *, #2744, .F. ) ;
#7239 = FACE_OUTER_BOUND ( 'NONE', #12058, .T. ) ;
#7240 = FACE_OUTER_BOUND ( 'NONE', #9943, .T. ) ;
#7241 = SURFACE_SIDE_STYLE ('',( #604 ) ) ;
#7242 = ORIENTED_EDGE ( 'NONE', *, *, #10558, .F. ) ;
#7243 = SURFACE_SIDE_STYLE ('',( #6360 ) ) ;
#7244 = ORIENTED_EDGE ( 'NONE', *, *, #4768, .T. ) ;
#7245 = PRESENTATION_STYLE_ASSIGNMENT (( #616 ) ) ;
#7246 = ORIENTED_EDGE ( 'NONE', *, *, #8712, .F. ) ;
#7247 = CARTESIAN_POINT ( 'NONE',  ( -0.3217935729080182439, 0.3000000000383806764, 0.07087144628550495762 ) ) ;
#7248 = ORIENTED_EDGE ( 'NONE', *, *, #7259, .T. ) ;
#7249 = DIRECTION ( 'NONE',  ( 0.007092178509963287074, 0.0000000000000000000, -0.9999748501857348426 ) ) ;
#7250 = CARTESIAN_POINT ( 'NONE',  ( -0.05922756360300536482, 0.3010000000383806218, 0.05844702505212615723 ) ) ;
#7251 = CARTESIAN_POINT ( 'NONE',  ( -0.08761071593099632737, 0.3010000000383806218, 0.2075691114241227653 ) ) ;
#7252 = ORIENTED_EDGE ( 'NONE', *, *, #6140, .T. ) ;
#7253 = CARTESIAN_POINT ( 'NONE',  ( -0.3086168583962264900, 0.3000000000383806209, 0.1042171947001448995 ) ) ;
#7254 = FILL_AREA_STYLE ('',( #9223 ) ) ;
#7255 = VERTEX_POINT ( 'NONE', #7843 ) ;
#7256 =( NAMED_UNIT ( * ) SI_UNIT ( $, .STERADIAN. ) SOLID_ANGLE_UNIT ( ) );
#7257 = VECTOR ( 'NONE', #5027, 1000.000000000000114 ) ;
#7258 = DIRECTION ( 'NONE',  ( -1.807003620809174139E-16, -1.000000000000000000, 0.0000000000000000000 ) ) ;
#7259 = EDGE_CURVE ( 'NONE', #3167, #9699, #4320, .T. ) ;
#7260 = DIRECTION ( 'NONE',  ( 0.0000000000000000000, -0.0000000000000000000, -1.000000000000000000 ) ) ;
#7261 = DIRECTION ( 'NONE',  ( -0.0000000000000000000, -1.000000000000000000, -0.0000000000000000000 ) ) ;
#7262 = SURFACE_SIDE_STYLE ('',( #7382 ) ) ;
#7263 = EDGE_LOOP ( 'NONE', ( #6775, #9448, #6071, #781 ) ) ;
#7264 = STYLED_ITEM ( 'NONE', ( #7083 ), #3335 ) ;
#7265 = SURFACE_STYLE_USAGE ( .BOTH. , #3424 ) ;
#7266 = ORIENTED_EDGE ( 'NONE', *, *, #2667, .T. ) ;
#7267 = EDGE_CURVE ( 'NONE', #5379, #7537, #9025, .T. ) ;
#7268 = PRESENTATION_STYLE_ASSIGNMENT (( #8303 ) ) ;
#7269 = DIRECTION ( 'NONE',  ( -0.0000000000000000000, -1.000000000000000000, -0.0000000000000000000 ) ) ;
#7270 = EDGE_CURVE ( 'NONE', #712, #10332, #5061, .T. ) ;
#7271 = SURFACE_SIDE_STYLE ('',( #9125 ) ) ;
#7272 = AXIS2_PLACEMENT_3D ( 'NONE', #5118, #8894, #7047 ) ;
#7273 = CARTESIAN_POINT ( 'NONE',  ( -0.3217935729080182439, 0.3010000000383806773, 0.07087144628550495762 ) ) ;
#7274 = ORIENTED_EDGE ( 'NONE', *, *, #12055, .T. ) ;
#7275 = FACE_BOUND ( 'NONE', #3787, .T. ) ;
#7276 = EDGE_CURVE ( 'NONE', #7975, #12171, #2420, .T. ) ;
#7277 = VECTOR ( 'NONE', #5041, 1000.000000000000000 ) ;
#7278 = B_SPLINE_CURVE_WITH_KNOTS ( 'NONE', 3,
 ( #4081, #8722, #8540, #11638 ),
 .UNSPECIFIED., .F., .F.,
 ( 4, 4 ),
 ( 4.000000000000000000, 5.000000000000000000 ),
 .UNSPECIFIED. ) ;
#7279 = CARTESIAN_POINT ( 'NONE',  ( -0.2027550309158670239, 0.3000000000000000444, 0.1736561400068279970 ) ) ;
#7280 = ORIENTED_EDGE ( 'NONE', *, *, #2387, .T. ) ;
#7281 = EDGE_CURVE ( 'NONE', #103, #1733, #2146, .T. ) ;
#7282 = CARTESIAN_POINT ( 'NONE',  ( -0.2346538951962383879, 0.3000000000383806209, 0.2005370724958138173 ) ) ;
#7283 = CARTESIAN_POINT ( 'NONE',  ( -0.1843058568177773360, 0.3000000000000000444, 0.05515802396470816799 ) ) ;
#7284 = ORIENTED_EDGE ( 'NONE', *, *, #5350, .T. ) ;
#7285 =( GEOMETRIC_REPRESENTATION_CONTEXT ( 3 ) GLOBAL_UNCERTAINTY_ASSIGNED_CONTEXT ( ( #1953 ) ) GLOBAL_UNIT_ASSIGNED_CONTEXT ( ( #3088, #8654, #3950 ) ) REPRESENTATION_CONTEXT ( 'NONE', 'WORKASPACE' ) );
#7286 = CARTESIAN_POINT ( 'NONE',  ( -0.2328986290345830268, 0.3010000000383806218, 0.2015477141739892841 ) ) ;
#7287 = EDGE_LOOP ( 'NONE', ( #3389, #3907, #6251, #11030 ) ) ;
#7288 = MECHANICAL_DESIGN_GEOMETRIC_PRESENTATION_REPRESENTATION (  '', ( #5894 ), #3134 ) ;
#7289 = FILL_AREA_STYLE_COLOUR ( '', #5012 ) ;
#7290 = FACE_OUTER_BOUND ( 'NONE', #9316, .T. ) ;
#7291 = LINE ( 'NONE', #6355, #230 ) ;
#7292 = EDGE_CURVE ( 'NONE', #1798, #5481, #8451, .T. ) ;
#7293 = CARTESIAN_POINT ( 'NONE',  ( -0.2286452180045759619, 0.3010000000383806773, 0.05484355339127713197 ) ) ;
#7294 = CARTESIAN_POINT ( 'NONE',  ( -0.1205641077928972654, 0.3010000000383806218, 0.07086373545509425109 ) ) ;
#7295 = VERTEX_POINT ( 'NONE', #11876 ) ;
#7296 = B_SPLINE_SURFACE_WITH_KNOTS ( 'NONE', 3, 1, ( 
 ( #12027, #4527 ),
 ( #2619, #9241 ),
 ( #10290, #5522 ),
 ( #6386, #1705 ) ),
 .UNSPECIFIED., .F., .F., .F.,
 ( 4, 4 ),
 ( 2, 2 ),
 ( 3.000000000000000000, 4.000000000000000000 ),
 ( 0.0000000000000000000, 1.000000000000000000 ),
 .UNSPECIFIED. ) ;
#7297 = PLANE ( 'NONE',  #3961 ) ;
#7298 = CARTESIAN_POINT ( 'NONE',  ( -0.2694921949318911936, 0.3000000000000000444, 0.1074892588887059880 ) ) ;
#7299 = EDGE_LOOP ( 'NONE', ( #5399, #11672, #2867, #7215 ) ) ;
#7300 = ORIENTED_EDGE ( 'NONE', *, *, #9231, .F. ) ;
#7301 =( NAMED_UNIT ( * ) SI_UNIT ( $, .STERADIAN. ) SOLID_ANGLE_UNIT ( ) );
#7302 = ORIENTED_EDGE ( 'NONE', *, *, #8021, .F. ) ;
#7303 = CARTESIAN_POINT ( 'NONE',  ( -0.06402194598609313447, 0.3010000000383806218, 0.07251249352575057927 ) ) ;
#7304 = B_SPLINE_SURFACE_WITH_KNOTS ( 'NONE', 3, 1, ( 
 ( #948, #11402 ),
 ( #4718, #8491 ),
 ( #24, #141 ),
 ( #7583, #2872 ) ),
 .UNSPECIFIED., .F., .F., .F.,
 ( 4, 4 ),
 ( 2, 2 ),
 ( 0.0000000000000000000, 1.000000000000000000 ),
 ( 0.0000000000000000000, 1.000000000000000000 ),
 .UNSPECIFIED. ) ;
#7305 = CARTESIAN_POINT ( 'NONE',  ( -0.1113433495717457700, 0.3000000000000000444, 0.09242146902170773892 ) ) ;
#7306 = VECTOR ( 'NONE', #9395, 1000.000000000000227 ) ;
#7307 = PLANE ( 'NONE',  #4310 ) ;
#7308 = ORIENTED_EDGE ( 'NONE', *, *, #5543, .T. ) ;
#7309 = MECHANICAL_DESIGN_GEOMETRIC_PRESENTATION_REPRESENTATION (  '', ( #4395 ), #11448 ) ;
#7310 = CARTESIAN_POINT ( 'NONE',  ( -0.1878940549403086968, 0.3010000000383806218, 0.1652457078455596695 ) ) ;
#7311 = EDGE_LOOP ( 'NONE', ( #6358, #8224, #7028, #2111 ) ) ;
#7312 = DIRECTION ( 'NONE',  ( 0.9693831581461860303, 0.0000000000000000000, -0.2455530343989390518 ) ) ;
#7313 = AXIS2_PLACEMENT_3D ( 'NONE', #5905, #3011, #6783 ) ;
#7314 = DIRECTION ( 'NONE',  ( -0.0000000000000000000, -1.000000000000000000, -0.0000000000000000000 ) ) ;
#7315 = VECTOR ( 'NONE', #9121, 1000.000000000000000 ) ;
#7316 = CARTESIAN_POINT ( 'NONE',  ( -0.07010858147790996475, 0.3010000000383806773, 0.08185857505698616865 ) ) ;
#7317 = LINE ( 'NONE', #509, #530 ) ;
#7318 = PRESENTATION_STYLE_ASSIGNMENT (( #12147 ) ) ;
#7319 = CARTESIAN_POINT ( 'NONE',  ( -0.06001256712046578595, 0.3000000000000000444, 0.09655994141222511151 ) ) ;
#7320 = ORIENTED_EDGE ( 'NONE', *, *, #630, .F. ) ;
#7321 = FACE_OUTER_BOUND ( 'NONE', #9077, .T. ) ;
#7322 = CARTESIAN_POINT ( 'NONE',  ( -0.2454264887174818222, 0.3000000000383806764, 0.05472453463045744149 ) ) ;
#7323 = EDGE_CURVE ( 'NONE', #9267, #5755, #3152, .T. ) ;
#7324 = AXIS2_PLACEMENT_3D ( 'NONE', #7834, #5050, #1000 ) ;
#7325 = ORIENTED_EDGE ( 'NONE', *, *, #1284, .T. ) ;
#7326 = STYLED_ITEM ( 'NONE', ( #10350 ), #11203 ) ;
#7327 = UNCERTAINTY_MEASURE_WITH_UNIT (LENGTH_MEASURE( 1.000000000000000082E-05 ), #1863, 'distance_accuracy_value', 'NONE');
#7328 = CARTESIAN_POINT ( 'NONE',  ( -0.2206694978298006093, 0.3000000000000000444, 0.1683821530840460545 ) ) ;
#7329 = B_SPLINE_CURVE_WITH_KNOTS ( 'NONE', 3,
 ( #1556, #10157, #6424, #2596 ),
 .UNSPECIFIED., .F., .F.,
 ( 4, 4 ),
 ( 6.000000000000000000, 7.000000000000000000 ),
 .UNSPECIFIED. ) ;
#7330 = DIRECTION ( 'NONE',  ( 0.0000000000000000000, 1.000000000000000000, 0.0000000000000000000 ) ) ;
#7331 = CARTESIAN_POINT ( 'NONE',  ( 0.09469197609897327117, 0.3010000000383806218, 0.1510612868822690524 ) ) ;
#7332 = STYLED_ITEM ( 'NONE', ( #681 ), #8397 ) ;
#7333 = EDGE_LOOP ( 'NONE', ( #168, #10161, #7446, #12108 ) ) ;
#7334 =( LENGTH_UNIT ( ) NAMED_UNIT ( * ) SI_UNIT ( .MILLI., .METRE. ) );
#7335 = MECHANICAL_DESIGN_GEOMETRIC_PRESENTATION_REPRESENTATION (  '', ( #10295 ), #3382 ) ;
#7336 = FACE_OUTER_BOUND ( 'NONE', #5683, .T. ) ;
#7337 = DIRECTION ( 'NONE',  ( -0.0000000000000000000, -1.000000000000000000, -0.0000000000000000000 ) ) ;
#7338 = COLOUR_RGB ( '',1.000000000000000000, 1.000000000000000000, 1.000000000000000000 ) ;
#7339 = PRESENTATION_LAYER_ASSIGNMENT (  '', '', ( #11486 ) ) ;
#7340 = CARTESIAN_POINT ( 'NONE',  ( -0.1060716889868553725, 0.3000000000000000444, 0.09682595060005891319 ) ) ;
#7341 = ORIENTED_EDGE ( 'NONE', *, *, #12182, .T. ) ;
#7342 = VECTOR ( 'NONE', #5272, 1000.000000000000000 ) ;
#7343 =( GEOMETRIC_REPRESENTATION_CONTEXT ( 3 ) GLOBAL_UNCERTAINTY_ASSIGNED_CONTEXT ( ( #4495 ) ) GLOBAL_UNIT_ASSIGNED_CONTEXT ( ( #8668, #6638, #10407 ) ) REPRESENTATION_CONTEXT ( 'NONE', 'WORKASPACE' ) );
#7344 = CARTESIAN_POINT ( 'NONE',  ( 0.07674063706369825544, 0.3000000000000000444, 0.1743595492369753863 ) ) ;
#7345 = CARTESIAN_POINT ( 'NONE',  ( 0.2345708033078058308, 0.3000000000383806209, 0.06268909288007280811 ) ) ;
#7346 =( NAMED_UNIT ( * ) SI_UNIT ( $, .STERADIAN. ) SOLID_ANGLE_UNIT ( ) );
#7347 = VERTEX_POINT ( 'NONE', #4135 ) ;
#7348 = COLOUR_RGB ( '',1.000000000000000000, 1.000000000000000000, 1.000000000000000000 ) ;
#7349 = EDGE_CURVE ( 'NONE', #4554, #7665, #3222, .T. ) ;
#7350 = ORIENTED_EDGE ( 'NONE', *, *, #4618, .T. ) ;
#7351 = ADVANCED_FACE ( 'NONE', ( #10948 ), #11749, .F. ) ;
#7352 = VECTOR ( 'NONE', #11905, 1000.000000000000000 ) ;
#7353 = B_SPLINE_CURVE_WITH_KNOTS ( 'NONE', 3,
 ( #2542, #8286, #5510, #7196 ),
 .UNSPECIFIED., .F., .F.,
 ( 4, 4 ),
 ( 34.00000000000000000, 35.00000000000000000 ),
 .UNSPECIFIED. ) ;
#7354 = LINE ( 'NONE', #10069, #1273 ) ;
#7355 = STYLED_ITEM ( 'NONE', ( #11574 ), #28 ) ;
#7356 =( GEOMETRIC_REPRESENTATION_CONTEXT ( 3 ) GLOBAL_UNCERTAINTY_ASSIGNED_CONTEXT ( ( #3484 ) ) GLOBAL_UNIT_ASSIGNED_CONTEXT ( ( #9269, #9154, #798 ) ) REPRESENTATION_CONTEXT ( 'NONE', 'WORKASPACE' ) );
#7357 = CARTESIAN_POINT ( 'NONE',  ( -0.2346538951962383601, 0.3010000000383806773, 0.2005370724958138451 ) ) ;
#7358 = DIRECTION ( 'NONE',  ( 0.0000000000000000000, 0.0000000000000000000, 1.000000000000000000 ) ) ;
#7359 = FILL_AREA_STYLE ('',( #11943 ) ) ;
#7360 = VERTEX_POINT ( 'NONE', #10997 ) ;
#7361 = CARTESIAN_POINT ( 'NONE',  ( 0.0000000000000000000, 0.3010000000383806773, 0.0000000000000000000 ) ) ;
#7362 = EDGE_LOOP ( 'NONE', ( #4648, #10626, #2155, #6912 ) ) ;
#7363 = CARTESIAN_POINT ( 'NONE',  ( 0.2354906620911653981, 0.3010000000383806218, 0.1164877238949527938 ) ) ;
#7364 = STYLED_ITEM ( 'NONE', ( #209 ), #4830 ) ;
#7365 = ORIENTED_EDGE ( 'NONE', *, *, #4306, .F. ) ;
#7366 =( NAMED_UNIT ( * ) PLANE_ANGLE_UNIT ( ) SI_UNIT ( $, .RADIAN. ) );
#7367 = ADVANCED_FACE ( 'NONE', ( #674 ), #3512, .F. ) ;
#7368 = ORIENTED_EDGE ( 'NONE', *, *, #2956, .F. ) ;
#7369 = CARTESIAN_POINT ( 'NONE',  ( -0.05552257985069933288, 0.3000000000000000444, 0.06383858790339787259 ) ) ;
#7370 = EDGE_CURVE ( 'NONE', #7970, #8633, #11130, .T. ) ;
#7371 = ORIENTED_EDGE ( 'NONE', *, *, #10985, .F. ) ;
#7372 = DIRECTION ( 'NONE',  ( 0.9999748501857348426, -0.0000000000000000000, 0.007092178509965187463 ) ) ;
#7373 = FILL_AREA_STYLE_COLOUR ( '', #3776 ) ;
#7374 = VECTOR ( 'NONE', #9551, 1000.000000000000000 ) ;
#7375 = LINE ( 'NONE', #4410, #9148 ) ;
#7376 = ORIENTED_EDGE ( 'NONE', *, *, #9481, .T. ) ;
#7377 = FILL_AREA_STYLE ('',( #9225 ) ) ;
#7378 = CARTESIAN_POINT ( 'NONE',  ( -0.1128950941012343556, 0.3000000000000000444, 0.09350223676574787035 ) ) ;
#7379 = CARTESIAN_POINT ( 'NONE',  ( -0.2702572791969076738, 0.3000000000383806209, 0.08561717371546391508 ) ) ;
#7380 = VECTOR ( 'NONE', #8495, 1000.000000000000000 ) ;
#7381 = LINE ( 'NONE', #11156, #3305 ) ;
#7382 = SURFACE_STYLE_FILL_AREA ( #1646 ) ;
#7383 = EDGE_LOOP ( 'NONE', ( #11257, #5039, #3542, #4313 ) ) ;
#7384 = CARTESIAN_POINT ( 'NONE',  ( 0.1739393192289856449, 0.3010000000383806218, 0.04837727658082612708 ) ) ;
#7385 = SURFACE_STYLE_FILL_AREA ( #6440 ) ;
#7386 = CARTESIAN_POINT ( 'NONE',  ( -0.1999999999999981515, -0.2500000000000001665, 0.0000000000000000000 ) ) ;
#7387 = VERTEX_POINT ( 'NONE', #11061 ) ;
#7388 = VECTOR ( 'NONE', #1744, 1000.000000000000000 ) ;
#7389 = CARTESIAN_POINT ( 'NONE',  ( -0.06376158359162573119, 0.3010000000383806218, 0.1545533029709388884 ) ) ;
#7390 = PRESENTATION_STYLE_ASSIGNMENT (( #6510 ) ) ;
#7391 = SURFACE_SIDE_STYLE ('',( #86 ) ) ;
#7392 = PRESENTATION_STYLE_ASSIGNMENT (( #8252 ) ) ;
#7393 = ORIENTED_EDGE ( 'NONE', *, *, #9565, .F. ) ;
#7394 = CARTESIAN_POINT ( 'NONE',  ( -0.2636122843015362704, 0.3000000000383806209, 0.06791518837213486592 ) ) ;
#7395 = AXIS2_PLACEMENT_3D ( 'NONE', #9443, #5728, #9509 ) ;
#7396 = SURFACE_STYLE_USAGE ( .BOTH. , #3620 ) ;
#7397 = CARTESIAN_POINT ( 'NONE',  ( -0.1872894603197214902, 0.3000000000383806209, 0.1547689724544101253 ) ) ;
#7398 = CARTESIAN_POINT ( 'NONE',  ( -0.1278432262494003657, 0.3010000000383806218, 0.07461771903355486624 ) ) ;
#7399 = CARTESIAN_POINT ( 'NONE',  ( -0.1558462982421120469, 0.3000000000000000444, 0.06459315182292355018 ) ) ;
#7400 = CARTESIAN_POINT ( 'NONE',  ( -0.1996288660013571248, 0.3000000000000000444, 0.1660982860377836767 ) ) ;
#7401 = PRESENTATION_STYLE_ASSIGNMENT (( #2826 ) ) ;
#7402 = ORIENTED_EDGE ( 'NONE', *, *, #2387, .F. ) ;
#7403 = PRESENTATION_LAYER_ASSIGNMENT (  '', '', ( #6023 ) ) ;
#7404 = CARTESIAN_POINT ( 'NONE',  ( -0.3634856939638865803, 0.2375113646789956401, 0.2999999999999999889 ) ) ;
#7405 =( LENGTH_UNIT ( ) NAMED_UNIT ( * ) SI_UNIT ( .MILLI., .METRE. ) );
#7406 = EDGE_LOOP ( 'NONE', ( #10291, #6334, #5560, #13 ) ) ;
#7407 = ADVANCED_FACE ( 'NONE', ( #10142 ), #9176, .T. ) ;
#7408 = CARTESIAN_POINT ( 'NONE',  ( 0.2578167557320734105, 0.3000000000000000444, 0.08801480081575580039 ) ) ;
#7409 = CARTESIAN_POINT ( 'NONE',  ( -0.08268347050467748927, 0.3000000000000000444, 0.06261656694756100039 ) ) ;
#7410 = COLOUR_RGB ( '',1.000000000000000000, 1.000000000000000000, 1.000000000000000000 ) ;
#7411 = LINE ( 'NONE', #672, #9696 ) ;
#7412 =( NAMED_UNIT ( * ) SI_UNIT ( $, .STERADIAN. ) SOLID_ANGLE_UNIT ( ) );
#7413 = FILL_AREA_STYLE ('',( #3748 ) ) ;
#7414 = ORIENTED_EDGE ( 'NONE', *, *, #7235, .T. ) ;
#7415 = CARTESIAN_POINT ( 'NONE',  ( -0.06571274714772742942, 0.3000000000000000444, 0.2009554253597677365 ) ) ;
#7416 = EDGE_LOOP ( 'NONE', ( #10152, #6210, #4861, #3138 ) ) ;
#7417 = ADVANCED_FACE ( 'NONE', ( #10906 ), #3294, .F. ) ;
#7418 = EDGE_CURVE ( 'NONE', #1627, #11867, #3349, .T. ) ;
#7419 = CARTESIAN_POINT ( 'NONE',  ( -0.2636122843015362704, 0.3010000000383806218, 0.06791518837213486592 ) ) ;
#7420 = SURFACE_SIDE_STYLE ('',( #3643 ) ) ;
#7421 = EDGE_LOOP ( 'NONE', ( #6860, #10273, #7280, #3302, #3513, #8523, #11489, #1259 ) ) ;
#7422 = ADVANCED_FACE ( 'NONE', ( #10838 ), #2374, .F. ) ;
#7423 = FACE_OUTER_BOUND ( 'NONE', #1349, .T. ) ;
#7424 = EDGE_LOOP ( 'NONE', ( #116, #3213, #3883, #12115 ) ) ;
#7425 =( NAMED_UNIT ( * ) SI_UNIT ( $, .STERADIAN. ) SOLID_ANGLE_UNIT ( ) );
#7426 = ORIENTED_EDGE ( 'NONE', *, *, #73, .F. ) ;
#7427 = CARTESIAN_POINT ( 'NONE',  ( 0.1157474825709721988, 0.3010000000383806218, 0.05707450097645832415 ) ) ;
#7428 = LINE ( 'NONE', #10162, #11097 ) ;
#7429 =( LENGTH_UNIT ( ) NAMED_UNIT ( * ) SI_UNIT ( .MILLI., .METRE. ) );
#7430 = ORIENTED_EDGE ( 'NONE', *, *, #454, .T. ) ;
#7431 = EDGE_CURVE ( 'NONE', #7545, #591, #2432, .T. ) ;
#7432 = UNCERTAINTY_MEASURE_WITH_UNIT (LENGTH_MEASURE( 1.000000000000000082E-05 ), #11999, 'distance_accuracy_value', 'NONE');
#7433 = FILL_AREA_STYLE ('',( #11015 ) ) ;
#7434 = SURFACE_STYLE_USAGE ( .BOTH. , #12015 ) ;
#7435 = EDGE_CURVE ( 'NONE', #9790, #10589, #9342, .T. ) ;
#7436 = CARTESIAN_POINT ( 'NONE',  ( 0.06122284118621485610, 0.3000000000000000444, 0.09920087318832886136 ) ) ;
#7437 = CARTESIAN_POINT ( 'NONE',  ( -0.2436912618190237023, 0.3010000000383806773, 0.1751126428800156842 ) ) ;
#7438 = SURFACE_SIDE_STYLE ('',( #9232 ) ) ;
#7439 = CARTESIAN_POINT ( 'NONE',  ( 0.07674063706369825544, 0.3010000000383806218, 0.1743595492369753863 ) ) ;
#7440 =( NAMED_UNIT ( * ) SI_UNIT ( $, .STERADIAN. ) SOLID_ANGLE_UNIT ( ) );
#7441 = VERTEX_POINT ( 'NONE', #3773 ) ;
#7442 =( LENGTH_UNIT ( ) NAMED_UNIT ( * ) SI_UNIT ( .MILLI., .METRE. ) );
#7443 = DIRECTION ( 'NONE',  ( -0.0000000000000000000, 0.0000000000000000000, 1.000000000000000000 ) ) ;
#7444 = PRESENTATION_LAYER_ASSIGNMENT (  '', '', ( #7060 ) ) ;
#7445 = CARTESIAN_POINT ( 'NONE',  ( 0.2930118290230381839, 0.3010000000383806218, 0.08002207605094992238 ) ) ;
#7446 = ORIENTED_EDGE ( 'NONE', *, *, #852, .F. ) ;
#7447 = UNCERTAINTY_MEASURE_WITH_UNIT (LENGTH_MEASURE( 1.000000000000000082E-05 ), #5237, 'distance_accuracy_value', 'NONE');
#7448 = CARTESIAN_POINT ( 'NONE',  ( -0.1945390498360939080, 0.3010000000383806218, 0.1829476931888865954 ) ) ;
#7449 = LINE ( 'NONE', #12095, #8128 ) ;
#7450 = FILL_AREA_STYLE ('',( #8433 ) ) ;
#7451 = ORIENTED_EDGE ( 'NONE', *, *, #8797, .F. ) ;
#7452 = VECTOR ( 'NONE', #8663, 1000.000000000000000 ) ;
#7453 = B_SPLINE_CURVE_WITH_KNOTS ( 'NONE', 3,
 ( #10714, #10893, #560, #7984 ),
 .UNSPECIFIED., .F., .F.,
 ( 4, 4 ),
 ( 1.000000000000000000, 2.000000000000000000 ),
 .UNSPECIFIED. ) ;
#7454 = DIRECTION ( 'NONE',  ( -0.0000000000000000000, -1.000000000000000000, -0.0000000000000000000 ) ) ;
#7455 = LINE ( 'NONE', #1845, #5293 ) ;
#7456 = CARTESIAN_POINT ( 'NONE',  ( -0.1178441005482067094, 0.3000000000000000444, 0.05460000823303651218 ) ) ;
#7457 = DIRECTION ( 'NONE',  ( -0.0000000000000000000, -1.000000000000000000, -0.0000000000000000000 ) ) ;
#7458 = CARTESIAN_POINT ( 'NONE',  ( -0.04820000645229045172, 0.3000000000383806764, 0.1529168339975156554 ) ) ;
#7459 = CARTESIAN_POINT ( 'NONE',  ( -0.3092639260244501864, 0.3000000000383806209, 0.1074879252756928555 ) ) ;
#7460 = VERTEX_POINT ( 'NONE', #9287 ) ;
#7461 = CARTESIAN_POINT ( 'NONE',  ( 0.09992199848931948569, 0.3010000000383806218, 0.2087947179843276935 ) ) ;
#7462 = CARTESIAN_POINT ( 'NONE',  ( -0.3053734500857562817, 0.3000000000000000444, 0.1153138984199494899 ) ) ;
#7463 = CARTESIAN_POINT ( 'NONE',  ( 0.09599332851341779715, 0.3000000000383806209, 0.1510705165380208104 ) ) ;
#7464 = ORIENTED_EDGE ( 'NONE', *, *, #9301, .F. ) ;
#7465 = VECTOR ( 'NONE', #502, 1000.000000000000000 ) ;
#7466 = PRESENTATION_LAYER_ASSIGNMENT (  '', '', ( #1959 ) ) ;
#7467 = FACE_OUTER_BOUND ( 'NONE', #11000, .T. ) ;
#7468 = ORIENTED_EDGE ( 'NONE', *, *, #11759, .T. ) ;
#7469 = EDGE_CURVE ( 'NONE', #10895, #7295, #6432, .T. ) ;
#7470 = DIRECTION ( 'NONE',  ( 0.007092178509967527605, 0.0000000000000000000, -0.9999748501857348426 ) ) ;
#7471 = ORIENTED_EDGE ( 'NONE', *, *, #3053, .F. ) ;
#7472 = VECTOR ( 'NONE', #8230, 1000.000000000000114 ) ;
#7473 = B_SPLINE_CURVE_WITH_KNOTS ( 'NONE', 3,
 ( #9832, #440, #8094, #10829 ),
 .UNSPECIFIED., .F., .F.,
 ( 4, 4 ),
 ( 13.00000000000000000, 14.00000000000000000 ),
 .UNSPECIFIED. ) ;
#7474 = COLOUR_RGB ( '',1.000000000000000000, 1.000000000000000000, 1.000000000000000000 ) ;
#7475 = CARTESIAN_POINT ( 'NONE',  ( -0.5000000000000002220, 0.3000000000000000444, 0.0000000000000000000 ) ) ;
#7476 = ORIENTED_EDGE ( 'NONE', *, *, #2013, .F. ) ;
#7477 = CARTESIAN_POINT ( 'NONE',  ( -0.2636884999578180677, 0.3000000000383806209, 0.1028513924644997024 ) ) ;
#7478 = ORIENTED_EDGE ( 'NONE', *, *, #4714, .T. ) ;
#7479 = CARTESIAN_POINT ( 'NONE',  ( -0.06330585771785759985, 0.3010000000383806218, 0.06830644680900753440 ) ) ;
#7480 = STYLED_ITEM ( 'NONE', ( #11154 ), #1453 ) ;
#7481 = EDGE_CURVE ( 'NONE', #5497, #2348, #7131, .T. ) ;
#7482 = CARTESIAN_POINT ( 'NONE',  ( -0.05922714204050389536, 0.3000000000000000444, 0.1903332390616054581 ) ) ;
#7483 = ORIENTED_EDGE ( 'NONE', *, *, #8623, .T. ) ;
#7484 = CARTESIAN_POINT ( 'NONE',  ( -0.2142450491027245441, 0.3010000000383806773, 0.08941452633897051250 ) ) ;
#7485 = AXIS2_PLACEMENT_3D ( 'NONE', #566, #11838, #5402 ) ;
#7486 = ORIENTED_EDGE ( 'NONE', *, *, #2025, .T. ) ;
#7487 = CARTESIAN_POINT ( 'NONE',  ( -0.2141954948231271638, 0.3010000000383806773, 0.08242752886748960783 ) ) ;
#7488 = CARTESIAN_POINT ( 'NONE',  ( -0.1173749001724034291, 0.3010000000383806218, 0.09400075425657250516 ) ) ;
#7489 =( GEOMETRIC_REPRESENTATION_CONTEXT ( 3 ) GLOBAL_UNCERTAINTY_ASSIGNED_CONTEXT ( ( #6521 ) ) GLOBAL_UNIT_ASSIGNED_CONTEXT ( ( #7493, #4469, #10342 ) ) REPRESENTATION_CONTEXT ( 'NONE', 'WORKASPACE' ) );
#7490 = PRODUCT_DEFINITION_SHAPE ( 'NONE', 'NONE',  #5819 ) ;
#7491 = CARTESIAN_POINT ( 'NONE',  ( -0.06548442679329812000, 0.3010000000383806218, 0.06320645153347548284 ) ) ;
#7492 = DIRECTION ( 'NONE',  ( -0.007092178509965513591, -0.0000000000000000000, 0.9999748501857348426 ) ) ;
#7493 =( LENGTH_UNIT ( ) NAMED_UNIT ( * ) SI_UNIT ( .MILLI., .METRE. ) );
#7494 = AXIS2_PLACEMENT_3D ( 'NONE', #613, #11950, #10883 ) ;
#7495 = CARTESIAN_POINT ( 'NONE',  ( 0.2354906620911653981, 0.3010000000383806218, 0.1164877238949527938 ) ) ;
#7496 = ADVANCED_FACE ( 'NONE', ( #9410 ), #10847, .F. ) ;
#7497 = EDGE_CURVE ( 'NONE', #10143, #8004, #1699, .T. ) ;
#7498 = PLANE ( 'NONE',  #6402 ) ;
#7499 = FILL_AREA_STYLE_COLOUR ( '', #1851 ) ;
#7500 = ORIENTED_EDGE ( 'NONE', *, *, #1057, .T. ) ;
#7501 = PRESENTATION_STYLE_ASSIGNMENT (( #2804 ) ) ;
#7502 = FACE_OUTER_BOUND ( 'NONE', #11135, .T. ) ;
#7503 = FILL_AREA_STYLE_COLOUR ( '', #3553 ) ;
#7504 = ORIENTED_EDGE ( 'NONE', *, *, #9008, .T. ) ;
#7505 = STYLED_ITEM ( 'NONE', ( #11371 ), #7802 ) ;
#7506 = FACE_OUTER_BOUND ( 'NONE', #2225, .T. ) ;
#7507 =( NAMED_UNIT ( * ) SI_UNIT ( $, .STERADIAN. ) SOLID_ANGLE_UNIT ( ) );
#7508 = DIRECTION ( 'NONE',  ( 0.3475765303544171014, -0.0000000000000000000, -0.9376516173647784225 ) ) ;
#7509 = ORIENTED_EDGE ( 'NONE', *, *, #11970, .T. ) ;
#7510 = SURFACE_SIDE_STYLE ('',( #10467 ) ) ;
#7511 = FILL_AREA_STYLE ('',( #6452 ) ) ;
#7512 = EDGE_CURVE ( 'NONE', #4366, #1798, #927, .T. ) ;
#7513 =( GEOMETRIC_REPRESENTATION_CONTEXT ( 3 ) GLOBAL_UNCERTAINTY_ASSIGNED_CONTEXT ( ( #7806 ) ) GLOBAL_UNIT_ASSIGNED_CONTEXT ( ( #7848, #2974, #7738 ) ) REPRESENTATION_CONTEXT ( 'NONE', 'WORKASPACE' ) );
#7514 =( GEOMETRIC_REPRESENTATION_CONTEXT ( 3 ) GLOBAL_UNCERTAINTY_ASSIGNED_CONTEXT ( ( #7657 ) ) GLOBAL_UNIT_ASSIGNED_CONTEXT ( ( #7594, #2757, #6531 ) ) REPRESENTATION_CONTEXT ( 'NONE', 'WORKASPACE' ) );
#7515 = ADVANCED_FACE ( 'NONE', ( #11268 ), #10396, .F. ) ;
#7516 = VECTOR ( 'NONE', #10041, 1000.000000000000000 ) ;
#7517 = LINE ( 'NONE', #4723, #10791 ) ;
#7518 = LINE ( 'NONE', #9432, #8450 ) ;
#7519 =( NAMED_UNIT ( * ) PLANE_ANGLE_UNIT ( ) SI_UNIT ( $, .RADIAN. ) );
#7520 = LINE ( 'NONE', #11294, #8539 ) ;
#7521 = CARTESIAN_POINT ( 'NONE',  ( -0.1113433495717457700, 0.3010000000383806218, 0.09242146902170773892 ) ) ;
#7522 = EDGE_LOOP ( 'NONE', ( #5947, #2189, #6114, #5634 ) ) ;
#7523 = MECHANICAL_DESIGN_GEOMETRIC_PRESENTATION_REPRESENTATION (  '', ( #3398 ), #600 ) ;
#7524 =( GEOMETRIC_REPRESENTATION_CONTEXT ( 3 ) GLOBAL_UNCERTAINTY_ASSIGNED_CONTEXT ( ( #887 ) ) GLOBAL_UNIT_ASSIGNED_CONTEXT ( ( #5565, #1928, #8522 ) ) REPRESENTATION_CONTEXT ( 'NONE', 'WORKASPACE' ) );
#7525 = CARTESIAN_POINT ( 'NONE',  ( -0.07428321710576467340, 0.3000000000000000444, 0.09430637585150224156 ) ) ;
#7526 = CARTESIAN_POINT ( 'NONE',  ( -0.2346538951962383601, 0.3000000000383806764, 0.2005370724958138451 ) ) ;
#7527 = ORIENTED_EDGE ( 'NONE', *, *, #10233, .T. ) ;
#7528 =( NAMED_UNIT ( * ) PLANE_ANGLE_UNIT ( ) SI_UNIT ( $, .RADIAN. ) );
#7529 = AXIS2_PLACEMENT_3D ( 'NONE', #10062, #8018, #3270 ) ;
#7530 = LINE ( 'NONE', #9512, #7145 ) ;
#7531 = CARTESIAN_POINT ( 'NONE',  ( -0.2904052849400102776, 0.3010000000383806773, 0.05440552895555052226 ) ) ;
#7532 =( GEOMETRIC_REPRESENTATION_CONTEXT ( 3 ) GLOBAL_UNCERTAINTY_ASSIGNED_CONTEXT ( ( #6205 ) ) GLOBAL_UNIT_ASSIGNED_CONTEXT ( ( #577, #4289, #11918 ) ) REPRESENTATION_CONTEXT ( 'NONE', 'WORKASPACE' ) );
#7533 = LINE ( 'NONE', #6543, #8146 ) ;
#7534 = ORIENTED_EDGE ( 'NONE', *, *, #58, .T. ) ;
#7535 = CARTESIAN_POINT ( 'NONE',  ( -0.1089894625464456063, 0.3000000000000000444, 0.08819584463670156194 ) ) ;
#7536 = SURFACE_SIDE_STYLE ('',( #3753 ) ) ;
#7537 = VERTEX_POINT ( 'NONE', #1063 ) ;
#7538 = SURFACE_SIDE_STYLE ('',( #3579 ) ) ;
#7539 = VECTOR ( 'NONE', #4292, 1000.000000000000000 ) ;
#7540 = SURFACE_STYLE_FILL_AREA ( #4628 ) ;
#7541 = ORIENTED_EDGE ( 'NONE', *, *, #1695, .F. ) ;
#7543 = MECHANICAL_DESIGN_GEOMETRIC_PRESENTATION_REPRESENTATION (  '', ( #11103 ), #6165 ) ;
#7542 = COLOUR_RGB ( '',1.000000000000000000, 1.000000000000000000, 1.000000000000000000 ) ;
#7544 = CARTESIAN_POINT ( 'NONE',  ( 0.3108954633881262919, 0.3000000000000000444, 0.1274338729253616798 ) ) ;
#7545 = VERTEX_POINT ( 'NONE', #7620 ) ;
#7546 = AXIS2_PLACEMENT_3D ( 'NONE', #4713, #11587, #3106 ) ;
#7547 = MECHANICAL_DESIGN_GEOMETRIC_PRESENTATION_REPRESENTATION (  '', ( #632 ), #3205 ) ;
#7548 = EDGE_CURVE ( 'NONE', #4079, #10376, #10518, .T. ) ;
#7549 =( GEOMETRIC_REPRESENTATION_CONTEXT ( 3 ) GLOBAL_UNCERTAINTY_ASSIGNED_CONTEXT ( ( #6101 ) ) GLOBAL_UNIT_ASSIGNED_CONTEXT ( ( #5124, #1427, #1177 ) ) REPRESENTATION_CONTEXT ( 'NONE', 'WORKASPACE' ) );
#7550 = CARTESIAN_POINT ( 'NONE',  ( -0.1205641077928972654, 0.3000000000000000444, 0.07086373545509425109 ) ) ;
#7551 = PLANE ( 'NONE',  #9956 ) ;
#7552 = FILL_AREA_STYLE_COLOUR ( '', #161 ) ;
#7553 = VECTOR ( 'NONE', #6541, 1000.000000000000000 ) ;
#7554 = PRESENTATION_STYLE_ASSIGNMENT (( #1115 ) ) ;
#7555 = VECTOR ( 'NONE', #8080, 1000.000000000000114 ) ;
#7556 = FILL_AREA_STYLE_COLOUR ( '', #5602 ) ;
#7557 = ORIENTED_EDGE ( 'NONE', *, *, #1622, .F. ) ;
#7558 = VECTOR ( 'NONE', #5613, 1000.000000000000000 ) ;
#7559 = UNCERTAINTY_MEASURE_WITH_UNIT (LENGTH_MEASURE( 1.000000000000000082E-05 ), #7687, 'distance_accuracy_value', 'NONE');
#7560 = CARTESIAN_POINT ( 'NONE',  ( 0.1585076185311927455, 0.3010000000383806218, 0.2057397728603544695 ) ) ;
#7561 =( GEOMETRIC_REPRESENTATION_CONTEXT ( 3 ) GLOBAL_UNCERTAINTY_ASSIGNED_CONTEXT ( ( #5980 ) ) GLOBAL_UNIT_ASSIGNED_CONTEXT ( ( #958, #4607, #4793 ) ) REPRESENTATION_CONTEXT ( 'NONE', 'WORKASPACE' ) );
#7562 = CARTESIAN_POINT ( 'NONE',  ( -0.05674835674886309633, 0.3010000000383806218, 0.06074173557787726496 ) ) ;
#7563 = PLANE ( 'NONE',  #11075 ) ;
#7564 = SURFACE_STYLE_USAGE ( .BOTH. , #7271 ) ;
#7565 = SURFACE_STYLE_FILL_AREA ( #8477 ) ;
#7566 = FILL_AREA_STYLE ('',( #9357 ) ) ;
#7567 = FACE_OUTER_BOUND ( 'NONE', #9390, .T. ) ;
#7568 = COLOUR_RGB ( '',1.000000000000000000, 1.000000000000000000, 1.000000000000000000 ) ;
#7569 = STYLED_ITEM ( 'NONE', ( #4243 ), #5023 ) ;
#7570 = DIRECTION ( 'NONE',  ( -0.007092178509964198671, 0.0000000000000000000, 0.9999748501857348426 ) ) ;
#7571 = CARTESIAN_POINT ( 'NONE',  ( -0.1032275776034935477, 0.3010000000383806218, 0.08065668413473843501 ) ) ;
#7572 = VERTEX_POINT ( 'NONE', #9771 ) ;
#7573 = SURFACE_STYLE_USAGE ( .BOTH. , #9419 ) ;
#7574 = PLANE ( 'NONE',  #8266 ) ;
#7575 = FACE_OUTER_BOUND ( 'NONE', #1213, .T. ) ;
#7576 = ORIENTED_EDGE ( 'NONE', *, *, #2025, .F. ) ;
#7577 = UNCERTAINTY_MEASURE_WITH_UNIT (LENGTH_MEASURE( 1.000000000000000082E-05 ), #10523, 'distance_accuracy_value', 'NONE');
#7578 = EDGE_CURVE ( 'NONE', #2589, #477, #2911, .T. ) ;
#7579 = EDGE_CURVE ( 'NONE', #1243, #5481, #5873, .T. ) ;
#7580 = COLOUR_RGB ( '',1.000000000000000000, 1.000000000000000000, 1.000000000000000000 ) ;
#7581 = CARTESIAN_POINT ( 'NONE',  ( -0.2141954948231271638, 0.3010000000383806773, 0.08242752886748960783 ) ) ;
#7582 = CARTESIAN_POINT ( 'NONE',  ( -0.07130338486278821331, 0.3000000000383806209, 0.06119998952027910777 ) ) ;
#7583 = CARTESIAN_POINT ( 'NONE',  ( -0.06537249139256422203, 0.3010000000383806773, 0.07381304289953131981 ) ) ;
#7584 = ORIENTED_EDGE ( 'NONE', *, *, #6866, .F. ) ;
#7585 = EDGE_CURVE ( 'NONE', #9947, #8165, #3044, .T. ) ;
#7586 = CARTESIAN_POINT ( 'NONE',  ( -0.3094510777426409120, 0.3000000000383806209, 0.1074865979289164747 ) ) ;
#7587 =( NAMED_UNIT ( * ) PLANE_ANGLE_UNIT ( ) SI_UNIT ( $, .RADIAN. ) );
#7588 = LINE ( 'NONE', #3066, #10418 ) ;
#7589 = CARTESIAN_POINT ( 'NONE',  ( -0.1555259721820835828, 0.3000000000000000444, 0.06341006985373308369 ) ) ;
#7590 = SURFACE_SIDE_STYLE ('',( #2149 ) ) ;
#7591 = ORIENTED_EDGE ( 'NONE', *, *, #6076, .F. ) ;
#7592 = EDGE_CURVE ( 'NONE', #6582, #5053, #7278, .T. ) ;
#7593 = ADVANCED_FACE ( 'NONE', ( #5936 ), #2064, .F. ) ;
#7594 =( LENGTH_UNIT ( ) NAMED_UNIT ( * ) SI_UNIT ( .MILLI., .METRE. ) );
#7595 = CARTESIAN_POINT ( 'NONE',  ( -0.1414508950651480190, 0.3010000000383806773, 0.1592116208221150964 ) ) ;
#7596 = ORIENTED_EDGE ( 'NONE', *, *, #4479, .T. ) ;
#7597 = CARTESIAN_POINT ( 'NONE',  ( -0.07420978241982030543, 0.3010000000383806218, 0.1587215196079294066 ) ) ;
#7598 = DIRECTION ( 'NONE',  ( 0.9999748501857348426, 0.0000000000000000000, 0.007092178509969618815 ) ) ;
#7599 = B_SPLINE_CURVE_WITH_KNOTS ( 'NONE', 3,
 ( #8594, #6858, #8776, #3151 ),
 .UNSPECIFIED., .F., .F.,
 ( 4, 4 ),
 ( 2.000000000000000000, 3.000000000000000000 ),
 .UNSPECIFIED. ) ;
#7600 = SURFACE_STYLE_FILL_AREA ( #8513 ) ;
#7601 = ORIENTED_EDGE ( 'NONE', *, *, #2085, .T. ) ;
#7602 = COLOUR_RGB ( '',1.000000000000000000, 1.000000000000000000, 1.000000000000000000 ) ;
#7603 =( NAMED_UNIT ( * ) PLANE_ANGLE_UNIT ( ) SI_UNIT ( $, .RADIAN. ) );
#7604 = ORIENTED_EDGE ( 'NONE', *, *, #1217, .F. ) ;
#7605 = SURFACE_STYLE_USAGE ( .BOTH. , #9452 ) ;
#7606 = EDGE_CURVE ( 'NONE', #1234, #9641, #5816, .T. ) ;
#7607 =( LENGTH_UNIT ( ) NAMED_UNIT ( * ) SI_UNIT ( .MILLI., .METRE. ) );
#7608 = ORIENTED_EDGE ( 'NONE', *, *, #1872, .T. ) ;
#7609 = PRESENTATION_STYLE_ASSIGNMENT (( #5923 ) ) ;
#7610 = EDGE_LOOP ( 'NONE', ( #1118, #4129, #9214, #8349 ) ) ;
#7611 = DIRECTION ( 'NONE',  ( 0.3382111624868763267, 0.0000000000000000000, -0.9410702468834490908 ) ) ;
#7612 = CARTESIAN_POINT ( 'NONE',  ( -0.2608823379689205746, 0.3000000000383806764, 0.1514084150000267748 ) ) ;
#7613 = LINE ( 'NONE', #3949, #818 ) ;
#7614 = B_SPLINE_CURVE_WITH_KNOTS ( 'NONE', 3,
 ( #6184, #8311, #4603, #3674 ),
 .UNSPECIFIED., .F., .F.,
 ( 4, 4 ),
 ( 1.000000000000000000, 2.000000000000000000 ),
 .UNSPECIFIED. ) ;
#7615 =( LENGTH_UNIT ( ) NAMED_UNIT ( * ) SI_UNIT ( .MILLI., .METRE. ) );
#7616 = CARTESIAN_POINT ( 'NONE',  ( -0.2817027300535174250, 0.3010000000383806773, 0.05446725058058569241 ) ) ;
#7617 = CARTESIAN_POINT ( 'NONE',  ( -0.1008470305938001660, 0.3010000000383806773, 0.05727842632315501697 ) ) ;
#7618 = ORIENTED_EDGE ( 'NONE', *, *, #10068, .T. ) ;
#7619 = SURFACE_STYLE_USAGE ( .BOTH. , #8538 ) ;
#7620 = CARTESIAN_POINT ( 'NONE',  ( -0.4500000000000001776, 0.2500000000000000000, 0.2999999999999999889 ) ) ;
#7621 = B_SPLINE_CURVE_WITH_KNOTS ( 'NONE', 3,
 ( #6498, #2490, #1644, #1821 ),
 .UNSPECIFIED., .F., .F.,
 ( 4, 4 ),
 ( 26.00000000000000000, 27.00000000000000000 ),
 .UNSPECIFIED. ) ;
#7622 =( LENGTH_UNIT ( ) NAMED_UNIT ( * ) SI_UNIT ( .MILLI., .METRE. ) );
#7623 = LINE ( 'NONE', #5696, #8297 ) ;
#7624 = CARTESIAN_POINT ( 'NONE',  ( -0.1406007287597556277, 0.3000000000000000444, 0.03494265885360655494 ) ) ;
#7625 = DIRECTION ( 'NONE',  ( -0.007092178509980152055, 0.0000000000000000000, 0.9999748501857347316 ) ) ;
#7626 = DIRECTION ( 'NONE',  ( -0.007092178509962986967, 0.0000000000000000000, 0.9999748501857348426 ) ) ;
#7627 = FILL_AREA_STYLE ('',( #3785 ) ) ;
#7628 = DIRECTION ( 'NONE',  ( 0.9999748501857348426, 0.0000000000000000000, 0.007092178509964942000 ) ) ;
#7629 = VERTEX_POINT ( 'NONE', #6808 ) ;
#7630 = SURFACE_STYLE_FILL_AREA ( #10532 ) ;
#7631 = UNCERTAINTY_MEASURE_WITH_UNIT (LENGTH_MEASURE( 1.000000000000000082E-05 ), #9494, 'distance_accuracy_value', 'NONE');
#7632 = CARTESIAN_POINT ( 'NONE',  ( -0.1924035092663176072, 0.3000000000383806209, 0.1963136666212549897 ) ) ;
#7633 = ORIENTED_EDGE ( 'NONE', *, *, #9825, .F. ) ;
#7634 = EDGE_CURVE ( 'NONE', #7572, #9987, #644, .T. ) ;
#7635 = VECTOR ( 'NONE', #6764, 1000.000000000000000 ) ;
#7636 = SURFACE_SIDE_STYLE ('',( #2017 ) ) ;
#7637 = B_SPLINE_SURFACE_WITH_KNOTS ( 'NONE', 3, 1, ( 
 ( #2917, #2795 ),
 ( #12208, #5516 ),
 ( #2860, #6576 ),
 ( #9415, #10173 ) ),
 .UNSPECIFIED., .F., .F., .F.,
 ( 4, 4 ),
 ( 2, 2 ),
 ( 11.00000000000000000, 12.00000000000000000 ),
 ( 0.0000000000000000000, 1.000000000000000000 ),
 .UNSPECIFIED. ) ;
#7638 = CARTESIAN_POINT ( 'NONE',  ( -0.3092639260244501864, 0.3010000000383806773, 0.1074879252756928555 ) ) ;
#7639 = ORIENTED_EDGE ( 'NONE', *, *, #7370, .F. ) ;
#7640 = FACE_OUTER_BOUND ( 'NONE', #10813, .T. ) ;
#7641 = STYLED_ITEM ( 'NONE', ( #499 ), #1682 ) ;
#7642 = ADVANCED_FACE ( 'NONE', ( #1120 ), #4442, .F. ) ;
#7643 = SURFACE_STYLE_USAGE ( .BOTH. , #3861 ) ;
#7644 = CARTESIAN_POINT ( 'NONE',  ( 0.1260660218168953850, 0.3010000000383806773, 0.1313287011573964491 ) ) ;
#7645 = UNCERTAINTY_MEASURE_WITH_UNIT (LENGTH_MEASURE( 1.000000000000000082E-05 ), #2426, 'distance_accuracy_value', 'NONE');
#7646 = PRESENTATION_STYLE_ASSIGNMENT (( #3863 ) ) ;
#7647 = FACE_OUTER_BOUND ( 'NONE', #8300, .T. ) ;
#7648 =( LENGTH_UNIT ( ) NAMED_UNIT ( * ) SI_UNIT ( .MILLI., .METRE. ) );
#7649 = ORIENTED_EDGE ( 'NONE', *, *, #9398, .T. ) ;
#7650 = CARTESIAN_POINT ( 'NONE',  ( -0.08303488103793564556, 0.3010000000383806218, 0.08357612140341477702 ) ) ;
#7651 = FACE_OUTER_BOUND ( 'NONE', #7263, .T. ) ;
#7652 = DIRECTION ( 'NONE',  ( -0.0000000000000000000, -1.000000000000000000, -0.0000000000000000000 ) ) ;
#7653 = ORIENTED_EDGE ( 'NONE', *, *, #5234, .T. ) ;
#7654 = EDGE_CURVE ( 'NONE', #4445, #8174, #8030, .T. ) ;
#7655 = SURFACE_STYLE_USAGE ( .BOTH. , #6539 ) ;
#7656 = MECHANICAL_DESIGN_GEOMETRIC_PRESENTATION_REPRESENTATION (  '', ( #6458 ), #11003 ) ;
#7657 = UNCERTAINTY_MEASURE_WITH_UNIT (LENGTH_MEASURE( 1.000000000000000082E-05 ), #7594, 'distance_accuracy_value', 'NONE');
#7658 = FACE_OUTER_BOUND ( 'NONE', #1053, .T. ) ;
#7659 = CARTESIAN_POINT ( 'NONE',  ( 0.2169301805050373178, 0.3010000000383806218, 0.1645086717987799263 ) ) ;
#7660 = EDGE_LOOP ( 'NONE', ( #8586, #1419, #10564, #6240 ) ) ;
#7661 = CARTESIAN_POINT ( 'NONE',  ( -0.1224719036960317115, 0.3010000000383806218, 0.06277108248754545428 ) ) ;
#7662 = CARTESIAN_POINT ( 'NONE',  ( 0.2835423920232607031, 0.3000000000383806209, 0.06954353933260110088 ) ) ;
#7663 = VERTEX_POINT ( 'NONE', #6993 ) ;
#7664 =( NAMED_UNIT ( * ) PLANE_ANGLE_UNIT ( ) SI_UNIT ( $, .RADIAN. ) );
#7665 = VERTEX_POINT ( 'NONE', #9889 ) ;
#7666 = FILL_AREA_STYLE ('',( #171 ) ) ;
#7667 = EDGE_LOOP ( 'NONE', ( #984, #11597, #4277, #3803 ) ) ;
#7668 = SURFACE_STYLE_USAGE ( .BOTH. , #8772 ) ;
#7669 = FILL_AREA_STYLE_COLOUR ( '', #3834 ) ;
#7670 = EDGE_CURVE ( 'NONE', #9480, #9836, #6524, .T. ) ;
#7671 = CARTESIAN_POINT ( 'NONE',  ( 0.03430661691700520599, 0.3010000000383806218, 0.1020466347333380402 ) ) ;
#7672 = ADVANCED_FACE ( 'NONE', ( #2300 ), #1365, .T. ) ;
#7673 =( NAMED_UNIT ( * ) SI_UNIT ( $, .STERADIAN. ) SOLID_ANGLE_UNIT ( ) );
#7674 = PRESENTATION_LAYER_ASSIGNMENT (  '', '', ( #11832 ) ) ;
#7675 = EDGE_LOOP ( 'NONE', ( #11343, #11014, #9194, #4574 ) ) ;
#7676 = UNCERTAINTY_MEASURE_WITH_UNIT (LENGTH_MEASURE( 1.000000000000000082E-05 ), #3036, 'distance_accuracy_value', 'NONE');
#7677 = FILL_AREA_STYLE_COLOUR ( '', #6517 ) ;
#7678 = CARTESIAN_POINT ( 'NONE',  ( 0.2038243345134887474, 0.3010000000383806218, 0.1162631349986478907 ) ) ;
#7679 = DIRECTION ( 'NONE',  ( -0.0000000000000000000, -1.000000000000000000, -0.0000000000000000000 ) ) ;
#7680 = DIRECTION ( 'NONE',  ( -0.9999748501857348426, -0.0000000000000000000, -0.007092178509963895962 ) ) ;
#7681 = FACE_OUTER_BOUND ( 'NONE', #10222, .T. ) ;
#7682 = VERTEX_POINT ( 'NONE', #7977 ) ;
#7683 = FACE_OUTER_BOUND ( 'NONE', #7311, .T. ) ;
#7684 = DIRECTION ( 'NONE',  ( -0.0000000000000000000, -1.000000000000000000, -0.0000000000000000000 ) ) ;
#7685 = VERTEX_POINT ( 'NONE', #2529 ) ;
#7686 = UNCERTAINTY_MEASURE_WITH_UNIT (LENGTH_MEASURE( 1.000000000000000082E-05 ), #3635, 'distance_accuracy_value', 'NONE');
#7687 =( LENGTH_UNIT ( ) NAMED_UNIT ( * ) SI_UNIT ( .MILLI., .METRE. ) );
#7688 = FILL_AREA_STYLE_COLOUR ( '', #10924 ) ;
#7689 = CARTESIAN_POINT ( 'NONE',  ( -0.2786044463837674678, 0.3010000000383806218, 0.09482244866090128177 ) ) ;
#7690 = FILL_AREA_STYLE ('',( #5892 ) ) ;
#7691 = ORIENTED_EDGE ( 'NONE', *, *, #11578, .T. ) ;
#7692 = CARTESIAN_POINT ( 'NONE',  ( -0.1924262779809833845, 0.3000000000000000444, 0.08956927285047998344 ) ) ;
#7693 = ADVANCED_FACE ( 'NONE', ( #1309 ), #2554, .F. ) ;
#7694 = DIRECTION ( 'NONE',  ( -0.0000000000000000000, 0.0000000000000000000, 1.000000000000000000 ) ) ;
#7695 = AXIS2_PLACEMENT_3D ( 'NONE', #4305, #1537, #5296 ) ;
#7696 = CARTESIAN_POINT ( 'NONE',  ( -0.1090203425049694058, 0.3010000000383806773, 0.2135000035020551135 ) ) ;
#7697 = SURFACE_STYLE_FILL_AREA ( #3919 ) ;
#7698 =( GEOMETRIC_REPRESENTATION_CONTEXT ( 3 ) GLOBAL_UNCERTAINTY_ASSIGNED_CONTEXT ( ( #5583 ) ) GLOBAL_UNIT_ASSIGNED_CONTEXT ( ( #11042, #2687, #3734 ) ) REPRESENTATION_CONTEXT ( 'NONE', 'WORKASPACE' ) );
#7699 =( LENGTH_UNIT ( ) NAMED_UNIT ( * ) SI_UNIT ( .MILLI., .METRE. ) );
#7700 = FACE_OUTER_BOUND ( 'NONE', #4696, .T. ) ;
#7701 = ORIENTED_EDGE ( 'NONE', *, *, #5818, .T. ) ;
#7702 = CARTESIAN_POINT ( 'NONE',  ( 0.2529405379906866647, 0.3000000000383806209, 0.04156285806588447262 ) ) ;
#7703 = CARTESIAN_POINT ( 'NONE',  ( -0.1934591631605366568, 0.3000000000000000444, 0.1604336292458889701 ) ) ;
#7704 =( GEOMETRIC_REPRESENTATION_CONTEXT ( 3 ) GLOBAL_UNCERTAINTY_ASSIGNED_CONTEXT ( ( #4955 ) ) GLOBAL_UNIT_ASSIGNED_CONTEXT ( ( #6404, #6530, #10132 ) ) REPRESENTATION_CONTEXT ( 'NONE', 'WORKASPACE' ) );
#7705 = LINE ( 'NONE', #10427, #211 ) ;
#7706 = VERTEX_POINT ( 'NONE', #12184 ) ;
#7707 = CARTESIAN_POINT ( 'NONE',  ( -0.1180266107297594513, 0.3010000000383806218, 0.08033336945613479829 ) ) ;
#7708 = LINE ( 'NONE', #7883, #2657 ) ;
#7709 = PRESENTATION_STYLE_ASSIGNMENT (( #5913 ) ) ;
#7710 = SURFACE_STYLE_FILL_AREA ( #6791 ) ;
#7711 = ORIENTED_EDGE ( 'NONE', *, *, #5697, .T. ) ;
#7712 = MECHANICAL_DESIGN_GEOMETRIC_PRESENTATION_REPRESENTATION (  '', ( #806 ), #8687 ) ;
#7713 = CARTESIAN_POINT ( 'NONE',  ( -0.1224719036960317115, 0.3000000000000000444, 0.06277108248754545428 ) ) ;
#7714 = MECHANICAL_DESIGN_GEOMETRIC_PRESENTATION_REPRESENTATION (  '', ( #11673 ), #8496 ) ;
#7715 = CARTESIAN_POINT ( 'NONE',  ( 0.1272750778494582125, 0.3010000000383806218, 0.2055182605355260761 ) ) ;
#7716 = ORIENTED_EDGE ( 'NONE', *, *, #1080, .F. ) ;
#7717 = CARTESIAN_POINT ( 'NONE',  ( -0.09188544274815206581, 0.3010000000383806773, 0.1527629689026110127 ) ) ;
#7718 = ADVANCED_FACE ( 'NONE', ( #3756 ), #4332, .F. ) ;
#7719 = EDGE_CURVE ( 'NONE', #10811, #1108, #8746, .T. ) ;
#7720 = FACE_OUTER_BOUND ( 'NONE', #2775, .T. ) ;
#7721 = VERTEX_POINT ( 'NONE', #9271 ) ;
#7723 =( LENGTH_UNIT ( ) NAMED_UNIT ( * ) SI_UNIT ( .MILLI., .METRE. ) );
#7722 = STYLED_ITEM ( 'NONE', ( #5021 ), #9914 ) ;
#7724 = ORIENTED_EDGE ( 'NONE', *, *, #7909, .T. ) ;
#7725 = FILL_AREA_STYLE ('',( #3891 ) ) ;
#7726 = VECTOR ( 'NONE', #10797, 1000.000000000000114 ) ;
#7727 = CIRCLE ( 'NONE', #10481, 0.05000000000000002359 ) ;
#7728 =( NAMED_UNIT ( * ) PLANE_ANGLE_UNIT ( ) SI_UNIT ( $, .RADIAN. ) );
#7729 = CARTESIAN_POINT ( 'NONE',  ( 0.2174562885453621697, 0.3000000000000000444, 0.02916459669755753700 ) ) ;
#7730 = PRESENTATION_STYLE_ASSIGNMENT (( #5062 ) ) ;
#7731 = SURFACE_SIDE_STYLE ('',( #5812 ) ) ;
#7732 = ORIENTED_EDGE ( 'NONE', *, *, #5239, .T. ) ;
#7733 = AXIS2_PLACEMENT_3D ( 'NONE', #5578, #747, #5687 ) ;
#7734 = COLOUR_RGB ( '',0.1019607843137254888, 0.1019607843137254888, 0.1019607843137254888 ) ;
#7735 = FILL_AREA_STYLE ('',( #6008 ) ) ;
#7736 = EDGE_CURVE ( 'NONE', #3144, #11867, #6476, .T. ) ;
#7737 = COLOUR_RGB ( '',0.7686274509803920907, 0.7686274509803920907, 0.7686274509803920907 ) ;
#7738 =( NAMED_UNIT ( * ) SI_UNIT ( $, .STERADIAN. ) SOLID_ANGLE_UNIT ( ) );
#7739 = FACE_OUTER_BOUND ( 'NONE', #4924, .T. ) ;
#7740 = STYLED_ITEM ( 'NONE', ( #10833 ), #3559 ) ;
#7741 = EDGE_CURVE ( 'NONE', #505, #3945, #2854, .T. ) ;
#7742 = SURFACE_STYLE_USAGE ( .BOTH. , #4764 ) ;
#7743 = CARTESIAN_POINT ( 'NONE',  ( -0.1224997779783061347, 0.3000000000000000444, 0.06670126856538299842 ) ) ;
#7744 = CARTESIAN_POINT ( 'NONE',  ( -0.1224719036960317115, 0.3000000000383806209, 0.06277108248754545428 ) ) ;
#7745 = MECHANICAL_DESIGN_GEOMETRIC_PRESENTATION_REPRESENTATION (  '', ( #826 ), #8136 ) ;
#7746 = COLOUR_RGB ( '',1.000000000000000000, 1.000000000000000000, 1.000000000000000000 ) ;
#7747 = CARTESIAN_POINT ( 'NONE',  ( -0.1166584943397403207, 0.3010000000383806773, 0.1799127948524280318 ) ) ;
#7748 = LINE ( 'NONE', #4948, #10237 ) ;
#7749 = ORIENTED_EDGE ( 'NONE', *, *, #929, .F. ) ;
#7750 = FILL_AREA_STYLE ('',( #2186 ) ) ;
#7751 = PRODUCT_DEFINITION_FORMATION_WITH_SPECIFIED_SOURCE ( '»Œ∫Œ', '', #4432, .NOT_KNOWN. ) ;
#7752 = B_SPLINE_CURVE_WITH_KNOTS ( 'NONE', 3,
 ( #9665, #7807, #11588, #1677 ),
 .UNSPECIFIED., .F., .F.,
 ( 4, 4 ),
 ( 8.000000000000000000, 9.000000000000000000 ),
 .UNSPECIFIED. ) ;
#7753 =( GEOMETRIC_REPRESENTATION_CONTEXT ( 3 ) GLOBAL_UNCERTAINTY_ASSIGNED_CONTEXT ( ( #7447 ) ) GLOBAL_UNIT_ASSIGNED_CONTEXT ( ( #5237, #590, #6288 ) ) REPRESENTATION_CONTEXT ( 'NONE', 'WORKASPACE' ) );
#7754 = EDGE_LOOP ( 'NONE', ( #6266, #8101, #5501, #3334 ) ) ;
#7755 =( NAMED_UNIT ( * ) SI_UNIT ( $, .STERADIAN. ) SOLID_ANGLE_UNIT ( ) );
#7756 = FACE_OUTER_BOUND ( 'NONE', #3872, .T. ) ;
#7757 = LINE ( 'NONE', #9613, #10107 ) ;
#7758 = CARTESIAN_POINT ( 'NONE',  ( -0.08293842717228784578, 0.3010000000383806773, 0.06997642989600150187 ) ) ;
#7759 = ORIENTED_EDGE ( 'NONE', *, *, #7864, .F. ) ;
#7760 = PRESENTATION_LAYER_ASSIGNMENT (  '', '', ( #9730 ) ) ;
#7761 = CARTESIAN_POINT ( 'NONE',  ( -0.2904052849400102776, 0.3010000000383806773, 0.05440552895555052226 ) ) ;
#7762 = FILL_AREA_STYLE ('',( #4785 ) ) ;
#7763 = SURFACE_SIDE_STYLE ('',( #4898 ) ) ;
#7764 = CARTESIAN_POINT ( 'NONE',  ( -0.1922751976859913281, 0.3010000000383806218, 0.1694257606879575884 ) ) ;
#7765 = FILL_AREA_STYLE ('',( #8499 ) ) ;
#7766 = MECHANICAL_DESIGN_GEOMETRIC_PRESENTATION_REPRESENTATION (  '', ( #7569 ), #8953 ) ;
#7767 = DIRECTION ( 'NONE',  ( 0.9999748501857348426, 0.0000000000000000000, 0.007092178509966605600 ) ) ;
#7768 = ORIENTED_EDGE ( 'NONE', *, *, #7031, .F. ) ;
#7769 = CARTESIAN_POINT ( 'NONE',  ( 0.06109670222509443888, 0.3010000000383806218, 0.1169860697357324036 ) ) ;
#7770 = CARTESIAN_POINT ( 'NONE',  ( 0.4499999999999981792, 0.2499999999999998335, 0.0000000000000000000 ) ) ;
#7771 = CARTESIAN_POINT ( 'NONE',  ( -0.1284256998160288876, 0.3010000000383806218, 0.09077183231944248309 ) ) ;
#7772 = SURFACE_STYLE_FILL_AREA ( #1972 ) ;
#7773 = EDGE_LOOP ( 'NONE', ( #9888, #7478, #7468, #11358, #5824, #6852 ) ) ;
#7774 = CARTESIAN_POINT ( 'NONE',  ( 0.2109310183554720664, 0.3010000000383806218, 0.2152215261950932990 ) ) ;
#7775 = COLOUR_RGB ( '',1.000000000000000000, 1.000000000000000000, 1.000000000000000000 ) ;
#7776 = SURFACE_SIDE_STYLE ('',( #6901 ) ) ;
#7777 = UNCERTAINTY_MEASURE_WITH_UNIT (LENGTH_MEASURE( 1.000000000000000082E-05 ), #2123, 'distance_accuracy_value', 'NONE');
#7778 = CARTESIAN_POINT ( 'NONE',  ( -0.09679829535651722494, 0.3000000000383806764, 0.2121205910882233703 ) ) ;
#7779 = SURFACE_STYLE_FILL_AREA ( #6976 ) ;
#7780 = CARTESIAN_POINT ( 'NONE',  ( -0.07278400955674792228, 0.3010000000383806773, 0.07644312066001351935 ) ) ;
#7781 = CARTESIAN_POINT ( 'NONE',  ( -0.1843058568177773915, 0.3010000000383806773, 0.05515802396470818186 ) ) ;
#7782 = ORIENTED_EDGE ( 'NONE', *, *, #9249, .F. ) ;
#7783 = CARTESIAN_POINT ( 'NONE',  ( -0.08624688870241548067, 0.3000000000000000444, 0.1516176057042715741 ) ) ;
#7784 = ORIENTED_EDGE ( 'NONE', *, *, #4042, .F. ) ;
#7785 = SURFACE_STYLE_USAGE ( .BOTH. , #8648 ) ;
#7786 = VERTEX_POINT ( 'NONE', #861 ) ;
#7787 = FILL_AREA_STYLE ('',( #6482 ) ) ;
#7788 = CARTESIAN_POINT ( 'NONE',  ( -0.09679829535651722494, 0.3010000000383806773, 0.2121205910882233703 ) ) ;
#7789 =( NAMED_UNIT ( * ) PLANE_ANGLE_UNIT ( ) SI_UNIT ( $, .RADIAN. ) );
#7790 = ADVANCED_FACE ( 'NONE', ( #11068 ), #8768, .F. ) ;
#7791 = ADVANCED_FACE ( 'NONE', ( #8645 ), #9586, .F. ) ;
#7792 = PRESENTATION_STYLE_ASSIGNMENT (( #8974 ) ) ;
#7793 = ORIENTED_EDGE ( 'NONE', *, *, #9621, .F. ) ;
#7794 = EDGE_CURVE ( 'NONE', #477, #680, #4742, .T. ) ;
#7795 = STYLED_ITEM ( 'NONE', ( #5335 ), #5998 ) ;
#7796 = LINE ( 'NONE', #11708, #1400 ) ;
#7797 = CARTESIAN_POINT ( 'NONE',  ( 0.1587568035690821167, 0.3010000000383806218, 0.2317699638499286230 ) ) ;
#7798 = LINE ( 'NONE', #128, #2705 ) ;
#7799 = CARTESIAN_POINT ( 'NONE',  ( -0.04820000645229045172, 0.3000000000383806764, 0.1529168339975156554 ) ) ;
#7800 = CARTESIAN_POINT ( 'NONE',  ( 0.4499999999999981792, 0.2499999999999998335, -0.02000000000000000042 ) ) ;
#7801 = VERTEX_POINT ( 'NONE', #7833 ) ;
#7802 = ADVANCED_FACE ( 'NONE', ( #10379 ), #10437, .T. ) ;
#7803 = CARTESIAN_POINT ( 'NONE',  ( -0.1400545387897615124, 0.3010000000383806218, 0.04149717224798589454 ) ) ;
#7804 = EDGE_CURVE ( 'NONE', #11971, #6431, #11717, .T. ) ;
#7805 = ORIENTED_EDGE ( 'NONE', *, *, #4087, .F. ) ;
#7806 = UNCERTAINTY_MEASURE_WITH_UNIT (LENGTH_MEASURE( 1.000000000000000082E-05 ), #7848, 'distance_accuracy_value', 'NONE');
#7807 = CARTESIAN_POINT ( 'NONE',  ( -0.1253060634596191714, 0.3000000000383806209, 0.09952814405407076070 ) ) ;
#7808 = CARTESIAN_POINT ( 'NONE',  ( -0.1194479430906966455, 0.3010000000383806218, 0.06082733760946434226 ) ) ;
#7809 = DIRECTION ( 'NONE',  ( -0.9999748501857348426, -0.0000000000000000000, -0.007092178509962859465 ) ) ;
#7810 = ORIENTED_EDGE ( 'NONE', *, *, #4840, .F. ) ;
#7811 = CARTESIAN_POINT ( 'NONE',  ( -0.1253703211595268707, 0.3010000000383806218, 0.05800911053237797071 ) ) ;
#7812 = PRESENTATION_STYLE_ASSIGNMENT (( #11404 ) ) ;
#7813 = VERTEX_POINT ( 'NONE', #7166 ) ;
#7814 = CARTESIAN_POINT ( 'NONE',  ( -0.1356768246753326801, 0.3010000000383806773, 0.03560145137876107035 ) ) ;
#7815 =( LENGTH_UNIT ( ) NAMED_UNIT ( * ) SI_UNIT ( .MILLI., .METRE. ) );
#7816 =( LENGTH_UNIT ( ) NAMED_UNIT ( * ) SI_UNIT ( .MILLI., .METRE. ) );
#7817 = EDGE_CURVE ( 'NONE', #11626, #5330, #10809, .T. ) ;
#7818 = UNCERTAINTY_MEASURE_WITH_UNIT (LENGTH_MEASURE( 1.000000000000000082E-05 ), #8983, 'distance_accuracy_value', 'NONE');
#7819 = LINE ( 'NONE', #3068, #11290 ) ;
#7820 =( NAMED_UNIT ( * ) PLANE_ANGLE_UNIT ( ) SI_UNIT ( $, .RADIAN. ) );
#7821 = ORIENTED_EDGE ( 'NONE', *, *, #7983, .F. ) ;
#7822 = FACE_OUTER_BOUND ( 'NONE', #9555, .T. ) ;
#7823 = CARTESIAN_POINT ( 'NONE',  ( -0.02345946859065687132, 0.3010000000383806773, 0.09076764576379139915 ) ) ;
#7824 = ORIENTED_EDGE ( 'NONE', *, *, #5773, .T. ) ;
#7825 = UNCERTAINTY_MEASURE_WITH_UNIT (LENGTH_MEASURE( 1.000000000000000082E-05 ), #10306, 'distance_accuracy_value', 'NONE');
#7826 = PRESENTATION_STYLE_ASSIGNMENT (( #9688 ) ) ;
#7827 = CARTESIAN_POINT ( 'NONE',  ( -0.1934591631605366568, 0.3000000000000000444, 0.1604336292458889701 ) ) ;
#7828 = FILL_AREA_STYLE_COLOUR ( '', #11903 ) ;
#7829 =( LENGTH_UNIT ( ) NAMED_UNIT ( * ) SI_UNIT ( .MILLI., .METRE. ) );
#7830 = MECHANICAL_DESIGN_GEOMETRIC_PRESENTATION_REPRESENTATION (  '', ( #6451 ), #4083 ) ;
#7831 = DIRECTION ( 'NONE',  ( 0.9999748501857348426, -0.0000000000000000000, 0.007092178509962993906 ) ) ;
#7832 = ORIENTED_EDGE ( 'NONE', *, *, #11495, .T. ) ;
#7833 = CARTESIAN_POINT ( 'NONE',  ( -0.1168465351328578788, 0.3010000000383806773, 0.2064259549008332917 ) ) ;
#7834 = CARTESIAN_POINT ( 'NONE',  ( -0.09048046219976775550, 0.3010000000383806773, 0.05582346714787936315 ) ) ;
#7835 = ORIENTED_EDGE ( 'NONE', *, *, #465, .F. ) ;
#7836 = ORIENTED_EDGE ( 'NONE', *, *, #6909, .F. ) ;
#7837 = SURFACE_STYLE_USAGE ( .BOTH. , #4073 ) ;
#7838 = CARTESIAN_POINT ( 'NONE',  ( -0.1286616256100862055, 0.3000000000383806209, 0.06026289453298407789 ) ) ;
#7839 = MECHANICAL_DESIGN_GEOMETRIC_PRESENTATION_REPRESENTATION (  '', ( #5278 ), #6070 ) ;
#7840 = MECHANICAL_DESIGN_GEOMETRIC_PRESENTATION_REPRESENTATION (  '', ( #6267 ), #8613 ) ;
#7841 = CARTESIAN_POINT ( 'NONE',  ( 0.2366535614540241916, 0.3010000000383806218, 0.1971840618333898787 ) ) ;
#7842 = SURFACE_STYLE_USAGE ( .BOTH. , #10577 ) ;
#7843 = CARTESIAN_POINT ( 'NONE',  ( -0.2290779330532058400, 0.3010000000383806773, 0.1158550134551969424 ) ) ;
#7844 = CARTESIAN_POINT ( 'NONE',  ( -0.1479273002113785374, 0.3010000000383806218, 0.04758645964856490079 ) ) ;
#7845 = ORIENTED_EDGE ( 'NONE', *, *, #11284, .F. ) ;
#7846 = CARTESIAN_POINT ( 'NONE',  ( -0.1879702705965884679, 0.3000000000383806209, 0.2001819119379253109 ) ) ;
#7847 = VECTOR ( 'NONE', #1313, 1000.000000000000000 ) ;
#7848 =( LENGTH_UNIT ( ) NAMED_UNIT ( * ) SI_UNIT ( .MILLI., .METRE. ) );
#7849 = DIRECTION ( 'NONE',  ( 0.0000000000000000000, -1.000000000000000000, 0.0000000000000000000 ) ) ;
#7850 = CARTESIAN_POINT ( 'NONE',  ( -0.04820231503667318784, 0.3010000000383806773, 0.06307947426199811414 ) ) ;
#7851 = CARTESIAN_POINT ( 'NONE',  ( -0.2636122843015362704, 0.3000000000383806209, 0.06791518837213486592 ) ) ;
#7852 = SURFACE_STYLE_FILL_AREA ( #1443 ) ;
#7853 = VERTEX_POINT ( 'NONE', #9013 ) ;
#7854 = COLOUR_RGB ( '',1.000000000000000000, 1.000000000000000000, 1.000000000000000000 ) ;
#7855 = CARTESIAN_POINT ( 'NONE',  ( 0.2109310183554720664, 0.3010000000383806218, 0.2152215261950932990 ) ) ;
#7856 = PRESENTATION_LAYER_ASSIGNMENT (  '', '', ( #4887 ) ) ;
#7857 = VERTEX_POINT ( 'NONE', #2406 ) ;
#7858 = CARTESIAN_POINT ( 'NONE',  ( -0.1945930286049418756, 0.3010000000383806218, 0.1905585297204474005 ) ) ;
#7859 = CARTESIAN_POINT ( 'NONE',  ( 0.2174655103380818133, 0.3000000000000000444, 0.08903001670842267123 ) ) ;
#7860 = VECTOR ( 'NONE', #1757, 1000.000000000000000 ) ;
#7861 = COLOUR_RGB ( '',0.1019607843137254888, 0.1019607843137254888, 0.1019607843137254888 ) ;
#7862 = ADVANCED_FACE ( 'NONE', ( #8828 ), #6908, .F. ) ;
#7863 = LINE ( 'NONE', #2019, #11289 ) ;
#7864 = EDGE_CURVE ( 'NONE', #11867, #5217, #3318, .T. ) ;
#7865 = B_SPLINE_CURVE_WITH_KNOTS ( 'NONE', 3,
 ( #1331, #334, #11731, #7873 ),
 .UNSPECIFIED., .F., .F.,
 ( 4, 4 ),
 ( 5.000000000000000000, 6.000000000000000000 ),
 .UNSPECIFIED. ) ;
#7866 = DIRECTION ( 'NONE',  ( -1.000000000000000000, 0.0000000000000000000, 0.0000000000000000000 ) ) ;
#7867 = ORIENTED_EDGE ( 'NONE', *, *, #6161, .T. ) ;
#7868 = CARTESIAN_POINT ( 'NONE',  ( -0.1414015620100129988, 0.3000000000383806764, 0.1522558153035966089 ) ) ;
#7869 = CARTESIAN_POINT ( 'NONE',  ( -0.07963672377970335003, 0.3000000000000000444, 0.05746005091060948922 ) ) ;
#7870 = DIRECTION ( 'NONE',  ( -0.0000000000000000000, -1.000000000000000000, -0.0000000000000000000 ) ) ;
#7871 = CARTESIAN_POINT ( 'NONE',  ( 0.1260660218168953850, 0.3000000000383806764, 0.1313287011573964491 ) ) ;
#7872 = B_SPLINE_SURFACE_WITH_KNOTS ( 'NONE', 3, 1, ( 
 ( #9534, #10393 ),
 ( #5754, #11328 ),
 ( #5689, #2851 ),
 ( #9465, #6566 ) ),
 .UNSPECIFIED., .F., .F., .F.,
 ( 4, 4 ),
 ( 2, 2 ),
 ( 2.000000000000000000, 3.000000000000000000 ),
 ( 0.0000000000000000000, 1.000000000000000000 ),
 .UNSPECIFIED. ) ;
#7873 = CARTESIAN_POINT ( 'NONE',  ( -0.1400545387897615124, 0.3000000000000000444, 0.04149717224798589454 ) ) ;
#7874 = SURFACE_STYLE_FILL_AREA ( #5094 ) ;
#7875 = PLANE ( 'NONE',  #7172 ) ;
#7876 = CARTESIAN_POINT ( 'NONE',  ( -0.06401210045334768117, 0.3000000000383806209, 0.06452702172152816051 ) ) ;
#7877 = EDGE_CURVE ( 'NONE', #9020, #11380, #9070, .T. ) ;
#7878 = CARTESIAN_POINT ( 'NONE',  ( -0.1472914026776793173, 0.3010000000383806218, 0.03489520620640342713 ) ) ;
#7879 = ORIENTED_EDGE ( 'NONE', *, *, #4169, .F. ) ;
#7880 = CARTESIAN_POINT ( 'NONE',  ( -0.08308532021538193868, 0.3000000000383806209, 0.09068788668674329645 ) ) ;
#7881 = EDGE_CURVE ( 'NONE', #7853, #5755, #9815, .T. ) ;
#7882 = COLOUR_RGB ( '',1.000000000000000000, 1.000000000000000000, 1.000000000000000000 ) ;
#7883 = CARTESIAN_POINT ( 'NONE',  ( -0.2232137446759145660, 0.3000000000383806764, 0.1752578767396400505 ) ) ;
#7884 = CARTESIAN_POINT ( 'NONE',  ( 0.2168378917518772042, 0.3000000000000000444, 0.1163554317908793573 ) ) ;
#7885 = SURFACE_STYLE_USAGE ( .BOTH. , #10746 ) ;
#7886 = SURFACE_STYLE_USAGE ( .BOTH. , #1103 ) ;
#7887 = ORIENTED_EDGE ( 'NONE', *, *, #1319, .F. ) ;
#7888 = CIRCLE ( 'NONE', #9082, 0.04999999999999999584 ) ;
#7889 = CARTESIAN_POINT ( 'NONE',  ( -0.2533890728402347636, 0.3010000000383806218, 0.1086640477255515214 ) ) ;
#7890 = CARTESIAN_POINT ( 'NONE',  ( -0.1134434921385708284, 0.3010000000383806218, 0.06086992331849381405 ) ) ;
#7891 = CARTESIAN_POINT ( 'NONE',  ( 0.03444812248131896154, 0.3000000000000000444, 0.1432592926200335626 ) ) ;
#7892 = ORIENTED_EDGE ( 'NONE', *, *, #989, .F. ) ;
#7893 = CARTESIAN_POINT ( 'NONE',  ( -0.1697082593558360275, 0.3010000000383806773, 0.1520550541038856174 ) ) ;
#7894 = ORIENTED_EDGE ( 'NONE', *, *, #6161, .F. ) ;
#7895 = CARTESIAN_POINT ( 'NONE',  ( -0.3217935729080182439, 0.3010000000383806773, 0.07087144628550495762 ) ) ;
#7896 = SURFACE_STYLE_FILL_AREA ( #3147 ) ;
#7897 = AXIS2_PLACEMENT_3D ( 'NONE', #12204, #6274, #8416 ) ;
#7898 =( LENGTH_UNIT ( ) NAMED_UNIT ( * ) SI_UNIT ( .MILLI., .METRE. ) );
#7899 = DIRECTION ( 'NONE',  ( -0.9999748501857347316, 0.0000000000000000000, -0.007092178509982618832 ) ) ;
#7900 = COLOUR_RGB ( '',1.000000000000000000, 1.000000000000000000, 1.000000000000000000 ) ;
#7901 = FACE_OUTER_BOUND ( 'NONE', #3042, .T. ) ;
#7902 = VECTOR ( 'NONE', #2133, 1000.000000000000000 ) ;
#7903 = SURFACE_SIDE_STYLE ('',( #8778 ) ) ;
#7904 =( NAMED_UNIT ( * ) PLANE_ANGLE_UNIT ( ) SI_UNIT ( $, .RADIAN. ) );
#7905 = ORIENTED_EDGE ( 'NONE', *, *, #11435, .T. ) ;
#7906 = CARTESIAN_POINT ( 'NONE',  ( -0.1167080486193376454, 0.3010000000383806773, 0.1868997923239089920 ) ) ;
#7907 = AXIS2_PLACEMENT_3D ( 'NONE', #11069, #4686, #8461 ) ;
#7908 = CARTESIAN_POINT ( 'NONE',  ( -0.1406007287597556277, 0.3010000000383806218, 0.03494265885360655494 ) ) ;
#7909 = EDGE_CURVE ( 'NONE', #1484, #10216, #8888, .T. ) ;
#7910 = CARTESIAN_POINT ( 'NONE',  ( -0.1224997779783061347, 0.3000000000000000444, 0.06670126856538299842 ) ) ;
#7911 = MECHANICAL_DESIGN_GEOMETRIC_PRESENTATION_REPRESENTATION (  '', ( #10292 ), #18 ) ;
#7912 = VECTOR ( 'NONE', #5120, 1000.000000000000000 ) ;
#7913 = LINE ( 'NONE', #11710, #11606 ) ;
#7914 = CARTESIAN_POINT ( 'NONE',  ( -0.1134434921385708284, 0.3000000000000000444, 0.06086992331849381405 ) ) ;
#7915 = FILL_AREA_STYLE_COLOUR ( '', #7999 ) ;
#7916 = FILL_AREA_STYLE_COLOUR ( '', #9245 ) ;
#7917 = ORIENTED_EDGE ( 'NONE', *, *, #10011, .T. ) ;
#7918 = DIRECTION ( 'NONE',  ( -0.0000000000000000000, -1.000000000000000000, -0.0000000000000000000 ) ) ;
#7919 = VECTOR ( 'NONE', #8010, 1000.000000000000000 ) ;
#7920 = CARTESIAN_POINT ( 'NONE',  ( 0.1587568035690821167, 0.3000000000000000444, 0.2317699638499286230 ) ) ;
#7921 = MECHANICAL_DESIGN_GEOMETRIC_PRESENTATION_REPRESENTATION (  '', ( #1623 ), #10909 ) ;
#7922 =( GEOMETRIC_REPRESENTATION_CONTEXT ( 3 ) GLOBAL_UNCERTAINTY_ASSIGNED_CONTEXT ( ( #347 ) ) GLOBAL_UNIT_ASSIGNED_CONTEXT ( ( #22, #5709, #11285 ) ) REPRESENTATION_CONTEXT ( 'NONE', 'WORKASPACE' ) );
#7923 = VERTEX_POINT ( 'NONE', #592 ) ;
#7924 = VECTOR ( 'NONE', #9366, 1000.000000000000114 ) ;
#7925 = UNCERTAINTY_MEASURE_WITH_UNIT (LENGTH_MEASURE( 1.000000000000000082E-05 ), #8567, 'distance_accuracy_value', 'NONE');
#7926 = FILL_AREA_STYLE ('',( #2191 ) ) ;
#7927 = MECHANICAL_DESIGN_GEOMETRIC_PRESENTATION_REPRESENTATION (  '', ( #6345 ), #3986 ) ;
#7928 = SURFACE_SIDE_STYLE ('',( #4041 ) ) ;
#7929 = DIRECTION ( 'NONE',  ( 1.000000000000000000, -1.807003620809176111E-16, 0.0000000000000000000 ) ) ;
#7930 = EDGE_CURVE ( 'NONE', #4293, #3858, #1084, .T. ) ;
#7931 = VECTOR ( 'NONE', #12252, 1000.000000000000000 ) ;
#7932 = DIRECTION ( 'NONE',  ( -1.000000000000000000, -0.0000000000000000000, -0.0000000000000000000 ) ) ;
#7933 =( GEOMETRIC_REPRESENTATION_CONTEXT ( 3 ) GLOBAL_UNCERTAINTY_ASSIGNED_CONTEXT ( ( #9423 ) ) GLOBAL_UNIT_ASSIGNED_CONTEXT ( ( #4657, #7221, #2559 ) ) REPRESENTATION_CONTEXT ( 'NONE', 'WORKASPACE' ) );
#7934 = FILL_AREA_STYLE_COLOUR ( '', #8125 ) ;
#7935 = LINE ( 'NONE', #7013, #4872 ) ;
#7936 =( LENGTH_UNIT ( ) NAMED_UNIT ( * ) SI_UNIT ( .MILLI., .METRE. ) );
#7937 = PRESENTATION_LAYER_ASSIGNMENT (  '', '', ( #6556 ) ) ;
#7938 = ORIENTED_EDGE ( 'NONE', *, *, #2528, .T. ) ;
#7939 = LINE ( 'NONE', #9851, #1752 ) ;
#7940 = DIRECTION ( 'NONE',  ( 0.9999748501857348426, -0.0000000000000000000, 0.007092178509965187463 ) ) ;
#7941 = VERTEX_POINT ( 'NONE', #5241 ) ;
#7942 = COLOUR_RGB ( '',1.000000000000000000, 1.000000000000000000, 1.000000000000000000 ) ;
#7943 = EDGE_CURVE ( 'NONE', #9739, #10637, #7888, .T. ) ;
#7944 = EDGE_CURVE ( 'NONE', #5780, #1598, #8783, .T. ) ;
#7945 = UNCERTAINTY_MEASURE_WITH_UNIT (LENGTH_MEASURE( 1.000000000000000082E-05 ), #5371, 'distance_accuracy_value', 'NONE');
#7946 = CARTESIAN_POINT ( 'NONE',  ( -0.1284256998160288876, 0.3000000000000000444, 0.09077183231944248309 ) ) ;
#7947 = SURFACE_STYLE_USAGE ( .BOTH. , #395 ) ;
#7948 = EDGE_CURVE ( 'NONE', #3130, #923, #7037, .T. ) ;
#7949 = VECTOR ( 'NONE', #6339, 1000.000000000000000 ) ;
#7950 = CARTESIAN_POINT ( 'NONE',  ( -0.07130338486278821331, 0.3000000000383806209, 0.06119998952027910777 ) ) ;
#7951 = DIRECTION ( 'NONE',  ( 1.000000000000000000, 0.0000000000000000000, 0.0000000000000000000 ) ) ;
#7952 = CARTESIAN_POINT ( 'NONE',  ( -0.1763802318002337111, 0.3010000000383806773, 0.09879158556078007636 ) ) ;
#7953 = ORIENTED_EDGE ( 'NONE', *, *, #6132, .F. ) ;
#7954 = FACE_OUTER_BOUND ( 'NONE', #7610, .T. ) ;
#7955 =( NAMED_UNIT ( * ) PLANE_ANGLE_UNIT ( ) SI_UNIT ( $, .RADIAN. ) );
#7956 = CARTESIAN_POINT ( 'NONE',  ( -0.1278432262494003657, 0.3010000000383806218, 0.07461771903355486624 ) ) ;
#7957 =( NAMED_UNIT ( * ) SI_UNIT ( $, .STERADIAN. ) SOLID_ANGLE_UNIT ( ) );
#7958 = PRESENTATION_LAYER_ASSIGNMENT (  '', '', ( #9938 ) ) ;
#7959 = FACE_OUTER_BOUND ( 'NONE', #2371, .T. ) ;
#7960 = EDGE_CURVE ( 'NONE', #9836, #10864, #11177, .T. ) ;
#7961 = LINE ( 'NONE', #4063, #3414 ) ;
#7962 =( NAMED_UNIT ( * ) SI_UNIT ( $, .STERADIAN. ) SOLID_ANGLE_UNIT ( ) );
#7963 = ORIENTED_EDGE ( 'NONE', *, *, #3719, .F. ) ;
#7964 = DIRECTION ( 'NONE',  ( -0.9999748501857348426, 0.0000000000000000000, -0.007092178509962488234 ) ) ;
#7965 = MECHANICAL_DESIGN_GEOMETRIC_PRESENTATION_REPRESENTATION (  '', ( #2252 ), #10150 ) ;
#7966 =( NAMED_UNIT ( * ) PLANE_ANGLE_UNIT ( ) SI_UNIT ( $, .RADIAN. ) );
#7967 = ORIENTED_EDGE ( 'NONE', *, *, #3274, .F. ) ;
#7968 = UNCERTAINTY_MEASURE_WITH_UNIT (LENGTH_MEASURE( 1.000000000000000082E-05 ), #8608, 'distance_accuracy_value', 'NONE');
#7969 = DIRECTION ( 'NONE',  ( 1.000000000000000000, -0.0000000000000000000, -0.0000000000000000000 ) ) ;
#7970 = VERTEX_POINT ( 'NONE', #7461 ) ;
#7971 = CARTESIAN_POINT ( 'NONE',  ( -0.2591716690533302225, 0.3010000000383806218, 0.1136256965801934332 ) ) ;
#7972 = CARTESIAN_POINT ( 'NONE',  ( -0.08235852309880657696, 0.3000000000000000444, 0.2147184848664923373 ) ) ;
#7973 = SURFACE_SIDE_STYLE ('',( #5933 ) ) ;
#7974 = VECTOR ( 'NONE', #8097, 1000.000000000000000 ) ;
#7975 = VERTEX_POINT ( 'NONE', #4667 ) ;
#7976 =( NAMED_UNIT ( * ) PLANE_ANGLE_UNIT ( ) SI_UNIT ( $, .RADIAN. ) );
#7977 = CARTESIAN_POINT ( 'NONE',  ( -0.1551615128869878735, 0.3000000000000000444, 0.06260162315677947342 ) ) ;
#7978 = CARTESIAN_POINT ( 'NONE',  ( -0.2206694978298006649, 0.3010000000383806773, 0.1683821530840460545 ) ) ;
#7979 = MECHANICAL_DESIGN_GEOMETRIC_PRESENTATION_REPRESENTATION (  '', ( #2270 ), #8773 ) ;
#7980 = CARTESIAN_POINT ( 'NONE',  ( -0.1278432262494003657, 0.3010000000383806218, 0.07461771903355486624 ) ) ;
#7981 = B_SPLINE_SURFACE_WITH_KNOTS ( 'NONE', 3, 1, ( 
 ( #7058, #9088 ),
 ( #6994, #4327 ),
 ( #8162, #2359 ),
 ( #11001, #2531 ) ),
 .UNSPECIFIED., .F., .F., .F.,
 ( 4, 4 ),
 ( 2, 2 ),
 ( 1.000000000000000000, 2.000000000000000000 ),
 ( 0.0000000000000000000, 1.000000000000000000 ),
 .UNSPECIFIED. ) ;
#7982 = SURFACE_STYLE_FILL_AREA ( #8848 ) ;
#7983 = EDGE_CURVE ( 'NONE', #3830, #9325, #10986, .T. ) ;
#7984 = CARTESIAN_POINT ( 'NONE',  ( -0.07504465569276723425, 0.3000000000383806209, 0.1005084863354538394 ) ) ;
#7985 =( LENGTH_UNIT ( ) NAMED_UNIT ( * ) SI_UNIT ( .MILLI., .METRE. ) );
#7986 = ORIENTED_EDGE ( 'NONE', *, *, #4711, .F. ) ;
#7987 = DIRECTION ( 'NONE',  ( -0.007092178509958388215, 0.0000000000000000000, 0.9999748501857349536 ) ) ;
#7988 = SURFACE_SIDE_STYLE ('',( #4216 ) ) ;
#7989 = DIRECTION ( 'NONE',  ( 0.9999748501857349536, -0.0000000000000000000, 0.007092178509957596313 ) ) ;
#7990 = VERTEX_POINT ( 'NONE', #7344 ) ;
#7991 = STYLED_ITEM ( 'NONE', ( #9360 ), #6012 ) ;
#7992 = CARTESIAN_POINT ( 'NONE',  ( -0.1924035092663176072, 0.3010000000383806218, 0.1963136666212549897 ) ) ;
#7993 = DIRECTION ( 'NONE',  ( 0.007092178509957596313, 0.0000000000000000000, -0.9999748501857349536 ) ) ;
#7994 = LINE ( 'NONE', #4347, #1423 ) ;
#7995 = LINE ( 'NONE', #8926, #3774 ) ;
#7996 = LINE ( 'NONE', #3111, #4577 ) ;
#7997 = LINE ( 'NONE', #11842, #3687 ) ;
#7998 =( NAMED_UNIT ( * ) SI_UNIT ( $, .STERADIAN. ) SOLID_ANGLE_UNIT ( ) );
#7999 = COLOUR_RGB ( '',1.000000000000000000, 1.000000000000000000, 1.000000000000000000 ) ;
#8000 = ORIENTED_EDGE ( 'NONE', *, *, #4189, .T. ) ;
#8001 = CARTESIAN_POINT ( 'NONE',  ( -0.2171197913716588490, 0.3010000000383806773, 0.05492529583016843298 ) ) ;
#8002 = FILL_AREA_STYLE ('',( #3300 ) ) ;
#8003 = EDGE_CURVE ( 'NONE', #6364, #3397, #2756, .T. ) ;
#8004 = VERTEX_POINT ( 'NONE', #5544 ) ;
#8005 = SURFACE_SIDE_STYLE ('',( #1658 ) ) ;
#8006 =( LENGTH_UNIT ( ) NAMED_UNIT ( * ) SI_UNIT ( .MILLI., .METRE. ) );
#8007 = SURFACE_STYLE_FILL_AREA ( #11104 ) ;
#8008 = ORIENTED_EDGE ( 'NONE', *, *, #1250, .F. ) ;
#8009 = ADVANCED_FACE ( 'NONE', ( #10059 ), #5110, .T. ) ;
#8010 = DIRECTION ( 'NONE',  ( -0.0000000000000000000, -1.000000000000000000, -0.0000000000000000000 ) ) ;
#8011 = FACE_OUTER_BOUND ( 'NONE', #549, .T. ) ;
#8012 = CARTESIAN_POINT ( 'NONE',  ( 0.1921521249427060318, 0.3010000000383806773, 0.1105408630350661198 ) ) ;
#8013 = B_SPLINE_CURVE_WITH_KNOTS ( 'NONE', 3,
 ( #8619, #11406, #12223, #4660 ),
 .UNSPECIFIED., .F., .F.,
 ( 4, 4 ),
 ( 5.000000000000000000, 6.000000000000000000 ),
 .UNSPECIFIED. ) ;
#8014 = LINE ( 'NONE', #8379, #9308 ) ;
#8015 = VERTEX_POINT ( 'NONE', #2635 ) ;
#8016 = SURFACE_STYLE_FILL_AREA ( #10750 ) ;
#8017 = PRESENTATION_LAYER_ASSIGNMENT (  '', '', ( #7641 ) ) ;
#8018 = DIRECTION ( 'NONE',  ( 1.000000000000000000, 1.084202172485504557E-16, 0.0000000000000000000 ) ) ;
#8019 = ORIENTED_EDGE ( 'NONE', *, *, #1390, .F. ) ;
#8020 = CARTESIAN_POINT ( 'NONE',  ( 0.2529405379906866647, 0.3010000000383806218, 0.04156285806588447262 ) ) ;
#8021 = EDGE_CURVE ( 'NONE', #10378, #6827, #1669, .T. ) ;
#8022 = PLANE ( 'NONE',  #9501 ) ;
#8023 = ORIENTED_EDGE ( 'NONE', *, *, #10314, .F. ) ;
#8024 = CARTESIAN_POINT ( 'NONE',  ( -0.1165129286434225531, 0.3000000000000000444, 0.1593884897798748534 ) ) ;
#8025 = CARTESIAN_POINT ( 'NONE',  ( -0.1542511951100558332, 0.3010000000383806773, 0.06619533448549147492 ) ) ;
#8026 = PRESENTATION_LAYER_ASSIGNMENT (  '', '', ( #1933 ) ) ;
#8027 =( LENGTH_UNIT ( ) NAMED_UNIT ( * ) SI_UNIT ( .MILLI., .METRE. ) );
#8028 = LINE ( 'NONE', #8842, #12100 ) ;
#8029 = VERTEX_POINT ( 'NONE', #5426 ) ;
#8030 = LINE ( 'NONE', #7906, #11252 ) ;
#8031 = SURFACE_STYLE_FILL_AREA ( #9892 ) ;
#8032 = ORIENTED_EDGE ( 'NONE', *, *, #9188, .T. ) ;
#8033 = PRESENTATION_LAYER_ASSIGNMENT (  '', '', ( #3682 ) ) ;
#8034 = SURFACE_SIDE_STYLE ('',( #3402 ) ) ;
#8035 = EDGE_CURVE ( 'NONE', #2167, #6768, #5259, .T. ) ;
#8036 = CARTESIAN_POINT ( 'NONE',  ( 0.2901568176952524225, 0.3000000000000000444, 0.1767407862493474702 ) ) ;
#8037 = EDGE_CURVE ( 'NONE', #4594, #8087, #239, .T. ) ;
#8038 = CARTESIAN_POINT ( 'NONE',  ( -0.2335456966632236675, 0.3010000000383806773, 0.2048184447495342841 ) ) ;
#8039 = SURFACE_STYLE_USAGE ( .BOTH. , #7126 ) ;
#8040 = ORIENTED_EDGE ( 'NONE', *, *, #2235, .T. ) ;
#8041 = FILL_AREA_STYLE ('',( #445 ) ) ;
#8042 = CARTESIAN_POINT ( 'NONE',  ( 0.1587568035690821167, 0.3000000000000000444, 0.2317699638499286230 ) ) ;
#8043 =( NAMED_UNIT ( * ) SI_UNIT ( $, .STERADIAN. ) SOLID_ANGLE_UNIT ( ) );
#8044 = ORIENTED_EDGE ( 'NONE', *, *, #11528, .F. ) ;
#8045 = UNCERTAINTY_MEASURE_WITH_UNIT (LENGTH_MEASURE( 1.000000000000000082E-05 ), #736, 'distance_accuracy_value', 'NONE');
#8046 = SURFACE_STYLE_USAGE ( .BOTH. , #4278 ) ;
#8047 =( LENGTH_UNIT ( ) NAMED_UNIT ( * ) SI_UNIT ( .MILLI., .METRE. ) );
#8048 = B_SPLINE_CURVE_WITH_KNOTS ( 'NONE', 3,
 ( #11808, #2407, #3562, #6174 ),
 .UNSPECIFIED., .F., .F.,
 ( 4, 4 ),
 ( 3.000000000000000000, 4.000000000000000000 ),
 .UNSPECIFIED. ) ;
#8049 = FILL_AREA_STYLE ('',( #10965 ) ) ;
#8050 = PRESENTATION_STYLE_ASSIGNMENT (( #8112 ) ) ;
#8051 = CARTESIAN_POINT ( 'NONE',  ( -0.07428321710576467340, 0.3010000000383806218, 0.09430637585150224156 ) ) ;
#8052 = CARTESIAN_POINT ( 'NONE',  ( -0.1009030003828083194, 0.3010000000383806773, 0.06516999043137589043 ) ) ;
#8053 = B_SPLINE_CURVE_WITH_KNOTS ( 'NONE', 3,
 ( #976, #6673, #857, #797 ),
 .UNSPECIFIED., .F., .F.,
 ( 4, 4 ),
 ( 3.000000000000000000, 4.000000000000000000 ),
 .UNSPECIFIED. ) ;
#8054 = ORIENTED_EDGE ( 'NONE', *, *, #8470, .F. ) ;
#8055 = DIRECTION ( 'NONE',  ( 0.007092178509963344320, -0.0000000000000000000, -0.9999748501857348426 ) ) ;
#8056 = CARTESIAN_POINT ( 'NONE',  ( -0.1090203425049693781, 0.3000000000000000444, 0.2135000035020551135 ) ) ;
#8057 = ORIENTED_EDGE ( 'NONE', *, *, #2743, .F. ) ;
#8058 = UNCERTAINTY_MEASURE_WITH_UNIT (LENGTH_MEASURE( 1.000000000000000082E-05 ), #9800, 'distance_accuracy_value', 'NONE');
#8059 = FACE_OUTER_BOUND ( 'NONE', #7106, .T. ) ;
#8060 =( GEOMETRIC_REPRESENTATION_CONTEXT ( 3 ) GLOBAL_UNCERTAINTY_ASSIGNED_CONTEXT ( ( #9785 ) ) GLOBAL_UNIT_ASSIGNED_CONTEXT ( ( #8777, #11818, #7114 ) ) REPRESENTATION_CONTEXT ( 'NONE', 'WORKASPACE' ) );
#8061 = SURFACE_STYLE_USAGE ( .BOTH. , #8005 ) ;
#8062 = PRESENTATION_STYLE_ASSIGNMENT (( #396 ) ) ;
#8063 = LINE ( 'NONE', #7952, #1026 ) ;
#8064 = ORIENTED_EDGE ( 'NONE', *, *, #1439, .F. ) ;
#8065 = EDGE_CURVE ( 'NONE', #10005, #1778, #1780, .T. ) ;
#8066 = CARTESIAN_POINT ( 'NONE',  ( -0.2337328483809981150, 0.3010000000383806773, 0.2048171174027608732 ) ) ;
#8067 = B_SPLINE_CURVE_WITH_KNOTS ( 'NONE', 3,
 ( #5976, #338, #7876, #10736 ),
 .UNSPECIFIED., .F., .F.,
 ( 4, 4 ),
 ( 2.000000000000000000, 3.000000000000000000 ),
 .UNSPECIFIED. ) ;
#8068 = STYLED_ITEM ( 'NONE', ( #2314 ), #7417 ) ;
#8069 = DIRECTION ( 'NONE',  ( -0.0000000000000000000, -1.000000000000000000, -0.0000000000000000000 ) ) ;
#8070 = LINE ( 'NONE', #6283, #2762 ) ;
#8071 = CARTESIAN_POINT ( 'NONE',  ( -0.1345518228300270902, 0.3010000000383806773, 0.09908824756497884578 ) ) ;
#8072 = FACE_OUTER_BOUND ( 'NONE', #11547, .T. ) ;
#8073 = EDGE_LOOP ( 'NONE', ( #10887, #3967, #5989, #11072 ) ) ;
#8074 = SURFACE_STYLE_USAGE ( .BOTH. , #8960 ) ;
#8075 = B_SPLINE_SURFACE_WITH_KNOTS ( 'NONE', 3, 1, ( 
 ( #4283, #9048 ),
 ( #9847, #1386 ),
 ( #570, #7869 ),
 ( #5962, #5151 ) ),
 .UNSPECIFIED., .F., .F., .F.,
 ( 4, 4 ),
 ( 2, 2 ),
 ( 6.000000000000000000, 7.000000000000000000 ),
 ( 0.0000000000000000000, 1.000000000000000000 ),
 .UNSPECIFIED. ) ;
#8076 = SURFACE_STYLE_FILL_AREA ( #4492 ) ;
#8077 =( GEOMETRIC_REPRESENTATION_CONTEXT ( 3 ) GLOBAL_UNCERTAINTY_ASSIGNED_CONTEXT ( ( #1904 ) ) GLOBAL_UNIT_ASSIGNED_CONTEXT ( ( #11621, #10627, #6616 ) ) REPRESENTATION_CONTEXT ( 'NONE', 'WORKASPACE' ) );
#8078 = ORIENTED_EDGE ( 'NONE', *, *, #4450, .T. ) ;
#8079 = CARTESIAN_POINT ( 'NONE',  ( 0.1138216214719212915, 0.3000000000000000444, 0.08395686664675178212 ) ) ;
#8080 = DIRECTION ( 'NONE',  ( -0.007092178509964265458, -0.0000000000000000000, 0.9999748501857348426 ) ) ;
#8081 = VERTEX_POINT ( 'NONE', #8325 ) ;
#8082 = PRESENTATION_STYLE_ASSIGNMENT (( #10946 ) ) ;
#8083 = SURFACE_STYLE_USAGE ( .BOTH. , #1729 ) ;
#8084 = CARTESIAN_POINT ( 'NONE',  ( -0.09067934299154382927, 0.3000000000000000444, 0.08386503289269026107 ) ) ;
#8085 = CARTESIAN_POINT ( 'NONE',  ( 0.1146891787164184690, 0.3000000000000000444, 0.08396301967234481856 ) ) ;
#8086 = VECTOR ( 'NONE', #1350, 1000.000000000000000 ) ;
#8087 = VERTEX_POINT ( 'NONE', #12109 ) ;
#8088 = EDGE_CURVE ( 'NONE', #8858, #11398, #11454, .T. ) ;
#8089 = EDGE_CURVE ( 'NONE', #5523, #8015, #11360, .T. ) ;
#8090 = PRESENTATION_STYLE_ASSIGNMENT (( #551 ) ) ;
#8091 = DIRECTION ( 'NONE',  ( 0.3451999324342971964, 0.0000000000000000000, -0.9385291719746150507 ) ) ;
#8092 = ORIENTED_EDGE ( 'NONE', *, *, #240, .F. ) ;
#8093 = EDGE_CURVE ( 'NONE', #2412, #3493, #3759, .T. ) ;
#8094 = CARTESIAN_POINT ( 'NONE',  ( -0.1089770739765454771, 0.3010000000383806218, 0.08644909526872657235 ) ) ;
#8095 = VERTEX_POINT ( 'NONE', #7770 ) ;
#8096 = CARTESIAN_POINT ( 'NONE',  ( 0.1282318878819781460, 0.3010000000383806218, 0.07061105711684040331 ) ) ;
#8097 = DIRECTION ( 'NONE',  ( 0.9999748501857348426, 0.0000000000000000000, 0.007092178509966605600 ) ) ;
#8098 =( GEOMETRIC_REPRESENTATION_CONTEXT ( 3 ) GLOBAL_UNCERTAINTY_ASSIGNED_CONTEXT ( ( #4805 ) ) GLOBAL_UNIT_ASSIGNED_CONTEXT ( ( #2001, #4068, #7041 ) ) REPRESENTATION_CONTEXT ( 'NONE', 'WORKASPACE' ) );
#8099 = MECHANICAL_DESIGN_GEOMETRIC_PRESENTATION_REPRESENTATION (  '', ( #11865 ), #8693 ) ;
#8100 = DIRECTION ( 'NONE',  ( -0.007092178509963344320, 0.0000000000000000000, 0.9999748501857348426 ) ) ;
#8101 = ORIENTED_EDGE ( 'NONE', *, *, #11495, .F. ) ;
#8102 = CARTESIAN_POINT ( 'NONE',  ( -0.1303498635443924858, 0.3000000000000000444, 0.06739423748499547007 ) ) ;
#8103 = CARTESIAN_POINT ( 'NONE',  ( -0.4500000000000000111, -0.2999999999999999334, 0.2499999999999999445 ) ) ;
#8104 =( NAMED_UNIT ( * ) PLANE_ANGLE_UNIT ( ) SI_UNIT ( $, .RADIAN. ) );
#8105 = ORIENTED_EDGE ( 'NONE', *, *, #8003, .F. ) ;
#8106 = VECTOR ( 'NONE', #9145, 1000.000000000000000 ) ;
#8107 = ADVANCED_FACE ( 'NONE', ( #2153 ), #3251, .F. ) ;
#8108 = VECTOR ( 'NONE', #3128, 1000.000000000000000 ) ;
#8109 = ADVANCED_FACE ( 'NONE', ( #3738 ), #11475, .F. ) ;
#8110 = VECTOR ( 'NONE', #8884, 1000.000000000000000 ) ;
#8111 = STYLED_ITEM ( 'NONE', ( #4258 ), #6298 ) ;
#8112 = SURFACE_STYLE_USAGE ( .BOTH. , #2376 ) ;
#8113 = FACE_OUTER_BOUND ( 'NONE', #8831, .T. ) ;
#8114 = LINE ( 'NONE', #8052, #11598 ) ;
#8115 = PRESENTATION_STYLE_ASSIGNMENT (( #3173 ) ) ;
#8116 = MECHANICAL_DESIGN_GEOMETRIC_PRESENTATION_REPRESENTATION (  '', ( #21 ), #2588 ) ;
#8117 = AXIS2_PLACEMENT_3D ( 'NONE', #6606, #10196, #4545 ) ;
#8118 = ORIENTED_EDGE ( 'NONE', *, *, #3089, .T. ) ;
#8119 = COLOUR_RGB ( '',0.7686274509803920907, 0.7686274509803920907, 0.7686274509803920907 ) ;
#8120 = CARTESIAN_POINT ( 'NONE',  ( 0.2174562885453621697, 0.3000000000000000444, 0.02916459669755753700 ) ) ;
#8121 = SURFACE_STYLE_FILL_AREA ( #8002 ) ;
#8122 = CARTESIAN_POINT ( 'NONE',  ( -0.2634012480001319823, 0.3000000000383806209, 0.1129289373639017213 ) ) ;
#8123 = EDGE_LOOP ( 'NONE', ( #6701, #11737, #11647, #3342 ) ) ;
#8124 = ADVANCED_FACE ( 'NONE', ( #1153 ), #9623, .F. ) ;
#8125 = COLOUR_RGB ( '',1.000000000000000000, 1.000000000000000000, 1.000000000000000000 ) ;
#8126 = FILL_AREA_STYLE ('',( #5159 ) ) ;
#8127 = LINE ( 'NONE', #3490, #5141 ) ;
#8128 = VECTOR ( 'NONE', #8251, 1000.000000000000000 ) ;
#8129 = CARTESIAN_POINT ( 'NONE',  ( 0.06109670222509443888, 0.3010000000383806218, 0.1169860697357324036 ) ) ;
#8130 = VECTOR ( 'NONE', #11782, 1000.000000000000000 ) ;
#8131 = VECTOR ( 'NONE', #8178, 1000.000000000000114 ) ;
#8132 = VERTEX_POINT ( 'NONE', #6221 ) ;
#8133 = AXIS2_PLACEMENT_3D ( 'NONE', #6056, #493, #11634 ) ;
#8134 = COLOUR_RGB ( '',1.000000000000000000, 1.000000000000000000, 1.000000000000000000 ) ;
#8135 = CARTESIAN_POINT ( 'NONE',  ( 0.2244614296116107244, 0.3000000000000000444, 0.2036046968035146176 ) ) ;
#8136 =( GEOMETRIC_REPRESENTATION_CONTEXT ( 3 ) GLOBAL_UNCERTAINTY_ASSIGNED_CONTEXT ( ( #1509 ) ) GLOBAL_UNIT_ASSIGNED_CONTEXT ( ( #5123, #2352, #2469 ) ) REPRESENTATION_CONTEXT ( 'NONE', 'WORKASPACE' ) );
#8137 = MECHANICAL_DESIGN_GEOMETRIC_PRESENTATION_REPRESENTATION (  '', ( #9103 ), #11872 ) ;
#8138 = FACE_BOUND ( 'NONE', #8373, .T. ) ;
#8139 =( GEOMETRIC_REPRESENTATION_CONTEXT ( 3 ) GLOBAL_UNCERTAINTY_ASSIGNED_CONTEXT ( ( #1344 ) ) GLOBAL_UNIT_ASSIGNED_CONTEXT ( ( #6273, #4237, #10115 ) ) REPRESENTATION_CONTEXT ( 'NONE', 'WORKASPACE' ) );
#8140 = UNCERTAINTY_MEASURE_WITH_UNIT (LENGTH_MEASURE( 1.000000000000000082E-05 ), #2464, 'distance_accuracy_value', 'NONE');
#8141 = PRESENTATION_STYLE_ASSIGNMENT (( #587 ) ) ;
#8142 = VECTOR ( 'NONE', #3655, 1000.000000000000000 ) ;
#8143 = SURFACE_SIDE_STYLE ('',( #3314 ) ) ;
#8144 = AXIS2_PLACEMENT_3D ( 'NONE', #5843, #4849, #1149 ) ;
#8145 = CARTESIAN_POINT ( 'NONE',  ( -0.1925647644945036041, 0.3010000000383806773, 0.1090954354274051019 ) ) ;
#8146 = VECTOR ( 'NONE', #8515, 1000.000000000000114 ) ;
#8147 = VERTEX_POINT ( 'NONE', #4110 ) ;
#8148 = CARTESIAN_POINT ( 'NONE',  ( -0.1133951619037125158, 0.3010000000383806218, 0.1002364908588226217 ) ) ;
#8149 = CARTESIAN_POINT ( 'NONE',  ( -0.1046489127492169630, 0.3000000000383806209, 0.07874379867667745392 ) ) ;
#8150 = ORIENTED_EDGE ( 'NONE', *, *, #6347, .T. ) ;
#8151 = CARTESIAN_POINT ( 'NONE',  ( 0.2109310183554720664, 0.3010000000383806218, 0.2152215261950932990 ) ) ;
#8152 = ORIENTED_EDGE ( 'NONE', *, *, #2649, .T. ) ;
#8153 = PRESENTATION_LAYER_ASSIGNMENT (  '', '', ( #250 ) ) ;
#8154 = CARTESIAN_POINT ( 'NONE',  ( 0.4499999999999997891, 0.2500000000000000000, 0.2499999999999999445 ) ) ;
#8155 = CARTESIAN_POINT ( 'NONE',  ( -0.06503813254809825972, 0.3000000000000000444, 0.1652124337543380006 ) ) ;
#8156 = VERTEX_POINT ( 'NONE', #4171 ) ;
#8157 = ADVANCED_FACE ( 'NONE', ( #7822 ), #282, .T. ) ;
#8158 = SURFACE_STYLE_USAGE ( .BOTH. , #11134 ) ;
#8159 = ORIENTED_EDGE ( 'NONE', *, *, #5525, .F. ) ;
#8160 = PRESENTATION_LAYER_ASSIGNMENT (  '', '', ( #4991 ) ) ;
#8161 = CARTESIAN_POINT ( 'NONE',  ( -0.06107609154015968683, 0.3010000000383806218, 0.1695452399993392645 ) ) ;
#8162 = CARTESIAN_POINT ( 'NONE',  ( 0.1370675415051706980, 0.3010000000383806218, 0.2316161358628766875 ) ) ;
#8163 = ORIENTED_EDGE ( 'NONE', *, *, #8088, .T. ) ;
#8164 = LINE ( 'NONE', #3340, #4863 ) ;
#8165 = VERTEX_POINT ( 'NONE', #4977 ) ;
#8166 = FILL_AREA_STYLE ('',( #2479 ) ) ;
#8167 = EDGE_CURVE ( 'NONE', #10134, #9987, #6895, .T. ) ;
#8168 = COLOUR_RGB ( '',1.000000000000000000, 1.000000000000000000, 1.000000000000000000 ) ;
#8169 = CARTESIAN_POINT ( 'NONE',  ( 0.1282318878819781460, 0.3000000000000000444, 0.07061105711684040331 ) ) ;
#8170 = DIRECTION ( 'NONE',  ( -0.0000000000000000000, -1.000000000000000000, -0.0000000000000000000 ) ) ;
#8171 = ORIENTED_EDGE ( 'NONE', *, *, #3709, .F. ) ;
#8172 = FACE_OUTER_BOUND ( 'NONE', #6409, .T. ) ;
#8173 = DIRECTION ( 'NONE',  ( -1.000000000000000000, 0.0000000000000000000, 0.0000000000000000000 ) ) ;
#8174 = VERTEX_POINT ( 'NONE', #11795 ) ;
#8175 = UNCERTAINTY_MEASURE_WITH_UNIT (LENGTH_MEASURE( 1.000000000000000082E-05 ), #4465, 'distance_accuracy_value', 'NONE');
#8176 = FILL_AREA_STYLE_COLOUR ( '', #2165 ) ;
#8177 = COLOUR_RGB ( '',1.000000000000000000, 1.000000000000000000, 1.000000000000000000 ) ;
#8178 = DIRECTION ( 'NONE',  ( 0.9919892169122314085, 0.0000000000000000000, -0.1263225772768188093 ) ) ;
#8179 = DIRECTION ( 'NONE',  ( -0.9999748501857348426, 0.0000000000000000000, -0.007092178509963392892 ) ) ;
#8180 = SURFACE_STYLE_USAGE ( .BOTH. , #8359 ) ;
#8181 = CARTESIAN_POINT ( 'NONE',  ( 0.2007324811674408849, 0.3000000000383806209, 0.06288291641348210670 ) ) ;
#8182 = CARTESIAN_POINT ( 'NONE',  ( -0.2681217386275446257, 0.3000000000383806209, 0.09898314714741519860 ) ) ;
#8183 = EDGE_CURVE ( 'NONE', #8627, #1138, #10718, .T. ) ;
#8184 = DIRECTION ( 'NONE',  ( -0.9999748501857348426, 0.0000000000000000000, -0.007092178509963453607 ) ) ;
#8185 = EDGE_LOOP ( 'NONE', ( #3165, #11251, #1188, #8891 ) ) ;
#8186 = SURFACE_SIDE_STYLE ('',( #6268 ) ) ;
#8187 = SURFACE_SIDE_STYLE ('',( #8121 ) ) ;
#8188 = SURFACE_SIDE_STYLE ('',( #4652 ) ) ;
#8189 = VERTEX_POINT ( 'NONE', #1398 ) ;
#8190 = UNCERTAINTY_MEASURE_WITH_UNIT (LENGTH_MEASURE( 1.000000000000000082E-05 ), #5871, 'distance_accuracy_value', 'NONE');
#8191 = FILL_AREA_STYLE ('',( #3611 ) ) ;
#8192 = FACE_OUTER_BOUND ( 'NONE', #6255, .T. ) ;
#8193 = CARTESIAN_POINT ( 'NONE',  ( -0.1697082593558360553, 0.3010000000383806218, 0.1520550541038856174 ) ) ;
#8194 = COLOUR_RGB ( '',1.000000000000000000, 1.000000000000000000, 1.000000000000000000 ) ;
#8195 = FILL_AREA_STYLE_COLOUR ( '', #7746 ) ;
#8196 = EDGE_LOOP ( 'NONE', ( #153, #12241, #1195, #7157 ) ) ;
#8197 = SURFACE_STYLE_USAGE ( .BOTH. , #2561 ) ;
#8198 = EDGE_CURVE ( 'NONE', #5283, #2770, #2275, .T. ) ;
#8199 = EDGE_CURVE ( 'NONE', #6401, #6460, #5099, .T. ) ;
#8200 = SURFACE_SIDE_STYLE ('',( #11927 ) ) ;
#8201 = DIRECTION ( 'NONE',  ( 0.0000000000000000000, -0.0000000000000000000, 1.000000000000000000 ) ) ;
#8202 = DIRECTION ( 'NONE',  ( 0.0000000000000000000, -1.000000000000000000, 0.0000000000000000000 ) ) ;
#8203 = B_SPLINE_SURFACE_WITH_KNOTS ( 'NONE', 3, 1, ( 
 ( #572, #11525 ),
 ( #5825, #15 ),
 ( #4649, #132 ),
 ( #2985, #883 ) ),
 .UNSPECIFIED., .F., .F., .F.,
 ( 4, 4 ),
 ( 2, 2 ),
 ( 6.000000000000000000, 7.000000000000000000 ),
 ( 0.0000000000000000000, 1.000000000000000000 ),
 .UNSPECIFIED. ) ;
#8204 = LINE ( 'NONE', #6342, #11115 ) ;
#8205 = VERTEX_POINT ( 'NONE', #8947 ) ;
#8206 = B_SPLINE_CURVE_WITH_KNOTS ( 'NONE', 3,
 ( #877, #9599, #6810, #1004 ),
 .UNSPECIFIED., .F., .F.,
 ( 4, 4 ),
 ( 2.000000000000000000, 3.000000000000000000 ),
 .UNSPECIFIED. ) ;
#8207 = CARTESIAN_POINT ( 'NONE',  ( -0.2461213477916747161, 0.3010000000383806218, 0.1087155930253119601 ) ) ;
#8208 = EDGE_CURVE ( 'NONE', #11971, #2682, #7623, .T. ) ;
#8209 = ORIENTED_EDGE ( 'NONE', *, *, #1065, .T. ) ;
#8210 = UNCERTAINTY_MEASURE_WITH_UNIT (LENGTH_MEASURE( 1.000000000000000082E-05 ), #7442, 'distance_accuracy_value', 'NONE');
#8211 = CARTESIAN_POINT ( 'NONE',  ( -0.1133951619037125158, 0.3000000000000000444, 0.1002364908588226217 ) ) ;
#8212 = DIRECTION ( 'NONE',  ( -0.0000000000000000000, -0.0000000000000000000, 1.000000000000000000 ) ) ;
#8213 = ORIENTED_EDGE ( 'NONE', *, *, #11613, .T. ) ;
#8214 = PLANE ( 'NONE',  #11344 ) ;
#8215 = CARTESIAN_POINT ( 'NONE',  ( 0.2366535614540241916, 0.3000000000000000444, 0.1971840618333898787 ) ) ;
#8216 = DIRECTION ( 'NONE',  ( 0.007092178509964560361, 0.0000000000000000000, -0.9999748501857348426 ) ) ;
#8217 =( NAMED_UNIT ( * ) PLANE_ANGLE_UNIT ( ) SI_UNIT ( $, .RADIAN. ) );
#8218 = ORIENTED_EDGE ( 'NONE', *, *, #7235, .F. ) ;
#8219 =( NAMED_UNIT ( * ) SI_UNIT ( $, .STERADIAN. ) SOLID_ANGLE_UNIT ( ) );
#8220 = MECHANICAL_DESIGN_GEOMETRIC_PRESENTATION_REPRESENTATION (  '', ( #10816 ), #715 ) ;
#8221 = CARTESIAN_POINT ( 'NONE',  ( -0.2755831418640630193, 0.3010000000383806218, 0.1020495804130914785 ) ) ;
#8222 = ORIENTED_EDGE ( 'NONE', *, *, #1307, .T. ) ;
#8223 = VERTEX_POINT ( 'NONE', #1944 ) ;
#8224 = ORIENTED_EDGE ( 'NONE', *, *, #3127, .F. ) ;
#8225 = ADVANCED_FACE ( 'NONE', ( #11386 ), #3843, .F. ) ;
#8226 = SURFACE_STYLE_FILL_AREA ( #557 ) ;
#8227 =( NAMED_UNIT ( * ) PLANE_ANGLE_UNIT ( ) SI_UNIT ( $, .RADIAN. ) );
#8228 = AXIS2_PLACEMENT_3D ( 'NONE', #2169, #2055, #2110 ) ;
#8229 =( LENGTH_UNIT ( ) NAMED_UNIT ( * ) SI_UNIT ( .MILLI., .METRE. ) );
#8230 = DIRECTION ( 'NONE',  ( 0.9999748501857348426, -0.0000000000000000000, 0.007092178509964641893 ) ) ;
#8231 = ORIENTED_EDGE ( 'NONE', *, *, #7579, .F. ) ;
#8232 = CARTESIAN_POINT ( 'NONE',  ( -0.3082354757770475184, 0.3000000000383806209, 0.1032217068980687963 ) ) ;
#8233 = DIRECTION ( 'NONE',  ( -0.9999748501857348426, 0.0000000000000000000, -0.007092178509963051151 ) ) ;
#8234 = PRESENTATION_STYLE_ASSIGNMENT (( #12139 ) ) ;
#8235 = ORIENTED_EDGE ( 'NONE', *, *, #2522, .F. ) ;
#8236 = FILL_AREA_STYLE ('',( #2789 ) ) ;
#8237 =( GEOMETRIC_REPRESENTATION_CONTEXT ( 3 ) GLOBAL_UNCERTAINTY_ASSIGNED_CONTEXT ( ( #5660 ) ) GLOBAL_UNIT_ASSIGNED_CONTEXT ( ( #9948, #1355, #10693 ) ) REPRESENTATION_CONTEXT ( 'NONE', 'WORKASPACE' ) );
#8238 = CARTESIAN_POINT ( 'NONE',  ( -0.1847385718664072418, 0.3000000000000000444, 0.1161694840286280062 ) ) ;
#8239 = DIRECTION ( 'NONE',  ( -0.9999748501857348426, -0.0000000000000000000, -0.007092178509963679121 ) ) ;
#8240 = DIRECTION ( 'NONE',  ( 1.000000000000000000, 0.0000000000000000000, 0.0000000000000000000 ) ) ;
#8241 = DIRECTION ( 'NONE',  ( -0.9394297562992267592, 0.0000000000000000000, 0.3427414958530343170 ) ) ;
#8242 = DIRECTION ( 'NONE',  ( 0.0000000000000000000, 0.0000000000000000000, -1.000000000000000000 ) ) ;
#8243 = ORIENTED_EDGE ( 'NONE', *, *, #1695, .T. ) ;
#8244 =( GEOMETRIC_REPRESENTATION_CONTEXT ( 3 ) GLOBAL_UNCERTAINTY_ASSIGNED_CONTEXT ( ( #93 ) ) GLOBAL_UNIT_ASSIGNED_CONTEXT ( ( #1067, #9656, #8730 ) ) REPRESENTATION_CONTEXT ( 'NONE', 'WORKASPACE' ) );
#8245 = FILL_AREA_STYLE ('',( #9119 ) ) ;
#8246 =( LENGTH_UNIT ( ) NAMED_UNIT ( * ) SI_UNIT ( .MILLI., .METRE. ) );
#8247 = VERTEX_POINT ( 'NONE', #4362 ) ;
#8248 = FILL_AREA_STYLE ('',( #12215 ) ) ;
#8249 = EDGE_CURVE ( 'NONE', #8709, #6364, #8127, .T. ) ;
#8250 = EDGE_CURVE ( 'NONE', #9146, #5681, #3431, .T. ) ;
#8251 = DIRECTION ( 'NONE',  ( -0.9999748501857348426, -0.0000000000000000000, -0.007092178509962986967 ) ) ;
#8252 = SURFACE_STYLE_USAGE ( .BOTH. , #9368 ) ;
#8253 = ORIENTED_EDGE ( 'NONE', *, *, #6387, .T. ) ;
#8254 = SURFACE_SIDE_STYLE ('',( #1664 ) ) ;
#8255 =( GEOMETRIC_REPRESENTATION_CONTEXT ( 3 ) GLOBAL_UNCERTAINTY_ASSIGNED_CONTEXT ( ( #6640 ) ) GLOBAL_UNIT_ASSIGNED_CONTEXT ( ( #11568, #7789, #428 ) ) REPRESENTATION_CONTEXT ( 'NONE', 'WORKASPACE' ) );
#8256 = DIRECTION ( 'NONE',  ( -0.9999748501857348426, -0.0000000000000000000, -0.007092178509964197804 ) ) ;
#8257 = PRESENTATION_STYLE_ASSIGNMENT (( #1475 ) ) ;
#8258 = ORIENTED_EDGE ( 'NONE', *, *, #9664, .T. ) ;
#8259 = ADVANCED_FACE ( 'NONE', ( #1584 ), #4644, .F. ) ;
#8260 = CARTESIAN_POINT ( 'NONE',  ( -0.06927822973042647992, 0.3000000000000000444, 0.05494445472113325402 ) ) ;
#8261 = EDGE_CURVE ( 'NONE', #6195, #11380, #3712, .T. ) ;
#8262 = DIRECTION ( 'NONE',  ( 0.0000000000000000000, -1.000000000000000000, 0.0000000000000000000 ) ) ;
#8263 = ORIENTED_EDGE ( 'NONE', *, *, #9109, .F. ) ;
#8264 =( NAMED_UNIT ( * ) PLANE_ANGLE_UNIT ( ) SI_UNIT ( $, .RADIAN. ) );
#8265 = ORIENTED_EDGE ( 'NONE', *, *, #8923, .T. ) ;
#8266 = AXIS2_PLACEMENT_3D ( 'NONE', #12212, #4525, #2174 ) ;
#8267 = CARTESIAN_POINT ( 'NONE',  ( -0.1060716889868553725, 0.3010000000383806218, 0.09682595060005891319 ) ) ;
#8268 = FILL_AREA_STYLE_COLOUR ( '', #169 ) ;
#8269 = CARTESIAN_POINT ( 'NONE',  ( -0.05988339222454173300, 0.3000000000000000444, 0.2058941521792218843 ) ) ;
#8270 = ORIENTED_EDGE ( 'NONE', *, *, #1250, .T. ) ;
#8271 = EDGE_CURVE ( 'NONE', #8607, #3446, #11270, .T. ) ;
#8272 = ORIENTED_EDGE ( 'NONE', *, *, #3350, .T. ) ;
#8273 = MECHANICAL_DESIGN_GEOMETRIC_PRESENTATION_REPRESENTATION (  '', ( #6889 ), #9062 ) ;
#8274 = CARTESIAN_POINT ( 'NONE',  ( 0.1157474825709722543, 0.3000000000000000444, 0.05707450097645832415 ) ) ;
#8275 = ORIENTED_EDGE ( 'NONE', *, *, #9363, .F. ) ;
#8276 = DIRECTION ( 'NONE',  ( -0.0000000000000000000, -1.000000000000000000, -0.0000000000000000000 ) ) ;
#8277 = ORIENTED_EDGE ( 'NONE', *, *, #495, .F. ) ;
#8278 = B_SPLINE_SURFACE_WITH_KNOTS ( 'NONE', 3, 1, ( 
 ( #10257, #50 ),
 ( #9521, #5178 ),
 ( #4012, #4250 ),
 ( #9812, #10747 ) ),
 .UNSPECIFIED., .F., .F., .F.,
 ( 4, 4 ),
 ( 2, 2 ),
 ( 2.000000000000000000, 3.000000000000000000 ),
 ( 0.0000000000000000000, 1.000000000000000000 ),
 .UNSPECIFIED. ) ;
#8279 = CARTESIAN_POINT ( 'NONE',  ( -0.05922756360300536482, 0.3000000000000000444, 0.05844702505212615723 ) ) ;
#8280 =( NAMED_UNIT ( * ) SI_UNIT ( $, .STERADIAN. ) SOLID_ANGLE_UNIT ( ) );
#8281 = PRESENTATION_STYLE_ASSIGNMENT (( #8039 ) ) ;
#8282 = VERTEX_POINT ( 'NONE', #6632 ) ;
#8283 = CARTESIAN_POINT ( 'NONE',  ( -0.1011086274763220716, 0.3010000000383806218, 0.08756548084747654837 ) ) ;
#8284 = MECHANICAL_DESIGN_GEOMETRIC_PRESENTATION_REPRESENTATION (  '', ( #4350 ), #4733 ) ;
#8285 = PRESENTATION_STYLE_ASSIGNMENT (( #748 ) ) ;
#8286 = CARTESIAN_POINT ( 'NONE',  ( 0.04005042482224686895, 0.3000000000383806209, 0.08733792516392605010 ) ) ;
#8287 = ORIENTED_EDGE ( 'NONE', *, *, #5234, .F. ) ;
#8289 = EDGE_CURVE ( 'NONE', #6426, #7663, #7796, .T. ) ;
#8288 =( NAMED_UNIT ( * ) SI_UNIT ( $, .STERADIAN. ) SOLID_ANGLE_UNIT ( ) );
#8290 = FILL_AREA_STYLE ('',( #1941 ) ) ;
#8291 = CARTESIAN_POINT ( 'NONE',  ( 0.4499999999999997891, 0.2500000000000000000, 0.2499999999999999445 ) ) ;
#8292 = CARTESIAN_POINT ( 'NONE',  ( -0.2464830428257746009, 0.3000000000000000444, 0.1157315702051295442 ) ) ;
#8293 = CARTESIAN_POINT ( 'NONE',  ( 0.2835608266892032936, 0.3000000000000000444, 0.1281076399072667571 ) ) ;
#8294 = CARTESIAN_POINT ( 'NONE',  ( -0.1284256998160288876, 0.3010000000383806218, 0.09077183231944248309 ) ) ;
#8295 = ORIENTED_EDGE ( 'NONE', *, *, #10204, .T. ) ;
#8296 = SURFACE_STYLE_USAGE ( .BOTH. , #8186 ) ;
#8297 = VECTOR ( 'NONE', #4427, 1000.000000000000000 ) ;
#8298 = SURFACE_SIDE_STYLE ('',( #5932 ) ) ;
#8299 =( NAMED_UNIT ( * ) PLANE_ANGLE_UNIT ( ) SI_UNIT ( $, .RADIAN. ) );
#8300 = EDGE_LOOP ( 'NONE', ( #4534, #11158, #7892, #3239 ) ) ;
#8301 = VECTOR ( 'NONE', #9449, 1000.000000000000000 ) ;
#8302 = UNCERTAINTY_MEASURE_WITH_UNIT (LENGTH_MEASURE( 1.000000000000000082E-05 ), #993, 'distance_accuracy_value', 'NONE');
#8304 = ADVANCED_FACE ( 'NONE', ( #5875 ), #1369, .F. ) ;
#8303 = SURFACE_STYLE_USAGE ( .BOTH. , #3485 ) ;
#8305 = B_SPLINE_CURVE_WITH_KNOTS ( 'NONE', 3,
 ( #5476, #9254, #8313, #7398 ),
 .UNSPECIFIED., .F., .F.,
 ( 4, 4 ),
 ( 16.00000000000000000, 17.00000000000000000 ),
 .UNSPECIFIED. ) ;
#8306 = VECTOR ( 'NONE', #11648, 1000.000000000000000 ) ;
#8307 = CARTESIAN_POINT ( 'NONE',  ( -0.07744101015633554630, 0.3000000000383806209, 0.06234181312721942536 ) ) ;
#8308 = VERTEX_POINT ( 'NONE', #10452 ) ;
#8309 = EDGE_CURVE ( 'NONE', #8320, #4036, #2002, .T. ) ;
#8310 = ADVANCED_FACE ( 'NONE', ( #1064 ), #11514, .F. ) ;
#8311 = CARTESIAN_POINT ( 'NONE',  ( -0.06376158359162573119, 0.3000000000383806209, 0.1545533029709388884 ) ) ;
#8312 = CARTESIAN_POINT ( 'NONE',  ( -0.1165129286434225669, 0.3010000000383806773, 0.1593884897798748812 ) ) ;
#8313 = CARTESIAN_POINT ( 'NONE',  ( -0.1295294717710495647, 0.3010000000383806218, 0.07267176121460015847 ) ) ;
#8314 = VECTOR ( 'NONE', #4694, 1000.000000000000114 ) ;
#8315 = FILL_AREA_STYLE_COLOUR ( '', #3804 ) ;
#8316 = VECTOR ( 'NONE', #10316, 1000.000000000000114 ) ;
#8317 = EDGE_CURVE ( 'NONE', #610, #6148, #8945, .T. ) ;
#8318 =( GEOMETRIC_REPRESENTATION_CONTEXT ( 3 ) GLOBAL_UNCERTAINTY_ASSIGNED_CONTEXT ( ( #5042 ) ) GLOBAL_UNIT_ASSIGNED_CONTEXT ( ( #8490, #9306, #7507 ) ) REPRESENTATION_CONTEXT ( 'NONE', 'WORKASPACE' ) );
#8319 =( NAMED_UNIT ( * ) PLANE_ANGLE_UNIT ( ) SI_UNIT ( $, .RADIAN. ) );
#8320 = VERTEX_POINT ( 'NONE', #6927 ) ;
#8321 = VECTOR ( 'NONE', #4654, 1000.000000000000000 ) ;
#8322 = PRESENTATION_LAYER_ASSIGNMENT (  '', '', ( #6591 ) ) ;
#8323 = B_SPLINE_CURVE_WITH_KNOTS ( 'NONE', 3,
 ( #5619, #4619, #11307, #10321 ),
 .UNSPECIFIED., .F., .F.,
 ( 4, 4 ),
 ( 0.0000000000000000000, 1.000000000000000000 ),
 .UNSPECIFIED. ) ;
#8324 = PRESENTATION_LAYER_ASSIGNMENT (  '', '', ( #6345 ) ) ;
#8325 = CARTESIAN_POINT ( 'NONE',  ( -0.1085876274563395416, 0.3000000000000000444, 0.1524885434381348936 ) ) ;
#8326 = FILL_AREA_STYLE_COLOUR ( '', #5340 ) ;
#8327 = VERTEX_POINT ( 'NONE', #10708 ) ;
#8328 =( GEOMETRIC_REPRESENTATION_CONTEXT ( 3 ) GLOBAL_UNCERTAINTY_ASSIGNED_CONTEXT ( ( #5814 ) ) GLOBAL_UNIT_ASSIGNED_CONTEXT ( ( #9207, #2765, #8452 ) ) REPRESENTATION_CONTEXT ( 'NONE', 'WORKASPACE' ) );
#8329 = CARTESIAN_POINT ( 'NONE',  ( -0.1225117240992817658, 0.3000000000000000444, 0.06838563402743316755 ) ) ;
#8330 = VERTEX_POINT ( 'NONE', #7908 ) ;
#8331 = CARTESIAN_POINT ( 'NONE',  ( -0.08238606380397087148, 0.3010000000383806218, 0.2076061665215889196 ) ) ;
#8332 = PRESENTATION_LAYER_ASSIGNMENT (  '', '', ( #7355 ) ) ;
#8333 = EDGE_CURVE ( 'NONE', #9699, #7360, #10765, .T. ) ;
#8334 = VECTOR ( 'NONE', #2788, 1000.000000000000000 ) ;
#8335 = VECTOR ( 'NONE', #11189, 1000.000000000000114 ) ;
#8336 = VECTOR ( 'NONE', #9406, 1000.000000000000000 ) ;
#8337 = CARTESIAN_POINT ( 'NONE',  ( -0.1384772654616892862, 0.3010000000383806773, 0.1797580483409171037 ) ) ;
#8338 = EDGE_LOOP ( 'NONE', ( #11363, #8434, #2575, #1742 ) ) ;
#8339 = SURFACE_STYLE_USAGE ( .BOTH. , #11249 ) ;
#8340 = ORIENTED_EDGE ( 'NONE', *, *, #11301, .F. ) ;
#8341 = CARTESIAN_POINT ( 'NONE',  ( 0.2168378917518772042, 0.3010000000383806218, 0.1163554317908793573 ) ) ;
#8342 = COLOUR_RGB ( '',1.000000000000000000, 1.000000000000000000, 1.000000000000000000 ) ;
#8343 = STYLED_ITEM ( 'NONE', ( #12076 ), #12133 ) ;
#8344 = FILL_AREA_STYLE_COLOUR ( '', #3970 ) ;
#8345 = ORIENTED_EDGE ( 'NONE', *, *, #4315, .T. ) ;
#8346 = EDGE_LOOP ( 'NONE', ( #3267, #10179, #11341, #7233 ) ) ;
#8347 = CARTESIAN_POINT ( 'NONE',  ( -0.4499999999999981792, 0.2499999999999998335, 0.0000000000000000000 ) ) ;
#8348 = DIRECTION ( 'NONE',  ( -0.0000000000000000000, 1.000000000000000000, 0.0000000000000000000 ) ) ;
#8349 = ORIENTED_EDGE ( 'NONE', *, *, #11532, .T. ) ;
#8350 = LINE ( 'NONE', #7427, #2601 ) ;
#8351 =( NAMED_UNIT ( * ) PLANE_ANGLE_UNIT ( ) SI_UNIT ( $, .RADIAN. ) );
#8352 = PRESENTATION_LAYER_ASSIGNMENT (  '', '', ( #9147 ) ) ;
#8353 = PRESENTATION_LAYER_ASSIGNMENT (  '', '', ( #10726 ) ) ;
#8354 = CARTESIAN_POINT ( 'NONE',  ( 0.1146891787164184690, 0.3010000000383806218, 0.08396301967234481856 ) ) ;
#8355 = ORIENTED_EDGE ( 'NONE', *, *, #1071, .T. ) ;
#8356 = LINE ( 'NONE', #6259, #8142 ) ;
#8357 = LINE ( 'NONE', #4518, #8918 ) ;
#8358 = ADVANCED_FACE ( 'NONE', ( #3281 ), #7981, .F. ) ;
#8359 = SURFACE_SIDE_STYLE ('',( #11020 ) ) ;
#8360 = MECHANICAL_DESIGN_GEOMETRIC_PRESENTATION_REPRESENTATION (  '', ( #4991 ), #4604 ) ;
#8361 = DIRECTION ( 'NONE',  ( -0.0000000000000000000, -1.000000000000000000, -0.0000000000000000000 ) ) ;
#8362 =( LENGTH_UNIT ( ) NAMED_UNIT ( * ) SI_UNIT ( .MILLI., .METRE. ) );
#8363 = DIRECTION ( 'NONE',  ( 0.007092178509965358334, 0.0000000000000000000, -0.9999748501857348426 ) ) ;
#8364 = ORIENTED_EDGE ( 'NONE', *, *, #1146, .T. ) ;
#8365 = DIRECTION ( 'NONE',  ( 0.9999748501857348426, -0.0000000000000000000, 0.007092178509965582113 ) ) ;
#8366 = CARTESIAN_POINT ( 'NONE',  ( -0.2028220619280017845, 0.3000000000000000444, 0.1831073017652502244 ) ) ;
#8367 = LINE ( 'NONE', #7445, #7516 ) ;
#8368 = EDGE_LOOP ( 'NONE', ( #6602, #7887, #2341, #3668 ) ) ;
#8369 =( LENGTH_UNIT ( ) NAMED_UNIT ( * ) SI_UNIT ( .MILLI., .METRE. ) );
#8370 = CARTESIAN_POINT ( 'NONE',  ( -0.2785402912896446925, 0.3000000000000000444, 0.08577678229140707489 ) ) ;
#8371 = CARTESIAN_POINT ( 'NONE',  ( 0.2301529359484426329, 0.3010000000383806218, 0.1962703437822883312 ) ) ;
#8372 = LINE ( 'NONE', #5417, #10500 ) ;
#8373 = EDGE_LOOP ( 'NONE', ( #3380, #9522, #6585, #2299, #189, #5827 ) ) ;
#8374 =( NAMED_UNIT ( * ) SI_UNIT ( $, .STERADIAN. ) SOLID_ANGLE_UNIT ( ) );
#8375 =( GEOMETRIC_REPRESENTATION_CONTEXT ( 3 ) GLOBAL_UNCERTAINTY_ASSIGNED_CONTEXT ( ( #6962 ) ) GLOBAL_UNIT_ASSIGNED_CONTEXT ( ( #11127, #1543, #6353 ) ) REPRESENTATION_CONTEXT ( 'NONE', 'WORKASPACE' ) );
#8376 = CARTESIAN_POINT ( 'NONE',  ( -0.06402194598609313447, 0.3000000000383806209, 0.07251249352575057927 ) ) ;
#8377 = LINE ( 'NONE', #10304, #9049 ) ;
#8378 = CARTESIAN_POINT ( 'NONE',  ( -0.05396123398767669471, 0.3000000000383806209, 0.1999469980149642667 ) ) ;
#8379 = CARTESIAN_POINT ( 'NONE',  ( 0.09816225471974694694, 0.3010000000383806218, 0.1510858993367255598 ) ) ;
#8380 = SURFACE_STYLE_FILL_AREA ( #5719 ) ;
#8381 = ORIENTED_EDGE ( 'NONE', *, *, #4616, .T. ) ;
#8382 = PRESENTATION_LAYER_ASSIGNMENT (  '', '', ( #1488 ) ) ;
#8383 = CARTESIAN_POINT ( 'NONE',  ( -0.1430984179515005783, 0.3010000000383806773, 0.09902763206225634329 ) ) ;
#8384 = EDGE_CURVE ( 'NONE', #8643, #6620, #4454, .T. ) ;
#8385 = CARTESIAN_POINT ( 'NONE',  ( -0.1525022293203805168, 0.3000000000000000444, 0.03950608394243423915 ) ) ;
#8386 = CARTESIAN_POINT ( 'NONE',  ( -0.2340615802739389739, 0.3000000000383806209, 0.2027872069886215434 ) ) ;
#8387 = ORIENTED_EDGE ( 'NONE', *, *, #8923, .F. ) ;
#8388 = CARTESIAN_POINT ( 'NONE',  ( -0.1218664269627946772, 0.3010000000383806218, 0.06976272567273819614 ) ) ;
#8389 = CARTESIAN_POINT ( 'NONE',  ( -0.1128950941012343556, 0.3000000000383806209, 0.09350223676574787035 ) ) ;
#8390 = PRESENTATION_STYLE_ASSIGNMENT (( #7655 ) ) ;
#8391 = FILL_AREA_STYLE ('',( #732 ) ) ;
#8392 = EDGE_LOOP ( 'NONE', ( #10243, #111, #1169, #8698 ) ) ;
#8393 = FACE_OUTER_BOUND ( 'NONE', #3913, .T. ) ;
#8394 = FACE_OUTER_BOUND ( 'NONE', #6923, .T. ) ;
#8395 = VERTEX_POINT ( 'NONE', #6117 ) ;
#8396 =( NAMED_UNIT ( * ) SI_UNIT ( $, .STERADIAN. ) SOLID_ANGLE_UNIT ( ) );
#8397 = ADVANCED_FACE ( 'NONE', ( #10826 ), #2302, .T. ) ;
#8398 = ADVANCED_FACE ( 'NONE', ( #497 ), #11769, .T. ) ;
#8399 = CARTESIAN_POINT ( 'NONE',  ( 0.1226849798473183956, 0.3000000000383806209, 0.05755750462487636832 ) ) ;
#8400 = ORIENTED_EDGE ( 'NONE', *, *, #11045, .T. ) ;
#8401 = EDGE_CURVE ( 'NONE', #5481, #7629, #11908, .T. ) ;
#8402 = ORIENTED_EDGE ( 'NONE', *, *, #3947, .F. ) ;
#8403 = LINE ( 'NONE', #6368, #8845 ) ;
#8404 = DIRECTION ( 'NONE',  ( -0.007092178509963777133, 0.0000000000000000000, 0.9999748501857348426 ) ) ;
#8405 = SURFACE_SIDE_STYLE ('',( #3697 ) ) ;
#8406 = ORIENTED_EDGE ( 'NONE', *, *, #9615, .F. ) ;
#8407 = PRESENTATION_STYLE_ASSIGNMENT (( #4638 ) ) ;
#8408 = CARTESIAN_POINT ( 'NONE',  ( -0.08066651669031489613, 0.3010000000383806218, 0.1586757261441945344 ) ) ;
#8409 = B_SPLINE_SURFACE_WITH_KNOTS ( 'NONE', 3, 1, ( 
 ( #85, #4099 ),
 ( #6772, #10538 ),
 ( #5889, #3107 ),
 ( #1135, #196 ) ),
 .UNSPECIFIED., .F., .F., .F.,
 ( 4, 4 ),
 ( 2, 2 ),
 ( 12.00000000000000000, 13.00000000000000000 ),
 ( 0.0000000000000000000, 1.000000000000000000 ),
 .UNSPECIFIED. ) ;
#8410 = EDGE_LOOP ( 'NONE', ( #4813, #1883, #10023, #10630 ) ) ;
#8411 = UNCERTAINTY_MEASURE_WITH_UNIT (LENGTH_MEASURE( 1.000000000000000082E-05 ), #1226, 'distance_accuracy_value', 'NONE');
#8412 = DIRECTION ( 'NONE',  ( 0.007092178509959796810, 0.0000000000000000000, -0.9999748501857349536 ) ) ;
#8413 = SURFACE_STYLE_FILL_AREA ( #8290 ) ;
#8414 = EDGE_CURVE ( 'NONE', #5431, #7008, #11319, .T. ) ;
#8415 = DIRECTION ( 'NONE',  ( -0.0000000000000000000, -1.000000000000000000, -0.0000000000000000000 ) ) ;
#8416 = DIRECTION ( 'NONE',  ( 0.8873869422626032843, 0.0000000000000000000, -0.4610253948556706227 ) ) ;
#8417 = MECHANICAL_DESIGN_GEOMETRIC_PRESENTATION_REPRESENTATION (  '', ( #5263 ), #725 ) ;
#8418 = EDGE_CURVE ( 'NONE', #1207, #11106, #10380, .T. ) ;
#8419 = DIRECTION ( 'NONE',  ( 0.0000000000000000000, -0.0000000000000000000, 1.000000000000000000 ) ) ;
#8420 = ADVANCED_FACE ( 'NONE', ( #1738 ), #11138, .T. ) ;
#8421 = DIRECTION ( 'NONE',  ( -0.0000000000000000000, -0.0000000000000000000, 1.000000000000000000 ) ) ;
#8422 = FILL_AREA_STYLE ('',( #5700 ) ) ;
#8423 = PRESENTATION_STYLE_ASSIGNMENT (( #5588 ) ) ;
#8424 = CARTESIAN_POINT ( 'NONE',  ( -0.02326434861474183796, 0.3010000000383806773, 0.06325634321975937002 ) ) ;
#8425 = PLANE ( 'NONE',  #6191 ) ;
#8426 = ORIENTED_EDGE ( 'NONE', *, *, #7057, .F. ) ;
#8427 = CARTESIAN_POINT ( 'NONE',  ( -0.1937739655706610942, 0.3000000000000000444, 0.2048197783621315826 ) ) ;
#8428 = CARTESIAN_POINT ( 'NONE',  ( 0.2000000000000054512, 0.2499999999999998335, 0.0000000000000000000 ) ) ;
#8429 = VERTEX_POINT ( 'NONE', #2652 ) ;
#8430 = UNCERTAINTY_MEASURE_WITH_UNIT (LENGTH_MEASURE( 1.000000000000000082E-05 ), #4241, 'distance_accuracy_value', 'NONE');
#8431 = PRESENTATION_STYLE_ASSIGNMENT (( #1905 ) ) ;
#8432 = FILL_AREA_STYLE_COLOUR ( '', #3583 ) ;
#8433 = FILL_AREA_STYLE_COLOUR ( '', #8521 ) ;
#8434 = ORIENTED_EDGE ( 'NONE', *, *, #836, .F. ) ;
#8435 = CARTESIAN_POINT ( 'NONE',  ( -0.1133951619037125158, 0.3010000000383806218, 0.1002364908588226217 ) ) ;
#8436 = VECTOR ( 'NONE', #2182, 1000.000000000000114 ) ;
#8437 = SURFACE_STYLE_USAGE ( .BOTH. , #8254 ) ;
#8438 = LINE ( 'NONE', #9953, #955 ) ;
#8439 = CARTESIAN_POINT ( 'NONE',  ( 0.1226849798473183956, 0.3010000000383806218, 0.05755750462487636832 ) ) ;
#8440 = SURFACE_SIDE_STYLE ('',( #12106 ) ) ;
#8441 = MECHANICAL_DESIGN_GEOMETRIC_PRESENTATION_REPRESENTATION (  '', ( #1343 ), #2336 ) ;
#8442 = CARTESIAN_POINT ( 'NONE',  ( -0.2454264887174818222, 0.3010000000383806218, 0.05472453463045744149 ) ) ;
#8443 = ORIENTED_EDGE ( 'NONE', *, *, #4326, .F. ) ;
#8444 = EDGE_CURVE ( 'NONE', #1459, #735, #6418, .T. ) ;
#8445 = SURFACE_SIDE_STYLE ('',( #101 ) ) ;
#8446 = DIRECTION ( 'NONE',  ( -0.0000000000000000000, -0.0000000000000000000, 1.000000000000000000 ) ) ;
#8447 = VERTEX_POINT ( 'NONE', #9272 ) ;
#8448 = SURFACE_SIDE_STYLE ('',( #729 ) ) ;
#8449 = CARTESIAN_POINT ( 'NONE',  ( -0.2028220619280017845, 0.3010000000383806218, 0.1831073017652502244 ) ) ;
#8450 = VECTOR ( 'NONE', #9569, 1000.000000000000000 ) ;
#8451 = B_SPLINE_CURVE_WITH_KNOTS ( 'NONE', 3,
 ( #8085, #11700, #9768, #9884 ),
 .UNSPECIFIED., .F., .F.,
 ( 4, 4 ),
 ( 27.00000000000000000, 28.00000000000000000 ),
 .UNSPECIFIED. ) ;
#8452 =( NAMED_UNIT ( * ) SI_UNIT ( $, .STERADIAN. ) SOLID_ANGLE_UNIT ( ) );
#8453 = CARTESIAN_POINT ( 'NONE',  ( 0.3110185257777702827, 0.3010000000383806218, 0.1100824632738998665 ) ) ;
#8454 = EDGE_LOOP ( 'NONE', ( #859, #9731, #10072, #6308, #646, #1989, #8387, #2960 ) ) ;
#8455 = LINE ( 'NONE', #12239, #6930 ) ;
#8456 = PLANE ( 'NONE',  #2035 ) ;
#8457 = ORIENTED_EDGE ( 'NONE', *, *, #6828, .T. ) ;
#8458 = SURFACE_SIDE_STYLE ('',( #9157 ) ) ;
#8459 = STYLED_ITEM ( 'NONE', ( #11169 ), #3181 ) ;
#8460 = PRESENTATION_LAYER_ASSIGNMENT (  '', '', ( #1159 ) ) ;
#8461 = DIRECTION ( 'NONE',  ( 0.9999748501857348426, 0.0000000000000000000, 0.007092178509963203807 ) ) ;
#8462 = EDGE_LOOP ( 'NONE', ( #9161, #6351, #4919, #3075 ) ) ;
#8463 =( NAMED_UNIT ( * ) SI_UNIT ( $, .STERADIAN. ) SOLID_ANGLE_UNIT ( ) );
#8464 = VERTEX_POINT ( 'NONE', #2844 ) ;
#8465 =( NAMED_UNIT ( * ) PLANE_ANGLE_UNIT ( ) SI_UNIT ( $, .RADIAN. ) );
#8466 =( NAMED_UNIT ( * ) SI_UNIT ( $, .STERADIAN. ) SOLID_ANGLE_UNIT ( ) );
#8467 = SURFACE_STYLE_USAGE ( .BOTH. , #11376 ) ;
#8468 = CARTESIAN_POINT ( 'NONE',  ( -0.01645822198339212672, 0.3000000000383806764, 0.2141564870944953070 ) ) ;
#8469 = ADVANCED_FACE ( 'NONE', ( #802 ), #11193, .F. ) ;
#8470 = EDGE_CURVE ( 'NONE', #11440, #1625, #10404, .T. ) ;
#8471 = DIRECTION ( 'NONE',  ( -0.007092178509970722966, -0.0000000000000000000, 0.9999748501857347316 ) ) ;
#8472 = SURFACE_SIDE_STYLE ('',( #6806 ) ) ;
#8473 = ORIENTED_EDGE ( 'NONE', *, *, #10302, .T. ) ;
#8474 = EDGE_CURVE ( 'NONE', #4445, #7801, #4923, .T. ) ;
#8475 = PRESENTATION_STYLE_ASSIGNMENT (( #12077 ) ) ;
#8476 = SURFACE_STYLE_FILL_AREA ( #4643 ) ;
#8477 = FILL_AREA_STYLE ('',( #6380 ) ) ;
#8478 = CARTESIAN_POINT ( 'NONE',  ( -0.1027955380638549271, 0.3000000000383806209, 0.09450967208171308365 ) ) ;
#8479 = MECHANICAL_DESIGN_GEOMETRIC_PRESENTATION_REPRESENTATION (  '', ( #5323 ), #6110 ) ;
#8480 = DIRECTION ( 'NONE',  ( -0.007092178509965236036, -0.0000000000000000000, 0.9999748501857348426 ) ) ;
#8481 = ORIENTED_EDGE ( 'NONE', *, *, #618, .T. ) ;
#8482 = EDGE_CURVE ( 'NONE', #10961, #9813, #4508, .T. ) ;
#8483 = FACE_OUTER_BOUND ( 'NONE', #8834, .T. ) ;
#8484 = UNCERTAINTY_MEASURE_WITH_UNIT (LENGTH_MEASURE( 1.000000000000000082E-05 ), #10215, 'distance_accuracy_value', 'NONE');
#8485 = LINE ( 'NONE', #1362, #10087 ) ;
#8486 = ORIENTED_EDGE ( 'NONE', *, *, #4768, .F. ) ;
#8487 = CARTESIAN_POINT ( 'NONE',  ( -0.1303498635443924858, 0.3010000000383806218, 0.06739423748499547007 ) ) ;
#8488 = VECTOR ( 'NONE', #9134, 1000.000000000000000 ) ;
#8489 = FACE_OUTER_BOUND ( 'NONE', #2634, .T. ) ;
#8490 =( LENGTH_UNIT ( ) NAMED_UNIT ( * ) SI_UNIT ( .MILLI., .METRE. ) );
#8491 = CARTESIAN_POINT ( 'NONE',  ( -0.06920899134719891987, 0.3000000000000000444, 0.07596937961273876605 ) ) ;
#8492 = ORIENTED_EDGE ( 'NONE', *, *, #12129, .F. ) ;
#8493 = B_SPLINE_CURVE_WITH_KNOTS ( 'NONE', 3,
 ( #11936, #10001, #8890, #3445 ),
 .UNSPECIFIED., .F., .F.,
 ( 4, 4 ),
 ( 3.000000000000000000, 4.000000000000000000 ),
 .UNSPECIFIED. ) ;
#8494 = CARTESIAN_POINT ( 'NONE',  ( -0.3103721245574679322, 0.3000000000383806209, 0.1032065530223878064 ) ) ;
#8495 = DIRECTION ( 'NONE',  ( -0.0000000000000000000, -1.000000000000000000, -0.0000000000000000000 ) ) ;
#8496 =( GEOMETRIC_REPRESENTATION_CONTEXT ( 3 ) GLOBAL_UNCERTAINTY_ASSIGNED_CONTEXT ( ( #2101 ) ) GLOBAL_UNIT_ASSIGNED_CONTEXT ( ( #7405, #8506, #3739 ) ) REPRESENTATION_CONTEXT ( 'NONE', 'WORKASPACE' ) );
#8497 = FILL_AREA_STYLE ('',( #953 ) ) ;
#8498 = UNCERTAINTY_MEASURE_WITH_UNIT (LENGTH_MEASURE( 1.000000000000000082E-05 ), #10657, 'distance_accuracy_value', 'NONE');
#8499 = FILL_AREA_STYLE_COLOUR ( '', #8882 ) ;
#8500 = CARTESIAN_POINT ( 'NONE',  ( -0.09067934299154378763, 0.3010000000383806773, 0.08386503289269027495 ) ) ;
#8501 = PRESENTATION_STYLE_ASSIGNMENT (( #10363 ) ) ;
#8502 = SURFACE_SIDE_STYLE ('',( #1968 ) ) ;
#8503 = ORIENTED_EDGE ( 'NONE', *, *, #8623, .F. ) ;
#8504 = VECTOR ( 'NONE', #1700, 1000.000000000000000 ) ;
#8505 = CARTESIAN_POINT ( 'NONE',  ( 0.2085159836680587631, 0.3000000000383806209, 0.1887421675795295517 ) ) ;
#8506 =( NAMED_UNIT ( * ) PLANE_ANGLE_UNIT ( ) SI_UNIT ( $, .RADIAN. ) );
#8507 = CARTESIAN_POINT ( 'NONE',  ( -0.2325172464158174468, 0.3010000000383806773, 0.2005522263714948628 ) ) ;
#8508 = ORIENTED_EDGE ( 'NONE', *, *, #5847, .F. ) ;
#8509 = VECTOR ( 'NONE', #2904, 1000.000000000000000 ) ;
#8510 = FACE_OUTER_BOUND ( 'NONE', #1973, .T. ) ;
#8511 = COLOUR_RGB ( '',1.000000000000000000, 1.000000000000000000, 1.000000000000000000 ) ;
#8512 = VECTOR ( 'NONE', #1155, 1000.000000000000000 ) ;
#8513 = FILL_AREA_STYLE ('',( #972 ) ) ;
#8514 = CARTESIAN_POINT ( 'NONE',  ( -0.1406007287597556277, 0.3000000000000000444, 0.03494265885360655494 ) ) ;
#8515 = DIRECTION ( 'NONE',  ( 0.007092178509963392025, -0.0000000000000000000, -0.9999748501857348426 ) ) ;
#8516 = ORIENTED_EDGE ( 'NONE', *, *, #11137, .F. ) ;
#8517 = FILL_AREA_STYLE_COLOUR ( '', #1436 ) ;
#8518 = EDGE_LOOP ( 'NONE', ( #3123, #6817, #1363, #1228 ) ) ;
#8519 = CARTESIAN_POINT ( 'NONE',  ( -0.07947823490188062057, 0.3000000000000000444, 0.1516656114126317401 ) ) ;
#8520 =( GEOMETRIC_REPRESENTATION_CONTEXT ( 3 ) GLOBAL_UNCERTAINTY_ASSIGNED_CONTEXT ( ( #3974 ) ) GLOBAL_UNIT_ASSIGNED_CONTEXT ( ( #11777, #4461, #5396 ) ) REPRESENTATION_CONTEXT ( 'NONE', 'WORKASPACE' ) );
#8521 = COLOUR_RGB ( '',1.000000000000000000, 1.000000000000000000, 1.000000000000000000 ) ;
#8522 =( NAMED_UNIT ( * ) SI_UNIT ( $, .STERADIAN. ) SOLID_ANGLE_UNIT ( ) );
#8523 = ORIENTED_EDGE ( 'NONE', *, *, #5281, .T. ) ;
#8524 = PRESENTATION_STYLE_ASSIGNMENT (( #7785 ) ) ;
#8525 = ORIENTED_EDGE ( 'NONE', *, *, #618, .F. ) ;
#8526 = PRESENTATION_LAYER_ASSIGNMENT (  '', '', ( #9718 ) ) ;
#8527 = STYLED_ITEM ( 'NONE', ( #4321 ), #3865 ) ;
#8528 = DIRECTION ( 'NONE',  ( 0.9999748501857348426, 0.0000000000000000000, 0.007092178509963738102 ) ) ;
#8529 = SURFACE_SIDE_STYLE ('',( #10269 ) ) ;
#8530 = EDGE_CURVE ( 'NONE', #6991, #2626, #53, .T. ) ;
#8531 = PRESENTATION_STYLE_ASSIGNMENT (( #869 ) ) ;
#8532 = VECTOR ( 'NONE', #10818, 1000.000000000000000 ) ;
#8533 = LINE ( 'NONE', #62, #1842 ) ;
#8534 = DIRECTION ( 'NONE',  ( -0.3625544874979441112, 0.0000000000000000000, 0.9319625762846398542 ) ) ;
#8535 = ORIENTED_EDGE ( 'NONE', *, *, #404, .F. ) ;
#8536 = AXIS2_PLACEMENT_3D ( 'NONE', #2881, #96, #1028 ) ;
#8537 = UNCERTAINTY_MEASURE_WITH_UNIT (LENGTH_MEASURE( 1.000000000000000082E-05 ), #106, 'distance_accuracy_value', 'NONE');
#8538 = SURFACE_SIDE_STYLE ('',( #4759 ) ) ;
#8539 = VECTOR ( 'NONE', #7457, 1000.000000000000000 ) ;
#8540 = CARTESIAN_POINT ( 'NONE',  ( -0.2784732602775099042, 0.3000000000383806209, 0.07632562053298402871 ) ) ;
#8541 = LINE ( 'NONE', #66, #10085 ) ;
#8542 =( NAMED_UNIT ( * ) SI_UNIT ( $, .STERADIAN. ) SOLID_ANGLE_UNIT ( ) );
#8543 = ADVANCED_FACE ( 'NONE', ( #3083 ), #2052, .F. ) ;
#8544 = CARTESIAN_POINT ( 'NONE',  ( -0.08303488103793559005, 0.3000000000000000444, 0.08357612140341477702 ) ) ;
#8545 = EDGE_CURVE ( 'NONE', #80, #12229, #1229, .T. ) ;
#8546 = SURFACE_STYLE_FILL_AREA ( #7566 ) ;
#8547 = CARTESIAN_POINT ( 'NONE',  ( 0.1737701084432274612, 0.3010000000383806218, 0.07223546485127343986 ) ) ;
#8548 = STYLED_ITEM ( 'NONE', ( #5231 ), #4998 ) ;
#8549 =( LENGTH_UNIT ( ) NAMED_UNIT ( * ) SI_UNIT ( .MILLI., .METRE. ) );
#8550 = SURFACE_STYLE_FILL_AREA ( #4833 ) ;
#8551 = VERTEX_POINT ( 'NONE', #5738 ) ;
#8552 = CARTESIAN_POINT ( 'NONE',  ( 0.1282811127908911331, 0.3010000000383806218, 0.06367049987529467547 ) ) ;
#8553 = ORIENTED_EDGE ( 'NONE', *, *, #9205, .F. ) ;
#8554 = UNCERTAINTY_MEASURE_WITH_UNIT (LENGTH_MEASURE( 1.000000000000000082E-05 ), #483, 'distance_accuracy_value', 'NONE');
#8555 = SURFACE_STYLE_FILL_AREA ( #3908 ) ;
#8556 = PRESENTATION_LAYER_ASSIGNMENT (  '', '', ( #2834 ) ) ;
#8557 = ADVANCED_FACE ( 'NONE', ( #7720 ), #11500, .F. ) ;
#8558 = CARTESIAN_POINT ( 'NONE',  ( -0.07744101015633554630, 0.3000000000383806209, 0.06234181312721942536 ) ) ;
#8559 = DIRECTION ( 'NONE',  ( -0.0000000000000000000, -1.000000000000000000, -0.0000000000000000000 ) ) ;
#8560 = ORIENTED_EDGE ( 'NONE', *, *, #702, .F. ) ;
#8561 = ORIENTED_EDGE ( 'NONE', *, *, #10068, .F. ) ;
#8562 = PRESENTATION_STYLE_ASSIGNMENT (( #10604 ) ) ;
#8563 = MECHANICAL_DESIGN_GEOMETRIC_PRESENTATION_REPRESENTATION (  '', ( #5616 ), #3828 ) ;
#8564 = SURFACE_STYLE_USAGE ( .BOTH. , #283 ) ;
#8565 = CARTESIAN_POINT ( 'NONE',  ( -0.08554074787646864797, 0.3010000000383806218, 0.1004340443038267278 ) ) ;
#8566 = ORIENTED_EDGE ( 'NONE', *, *, #232, .T. ) ;
#8567 =( LENGTH_UNIT ( ) NAMED_UNIT ( * ) SI_UNIT ( .MILLI., .METRE. ) );
#8568 = ADVANCED_FACE ( 'NONE', ( #1483 ), #6887, .F. ) ;
#8569 = CARTESIAN_POINT ( 'NONE',  ( -0.1142006192852175334, 0.3000000000000000444, 0.08185779380888048851 ) ) ;
#8570 = COLOUR_RGB ( '',0.1019607843137254888, 0.1019607843137254888, 0.1019607843137254888 ) ;
#8571 = PRESENTATION_STYLE_ASSIGNMENT (( #966 ) ) ;
#8572 = ORIENTED_EDGE ( 'NONE', *, *, #1057, .F. ) ;
#8573 = EDGE_CURVE ( 'NONE', #6348, #723, #6722, .T. ) ;
#8574 = SURFACE_SIDE_STYLE ('',( #11417 ) ) ;
#8575 = DIRECTION ( 'NONE',  ( -0.0000000000000000000, -1.000000000000000000, -0.0000000000000000000 ) ) ;
#8576 = DIRECTION ( 'NONE',  ( -0.9999748501857348426, 0.0000000000000000000, -0.007092178509963663509 ) ) ;
#8577 = FILL_AREA_STYLE_COLOUR ( '', #11067 ) ;
#8578 = CARTESIAN_POINT ( 'NONE',  ( -0.02326434861474183796, 0.3000000000383806764, 0.06325634321975937002 ) ) ;
#8579 = ORIENTED_EDGE ( 'NONE', *, *, #1545, .F. ) ;
#8580 = VECTOR ( 'NONE', #1218, 1000.000000000000114 ) ;
#8581 = CARTESIAN_POINT ( 'NONE',  ( -0.1224997779783061347, 0.3010000000383806218, 0.06670126856538299842 ) ) ;
#8582 = DIRECTION ( 'NONE',  ( 0.0000000000000000000, -0.0000000000000000000, -1.000000000000000000 ) ) ;
#8583 = ORIENTED_EDGE ( 'NONE', *, *, #5847, .T. ) ;
#8584 = FILL_AREA_STYLE_COLOUR ( '', #5918 ) ;
#8585 =( LENGTH_UNIT ( ) NAMED_UNIT ( * ) SI_UNIT ( .MILLI., .METRE. ) );
#8586 = ORIENTED_EDGE ( 'NONE', *, *, #5758, .T. ) ;
#8587 = DIRECTION ( 'NONE',  ( 0.007092178509959874005, -0.0000000000000000000, -0.9999748501857349536 ) ) ;
#8588 = ORIENTED_EDGE ( 'NONE', *, *, #1601, .F. ) ;
#8589 = MECHANICAL_DESIGN_GEOMETRIC_PRESENTATION_REPRESENTATION (  '', ( #3851 ), #7015 ) ;
#8590 = SURFACE_STYLE_FILL_AREA ( #7787 ) ;
#8591 = CARTESIAN_POINT ( 'NONE',  ( -0.08299351206344997289, 0.3000000000383806764, 0.07774322619278853375 ) ) ;
#8592 = CARTESIAN_POINT ( 'NONE',  ( -0.06402194598609313447, 0.3010000000383806218, 0.07251249352575057927 ) ) ;
#8593 = CARTESIAN_POINT ( 'NONE',  ( -0.05922714204050389536, 0.3010000000383806218, 0.1903332390616054581 ) ) ;
#8594 = CARTESIAN_POINT ( 'NONE',  ( -0.06330585771785759985, 0.3010000000383806218, 0.06830644680900753440 ) ) ;
#8595 =( NAMED_UNIT ( * ) PLANE_ANGLE_UNIT ( ) SI_UNIT ( $, .RADIAN. ) );
#8596 =( NAMED_UNIT ( * ) PLANE_ANGLE_UNIT ( ) SI_UNIT ( $, .RADIAN. ) );
#8597 = VERTEX_POINT ( 'NONE', #2344 ) ;
#8598 = CARTESIAN_POINT ( 'NONE',  ( 0.1858360854224141712, 0.3010000000383806218, 0.2059335961005691606 ) ) ;
#8599 = FILL_AREA_STYLE_COLOUR ( '', #5927 ) ;
#8600 = EDGE_CURVE ( 'NONE', #6936, #5858, #6045, .T. ) ;
#8601 =( LENGTH_UNIT ( ) NAMED_UNIT ( * ) SI_UNIT ( .MILLI., .METRE. ) );
#8602 = DIRECTION ( 'NONE',  ( -0.9999748501857348426, 0.0000000000000000000, -0.007092178509962843852 ) ) ;
#8603 = LINE ( 'NONE', #7850, #2510 ) ;
#8604 = CARTESIAN_POINT ( 'NONE',  ( -0.1513366261722605965, 0.3010000000383806773, 0.05548543408044907810 ) ) ;
#8605 = CARTESIAN_POINT ( 'NONE',  ( 0.08957883040271545638, 0.3000000000000000444, 0.1991776039546407917 ) ) ;
#8606 = PRESENTATION_STYLE_ASSIGNMENT (( #1897 ) ) ;
#8607 = VERTEX_POINT ( 'NONE', #5114 ) ;
#8608 =( LENGTH_UNIT ( ) NAMED_UNIT ( * ) SI_UNIT ( .MILLI., .METRE. ) );
#8609 = CARTESIAN_POINT ( 'NONE',  ( -0.1847385718664072418, 0.3010000000383806773, 0.1161694840286279784 ) ) ;
#8610 = ORIENTED_EDGE ( 'NONE', *, *, #2436, .F. ) ;
#8611 = FILL_AREA_STYLE ('',( #11345 ) ) ;
#8612 = CARTESIAN_POINT ( 'NONE',  ( -0.08670215959540425454, 0.3010000000383806773, 0.1586329192107028274 ) ) ;
#8613 =( GEOMETRIC_REPRESENTATION_CONTEXT ( 3 ) GLOBAL_UNCERTAINTY_ASSIGNED_CONTEXT ( ( #7234 ) ) GLOBAL_UNIT_ASSIGNED_CONTEXT ( ( #8935, #11844, #390 ) ) REPRESENTATION_CONTEXT ( 'NONE', 'WORKASPACE' ) );
#8614 = CARTESIAN_POINT ( 'NONE',  ( -0.2681217386275446257, 0.3010000000383806218, 0.09898314714741519860 ) ) ;
#8615 = DIRECTION ( 'NONE',  ( -0.0000000000000000000, -1.000000000000000000, -0.0000000000000000000 ) ) ;
#8616 = ORIENTED_EDGE ( 'NONE', *, *, #9916, .F. ) ;
#8617 = CARTESIAN_POINT ( 'NONE',  ( -0.1286616256100862055, 0.3010000000383806218, 0.06026289453298407789 ) ) ;
#8618 = CARTESIAN_POINT ( 'NONE',  ( -0.06503813254809825972, 0.3000000000000000444, 0.1652124337543380006 ) ) ;
#8619 = CARTESIAN_POINT ( 'NONE',  ( -0.09679829535651722494, 0.3010000000383806773, 0.2121205910882233703 ) ) ;
#8620 = UNCERTAINTY_MEASURE_WITH_UNIT (LENGTH_MEASURE( 1.000000000000000082E-05 ), #4659, 'distance_accuracy_value', 'NONE');
#8621 = PLANE ( 'NONE',  #11274 ) ;
#8622 = EDGE_CURVE ( 'NONE', #5862, #3830, #8493, .T. ) ;
#8623 = EDGE_CURVE ( 'NONE', #6941, #3596, #3327, .T. ) ;
#8624 = DIRECTION ( 'NONE',  ( -0.0000000000000000000, -1.000000000000000000, -0.0000000000000000000 ) ) ;
#8625 = PRESENTATION_STYLE_ASSIGNMENT (( #1967 ) ) ;
#8626 = DIRECTION ( 'NONE',  ( -0.9999748501857348426, 0.0000000000000000000, -0.007092178509963661774 ) ) ;
#8627 = VERTEX_POINT ( 'NONE', #6099 ) ;
#8628 = CARTESIAN_POINT ( 'NONE',  ( 0.4500000000000018430, -0.2500000000000001665, 0.0000000000000000000 ) ) ;
#8629 = CARTESIAN_POINT ( 'NONE',  ( 0.2169301805050373178, 0.3000000000000000444, 0.1645086717987799263 ) ) ;
#8630 = VECTOR ( 'NONE', #9018, 1000.000000000000000 ) ;
#8631 = CARTESIAN_POINT ( 'NONE',  ( -0.1251809627667016256, 0.3010000000383806218, 0.09288481112674941420 ) ) ;
#8632 = SURFACE_SIDE_STYLE ('',( #7772 ) ) ;
#8633 = VERTEX_POINT ( 'NONE', #8962 ) ;
#8634 = B_SPLINE_CURVE_WITH_KNOTS ( 'NONE', 3,
 ( #3150, #10761, #5474, #12222 ),
 .UNSPECIFIED., .F., .F.,
 ( 4, 4 ),
 ( 12.00000000000000000, 13.00000000000000000 ),
 .UNSPECIFIED. ) ;
#8635 = CARTESIAN_POINT ( 'NONE',  ( 0.08957883040271545638, 0.3010000000383806218, 0.1991776039546407917 ) ) ;
#8636 = CARTESIAN_POINT ( 'NONE',  ( -0.08296386798547464303, 0.3000000000383806764, 0.07356350449083751131 ) ) ;
#8637 = FACE_OUTER_BOUND ( 'NONE', #682, .T. ) ;
#8638 = VECTOR ( 'NONE', #686, 1000.000000000000000 ) ;
#8639 = ADVANCED_FACE ( 'NONE', ( #3320 ), #2408, .F. ) ;
#8640 = FILL_AREA_STYLE_COLOUR ( '', #6181 ) ;
#8641 = EDGE_LOOP ( 'NONE', ( #6081, #11880, #7182, #10855 ) ) ;
#8642 = CARTESIAN_POINT ( 'NONE',  ( 0.09816225471974694694, 0.3010000000383806218, 0.1510858993367255598 ) ) ;
#8643 = VERTEX_POINT ( 'NONE', #10246 ) ;
#8644 = EDGE_CURVE ( 'NONE', #12127, #6383, #3741, .T. ) ;
#8645 = FACE_OUTER_BOUND ( 'NONE', #1163, .T. ) ;
#8646 = CARTESIAN_POINT ( 'NONE',  ( -0.2296552207245262656, 0.3010000000383806773, 0.2126444178933750984 ) ) ;
#8647 = ORIENTED_EDGE ( 'NONE', *, *, #5400, .F. ) ;
#8648 = SURFACE_SIDE_STYLE ('',( #4019 ) ) ;
#8649 = ORIENTED_EDGE ( 'NONE', *, *, #4257, .T. ) ;
#8650 = VECTOR ( 'NONE', #9937, 1000.000000000000000 ) ;
#8651 = CARTESIAN_POINT ( 'NONE',  ( -0.1479273002113785096, 0.3010000000383806773, 0.04758645964856490079 ) ) ;
#8652 = PLANE ( 'NONE',  #2461 ) ;
#8653 = CARTESIAN_POINT ( 'NONE',  ( -0.06332267077700831637, 0.3010000000383806218, 0.07067703523706080071 ) ) ;
#8654 =( NAMED_UNIT ( * ) PLANE_ANGLE_UNIT ( ) SI_UNIT ( $, .RADIAN. ) );
#8655 = SURFACE_SIDE_STYLE ('',( #9592 ) ) ;
#8656 = LINE ( 'NONE', #7484, #241 ) ;
#8657 = COLOUR_RGB ( '',1.000000000000000000, 1.000000000000000000, 1.000000000000000000 ) ;
#8658 = SURFACE_STYLE_USAGE ( .BOTH. , #8472 ) ;
#8659 = ORIENTED_EDGE ( 'NONE', *, *, #10596, .T. ) ;
#8660 = DIRECTION ( 'NONE',  ( 0.9999748501857348426, -0.0000000000000000000, 0.007092178509961149027 ) ) ;
#8661 =( NAMED_UNIT ( * ) SI_UNIT ( $, .STERADIAN. ) SOLID_ANGLE_UNIT ( ) );
#8662 = PLANE ( 'NONE',  #1198 ) ;
#8663 = DIRECTION ( 'NONE',  ( -0.0000000000000000000, -1.000000000000000000, -0.0000000000000000000 ) ) ;
#8664 = CARTESIAN_POINT ( 'NONE',  ( -0.1095290164786054121, 0.3000000000000000444, 0.08510385924935608137 ) ) ;
#8665 = DIRECTION ( 'NONE',  ( 0.9999748501857348426, 0.0000000000000000000, 0.007092178509964198671 ) ) ;
#8666 = ORIENTED_EDGE ( 'NONE', *, *, #9993, .T. ) ;
#8667 = LINE ( 'NONE', #3236, #2207 ) ;
#8668 =( LENGTH_UNIT ( ) NAMED_UNIT ( * ) SI_UNIT ( .MILLI., .METRE. ) );
#8669 = ORIENTED_EDGE ( 'NONE', *, *, #11039, .T. ) ;
#8670 = UNCERTAINTY_MEASURE_WITH_UNIT (LENGTH_MEASURE( 1.000000000000000082E-05 ), #4146, 'distance_accuracy_value', 'NONE');
#8671 =( NAMED_UNIT ( * ) SI_UNIT ( $, .STERADIAN. ) SOLID_ANGLE_UNIT ( ) );
#8672 = SURFACE_STYLE_USAGE ( .BOTH. , #7928 ) ;
#8673 = CARTESIAN_POINT ( 'NONE',  ( -0.06401210045334768117, 0.3010000000383806218, 0.06452702172152816051 ) ) ;
#8674 = CARTESIAN_POINT ( 'NONE',  ( -0.2630076896813623999, 0.3010000000383806218, 0.05743845298056739906 ) ) ;
#8675 = DIRECTION ( 'NONE',  ( -0.9999748501857348426, -0.0000000000000000000, -0.007092178509963938463 ) ) ;
#8676 = VERTEX_POINT ( 'NONE', #11052 ) ;
#8677 = CARTESIAN_POINT ( 'NONE',  ( -0.1225117240992817658, 0.3010000000383806218, 0.06838563402743316755 ) ) ;
#8678 = CARTESIAN_POINT ( 'NONE',  ( -0.02359795510417710129, 0.3010000000383806773, 0.1102938083407165176 ) ) ;
#8679 = PRESENTATION_LAYER_ASSIGNMENT (  '', '', ( #6508 ) ) ;
#8680 = EDGE_CURVE ( 'NONE', #2699, #1459, #4493, .T. ) ;
#8681 = SURFACE_STYLE_FILL_AREA ( #7765 ) ;
#8682 = DIRECTION ( 'NONE',  ( 0.0000000000000000000, 1.000000000000000000, 0.0000000000000000000 ) ) ;
#8683 = ORIENTED_EDGE ( 'NONE', *, *, #10740, .F. ) ;
#8684 = DIRECTION ( 'NONE',  ( 0.9999748501857348426, 0.0000000000000000000, 0.007092178509963803154 ) ) ;
#8685 = SURFACE_STYLE_USAGE ( .BOTH. , #9680 ) ;
#8686 = CARTESIAN_POINT ( 'NONE',  ( -0.2286452180045759619, 0.3010000000383806773, 0.05484355339127713197 ) ) ;
#8687 =( GEOMETRIC_REPRESENTATION_CONTEXT ( 3 ) GLOBAL_UNCERTAINTY_ASSIGNED_CONTEXT ( ( #4096 ) ) GLOBAL_UNIT_ASSIGNED_CONTEXT ( ( #2558, #932, #3 ) ) REPRESENTATION_CONTEXT ( 'NONE', 'WORKASPACE' ) );
#8688 = CARTESIAN_POINT ( 'NONE',  ( -0.01533904742765626779, 0.3000000000383806764, 0.05635639687801814735 ) ) ;
#8689 = ORIENTED_EDGE ( 'NONE', *, *, #9, .F. ) ;
#8690 = UNCERTAINTY_MEASURE_WITH_UNIT (LENGTH_MEASURE( 1.000000000000000082E-05 ), #1793, 'distance_accuracy_value', 'NONE');
#8691 = EDGE_CURVE ( 'NONE', #8189, #1857, #5539, .T. ) ;
#8692 = ADVANCED_FACE ( 'NONE', ( #2831 ), #6406, .F. ) ;
#8693 =( GEOMETRIC_REPRESENTATION_CONTEXT ( 3 ) GLOBAL_UNCERTAINTY_ASSIGNED_CONTEXT ( ( #1888 ) ) GLOBAL_UNIT_ASSIGNED_CONTEXT ( ( #8871, #2386, #708 ) ) REPRESENTATION_CONTEXT ( 'NONE', 'WORKASPACE' ) );
#8694 = SURFACE_STYLE_FILL_AREA ( #5911 ) ;
#8695 = EDGE_CURVE ( 'NONE', #158, #1498, #3629, .T. ) ;
#8696 = PLANE ( 'NONE',  #4922 ) ;
#8697 = PRESENTATION_STYLE_ASSIGNMENT (( #3018 ) ) ;
#8698 = ORIENTED_EDGE ( 'NONE', *, *, #11016, .T. ) ;
#8699 = VECTOR ( 'NONE', #2898, 1000.000000000000114 ) ;
#8700 = FILL_AREA_STYLE ('',( #11426 ) ) ;
#8701 = VECTOR ( 'NONE', #9681, 1000.000000000000000 ) ;
#8702 = DIRECTION ( 'NONE',  ( 0.0000000000000000000, -0.0000000000000000000, 1.000000000000000000 ) ) ;
#8703 = ORIENTED_EDGE ( 'NONE', *, *, #9690, .F. ) ;
#8704 = COLOUR_RGB ( '',1.000000000000000000, 1.000000000000000000, 1.000000000000000000 ) ;
#8705 = CARTESIAN_POINT ( 'NONE',  ( -0.1553642605812432242, 0.3010000000383806773, 0.06260018519777493795 ) ) ;
#8706 = EDGE_LOOP ( 'NONE', ( #10497, #130, #669, #5298 ) ) ;
#8707 = PRESENTATION_LAYER_ASSIGNMENT (  '', '', ( #4757 ) ) ;
#8708 = EDGE_CURVE ( 'NONE', #9075, #610, #683, .T. ) ;
#8709 = VERTEX_POINT ( 'NONE', #6463 ) ;
#8710 = MECHANICAL_DESIGN_GEOMETRIC_PRESENTATION_REPRESENTATION (  '', ( #1816 ), #4952 ) ;
#8711 = DIRECTION ( 'NONE',  ( -0.9181298069290881880, 0.0000000000000000000, -0.3962797719141810115 ) ) ;
#8712 = EDGE_CURVE ( 'NONE', #2827, #11440, #6533, .T. ) ;
#8713 = FILL_AREA_STYLE ('',( #4932 ) ) ;
#8714 = CARTESIAN_POINT ( 'NONE',  ( -0.3137952773955881014, 0.3000000000000000444, 0.1152541678150744431 ) ) ;
#8715 =( NAMED_UNIT ( * ) SI_UNIT ( $, .STERADIAN. ) SOLID_ANGLE_UNIT ( ) );
#8716 = PLANE ( 'NONE',  #11909 ) ;
#8717 =( NAMED_UNIT ( * ) PLANE_ANGLE_UNIT ( ) SI_UNIT ( $, .RADIAN. ) );
#8718 = ORIENTED_EDGE ( 'NONE', *, *, #10880, .F. ) ;
#8719 = STYLED_ITEM ( 'NONE', ( #8407 ), #10264 ) ;
#8720 = PRESENTATION_LAYER_ASSIGNMENT (  '', '', ( #434 ) ) ;
#8721 = CARTESIAN_POINT ( 'NONE',  ( -0.1125910249069113911, 0.3010000000383806218, 0.07481947365459803989 ) ) ;
#8722 = CARTESIAN_POINT ( 'NONE',  ( -0.2753470953625867801, 0.3000000000383806209, 0.06876776656435842905 ) ) ;
#8723 = PRESENTATION_LAYER_ASSIGNMENT (  '', '', ( #1830 ) ) ;
#8724 = PRESENTATION_LAYER_ASSIGNMENT (  '', '', ( #7158 ) ) ;
#8725 = DIRECTION ( 'NONE',  ( 0.9999748501857348426, -0.0000000000000000000, 0.007092178509962484764 ) ) ;
#8726 = PRESENTATION_STYLE_ASSIGNMENT (( #4942 ) ) ;
#8727 = VECTOR ( 'NONE', #1696, 1000.000000000000000 ) ;
#8728 = DIRECTION ( 'NONE',  ( -0.0000000000000000000, -1.000000000000000000, -0.0000000000000000000 ) ) ;
#8729 = CARTESIAN_POINT ( 'NONE',  ( -0.2332363208663789655, 0.3010000000383806218, 0.2029802211550670310 ) ) ;
#8730 =( NAMED_UNIT ( * ) SI_UNIT ( $, .STERADIAN. ) SOLID_ANGLE_UNIT ( ) );
#8731 = LINE ( 'NONE', #9416, #11542 ) ;
#8732 = PRESENTATION_LAYER_ASSIGNMENT (  '', '', ( #3398 ) ) ;
#8733 = CARTESIAN_POINT ( 'NONE',  ( -0.09067934299154382927, 0.3000000000000000444, 0.08386503289269026107 ) ) ;
#8734 = EDGE_LOOP ( 'NONE', ( #10351, #1150, #6317, #5883 ) ) ;
#8735 = PRESENTATION_LAYER_ASSIGNMENT (  '', '', ( #4182 ) ) ;
#8736 = SURFACE_SIDE_STYLE ('',( #7005 ) ) ;
#8737 = CARTESIAN_POINT ( 'NONE',  ( 0.2901568176952524225, 0.3010000000383806218, 0.1767407862493474702 ) ) ;
#8738 = ORIENTED_EDGE ( 'NONE', *, *, #8418, .T. ) ;
#8739 = CARTESIAN_POINT ( 'NONE',  ( 0.2083560186164092054, 0.3000000000000000444, 0.08896540894212422168 ) ) ;
#8740 = EDGE_CURVE ( 'NONE', #9422, #6007, #9440, .T. ) ;
#8741 = CARTESIAN_POINT ( 'NONE',  ( -0.06548442679329812000, 0.3000000000383806209, 0.06320645153347548284 ) ) ;
#8742 = CARTESIAN_POINT ( 'NONE',  ( -0.08288621819914060440, 0.3000000000000000444, 0.06261512898855502163 ) ) ;
#8743 = SURFACE_STYLE_USAGE ( .BOTH. , #4961 ) ;
#8744 = EDGE_LOOP ( 'NONE', ( #10964, #2962, #6176, #11825 ) ) ;
#8745 =( GEOMETRIC_REPRESENTATION_CONTEXT ( 3 ) GLOBAL_UNCERTAINTY_ASSIGNED_CONTEXT ( ( #9926 ) ) GLOBAL_UNIT_ASSIGNED_CONTEXT ( ( #4974, #6891, #9476 ) ) REPRESENTATION_CONTEXT ( 'NONE', 'WORKASPACE' ) );
#8746 = B_SPLINE_CURVE_WITH_KNOTS ( 'NONE', 3,
 ( #7419, #11316, #800, #4560 ),
 .UNSPECIFIED., .F., .F.,
 ( 4, 4 ),
 ( 3.000000000000000000, 4.000000000000000000 ),
 .UNSPECIFIED. ) ;
#8747 = STYLED_ITEM ( 'NONE', ( #8697 ), #4029 ) ;
#8748 = CARTESIAN_POINT ( 'NONE',  ( -0.1253703211595268707, 0.3000000000000000444, 0.05800911053237797071 ) ) ;
#8749 = ORIENTED_EDGE ( 'NONE', *, *, #1602, .T. ) ;
#8750 = CARTESIAN_POINT ( 'NONE',  ( -0.1878940549403086968, 0.3010000000383806218, 0.1652457078455596695 ) ) ;
#8751 = UNCERTAINTY_MEASURE_WITH_UNIT (LENGTH_MEASURE( 1.000000000000000082E-05 ), #819, 'distance_accuracy_value', 'NONE');
#8752 = LINE ( 'NONE', #2878, #2958 ) ;
#8753 = DIRECTION ( 'NONE',  ( -0.9999748501857348426, -0.0000000000000000000, -0.007092178509963582844 ) ) ;
#8754 = ORIENTED_EDGE ( 'NONE', *, *, #404, .T. ) ;
#8755 = CARTESIAN_POINT ( 'NONE',  ( 0.2174562885453621697, 0.3000000000000000444, 0.02916459669755753700 ) ) ;
#8756 = CARTESIAN_POINT ( 'NONE',  ( -0.1704031184300309476, 0.3010000000383806218, 0.2060461124987401083 ) ) ;
#8757 = LINE ( 'NONE', #8686, #2201 ) ;
#8758 = CARTESIAN_POINT ( 'NONE',  ( -0.4134856939638866247, 0.2375113646789956401, 0.2999999999999999889 ) ) ;
#8759 = ORIENTED_EDGE ( 'NONE', *, *, #2353, .F. ) ;
#8760 = ADVANCED_FACE ( 'NONE', ( #3129 ), #3140, .F. ) ;
#8761 = FILL_AREA_STYLE ('',( #5726 ) ) ;
#8762 = CARTESIAN_POINT ( 'NONE',  ( -0.05552257985069933288, 0.3000000000383806209, 0.06383858790339787259 ) ) ;
#8763 = DIRECTION ( 'NONE',  ( -0.3451999324342972519, 0.0000000000000000000, 0.9385291719746150507 ) ) ;
#8764 = CARTESIAN_POINT ( 'NONE',  ( -0.1173749001724034291, 0.3010000000383806218, 0.09400075425657250516 ) ) ;
#8765 = ORIENTED_EDGE ( 'NONE', *, *, #11862, .F. ) ;
#8766 = VECTOR ( 'NONE', #5489, 1000.000000000000000 ) ;
#8767 = PRESENTATION_STYLE_ASSIGNMENT (( #5859 ) ) ;
#8768 = B_SPLINE_SURFACE_WITH_KNOTS ( 'NONE', 3, 1, ( 
 ( #4627, #8519 ),
 ( #10568, #7783 ),
 ( #7717, #5919 ),
 ( #2897, #3024 ) ),
 .UNSPECIFIED., .F., .F., .F.,
 ( 4, 4 ),
 ( 2, 2 ),
 ( 0.0000000000000000000, 1.000000000000000000 ),
 ( 0.0000000000000000000, 1.000000000000000000 ),
 .UNSPECIFIED. ) ;
#8769 = FILL_AREA_STYLE ('',( #3026 ) ) ;
#8770 = VERTEX_POINT ( 'NONE', #4979 ) ;
#8771 = ORIENTED_EDGE ( 'NONE', *, *, #12199, .F. ) ;
#8772 = SURFACE_SIDE_STYLE ('',( #8590 ) ) ;
#8773 =( GEOMETRIC_REPRESENTATION_CONTEXT ( 3 ) GLOBAL_UNCERTAINTY_ASSIGNED_CONTEXT ( ( #284 ) ) GLOBAL_UNIT_ASSIGNED_CONTEXT ( ( #5864, #1173, #5000 ) ) REPRESENTATION_CONTEXT ( 'NONE', 'WORKASPACE' ) );
#8774 = CARTESIAN_POINT ( 'NONE',  ( -0.1386824236502810226, 0.3010000000383806218, 0.03495626415805040688 ) ) ;
#8775 = DIRECTION ( 'NONE',  ( -0.007092178509963342585, 0.0000000000000000000, 0.9999748501857348426 ) ) ;
#8776 = CARTESIAN_POINT ( 'NONE',  ( -0.06401210045334768117, 0.3010000000383806218, 0.06452702172152816051 ) ) ;
#8777 =( LENGTH_UNIT ( ) NAMED_UNIT ( * ) SI_UNIT ( .MILLI., .METRE. ) );
#8778 = SURFACE_STYLE_FILL_AREA ( #7053 ) ;
#8779 = CARTESIAN_POINT ( 'NONE',  ( 0.2168378917518772042, 0.3000000000000000444, 0.1163554317908793573 ) ) ;
#8780 = VERTEX_POINT ( 'NONE', #3013 ) ;
#8781 = EDGE_CURVE ( 'NONE', #2707, #2255, #9627, .T. ) ;
#8782 = EDGE_CURVE ( 'NONE', #5018, #8132, #11478, .T. ) ;
#8783 = B_SPLINE_CURVE_WITH_KNOTS ( 'NONE', 3,
 ( #1296, #4125, #7889, #8207 ),
 .UNSPECIFIED., .F., .F.,
 ( 4, 4 ),
 ( 5.000000000000000000, 6.000000000000000000 ),
 .UNSPECIFIED. ) ;
#8784 = MECHANICAL_DESIGN_GEOMETRIC_PRESENTATION_REPRESENTATION (  '', ( #91 ), #1688 ) ;
#8785 = CARTESIAN_POINT ( 'NONE',  ( -0.5000000000000002220, 0.3000000000000000444, 0.2999999999999999889 ) ) ;
#8786 = PRESENTATION_STYLE_ASSIGNMENT (( #4828 ) ) ;
#8787 = CARTESIAN_POINT ( 'NONE',  ( -0.06428918235199458653, 0.3000000000383806209, 0.09259922635856329687 ) ) ;
#8788 = FACE_OUTER_BOUND ( 'NONE', #10716, .T. ) ;
#8789 = CARTESIAN_POINT ( 'NONE',  ( -0.07130338486278821331, 0.3000000000383806209, 0.06119998952027910777 ) ) ;
#8790 = VERTEX_POINT ( 'NONE', #41 ) ;
#8791 = VERTEX_POINT ( 'NONE', #7595 ) ;
#8792 = EDGE_CURVE ( 'NONE', #5318, #9361, #6660, .T. ) ;
#8793 = B_SPLINE_CURVE_WITH_KNOTS ( 'NONE', 3,
 ( #2721, #9112, #11966, #7379 ),
 .UNSPECIFIED., .F., .F.,
 ( 4, 4 ),
 ( 3.000000000000000000, 4.000000000000000000 ),
 .UNSPECIFIED. ) ;
#8794 = UNCERTAINTY_MEASURE_WITH_UNIT (LENGTH_MEASURE( 1.000000000000000082E-05 ), #8991, 'distance_accuracy_value', 'NONE');
#8795 = CARTESIAN_POINT ( 'NONE',  ( 0.2901568176952524225, 0.3000000000000000444, 0.1767407862493474702 ) ) ;
#8796 =( LENGTH_UNIT ( ) NAMED_UNIT ( * ) SI_UNIT ( .MILLI., .METRE. ) );
#8797 = EDGE_CURVE ( 'NONE', #10849, #6768, #7705, .T. ) ;
#8798 = CARTESIAN_POINT ( 'NONE',  ( -0.06548442679329812000, 0.3010000000383806218, 0.06320645153347548284 ) ) ;
#8799 = CARTESIAN_POINT ( 'NONE',  ( -0.2146870555787802615, 0.3010000000383806773, 0.1517360484289757561 ) ) ;
#8800 = CARTESIAN_POINT ( 'NONE',  ( -0.04522868543321438561, 0.3000000000383806764, 0.08362590178079810921 ) ) ;
#8801 = ORIENTED_EDGE ( 'NONE', *, *, #2495, .T. ) ;
#8802 = DIRECTION ( 'NONE',  ( -0.9999748501857348426, 0.0000000000000000000, -0.007092178509965581246 ) ) ;
#8803 = PRESENTATION_STYLE_ASSIGNMENT (( #1458 ) ) ;
#8804 = B_SPLINE_CURVE_WITH_KNOTS ( 'NONE', 3,
 ( #7780, #11560, #1409, #9066 ),
 .UNSPECIFIED., .F., .F.,
 ( 4, 4 ),
 ( 0.0000000000000000000, 1.000000000000000000 ),
 .UNSPECIFIED. ) ;
#8805 = ORIENTED_EDGE ( 'NONE', *, *, #10221, .F. ) ;
#8806 = FILL_AREA_STYLE ('',( #5031 ) ) ;
#8807 = FILL_AREA_STYLE ('',( #10605 ) ) ;
#8808 = CARTESIAN_POINT ( 'NONE',  ( -0.1430984179515005783, 0.3000000000383806764, 0.09902763206225634329 ) ) ;
#8809 = UNCERTAINTY_MEASURE_WITH_UNIT (LENGTH_MEASURE( 1.000000000000000082E-05 ), #879, 'distance_accuracy_value', 'NONE');
#8810 = CARTESIAN_POINT ( 'NONE',  ( 0.4499999999999997891, 0.2500000000000000000, 0.2499999999999999445 ) ) ;
#8811 = DIRECTION ( 'NONE',  ( 0.9999748501857348426, -0.0000000000000000000, 0.007092178509964641893 ) ) ;
#8812 = CARTESIAN_POINT ( 'NONE',  ( 0.2234092700980876978, 0.3000000000383806209, 0.1684588857120254135 ) ) ;
#8813 = DIRECTION ( 'NONE',  ( -0.0000000000000000000, -1.000000000000000000, -0.0000000000000000000 ) ) ;
#8814 = CARTESIAN_POINT ( 'NONE',  ( -0.1562488046639261552, 0.3010000000383806773, 0.04877518144947042000 ) ) ;
#8815 = EDGE_LOOP ( 'NONE', ( #9404, #2404, #5439, #862 ) ) ;
#8816 = UNCERTAINTY_MEASURE_WITH_UNIT (LENGTH_MEASURE( 1.000000000000000082E-05 ), #2370, 'distance_accuracy_value', 'NONE');
#8817 = COLOUR_RGB ( '',1.000000000000000000, 1.000000000000000000, 1.000000000000000000 ) ;
#8818 = FILL_AREA_STYLE ('',( #4114 ) ) ;
#8819 = B_SPLINE_CURVE_WITH_KNOTS ( 'NONE', 3,
 ( #212, #3072, #6894, #2938 ),
 .UNSPECIFIED., .F., .F.,
 ( 4, 4 ),
 ( 3.000000000000000000, 4.000000000000000000 ),
 .UNSPECIFIED. ) ;
#8820 = DIRECTION ( 'NONE',  ( -0.3382111624868763267, -0.0000000000000000000, 0.9410702468834490908 ) ) ;
#8821 = SURFACE_STYLE_USAGE ( .BOTH. , #11744 ) ;
#8822 = CARTESIAN_POINT ( 'NONE',  ( -0.1776708434785890245, 0.3010000000383806218, 0.2059945671989796834 ) ) ;
#8823 = EDGE_CURVE ( 'NONE', #5330, #4682, #9683, .T. ) ;
#8824 = FILL_AREA_STYLE ('',( #10682 ) ) ;
#8825 = STYLED_ITEM ( 'NONE', ( #420 ), #1865 ) ;
#8826 = LINE ( 'NONE', #1164, #642 ) ;
#8827 = VERTEX_POINT ( 'NONE', #102 ) ;
#8828 = FACE_OUTER_BOUND ( 'NONE', #9012, .T. ) ;
#8829 = LINE ( 'NONE', #7890, #1600 ) ;
#8830 = FILL_AREA_STYLE_COLOUR ( '', #5357 ) ;
#8831 = EDGE_LOOP ( 'NONE', ( #11247, #6593, #7845 ) ) ;
#8832 = UNCERTAINTY_MEASURE_WITH_UNIT (LENGTH_MEASURE( 1.000000000000000082E-05 ), #4275, 'distance_accuracy_value', 'NONE');
#8833 = CARTESIAN_POINT ( 'NONE',  ( -0.1704031184300309198, 0.3010000000383806773, 0.2060461124987401083 ) ) ;
#8834 = EDGE_LOOP ( 'NONE', ( #2524, #7222, #1996, #6647 ) ) ;
#8835 = LINE ( 'NONE', #7895, #10423 ) ;
#8836 = CARTESIAN_POINT ( 'NONE',  ( -0.2454290338427567442, 0.3010000000383806773, 0.06168067198567347975 ) ) ;
#8837 = VECTOR ( 'NONE', #9474, 1000.000000000000114 ) ;
#8838 = CARTESIAN_POINT ( 'NONE',  ( -0.1945390498360939080, 0.3000000000383806209, 0.1829476931888865954 ) ) ;
#8839 = CARTESIAN_POINT ( 'NONE',  ( -0.1077855840852782604, 0.3000000000000000444, 0.07678755391980310319 ) ) ;
#8840 = CARTESIAN_POINT ( 'NONE',  ( 0.09256921454295001517, 0.3010000000383806218, 0.08337233655035201918 ) ) ;
#8841 =( LENGTH_UNIT ( ) NAMED_UNIT ( * ) SI_UNIT ( .MILLI., .METRE. ) );
#8842 = CARTESIAN_POINT ( 'NONE',  ( 0.4999999999999996669, -0.2499999999999998890, 0.2999999999999999889 ) ) ;
#8843 = ORIENTED_EDGE ( 'NONE', *, *, #5904, .T. ) ;
#8844 = CARTESIAN_POINT ( 'NONE',  ( -0.05912095429850876271, 0.3010000000383806218, 0.1753611016225989638 ) ) ;
#8845 = VECTOR ( 'NONE', #1743, 1000.000000000000114 ) ;
#8846 = DIRECTION ( 'NONE',  ( 0.9999748501857348426, -0.0000000000000000000, 0.007092178509965924721 ) ) ;
#8847 = LINE ( 'NONE', #2250, #2132 ) ;
#8848 = FILL_AREA_STYLE ('',( #2861 ) ) ;
#8849 = EDGE_CURVE ( 'NONE', #12123, #4293, #3871, .T. ) ;
#8850 = EDGE_CURVE ( 'NONE', #4682, #7109, #1212, .T. ) ;
#8851 = CARTESIAN_POINT ( 'NONE',  ( -0.2454290338427567442, 0.3000000000383806764, 0.06168067198567347975 ) ) ;
#8852 = FILL_AREA_STYLE ('',( #11581 ) ) ;
#8853 = ORIENTED_EDGE ( 'NONE', *, *, #6664, .F. ) ;
#8854 = MECHANICAL_DESIGN_GEOMETRIC_PRESENTATION_REPRESENTATION (  '', ( #5890 ), #6477 ) ;
#8855 = CARTESIAN_POINT ( 'NONE',  ( 0.1370675415051706980, 0.3000000000383806209, 0.2316161358628766875 ) ) ;
#8856 = VECTOR ( 'NONE', #6832, 1000.000000000000114 ) ;
#8857 = EDGE_CURVE ( 'NONE', #6361, #9167, #2941, .T. ) ;
#8858 = VERTEX_POINT ( 'NONE', #2040 ) ;
#8859 = CARTESIAN_POINT ( 'NONE',  ( -0.2365705191914510841, 0.3010000000383806773, 0.06174349973301983957 ) ) ;
#8860 = MECHANICAL_DESIGN_GEOMETRIC_PRESENTATION_REPRESENTATION (  '', ( #7480 ), #7489 ) ;
#8861 = DIRECTION ( 'NONE',  ( -0.007092178509961149895, -0.0000000000000000000, 0.9999748501857348426 ) ) ;
#8862 = SURFACE_STYLE_FILL_AREA ( #3911 ) ;
#8863 = PRESENTATION_LAYER_ASSIGNMENT (  '', '', ( #759 ) ) ;
#8864 = CARTESIAN_POINT ( 'NONE',  ( 0.1585076185311927455, 0.3010000000383806218, 0.2057397728603544695 ) ) ;
#8865 = FILL_AREA_STYLE ('',( #5087 ) ) ;
#8866 = ADVANCED_FACE ( 'NONE', ( #9575 ), #1097, .F. ) ;
#8867 = ORIENTED_EDGE ( 'NONE', *, *, #307, .F. ) ;
#8868 = EDGE_CURVE ( 'NONE', #5221, #6195, #2395, .T. ) ;
#8869 = CARTESIAN_POINT ( 'NONE',  ( 0.2729500142091998427, 0.3000000000383806209, 0.09506304592161925193 ) ) ;
#8870 = B_SPLINE_SURFACE_WITH_KNOTS ( 'NONE', 3, 1, ( 
 ( #2663, #3595 ),
 ( #11894, #5581 ),
 ( #10163, #9284 ),
 ( #6257, #628 ) ),
 .UNSPECIFIED., .F., .F., .F.,
 ( 4, 4 ),
 ( 2, 2 ),
 ( 8.000000000000000000, 9.000000000000000000 ),
 ( 0.0000000000000000000, 1.000000000000000000 ),
 .UNSPECIFIED. ) ;
#8871 =( LENGTH_UNIT ( ) NAMED_UNIT ( * ) SI_UNIT ( .MILLI., .METRE. ) );
#8872 = VECTOR ( 'NONE', #311, 1000.000000000000114 ) ;
#8873 = SURFACE_STYLE_USAGE ( .BOTH. , #11666 ) ;
#8874 = DIRECTION ( 'NONE',  ( -0.0000000000000000000, -1.000000000000000000, -0.0000000000000000000 ) ) ;
#8875 = CARTESIAN_POINT ( 'NONE',  ( 0.1737701084432274612, 0.3010000000383806218, 0.07223546485127343986 ) ) ;
#8876 = CARTESIAN_POINT ( 'NONE',  ( -0.1386509009049984031, 0.3000000000383806209, 0.04150712734879691279 ) ) ;
#8877 = CARTESIAN_POINT ( 'NONE',  ( -0.06548442679329812000, 0.3010000000383806218, 0.06320645153347548284 ) ) ;
#8878 = VERTEX_POINT ( 'NONE', #9004 ) ;
#8879 = FILL_AREA_STYLE_COLOUR ( '', #2823 ) ;
#8880 = CARTESIAN_POINT ( 'NONE',  ( 0.2244614296116107244, 0.3010000000383806218, 0.2036046968035146176 ) ) ;
#8881 = DIRECTION ( 'NONE',  ( 0.9370112956730888287, 0.0000000000000000000, -0.3492990578015338077 ) ) ;
#8882 = COLOUR_RGB ( '',1.000000000000000000, 1.000000000000000000, 1.000000000000000000 ) ;
#8883 = CARTESIAN_POINT ( 'NONE',  ( -0.1704031184300309476, 0.3000000000000000444, 0.2060461124987401083 ) ) ;
#8884 = DIRECTION ( 'NONE',  ( -0.0000000000000000000, -0.0000000000000000000, 1.000000000000000000 ) ) ;
#8885 = FILL_AREA_STYLE ('',( #4123 ) ) ;
#8886 = ORIENTED_EDGE ( 'NONE', *, *, #8622, .F. ) ;
#8887 = COLOUR_RGB ( '',1.000000000000000000, 1.000000000000000000, 1.000000000000000000 ) ;
#8888 = LINE ( 'NONE', #1479, #11259 ) ;
#8889 = MECHANICAL_DESIGN_GEOMETRIC_PRESENTATION_REPRESENTATION (  '', ( #7326 ), #4536 ) ;
#8890 = CARTESIAN_POINT ( 'NONE',  ( -0.1998649125028333640, 0.3010000000383806218, 0.1993800998865170870 ) ) ;
#8891 = ORIENTED_EDGE ( 'NONE', *, *, #6281, .T. ) ;
#8892 = CARTESIAN_POINT ( 'NONE',  ( 0.2174562885453621697, 0.3010000000383806218, 0.02916459669755753700 ) ) ;
#8893 = ORIENTED_EDGE ( 'NONE', *, *, #254, .F. ) ;
#8894 = DIRECTION ( 'NONE',  ( 0.007092178509963317432, 0.0000000000000000000, -0.9999748501857348426 ) ) ;
#8895 = SURFACE_SIDE_STYLE ('',( #7896 ) ) ;
#8896 = STYLED_ITEM ( 'NONE', ( #2914 ), #611 ) ;
#8897 = CARTESIAN_POINT ( 'NONE',  ( -0.2328986290345830268, 0.3010000000383806773, 0.2015477141739892841 ) ) ;
#8898 = AXIS2_PLACEMENT_3D ( 'NONE', #6112, #9153, #10951 ) ;
#8899 = DIRECTION ( 'NONE',  ( 0.9468623945986607282, 0.0000000000000000000, -0.3216389368451683106 ) ) ;
#8900 = CARTESIAN_POINT ( 'NONE',  ( -0.1479273002113785374, 0.3000000000000000444, 0.04758645964856490079 ) ) ;
#8901 = FACE_OUTER_BOUND ( 'NONE', #8641, .T. ) ;
#8902 = ORIENTED_EDGE ( 'NONE', *, *, #2301, .F. ) ;
#8903 = B_SPLINE_CURVE_WITH_KNOTS ( 'NONE', 3,
 ( #11408, #9433, #4792, #5716 ),
 .UNSPECIFIED., .F., .F.,
 ( 4, 4 ),
 ( 2.000000000000000000, 3.000000000000000000 ),
 .UNSPECIFIED. ) ;
#8904 = CARTESIAN_POINT ( 'NONE',  ( -0.05917272082273143663, 0.3000000000000000444, 0.1826600186241198465 ) ) ;
#8905 = CARTESIAN_POINT ( 'NONE',  ( 0.4499999999999997891, 0.2500000000000000000, 0.2999999999999999889 ) ) ;
#8906 = STYLED_ITEM ( 'NONE', ( #9211 ), #11304 ) ;
#8907 =( GEOMETRIC_REPRESENTATION_CONTEXT ( 3 ) GLOBAL_UNCERTAINTY_ASSIGNED_CONTEXT ( ( #4360 ) ) GLOBAL_UNIT_ASSIGNED_CONTEXT ( ( #7898, #10760, #3571 ) ) REPRESENTATION_CONTEXT ( 'NONE', 'WORKASPACE' ) );
#8908 = LINE ( 'NONE', #4213, #3894 ) ;
#8909 =( NAMED_UNIT ( * ) SI_UNIT ( $, .STERADIAN. ) SOLID_ANGLE_UNIT ( ) );
#8910 = SURFACE_SIDE_STYLE ('',( #10830 ) ) ;
#8911 = VERTEX_POINT ( 'NONE', #5229 ) ;
#8912 = CARTESIAN_POINT ( 'NONE',  ( -0.1295294717710495647, 0.3000000000000000444, 0.07267176121460015847 ) ) ;
#8913 = MECHANICAL_DESIGN_GEOMETRIC_PRESENTATION_REPRESENTATION (  '', ( #3184 ), #12075 ) ;
#8914 = VECTOR ( 'NONE', #3925, 1000.000000000000114 ) ;
#8915 = PRESENTATION_LAYER_ASSIGNMENT (  '', '', ( #6154 ) ) ;
#8916 = ORIENTED_EDGE ( 'NONE', *, *, #1984, .F. ) ;
#8917 = STYLED_ITEM ( 'NONE', ( #9136 ), #11496 ) ;
#8918 = VECTOR ( 'NONE', #12203, 1000.000000000000114 ) ;
#8919 = UNCERTAINTY_MEASURE_WITH_UNIT (LENGTH_MEASURE( 1.000000000000000082E-05 ), #1858, 'distance_accuracy_value', 'NONE');
#8920 = LINE ( 'NONE', #451, #8130 ) ;
#8921 = CARTESIAN_POINT ( 'NONE',  ( 0.0000000000000000000, -0.2499999999999998890, 0.2499999999999999445 ) ) ;
#8922 = ADVANCED_FACE ( 'NONE', ( #5978 ), #687, .F. ) ;
#8923 = EDGE_CURVE ( 'NONE', #9487, #949, #10706, .T. ) ;
#8924 = CARTESIAN_POINT ( 'NONE',  ( -0.09644743335900975156, 0.3010000000383806773, 0.1626501536337019438 ) ) ;
#8925 = AXIS2_PLACEMENT_3D ( 'NONE', #6488, #3592, #11202 ) ;
#8926 = CARTESIAN_POINT ( 'NONE',  ( 0.1127817436576375870, 0.3010000000383806773, 0.1082427051004219570 ) ) ;
#8927 = STYLED_ITEM ( 'NONE', ( #12217 ), #8990 ) ;
#8928 = DIRECTION ( 'NONE',  ( -1.000000000000000000, 0.0000000000000000000, 0.0000000000000000000 ) ) ;
#8929 = FACE_OUTER_BOUND ( 'NONE', #1802, .T. ) ;
#8930 =( GEOMETRIC_REPRESENTATION_CONTEXT ( 3 ) GLOBAL_UNCERTAINTY_ASSIGNED_CONTEXT ( ( #10859 ) ) GLOBAL_UNIT_ASSIGNED_CONTEXT ( ( #6928, #10709, #11639 ) ) REPRESENTATION_CONTEXT ( 'NONE', 'WORKASPACE' ) );
#8931 = COLOUR_RGB ( '',1.000000000000000000, 1.000000000000000000, 1.000000000000000000 ) ;
#8932 = STYLED_ITEM ( 'NONE', ( #1046 ), #4592 ) ;
#8933 = AXIS2_PLACEMENT_3D ( 'NONE', #12121, #3822, #5556 ) ;
#8934 = EDGE_LOOP ( 'NONE', ( #12074, #1552, #5627, #6293 ) ) ;
#8935 =( LENGTH_UNIT ( ) NAMED_UNIT ( * ) SI_UNIT ( .MILLI., .METRE. ) );
#8936 = CARTESIAN_POINT ( 'NONE',  ( -0.2636122843015362704, 0.3010000000383806218, 0.06791518837213486592 ) ) ;
#8937 = ORIENTED_EDGE ( 'NONE', *, *, #6615, .F. ) ;
#8938 = UNCERTAINTY_MEASURE_WITH_UNIT (LENGTH_MEASURE( 1.000000000000000082E-05 ), #4864, 'distance_accuracy_value', 'NONE');
#8939 = CARTESIAN_POINT ( 'NONE',  ( -0.1251809627667016256, 0.3010000000383806218, 0.09288481112674941420 ) ) ;
#8940 = PRESENTATION_LAYER_ASSIGNMENT (  '', '', ( #6578 ) ) ;
#8941 = EDGE_CURVE ( 'NONE', #10977, #8095, #3259, .T. ) ;
#8942 = MECHANICAL_DESIGN_GEOMETRIC_PRESENTATION_REPRESENTATION (  '', ( #3217 ), #11114 ) ;
#8943 =( GEOMETRIC_REPRESENTATION_CONTEXT ( 3 ) GLOBAL_UNCERTAINTY_ASSIGNED_CONTEXT ( ( #4108 ) ) GLOBAL_UNIT_ASSIGNED_CONTEXT ( ( #3735, #8319, #3812 ) ) REPRESENTATION_CONTEXT ( 'NONE', 'WORKASPACE' ) );
#8944 = CARTESIAN_POINT ( 'NONE',  ( -0.05988339222454173300, 0.3010000000383806218, 0.2058941521792218843 ) ) ;
#8945 = B_SPLINE_CURVE_WITH_KNOTS ( 'NONE', 3,
 ( #6862, #312, #10639, #3158 ),
 .UNSPECIFIED., .F., .F.,
 ( 4, 4 ),
 ( 23.00000000000000000, 24.00000000000000000 ),
 .UNSPECIFIED. ) ;
#8946 = AXIS2_PLACEMENT_3D ( 'NONE', #8955, #7226, #720 ) ;
#8947 = CARTESIAN_POINT ( 'NONE',  ( -0.05555023290851149320, 0.3000000000000000444, 0.06773758202827179220 ) ) ;
#8948 = FACE_OUTER_BOUND ( 'NONE', #124, .T. ) ;
#8949 = ORIENTED_EDGE ( 'NONE', *, *, #6429, .T. ) ;
#8950 =( NAMED_UNIT ( * ) SI_UNIT ( $, .STERADIAN. ) SOLID_ANGLE_UNIT ( ) );
#8951 = SURFACE_STYLE_USAGE ( .BOTH. , #3193 ) ;
#8952 = B_SPLINE_CURVE_WITH_KNOTS ( 'NONE', 3,
 ( #5116, #8020, #1485, #8892 ),
 .UNSPECIFIED., .F., .F.,
 ( 4, 4 ),
 ( 9.000000000000000000, 10.00000000000000000 ),
 .UNSPECIFIED. ) ;
#8953 =( GEOMETRIC_REPRESENTATION_CONTEXT ( 3 ) GLOBAL_UNCERTAINTY_ASSIGNED_CONTEXT ( ( #5972 ) ) GLOBAL_UNIT_ASSIGNED_CONTEXT ( ( #4177, #6279, #7095 ) ) REPRESENTATION_CONTEXT ( 'NONE', 'WORKASPACE' ) );
#8954 = LINE ( 'NONE', #472, #9642 ) ;
#8955 = CARTESIAN_POINT ( 'NONE',  ( 0.1127817436576375870, 0.3010000000383806773, 0.1082427051004219570 ) ) ;
#8956 = DIRECTION ( 'NONE',  ( 0.007092178509970722966, 0.0000000000000000000, -0.9999748501857348426 ) ) ;
#8957 = SURFACE_SIDE_STYLE ('',( #11619 ) ) ;
#8958 = ORIENTED_EDGE ( 'NONE', *, *, #3284, .F. ) ;
#8959 = EDGE_CURVE ( 'NONE', #1924, #8395, #8063, .T. ) ;
#8960 = SURFACE_SIDE_STYLE ('',( #8016 ) ) ;
#8961 =( GEOMETRIC_REPRESENTATION_CONTEXT ( 3 ) GLOBAL_UNCERTAINTY_ASSIGNED_CONTEXT ( ( #6086 ) ) GLOBAL_UNIT_ASSIGNED_CONTEXT ( ( #7936, #10728, #10788 ) ) REPRESENTATION_CONTEXT ( 'NONE', 'WORKASPACE' ) );
#8962 = CARTESIAN_POINT ( 'NONE',  ( 0.09992199848931948569, 0.3000000000000000444, 0.2087947179843276935 ) ) ;
#8963 = ORIENTED_EDGE ( 'NONE', *, *, #6387, .F. ) ;
#8964 = LINE ( 'NONE', #7893, #8630 ) ;
#8965 = ORIENTED_EDGE ( 'NONE', *, *, #4552, .F. ) ;
#8966 = LINE ( 'NONE', #4132, #1148 ) ;
#8967 = CARTESIAN_POINT ( 'NONE',  ( -0.05097322061687430822, 0.3010000000383806218, 0.1920762290057998756 ) ) ;
#8968 = FILL_AREA_STYLE_COLOUR ( '', #3715 ) ;
#8969 = PRESENTATION_STYLE_ASSIGNMENT (( #5192 ) ) ;
#8970 = CARTESIAN_POINT ( 'NONE',  ( -0.1205641077928972654, 0.3010000000383806218, 0.07086373545509425109 ) ) ;
#8971 = CARTESIAN_POINT ( 'NONE',  ( -0.1461669451910468098, 0.3010000000383806218, 0.04348139981061993620 ) ) ;
#8972 = VECTOR ( 'NONE', #10344, 1000.000000000000000 ) ;
#8973 = SURFACE_STYLE_USAGE ( .BOTH. , #607 ) ;
#8974 = SURFACE_STYLE_USAGE ( .BOTH. , #7731 ) ;
#8975 = ORIENTED_EDGE ( 'NONE', *, *, #1308, .F. ) ;
#8976 = APPLICATION_PROTOCOL_DEFINITION ( 'draft international standard', 'automotive_design', 1998, #11192 ) ;
#8977 = CARTESIAN_POINT ( 'NONE',  ( -0.05917272082273143663, 0.3010000000383806218, 0.1826600186241198465 ) ) ;
#8978 = EDGE_LOOP ( 'NONE', ( #2937, #77, #7867, #8749 ) ) ;
#8979 = FILL_AREA_STYLE ('',( #11952 ) ) ;
#8980 = PRESENTATION_LAYER_ASSIGNMENT (  '', '', ( #2270 ) ) ;
#8981 = CARTESIAN_POINT ( 'NONE',  ( -0.04824933950742547190, 0.3010000000383806773, 0.1598726395160341429 ) ) ;
#8982 = CARTESIAN_POINT ( 'NONE',  ( 0.3107631713427365661, 0.3000000000383806209, 0.1460866349904363648 ) ) ;
#8983 =( LENGTH_UNIT ( ) NAMED_UNIT ( * ) SI_UNIT ( .MILLI., .METRE. ) );
#8984 = ORIENTED_EDGE ( 'NONE', *, *, #4245, .T. ) ;
#8985 = CARTESIAN_POINT ( 'NONE',  ( -0.4499999999999981237, -0.2500000000000001665, -0.02000000000000000042 ) ) ;
#8986 = SURFACE_STYLE_USAGE ( .BOTH. , #149 ) ;
#8987 = VERTEX_POINT ( 'NONE', #6090 ) ;
#8988 = COLOUR_RGB ( '',1.000000000000000000, 1.000000000000000000, 1.000000000000000000 ) ;
#8990 = ADVANCED_FACE ( 'NONE', ( #8948 ), #4533, .F. ) ;
#8989 = CARTESIAN_POINT ( 'NONE',  ( -0.01602550693476220353, 0.3010000000383806773, 0.1531450270305751149 ) ) ;
#8991 =( LENGTH_UNIT ( ) NAMED_UNIT ( * ) SI_UNIT ( .MILLI., .METRE. ) );
#8992 = LINE ( 'NONE', #11019, #11696 ) ;
#8993 = CARTESIAN_POINT ( 'NONE',  ( 0.4999999999999996669, -0.2499999999999998890, 0.2999999999999999889 ) ) ;
#8994 = CARTESIAN_POINT ( 'NONE',  ( -0.3092639260244501864, 0.3010000000383806773, 0.1074879252756928555 ) ) ;
#8995 = SURFACE_STYLE_FILL_AREA ( #2380 ) ;
#8996 = STYLED_ITEM ( 'NONE', ( #6313 ), #6218 ) ;
#8997 = EDGE_LOOP ( 'NONE', ( #10261, #4680, #5443, #7917 ) ) ;
#8998 = DIRECTION ( 'NONE',  ( -0.007092178509957594579, -0.0000000000000000000, 0.9999748501857349536 ) ) ;
#8999 = FILL_AREA_STYLE_COLOUR ( '', #2193 ) ;
#9000 = EDGE_LOOP ( 'NONE', ( #7732, #7320, #12050, #11714 ) ) ;
#9001 = DIRECTION ( 'NONE',  ( -0.007092178509964645362, -0.0000000000000000000, 0.9999748501857348426 ) ) ;
#9002 = CARTESIAN_POINT ( 'NONE',  ( -0.06694115715677316503, 0.3000000000383806209, 0.06188599195807011066 ) ) ;
#9003 =( NAMED_UNIT ( * ) SI_UNIT ( $, .STERADIAN. ) SOLID_ANGLE_UNIT ( ) );
#9004 = CARTESIAN_POINT ( 'NONE',  ( -0.3103721245574679322, 0.3010000000383806773, 0.1032065530223878064 ) ) ;
#9005 = VERTEX_POINT ( 'NONE', #891 ) ;
#9006 =( LENGTH_UNIT ( ) NAMED_UNIT ( * ) SI_UNIT ( .MILLI., .METRE. ) );
#9007 = EDGE_CURVE ( 'NONE', #9641, #9458, #5468, .T. ) ;
#9008 = EDGE_CURVE ( 'NONE', #4671, #9336, #8372, .T. ) ;
#9009 = DIRECTION ( 'NONE',  ( -0.0000000000000000000, -1.000000000000000000, -0.0000000000000000000 ) ) ;
#9010 = CARTESIAN_POINT ( 'NONE',  ( -0.1117453039769849832, 0.3000000000383806209, 0.08312294866157624029 ) ) ;
#9011 = SURFACE_SIDE_STYLE ('',( #1596 ) ) ;
#9012 = EDGE_LOOP ( 'NONE', ( #1607, #11776, #11953, #12232 ) ) ;
#9013 = CARTESIAN_POINT ( 'NONE',  ( -0.02359795510417710129, 0.3010000000383806773, 0.1102938083407165176 ) ) ;
#9014 = PRESENTATION_LAYER_ASSIGNMENT (  '', '', ( #513 ) ) ;
#9015 = DIRECTION ( 'NONE',  ( 0.9999748501857348426, -0.0000000000000000000, 0.007092178509970722966 ) ) ;
#9016 = CARTESIAN_POINT ( 'NONE',  ( 0.05207026960083024208, 0.3000000000000000444, 0.1663760543917789936 ) ) ;
#9017 = ORIENTED_EDGE ( 'NONE', *, *, #4093, .F. ) ;
#9018 = DIRECTION ( 'NONE',  ( -0.9999748501857348426, -0.0000000000000000000, -0.007092178509964355664 ) ) ;
#9019 = LINE ( 'NONE', #4312, #7555 ) ;
#9020 = VERTEX_POINT ( 'NONE', #11035 ) ;
#9021 = EDGE_CURVE ( 'NONE', #1980, #10757, #4650, .T. ) ;
#9022 = LINE ( 'NONE', #7788, #1412 ) ;
#9023 = VECTOR ( 'NONE', #3273, 1000.000000000000000 ) ;
#9024 = EDGE_CURVE ( 'NONE', #11281, #5802, #4429, .T. ) ;
#9025 = LINE ( 'NONE', #3332, #1561 ) ;
#9026 =( NAMED_UNIT ( * ) SI_UNIT ( $, .STERADIAN. ) SOLID_ANGLE_UNIT ( ) );
#9027 = CARTESIAN_POINT ( 'NONE',  ( -0.09067934299154378763, 0.3010000000383806773, 0.08386503289269027495 ) ) ;
#9028 = ORIENTED_EDGE ( 'NONE', *, *, #5792, .T. ) ;
#9029 = SHAPE_DEFINITION_REPRESENTATION ( #7490, #5538 ) ;
#9030 = FILL_AREA_STYLE_COLOUR ( '', #10671 ) ;
#9031 = ORIENTED_EDGE ( 'NONE', *, *, #7046, .F. ) ;
#9032 = CARTESIAN_POINT ( 'NONE',  ( -0.1878940549403086968, 0.3000000000383806209, 0.1652457078455596695 ) ) ;
#9033 = ORIENTED_EDGE ( 'NONE', *, *, #1530, .T. ) ;
#9034 = CARTESIAN_POINT ( 'NONE',  ( 0.2587766062771868492, 0.3010000000383806218, 0.1973409663625794730 ) ) ;
#9035 = CARTESIAN_POINT ( 'NONE',  ( -0.1704031184300309198, 0.3010000000383806773, 0.2060461124987401083 ) ) ;
#9036 = LINE ( 'NONE', #5136, #11566 ) ;
#9037 = SURFACE_SIDE_STYLE ('',( #6314 ) ) ;
#9038 = ORIENTED_EDGE ( 'NONE', *, *, #1414, .T. ) ;
#9039 = PRESENTATION_LAYER_ASSIGNMENT (  '', '', ( #1343 ) ) ;
#9040 = DIRECTION ( 'NONE',  ( 0.3625544874979441112, -0.0000000000000000000, -0.9319625762846398542 ) ) ;
#9041 = ORIENTED_EDGE ( 'NONE', *, *, #7579, .T. ) ;
#9042 = UNCERTAINTY_MEASURE_WITH_UNIT (LENGTH_MEASURE( 1.000000000000000082E-05 ), #7816, 'distance_accuracy_value', 'NONE');
#9043 = DIRECTION ( 'NONE',  ( -0.0000000000000000000, -1.000000000000000000, -0.0000000000000000000 ) ) ;
#9044 = CARTESIAN_POINT ( 'NONE',  ( -0.1513366261722605965, 0.3010000000383806773, 0.05548543408044907810 ) ) ;
#9045 = DIRECTION ( 'NONE',  ( -0.9999748501857348426, -0.0000000000000000000, -0.007092178509964423318 ) ) ;
#9046 = DIRECTION ( 'NONE',  ( -0.0000000000000000000, -1.000000000000000000, -0.0000000000000000000 ) ) ;
#9047 = PRESENTATION_LAYER_ASSIGNMENT (  '', '', ( #1354 ) ) ;
#9048 = CARTESIAN_POINT ( 'NONE',  ( -0.06927822973042647992, 0.3000000000000000444, 0.05494445472113325402 ) ) ;
#9049 = VECTOR ( 'NONE', #92, 1000.000000000000000 ) ;
#9050 = VERTEX_POINT ( 'NONE', #711 ) ;
#9051 =( NAMED_UNIT ( * ) SI_UNIT ( $, .STERADIAN. ) SOLID_ANGLE_UNIT ( ) );
#9052 = CARTESIAN_POINT ( 'NONE',  ( 0.2169301805050373178, 0.3010000000383806218, 0.1645086717987799263 ) ) ;
#9053 = ORIENTED_EDGE ( 'NONE', *, *, #11480, .F. ) ;
#9054 = UNCERTAINTY_MEASURE_WITH_UNIT (LENGTH_MEASURE( 1.000000000000000082E-05 ), #6106, 'distance_accuracy_value', 'NONE');
#9055 = PRESENTATION_STYLE_ASSIGNMENT (( #5284 ) ) ;
#9056 = VECTOR ( 'NONE', #11028, 1000.000000000000114 ) ;
#9057 = CARTESIAN_POINT ( 'NONE',  ( -0.06580555046161730426, 0.3010000000383806218, 0.2118413063438930599 ) ) ;
#9058 = CARTESIAN_POINT ( 'NONE',  ( -0.2521797830824283881, 0.3010000000383806773, 0.1514701366250619796 ) ) ;
#9059 = ORIENTED_EDGE ( 'NONE', *, *, #10769, .F. ) ;
#9060 =( LENGTH_UNIT ( ) NAMED_UNIT ( * ) SI_UNIT ( .MILLI., .METRE. ) );
#9061 = EDGE_CURVE ( 'NONE', #8029, #6841, #3492, .T. ) ;
#9062 =( GEOMETRIC_REPRESENTATION_CONTEXT ( 3 ) GLOBAL_UNCERTAINTY_ASSIGNED_CONTEXT ( ( #9663 ) ) GLOBAL_UNIT_ASSIGNED_CONTEXT ( ( #10340, #5513, #6494 ) ) REPRESENTATION_CONTEXT ( 'NONE', 'WORKASPACE' ) );
#9063 = DIRECTION ( 'NONE',  ( -0.0000000000000000000, -1.000000000000000000, -0.0000000000000000000 ) ) ;
#9064 = B_SPLINE_CURVE_WITH_KNOTS ( 'NONE', 3,
 ( #9105, #11150, #4583, #10028 ),
 .UNSPECIFIED., .F., .F.,
 ( 4, 4 ),
 ( 4.000000000000000000, 5.000000000000000000 ),
 .UNSPECIFIED. ) ;
#9065 =( NAMED_UNIT ( * ) PLANE_ANGLE_UNIT ( ) SI_UNIT ( $, .RADIAN. ) );
#9066 = CARTESIAN_POINT ( 'NONE',  ( -0.06537249139256422203, 0.3010000000383806218, 0.07381304289953131981 ) ) ;
#9067 = CARTESIAN_POINT ( 'NONE',  ( -0.1027955380638549271, 0.3010000000383806218, 0.09450967208171308365 ) ) ;
#9068 = ORIENTED_EDGE ( 'NONE', *, *, #6906, .F. ) ;
#9069 = B_SPLINE_CURVE_WITH_KNOTS ( 'NONE', 3,
 ( #8851, #1255, #10773, #7851 ),
 .UNSPECIFIED., .F., .F.,
 ( 4, 4 ),
 ( 2.000000000000000000, 3.000000000000000000 ),
 .UNSPECIFIED. ) ;
#9070 = LINE ( 'NONE', #10688, #1391 ) ;
#9071 = B_SPLINE_SURFACE_WITH_KNOTS ( 'NONE', 3, 1, ( 
 ( #501, #1502 ),
 ( #11887, #7369 ),
 ( #11197, #3589 ),
 ( #7250, #8279 ) ),
 .UNSPECIFIED., .F., .F., .F.,
 ( 4, 4 ),
 ( 2, 2 ),
 ( 8.000000000000000000, 9.000000000000000000 ),
 ( 0.0000000000000000000, 1.000000000000000000 ),
 .UNSPECIFIED. ) ;
#9072 = ADVANCED_FACE ( 'NONE', ( #1587 ), #574, .T. ) ;
#9073 = EDGE_CURVE ( 'NONE', #8780, #10005, #87, .T. ) ;
#9074 = CARTESIAN_POINT ( 'NONE',  ( -0.04527823971281177279, 0.3010000000383806773, 0.09061289925227901387 ) ) ;
#9075 = VERTEX_POINT ( 'NONE', #11347 ) ;
#9076 = DIRECTION ( 'NONE',  ( -0.9999748501857348426, 0.0000000000000000000, -0.007092178509966605600 ) ) ;
#9077 = EDGE_LOOP ( 'NONE', ( #532, #11923, #10748, #12150 ) ) ;
#9078 = EDGE_CURVE ( 'NONE', #8327, #10961, #10415, .T. ) ;
#9079 = DIRECTION ( 'NONE',  ( 0.9999748501857348426, -0.0000000000000000000, 0.007092178509964026066 ) ) ;
#9080 = CARTESIAN_POINT ( 'NONE',  ( -0.2328986290345830268, 0.3000000000383806209, 0.2015477141739892841 ) ) ;
#9081 = EDGE_LOOP ( 'NONE', ( #8272, #7986, #4494, #7017 ) ) ;
#9082 = AXIS2_PLACEMENT_3D ( 'NONE', #4252, #417, #4188 ) ;
#9083 = SURFACE_STYLE_FILL_AREA ( #7054 ) ;
#9084 = LINE ( 'NONE', #10145, #8335 ) ;
#9085 = ORIENTED_EDGE ( 'NONE', *, *, #6985, .F. ) ;
#9086 = CARTESIAN_POINT ( 'NONE',  ( -0.06107609154015968683, 0.3000000000000000444, 0.1695452399993392645 ) ) ;
#9087 = EDGE_CURVE ( 'NONE', #7813, #5667, #6705, .T. ) ;
#9088 = CARTESIAN_POINT ( 'NONE',  ( 0.09992199848931948569, 0.3000000000000000444, 0.2087947179843276935 ) ) ;
#9089 = ORIENTED_EDGE ( 'NONE', *, *, #6769, .F. ) ;
#9090 = B_SPLINE_SURFACE_WITH_KNOTS ( 'NONE', 3, 1, ( 
 ( #4774, #6583 ),
 ( #8552, #2921 ),
 ( #10348, #3850 ),
 ( #4709, #6699 ) ),
 .UNSPECIFIED., .F., .F., .F.,
 ( 4, 4 ),
 ( 2, 2 ),
 ( 28.00000000000000000, 29.00000000000000000 ),
 ( 0.0000000000000000000, 1.000000000000000000 ),
 .UNSPECIFIED. ) ;
#9091 =( NAMED_UNIT ( * ) PLANE_ANGLE_UNIT ( ) SI_UNIT ( $, .RADIAN. ) );
#9092 = VERTEX_POINT ( 'NONE', #9427 ) ;
#9093 = AXIS2_PLACEMENT_3D ( 'NONE', #1892, #579, #2915 ) ;
#9094 = LINE ( 'NONE', #8347, #10158 ) ;
#9095 = CIRCLE ( 'NONE', #9493, 0.05000000000000002359 ) ;
#9096 = CARTESIAN_POINT ( 'NONE',  ( -0.1042038153965082758, 0.3000000000000000444, 0.05557016861915701350 ) ) ;
#9097 =( LENGTH_UNIT ( ) NAMED_UNIT ( * ) SI_UNIT ( .MILLI., .METRE. ) );
#9098 = B_SPLINE_CURVE_WITH_KNOTS ( 'NONE', 3,
 ( #5770, #4883, #11339, #2799 ),
 .UNSPECIFIED., .F., .F.,
 ( 4, 4 ),
 ( 5.000000000000000000, 6.000000000000000000 ),
 .UNSPECIFIED. ) ;
#9099 = EDGE_LOOP ( 'NONE', ( #8400, #6200, #799, #8473 ) ) ;
#9100 =( NAMED_UNIT ( * ) SI_UNIT ( $, .STERADIAN. ) SOLID_ANGLE_UNIT ( ) );
#9101 = FILL_AREA_STYLE ('',( #1563 ) ) ;
#9102 = EDGE_LOOP ( 'NONE', ( #1903, #1692, #6674, #204 ) ) ;
#9103 = STYLED_ITEM ( 'NONE', ( #2005 ), #9610 ) ;
#9104 = MECHANICAL_DESIGN_GEOMETRIC_PRESENTATION_REPRESENTATION (  '', ( #601 ), #3175 ) ;
#9105 = CARTESIAN_POINT ( 'NONE',  ( -0.2702572791969076738, 0.3000000000383806209, 0.08561717371546391508 ) ) ;
#9106 = EDGE_CURVE ( 'NONE', #1627, #2729, #10540, .T. ) ;
#9107 =( GEOMETRIC_REPRESENTATION_CONTEXT ( 3 ) GLOBAL_UNCERTAINTY_ASSIGNED_CONTEXT ( ( #8411 ) ) GLOBAL_UNIT_ASSIGNED_CONTEXT ( ( #1226, #1981, #3881 ) ) REPRESENTATION_CONTEXT ( 'NONE', 'WORKASPACE' ) );
#9108 = CARTESIAN_POINT ( 'NONE',  ( -0.3082354757770475184, 0.3010000000383806218, 0.1032217068980687963 ) ) ;
#9109 = EDGE_CURVE ( 'NONE', #7801, #10702, #4843, .T. ) ;
#9110 = LINE ( 'NONE', #11785, #11093 ) ;
#9111 = B_SPLINE_CURVE_WITH_KNOTS ( 'NONE', 3,
 ( #9560, #5832, #3060, #6880 ),
 .UNSPECIFIED., .F., .F.,
 ( 4, 4 ),
 ( 9.000000000000000000, 10.00000000000000000 ),
 .UNSPECIFIED. ) ;
#9112 = CARTESIAN_POINT ( 'NONE',  ( -0.2679934270472213997, 0.3000000000383806209, 0.07209524121453195211 ) ) ;
#9113 = DIRECTION ( 'NONE',  ( -0.0000000000000000000, -1.000000000000000000, -0.0000000000000000000 ) ) ;
#9114 = CARTESIAN_POINT ( 'NONE',  ( -0.2681217386275446257, 0.3010000000383806218, 0.09898314714741519860 ) ) ;
#9115 = COLOUR_RGB ( '',1.000000000000000000, 1.000000000000000000, 1.000000000000000000 ) ;
#9116 = CARTESIAN_POINT ( 'NONE',  ( -0.05674835674886309633, 0.3000000000383806209, 0.06074173557787726496 ) ) ;
#9117 = VERTEX_POINT ( 'NONE', #1194 ) ;
#9118 = PRESENTATION_LAYER_ASSIGNMENT (  '', '', ( #1411 ) ) ;
#9119 = FILL_AREA_STYLE_COLOUR ( '', #11405 ) ;
#9120 =( GEOMETRIC_REPRESENTATION_CONTEXT ( 3 ) GLOBAL_UNCERTAINTY_ASSIGNED_CONTEXT ( ( #11181 ) ) GLOBAL_UNIT_ASSIGNED_CONTEXT ( ( #12254, #8595, #7673 ) ) REPRESENTATION_CONTEXT ( 'NONE', 'WORKASPACE' ) );
#9121 = DIRECTION ( 'NONE',  ( 1.463672932855430986E-14, -1.000000000000000000, -0.0000000000000000000 ) ) ;
#9122 = ORIENTED_EDGE ( 'NONE', *, *, #1122, .T. ) ;
#9123 = SURFACE_STYLE_FILL_AREA ( #8248 ) ;
#9124 = FILL_AREA_STYLE_COLOUR ( '', #6953 ) ;
#9125 = SURFACE_STYLE_FILL_AREA ( #5346 ) ;
#9126 = COLOUR_RGB ( '',0.1019607843137254888, 0.1019607843137254888, 0.1019607843137254888 ) ;
#9127 = DIRECTION ( 'NONE',  ( 0.007092178509964422450, 0.0000000000000000000, -0.9999748501857348426 ) ) ;
#9128 = VECTOR ( 'NONE', #5955, 1000.000000000000000 ) ;
#9129 =( NAMED_UNIT ( * ) SI_UNIT ( $, .STERADIAN. ) SOLID_ANGLE_UNIT ( ) );
#9130 = ORIENTED_EDGE ( 'NONE', *, *, #6973, .T. ) ;
#9131 =( GEOMETRIC_REPRESENTATION_CONTEXT ( 3 ) GLOBAL_UNCERTAINTY_ASSIGNED_CONTEXT ( ( #10027 ) ) GLOBAL_UNIT_ASSIGNED_CONTEXT ( ( #491, #10878, #6185 ) ) REPRESENTATION_CONTEXT ( 'NONE', 'WORKASPACE' ) );
#9132 =( GEOMETRIC_REPRESENTATION_CONTEXT ( 3 ) GLOBAL_UNCERTAINTY_ASSIGNED_CONTEXT ( ( #8919 ) ) GLOBAL_UNIT_ASSIGNED_CONTEXT ( ( #1858, #8264, #11123 ) ) REPRESENTATION_CONTEXT ( 'NONE', 'WORKASPACE' ) );
#9133 = LINE ( 'NONE', #525, #2152 ) ;
#9134 = DIRECTION ( 'NONE',  ( -0.0000000000000000000, -1.000000000000000000, -0.0000000000000000000 ) ) ;
#9135 = AXIS2_PLACEMENT_3D ( 'NONE', #3474, #8412, #2606 ) ;
#9136 = PRESENTATION_STYLE_ASSIGNMENT (( #662 ) ) ;
#9137 = MECHANICAL_DESIGN_GEOMETRIC_PRESENTATION_REPRESENTATION (  '', ( #5781 ), #1649 ) ;
#9138 = ORIENTED_EDGE ( 'NONE', *, *, #1253, .F. ) ;
#9139 = DIRECTION ( 'NONE',  ( -0.0000000000000000000, -1.000000000000000000, -0.0000000000000000000 ) ) ;
#9140 = LINE ( 'NONE', #5364, #9882 ) ;
#9141 = SURFACE_STYLE_USAGE ( .BOTH. , #5365 ) ;
#9142 = ORIENTED_EDGE ( 'NONE', *, *, #4189, .F. ) ;
#9143 = VECTOR ( 'NONE', #326, 1000.000000000000000 ) ;
#9144 = SURFACE_STYLE_USAGE ( .BOTH. , #7510 ) ;
#9145 = DIRECTION ( 'NONE',  ( -0.0000000000000000000, -1.000000000000000000, -0.0000000000000000000 ) ) ;
#9146 = VERTEX_POINT ( 'NONE', #199 ) ;
#9147 = STYLED_ITEM ( 'NONE', ( #835 ), #5047 ) ;
#9148 = VECTOR ( 'NONE', #8173, 1000.000000000000000 ) ;
#9149 = FILL_AREA_STYLE ('',( #6242 ) ) ;
#9150 = FILL_AREA_STYLE_COLOUR ( '', #11712 ) ;
#9151 =( NAMED_UNIT ( * ) PLANE_ANGLE_UNIT ( ) SI_UNIT ( $, .RADIAN. ) );
#9152 = EDGE_LOOP ( 'NONE', ( #8984, #2910, #2518, #2431 ) ) ;
#9153 = DIRECTION ( 'NONE',  ( 0.0000000000000000000, -1.000000000000000000, 0.0000000000000000000 ) ) ;
#9154 =( NAMED_UNIT ( * ) PLANE_ANGLE_UNIT ( ) SI_UNIT ( $, .RADIAN. ) );
#9155 = ORIENTED_EDGE ( 'NONE', *, *, #7129, .T. ) ;
#9156 =( GEOMETRIC_REPRESENTATION_CONTEXT ( 3 ) GLOBAL_UNCERTAINTY_ASSIGNED_CONTEXT ( ( #1396 ) ) GLOBAL_UNIT_ASSIGNED_CONTEXT ( ( #9672, #6885, #952 ) ) REPRESENTATION_CONTEXT ( 'NONE', 'WORKASPACE' ) );
#9157 = SURFACE_STYLE_FILL_AREA ( #4685 ) ;
#9158 = CARTESIAN_POINT ( 'NONE',  ( -0.1923767237013861153, 0.3000000000383806764, 0.08258227537899906490 ) ) ;
#9159 = ORIENTED_EDGE ( 'NONE', *, *, #1346, .T. ) ;
#9160 = CARTESIAN_POINT ( 'NONE',  ( 0.2930118290230381839, 0.3010000000383806218, 0.08002207605094992238 ) ) ;
#9161 = ORIENTED_EDGE ( 'NONE', *, *, #3089, .F. ) ;
#9162 = CARTESIAN_POINT ( 'NONE',  ( -0.1923767237013861153, 0.3010000000383806773, 0.08258227537899906490 ) ) ;
#9163 = CARTESIAN_POINT ( 'NONE',  ( -0.05555023290851149320, 0.3010000000383806218, 0.06773758202827179220 ) ) ;
#9164 = STYLED_ITEM ( 'NONE', ( #1441 ), #5322 ) ;
#9165 = CARTESIAN_POINT ( 'NONE',  ( 0.1220635311277044333, 0.3000000000000000444, 0.08401532121141504217 ) ) ;
#9166 =( NAMED_UNIT ( * ) PLANE_ANGLE_UNIT ( ) SI_UNIT ( $, .RADIAN. ) );
#9167 = VERTEX_POINT ( 'NONE', #2142 ) ;
#9168 = FACE_OUTER_BOUND ( 'NONE', #7406, .T. ) ;
#9169 = ADVANCED_FACE ( 'NONE', ( #10599 ), #7304, .T. ) ;
#9170 = EDGE_CURVE ( 'NONE', #8223, #3062, #6646, .T. ) ;
#9171 = SURFACE_SIDE_STYLE ('',( #2541 ) ) ;
#9172 = SURFACE_SIDE_STYLE ('',( #1636 ) ) ;
#9173 = ORIENTED_EDGE ( 'NONE', *, *, #2436, .T. ) ;
#9174 = UNCERTAINTY_MEASURE_WITH_UNIT (LENGTH_MEASURE( 1.000000000000000082E-05 ), #10409, 'distance_accuracy_value', 'NONE');
#9175 = LINE ( 'NONE', #1817, #4196 ) ;
#9176 = CYLINDRICAL_SURFACE ( 'NONE', #9845, 0.05000000000000002359 ) ;
#9177 = STYLED_ITEM ( 'NONE', ( #242 ), #5679 ) ;
#9178 = DIRECTION ( 'NONE',  ( 0.0000000000000000000, 1.000000000000000000, 0.0000000000000000000 ) ) ;
#9179 = CARTESIAN_POINT ( 'NONE',  ( -0.09639389703908625429, 0.3010000000383806773, 0.1551017010080659730 ) ) ;
#9180 = DIRECTION ( 'NONE',  ( 7.264154555652879708E-15, 1.000000000000000000, 0.0000000000000000000 ) ) ;
#9181 = SURFACE_STYLE_FILL_AREA ( #3536 ) ;
#9182 = SURFACE_SIDE_STYLE ('',( #11969 ) ) ;
#9183 = EDGE_LOOP ( 'NONE', ( #9203, #11187, #7119, #4265 ) ) ;
#9184 = EDGE_CURVE ( 'NONE', #2009, #4837, #9486, .T. ) ;
#9185 = CARTESIAN_POINT ( 'NONE',  ( 0.1935981002751219482, 0.3000000000000000444, 0.02899538591180083474 ) ) ;
#9186 =( GEOMETRIC_REPRESENTATION_CONTEXT ( 3 ) GLOBAL_UNCERTAINTY_ASSIGNED_CONTEXT ( ( #1522 ) ) GLOBAL_UNIT_ASSIGNED_CONTEXT ( ( #4947, #2071, #6815 ) ) REPRESENTATION_CONTEXT ( 'NONE', 'WORKASPACE' ) );
#9187 = B_SPLINE_SURFACE_WITH_KNOTS ( 'NONE', 3, 1, ( 
 ( #11199, #1881 ),
 ( #8592, #9402 ),
 ( #8653, #1174 ),
 ( #4750, #9461 ) ),
 .UNSPECIFIED., .F., .F., .F.,
 ( 4, 4 ),
 ( 2, 2 ),
 ( 1.000000000000000000, 2.000000000000000000 ),
 ( 0.0000000000000000000, 1.000000000000000000 ),
 .UNSPECIFIED. ) ;
#9188 = EDGE_CURVE ( 'NONE', #1062, #11552, #3912, .T. ) ;
#9189 = ORIENTED_EDGE ( 'NONE', *, *, #8261, .T. ) ;
#9190 = UNCERTAINTY_MEASURE_WITH_UNIT (LENGTH_MEASURE( 1.000000000000000082E-05 ), #9460, 'distance_accuracy_value', 'NONE');
#9191 =( NAMED_UNIT ( * ) PLANE_ANGLE_UNIT ( ) SI_UNIT ( $, .RADIAN. ) );
#9192 = VECTOR ( 'NONE', #5265, 1000.000000000000000 ) ;
#9193 = CARTESIAN_POINT ( 'NONE',  ( 0.1127817436576375870, 0.3010000000383806773, 0.1082427051004219570 ) ) ;
#9194 = ORIENTED_EDGE ( 'NONE', *, *, #9078, .F. ) ;
#9195 = EDGE_CURVE ( 'NONE', #5922, #1207, #4064, .T. ) ;
#9196 = CARTESIAN_POINT ( 'NONE',  ( -0.1944850710672459682, 0.3010000000383806218, 0.1753368566573257903 ) ) ;
#9197 = CARTESIAN_POINT ( 'NONE',  ( -0.2059845006927037980, 0.3000000000000000444, 0.1517977700540079911 ) ) ;
#9198 = CARTESIAN_POINT ( 'NONE',  ( -0.02395080812184766442, 0.3010000000383806773, 0.1600449733723151025 ) ) ;
#9199 = EDGE_LOOP ( 'NONE', ( #6328, #3116, #8738, #6800 ) ) ;
#9200 = CARTESIAN_POINT ( 'NONE',  ( -0.05922756360300536482, 0.3000000000000000444, 0.05844702505212615723 ) ) ;
#9201 = EDGE_LOOP ( 'NONE', ( #6628, #3640, #7022, #2787 ) ) ;
#9202 = LINE ( 'NONE', #11305, #11278 ) ;
#9203 = ORIENTED_EDGE ( 'NONE', *, *, #2870, .T. ) ;
#9204 = SURFACE_STYLE_USAGE ( .BOTH. , #4317 ) ;
#9205 = EDGE_CURVE ( 'NONE', #3506, #3736, #2020, .T. ) ;
#9206 = B_SPLINE_CURVE_WITH_KNOTS ( 'NONE', 3,
 ( #8366, #6505, #5595, #8427 ),
 .UNSPECIFIED., .F., .F.,
 ( 4, 4 ),
 ( 3.000000000000000000, 4.000000000000000000 ),
 .UNSPECIFIED. ) ;
#9207 =( LENGTH_UNIT ( ) NAMED_UNIT ( * ) SI_UNIT ( .MILLI., .METRE. ) );
#9208 = SURFACE_STYLE_FILL_AREA ( #5433 ) ;
#9209 = CARTESIAN_POINT ( 'NONE',  ( -0.1166041680694361315, 0.3000000000000000444, 0.07329372195507743992 ) ) ;
#9210 = ORIENTED_EDGE ( 'NONE', *, *, #335, .T. ) ;
#9211 = PRESENTATION_STYLE_ASSIGNMENT (( #8339 ) ) ;
#9212 = VECTOR ( 'NONE', #8365, 1000.000000000000000 ) ;
#9213 = ORIENTED_EDGE ( 'NONE', *, *, #10989, .F. ) ;
#9214 = ORIENTED_EDGE ( 'NONE', *, *, #4748, .F. ) ;
#9215 = FACE_OUTER_BOUND ( 'NONE', #8706, .T. ) ;
#9216 = VERTEX_POINT ( 'NONE', #5150 ) ;
#9217 = CARTESIAN_POINT ( 'NONE',  ( -0.5000000000000002220, 0.2500000000000000000, 0.0000000000000000000 ) ) ;
#9218 =( GEOMETRIC_REPRESENTATION_CONTEXT ( 3 ) GLOBAL_UNCERTAINTY_ASSIGNED_CONTEXT ( ( #9374 ) ) GLOBAL_UNIT_ASSIGNED_CONTEXT ( ( #5131, #3462, #5069 ) ) REPRESENTATION_CONTEXT ( 'NONE', 'WORKASPACE' ) );
#9219 = DIRECTION ( 'NONE',  ( 0.3475765303544171014, -0.0000000000000000000, -0.9376516173647784225 ) ) ;
#9220 = ADVANCED_FACE ( 'NONE', ( #4101 ), #328, .F. ) ;
#9221 = ORIENTED_EDGE ( 'NONE', *, *, #1371, .F. ) ;
#9222 = CARTESIAN_POINT ( 'NONE',  ( -0.1017906464812901868, 0.3010000000383806218, 0.08256968020503013816 ) ) ;
#9223 = FILL_AREA_STYLE_COLOUR ( '', #11291 ) ;
#9224 = ORIENTED_EDGE ( 'NONE', *, *, #8418, .F. ) ;
#9225 = FILL_AREA_STYLE_COLOUR ( '', #1435 ) ;
#9226 = DIRECTION ( 'NONE',  ( -0.0000000000000000000, -1.000000000000000000, -0.0000000000000000000 ) ) ;
#9227 =( GEOMETRIC_REPRESENTATION_CONTEXT ( 3 ) GLOBAL_UNCERTAINTY_ASSIGNED_CONTEXT ( ( #1204 ) ) GLOBAL_UNIT_ASSIGNED_CONTEXT ( ( #4446, #2741, #2930 ) ) REPRESENTATION_CONTEXT ( 'NONE', 'WORKASPACE' ) );
#9228 = CARTESIAN_POINT ( 'NONE',  ( -0.08182569249341933859, 0.3010000000383806218, 0.06702093721743172805 ) ) ;
#9229 = EDGE_CURVE ( 'NONE', #7857, #1912, #1385, .T. ) ;
#9230 = CARTESIAN_POINT ( 'NONE',  ( 0.06109670222509443888, 0.3010000000383806218, 0.1169860697357324036 ) ) ;
#9231 = EDGE_CURVE ( 'NONE', #9491, #4366, #9808, .T. ) ;
#9232 = SURFACE_STYLE_FILL_AREA ( #8422 ) ;
#9233 = CARTESIAN_POINT ( 'NONE',  ( -0.2636884999578180677, 0.3000000000383806209, 0.1028513924644997024 ) ) ;
#9234 = SURFACE_STYLE_USAGE ( .BOTH. , #4418 ) ;
#9235 = EDGE_CURVE ( 'NONE', #9907, #9216, #9918, .T. ) ;
#9236 = ORIENTED_EDGE ( 'NONE', *, *, #6511, .T. ) ;
#9237 = AXIS2_PLACEMENT_3D ( 'NONE', #3230, #7249, #1368 ) ;
#9238 =( GEOMETRIC_REPRESENTATION_CONTEXT ( 3 ) GLOBAL_UNCERTAINTY_ASSIGNED_CONTEXT ( ( #5996 ) ) GLOBAL_UNIT_ASSIGNED_CONTEXT ( ( #2383, #9794, #2203 ) ) REPRESENTATION_CONTEXT ( 'NONE', 'WORKASPACE' ) );
#9239 =( LENGTH_UNIT ( ) NAMED_UNIT ( * ) SI_UNIT ( .MILLI., .METRE. ) );
#9240 = CARTESIAN_POINT ( 'NONE',  ( 0.2265750020595469760, 0.3010000000383806218, 0.08909462447471964974 ) ) ;
#9241 = CARTESIAN_POINT ( 'NONE',  ( -0.2679934270472213997, 0.3000000000383806209, 0.07209524121453195211 ) ) ;
#9242 = EDGE_LOOP ( 'NONE', ( #3818, #2896, #7242, #6325 ) ) ;
#9243 =( NAMED_UNIT ( * ) PLANE_ANGLE_UNIT ( ) SI_UNIT ( $, .RADIAN. ) );
#9244 = CARTESIAN_POINT ( 'NONE',  ( -0.2753470953625867801, 0.3000000000000000444, 0.06876776656435842905 ) ) ;
#9245 = COLOUR_RGB ( '',1.000000000000000000, 1.000000000000000000, 1.000000000000000000 ) ;
#9246 = EDGE_CURVE ( 'NONE', #9968, #2838, #9391, .T. ) ;
#9247 = ORIENTED_EDGE ( 'NONE', *, *, #8868, .T. ) ;
#9248 = PLANE ( 'NONE',  #260 ) ;
#9249 = EDGE_CURVE ( 'NONE', #1778, #5681, #2378, .T. ) ;
#9250 = CARTESIAN_POINT ( 'NONE',  ( -0.06537249139256422203, 0.3000000000383806209, 0.07381304289953131981 ) ) ;
#9251 = CARTESIAN_POINT ( 'NONE',  ( -0.04815298198153811216, 0.3000000000383806764, 0.05612366874347839152 ) ) ;
#9252 = B_SPLINE_CURVE_WITH_KNOTS ( 'NONE', 3,
 ( #8500, #4540, #8565, #12105 ),
 .UNSPECIFIED., .F., .F.,
 ( 4, 4 ),
 ( 1.000000000000000000, 2.000000000000000000 ),
 .UNSPECIFIED. ) ;
#9253 = STYLED_ITEM ( 'NONE', ( #4874 ), #3043 ) ;
#9254 = CARTESIAN_POINT ( 'NONE',  ( -0.1303702161949420180, 0.3010000000383806218, 0.07026389716086435533 ) ) ;
#9255 =( GEOMETRIC_REPRESENTATION_CONTEXT ( 3 ) GLOBAL_UNCERTAINTY_ASSIGNED_CONTEXT ( ( #2259 ) ) GLOBAL_UNIT_ASSIGNED_CONTEXT ( ( #5869, #5649, #8715 ) ) REPRESENTATION_CONTEXT ( 'NONE', 'WORKASPACE' ) );
#9256 = CARTESIAN_POINT ( 'NONE',  ( -0.04714787961761836982, 0.3000000000000000444, 0.1101267838715366543 ) ) ;
#9257 = PLANE ( 'NONE',  #8536 ) ;
#9258 = ORIENTED_EDGE ( 'NONE', *, *, #10772, .F. ) ;
#9259 = FILL_AREA_STYLE_COLOUR ( '', #7338 ) ;
#9260 = ORIENTED_EDGE ( 'NONE', *, *, #836, .T. ) ;
#9261 = ORIENTED_EDGE ( 'NONE', *, *, #1915, .T. ) ;
#9262 = VECTOR ( 'NONE', #7076, 1000.000000000000000 ) ;
#9263 = CARTESIAN_POINT ( 'NONE',  ( -0.07003371823190170098, 0.3010000000383806218, 0.2054478401807157129 ) ) ;
#9264 = CARTESIAN_POINT ( 'NONE',  ( -0.1403964596463010972, 0.3010000000383806773, 0.2062589304316533867 ) ) ;
#9265 =( LENGTH_UNIT ( ) NAMED_UNIT ( * ) SI_UNIT ( .MILLI., .METRE. ) );
#9266 = PLANE ( 'NONE',  #8933 ) ;
#9267 = VERTEX_POINT ( 'NONE', #10910 ) ;
#9268 = B_SPLINE_SURFACE_WITH_KNOTS ( 'NONE', 3, 1, ( 
 ( #8581, #109 ),
 ( #7661, #7713 ),
 ( #2951, #10566 ),
 ( #4862, #2105 ) ),
 .UNSPECIFIED., .F., .F., .F.,
 ( 4, 4 ),
 ( 2, 2 ),
 ( 1.000000000000000000, 2.000000000000000000 ),
 ( 0.0000000000000000000, 1.000000000000000000 ),
 .UNSPECIFIED. ) ;
#9269 =( LENGTH_UNIT ( ) NAMED_UNIT ( * ) SI_UNIT ( .MILLI., .METRE. ) );
#9270 = ORIENTED_EDGE ( 'NONE', *, *, #1641, .T. ) ;
#9271 = CARTESIAN_POINT ( 'NONE',  ( -0.02433419011534256396, 0.3000000000000000444, 0.2141006279177168348 ) ) ;
#9272 = CARTESIAN_POINT ( 'NONE',  ( -0.1684574757390471245, 0.3000000000000000444, 0.09884777657425049269 ) ) ;
#9273 = ORIENTED_EDGE ( 'NONE', *, *, #915, .T. ) ;
#9274 = PRESENTATION_LAYER_ASSIGNMENT (  '', '', ( #1585 ) ) ;
#9275 = CARTESIAN_POINT ( 'NONE',  ( -0.2533890728402347636, 0.3000000000383806209, 0.1086640477255515214 ) ) ;
#9276 = VERTEX_POINT ( 'NONE', #4224 ) ;
#9277 = CARTESIAN_POINT ( 'NONE',  ( -0.1089770739765454771, 0.3000000000383806209, 0.08644909526872657235 ) ) ;
#9278 = CARTESIAN_POINT ( 'NONE',  ( 0.09145551567837971463, 0.3000000000383806764, 0.05690221367790437856 ) ) ;
#9279 = CARTESIAN_POINT ( 'NONE',  ( -0.07010858147790996475, 0.3010000000383806773, 0.08185857505698616865 ) ) ;
#9280 = VERTEX_POINT ( 'NONE', #11592 ) ;
#9281 = DIRECTION ( 'NONE',  ( -0.0000000000000000000, -1.000000000000000000, -0.0000000000000000000 ) ) ;
#9282 = COLOUR_RGB ( '',1.000000000000000000, 1.000000000000000000, 1.000000000000000000 ) ;
#9283 = DIRECTION ( 'NONE',  ( -0.007092178509963895962, 0.0000000000000000000, 0.9999748501857348426 ) ) ;
#9284 = CARTESIAN_POINT ( 'NONE',  ( -0.07558621805047235909, 0.3000000000000000444, 0.2076543934544113346 ) ) ;
#9285 = ORIENTED_EDGE ( 'NONE', *, *, #4930, .F. ) ;
#9286 = DIRECTION ( 'NONE',  ( 0.3349296976928463621, 0.0000000000000000000, 0.9422431202207732781 ) ) ;
#9287 = CARTESIAN_POINT ( 'NONE',  ( -0.07504465569276723425, 0.3010000000383806218, 0.1005084863354538394 ) ) ;
#9288 = PRESENTATION_LAYER_ASSIGNMENT (  '', '', ( #9682 ) ) ;
#9289 =( NAMED_UNIT ( * ) SI_UNIT ( $, .STERADIAN. ) SOLID_ANGLE_UNIT ( ) );
#9290 = SURFACE_STYLE_USAGE ( .BOTH. , #3600 ) ;
#9291 = PRESENTATION_LAYER_ASSIGNMENT (  '', '', ( #2389 ) ) ;
#9292 = LINE ( 'NONE', #4586, #6352 ) ;
#9293 = PRESENTATION_STYLE_ASSIGNMENT (( #5409 ) ) ;
#9294 = ORIENTED_EDGE ( 'NONE', *, *, #12186, .F. ) ;
#9295 = SURFACE_STYLE_FILL_AREA ( #4355 ) ;
#9296 = VECTOR ( 'NONE', #6574, 1000.000000000000000 ) ;
#9297 = CARTESIAN_POINT ( 'NONE',  ( -0.1529269886429297232, 0.3010000000383806773, 0.1521740728647053287 ) ) ;
#9298 = AXIS2_PLACEMENT_3D ( 'NONE', #9074, #9015, #5484 ) ;
#9299 = DIRECTION ( 'NONE',  ( -0.0000000000000000000, -1.000000000000000000, -0.0000000000000000000 ) ) ;
#9300 = ORIENTED_EDGE ( 'NONE', *, *, #10731, .F. ) ;
#9301 = EDGE_CURVE ( 'NONE', #9841, #12229, #7996, .T. ) ;
#9302 = UNCERTAINTY_MEASURE_WITH_UNIT (LENGTH_MEASURE( 1.000000000000000082E-05 ), #7648, 'distance_accuracy_value', 'NONE');
#9303 = LINE ( 'NONE', #6446, #7924 ) ;
#9304 = LINE ( 'NONE', #5601, #4983 ) ;
#9305 = COLOUR_RGB ( '',0.1019607843137254888, 0.1019607843137254888, 0.1019607843137254888 ) ;
#9306 =( NAMED_UNIT ( * ) PLANE_ANGLE_UNIT ( ) SI_UNIT ( $, .RADIAN. ) );
#9307 = ORIENTED_EDGE ( 'NONE', *, *, #2592, .F. ) ;
#9308 = VECTOR ( 'NONE', #2752, 1000.000000000000000 ) ;
#9309 =( GEOMETRIC_REPRESENTATION_CONTEXT ( 3 ) GLOBAL_UNCERTAINTY_ASSIGNED_CONTEXT ( ( #10922 ) ) GLOBAL_UNIT_ASSIGNED_CONTEXT ( ( #9590, #10576, #4873 ) ) REPRESENTATION_CONTEXT ( 'NONE', 'WORKASPACE' ) );
#9310 = CARTESIAN_POINT ( 'NONE',  ( -0.1999999999999981515, -0.2500000000000001665, 0.0000000000000000000 ) ) ;
#9311 = COLOUR_RGB ( '',1.000000000000000000, 1.000000000000000000, 1.000000000000000000 ) ;
#9312 = EDGE_CURVE ( 'NONE', #553, #1484, #3244, .T. ) ;
#9313 = CARTESIAN_POINT ( 'NONE',  ( 0.07603921403348276598, 0.3000000000000000444, 0.1509289948368763568 ) ) ;
#9314 = PRESENTATION_LAYER_ASSIGNMENT (  '', '', ( #10487 ) ) ;
#9315 = CARTESIAN_POINT ( 'NONE',  ( -0.1800132275282965710, 0.3000000000383806209, 0.2129964966254278558 ) ) ;
#9316 = EDGE_LOOP ( 'NONE', ( #10381, #2924, #8958, #165 ) ) ;
#9317 = EDGE_CURVE ( 'NONE', #5629, #5349, #3171, .T. ) ;
#9318 = VECTOR ( 'NONE', #9557, 1000.000000000000000 ) ;
#9319 = VECTOR ( 'NONE', #4700, 1000.000000000000000 ) ;
#9320 = PRESENTATION_LAYER_ASSIGNMENT (  '', '', ( #3985 ) ) ;
#9321 = PRESENTATION_LAYER_ASSIGNMENT (  '', '', ( #2419 ) ) ;
#9322 = CARTESIAN_POINT ( 'NONE',  ( -0.2337328483809981705, 0.3000000000383806209, 0.2048171174027608454 ) ) ;
#9323 = CARTESIAN_POINT ( 'NONE',  ( -0.1562488046639261829, 0.3010000000383806773, 0.04877518144947042694 ) ) ;
#9324 = PRESENTATION_STYLE_ASSIGNMENT (( #5547 ) ) ;
#9325 = VERTEX_POINT ( 'NONE', #9789 ) ;
#9326 = MECHANICAL_DESIGN_GEOMETRIC_PRESENTATION_REPRESENTATION (  '', ( #2227 ), #9131 ) ;
#9327 = VECTOR ( 'NONE', #6774, 1000.000000000000114 ) ;
#9328 = CARTESIAN_POINT ( 'NONE',  ( -0.1113433495717457700, 0.3000000000000000444, 0.09242146902170773892 ) ) ;
#9329 = VECTOR ( 'NONE', #5415, 1000.000000000000000 ) ;
#9330 = STYLED_ITEM ( 'NONE', ( #10608 ), #4897 ) ;
#9331 = SURFACE_STYLE_FILL_AREA ( #5553 ) ;
#9332 = EDGE_CURVE ( 'NONE', #6361, #7187, #1325, .T. ) ;
#9333 = DIRECTION ( 'NONE',  ( -0.0000000000000000000, -1.000000000000000000, -0.0000000000000000000 ) ) ;
#9334 = EDGE_LOOP ( 'NONE', ( #12061, #521, #10002, #4430 ) ) ;
#9335 = FACE_OUTER_BOUND ( 'NONE', #3433, .T. ) ;
#9336 = VERTEX_POINT ( 'NONE', #2318 ) ;
#9337 = EDGE_CURVE ( 'NONE', #1271, #158, #1576, .T. ) ;
#9338 = EDGE_CURVE ( 'NONE', #5046, #9632, #8793, .T. ) ;
#9339 = CARTESIAN_POINT ( 'NONE',  ( 0.2836869656503236969, 0.3010000000383806218, 0.1103224433598628124 ) ) ;
#9340 = AXIS2_PLACEMENT_3D ( 'NONE', #10357, #1712, #12101 ) ;
#9341 = VERTEX_POINT ( 'NONE', #4281 ) ;
#9342 = B_SPLINE_CURVE_WITH_KNOTS ( 'NONE', 3,
 ( #3531, #12259, #9469, #3656 ),
 .UNSPECIFIED., .F., .F.,
 ( 4, 4 ),
 ( 19.00000000000000000, 20.00000000000000000 ),
 .UNSPECIFIED. ) ;
#9343 = PRESENTATION_LAYER_ASSIGNMENT (  '', '', ( #10331 ) ) ;
#9344 = DIRECTION ( 'NONE',  ( -0.9999748501857348426, -0.0000000000000000000, -0.007092178509963679121 ) ) ;
#9345 = VERTEX_POINT ( 'NONE', #5407 ) ;
#9346 = DIRECTION ( 'NONE',  ( 0.3592492403233707443, 0.0000000000000000000, 0.9332416532319379732 ) ) ;
#9347 = FILL_AREA_STYLE ('',( #7669 ) ) ;
#9348 = PRESENTATION_STYLE_ASSIGNMENT (( #10159 ) ) ;
#9349 = ORIENTED_EDGE ( 'NONE', *, *, #8850, .F. ) ;
#9350 = SURFACE_SIDE_STYLE ('',( #1811 ) ) ;
#9351 = CARTESIAN_POINT ( 'NONE',  ( -0.08670215959540425454, 0.3010000000383806218, 0.1586329192107028274 ) ) ;
#9352 = CARTESIAN_POINT ( 'NONE',  ( -0.2059845006927038535, 0.3010000000383806773, 0.1517977700540079633 ) ) ;
#9353 = EDGE_LOOP ( 'NONE', ( #6979, #11190, #1353, #3566, #6822, #9155, #3321, #7067, #11889, #8364, #12168, #4558, #7596, #11870 ) ) ;
#9354 = PLANE ( 'NONE',  #9135 ) ;
#9355 = DIRECTION ( 'NONE',  ( -0.0000000000000000000, -1.000000000000000000, -0.0000000000000000000 ) ) ;
#9356 = FILL_AREA_STYLE_COLOUR ( '', #6123 ) ;
#9357 = FILL_AREA_STYLE_COLOUR ( '', #6564 ) ;
#9358 =( GEOMETRIC_REPRESENTATION_CONTEXT ( 3 ) GLOBAL_UNCERTAINTY_ASSIGNED_CONTEXT ( ( #6330 ) ) GLOBAL_UNIT_ASSIGNED_CONTEXT ( ( #5276, #1270, #7998 ) ) REPRESENTATION_CONTEXT ( 'NONE', 'WORKASPACE' ) );
#9359 = CARTESIAN_POINT ( 'NONE',  ( -0.1166584943397403207, 0.3010000000383806773, 0.1799127948524280318 ) ) ;
#9360 = PRESENTATION_STYLE_ASSIGNMENT (( #5590 ) ) ;
#9361 = VERTEX_POINT ( 'NONE', #6264 ) ;
#9362 =( NAMED_UNIT ( * ) SI_UNIT ( $, .STERADIAN. ) SOLID_ANGLE_UNIT ( ) );
#9363 = EDGE_CURVE ( 'NONE', #8247, #1798, #7621, .T. ) ;
#9364 = CARTESIAN_POINT ( 'NONE',  ( -0.2454264887174818222, 0.3010000000383806773, 0.05472453463045744149 ) ) ;
#9365 = VERTEX_POINT ( 'NONE', #8292 ) ;
#9366 = DIRECTION ( 'NONE',  ( -0.3733863129577220108, -0.0000000000000000000, 0.9276759462742569795 ) ) ;
#9367 = SURFACE_SIDE_STYLE ('',( #889 ) ) ;
#9368 = SURFACE_SIDE_STYLE ('',( #2502 ) ) ;
#9369 = ORIENTED_EDGE ( 'NONE', *, *, #1849, .T. ) ;
#9370 = CARTESIAN_POINT ( 'NONE',  ( -0.3094510777426409120, 0.3010000000383806773, 0.1074865979289164747 ) ) ;
#9371 = B_SPLINE_SURFACE_WITH_KNOTS ( 'NONE', 3, 1, ( 
 ( #11409, #5034 ),
 ( #11603, #2936 ),
 ( #9743, #1278 ),
 ( #9498, #2032 ) ),
 .UNSPECIFIED., .F., .F., .F.,
 ( 4, 4 ),
 ( 2, 2 ),
 ( 33.00000000000000000, 34.00000000000000000 ),
 ( 0.0000000000000000000, 1.000000000000000000 ),
 .UNSPECIFIED. ) ;
#9372 = AXIS2_PLACEMENT_3D ( 'NONE', #5305, #6241, #10007 ) ;
#9373 = DIRECTION ( 'NONE',  ( 0.3349296976928463621, 0.0000000000000000000, 0.9422431202207732781 ) ) ;
#9374 = UNCERTAINTY_MEASURE_WITH_UNIT (LENGTH_MEASURE( 1.000000000000000082E-05 ), #5131, 'distance_accuracy_value', 'NONE');
#9375 = CARTESIAN_POINT ( 'NONE',  ( -0.1529269886429297232, 0.3010000000383806773, 0.1521740728647053287 ) ) ;
#9376 =( NAMED_UNIT ( * ) PLANE_ANGLE_UNIT ( ) SI_UNIT ( $, .RADIAN. ) );
#9377 = CARTESIAN_POINT ( 'NONE',  ( -0.1089894625464456063, 0.3010000000383806218, 0.08819584463670156194 ) ) ;
#9378 = ORIENTED_EDGE ( 'NONE', *, *, #11057, .F. ) ;
#9379 = PRESENTATION_LAYER_ASSIGNMENT (  '', '', ( #7795 ) ) ;
#9380 = DIRECTION ( 'NONE',  ( 0.0000000000000000000, -0.0000000000000000000, -1.000000000000000000 ) ) ;
#9381 = SURFACE_STYLE_FILL_AREA ( #9946 ) ;
#9382 = ORIENTED_EDGE ( 'NONE', *, *, #4153, .F. ) ;
#9383 = B_SPLINE_CURVE_WITH_KNOTS ( 'NONE', 3,
 ( #8036, #10712, #8982, #6015 ),
 .UNSPECIFIED., .F., .F.,
 ( 4, 4 ),
 ( 6.000000000000000000, 7.000000000000000000 ),
 .UNSPECIFIED. ) ;
#9384 = EDGE_CURVE ( 'NONE', #4562, #4448, #4794, .T. ) ;
#9385 = FILL_AREA_STYLE ('',( #2833 ) ) ;
#9386 = EDGE_CURVE ( 'NONE', #2733, #2827, #2670, .T. ) ;
#9387 = EDGE_CURVE ( 'NONE', #7008, #1727, #4521, .T. ) ;
#9388 = DIRECTION ( 'NONE',  ( 1.807003620809174139E-16, 1.000000000000000000, 0.0000000000000000000 ) ) ;
#9389 = CARTESIAN_POINT ( 'NONE',  ( 0.2316327286574872968, 0.3010000000383806218, 0.1711200534376403071 ) ) ;
#9390 = EDGE_LOOP ( 'NONE', ( #4186, #48, #5924, #7832 ) ) ;
#9391 = B_SPLINE_CURVE_WITH_KNOTS ( 'NONE', 3,
 ( #11725, #10843, #9735, #4046 ),
 .UNSPECIFIED., .F., .F.,
 ( 4, 4 ),
 ( 2.000000000000000000, 3.000000000000000000 ),
 .UNSPECIFIED. ) ;
#9392 = DIRECTION ( 'NONE',  ( -0.007092178509964355664, 0.0000000000000000000, 0.9999748501857348426 ) ) ;
#9393 = SURFACE_STYLE_USAGE ( .BOTH. , #7536 ) ;
#9394 = VERTEX_POINT ( 'NONE', #5458 ) ;
#9395 = DIRECTION ( 'NONE',  ( -0.3382111624796516614, -0.0000000000000000000, 0.9410702468860454584 ) ) ;
#9396 = ORIENTED_EDGE ( 'NONE', *, *, #3053, .T. ) ;
#9397 =( NAMED_UNIT ( * ) PLANE_ANGLE_UNIT ( ) SI_UNIT ( $, .RADIAN. ) );
#9398 = EDGE_CURVE ( 'NONE', #1912, #5283, #11087, .T. ) ;
#9399 = ORIENTED_EDGE ( 'NONE', *, *, #9188, .F. ) ;
#9400 = CARTESIAN_POINT ( 'NONE',  ( -0.1089894625464456063, 0.3000000000000000444, 0.08819584463670156194 ) ) ;
#9401 = EDGE_CURVE ( 'NONE', #10961, #8147, #639, .T. ) ;
#9402 = CARTESIAN_POINT ( 'NONE',  ( -0.06402194598609313447, 0.3000000000383806209, 0.07251249352575057927 ) ) ;
#9403 = CARTESIAN_POINT ( 'NONE',  ( 0.2584566845650436706, 0.3010000000383806218, 0.05895426299984748292 ) ) ;
#9404 = ORIENTED_EDGE ( 'NONE', *, *, #11137, .T. ) ;
#9405 = CARTESIAN_POINT ( 'NONE',  ( -0.3103721245574679322, 0.3000000000383806764, 0.1032065530223878064 ) ) ;
#9406 = DIRECTION ( 'NONE',  ( -0.0000000000000000000, -1.000000000000000000, -0.0000000000000000000 ) ) ;
#9407 = FILL_AREA_STYLE ('',( #1117 ) ) ;
#9408 = ORIENTED_EDGE ( 'NONE', *, *, #7634, .T. ) ;
#9409 = UNCERTAINTY_MEASURE_WITH_UNIT (LENGTH_MEASURE( 1.000000000000000082E-05 ), #6713, 'distance_accuracy_value', 'NONE');
#9410 = FACE_OUTER_BOUND ( 'NONE', #7660, .T. ) ;
#9411 = CARTESIAN_POINT ( 'NONE',  ( -0.1180266107297594513, 0.3010000000383806218, 0.08033336945613479829 ) ) ;
#9412 = VECTOR ( 'NONE', #8587, 1000.000000000000000 ) ;
#9413 = CARTESIAN_POINT ( 'NONE',  ( -0.1924262779809833845, 0.3010000000383806773, 0.08956927285047998344 ) ) ;
#9414 = CARTESIAN_POINT ( 'NONE',  ( 0.4499999999999996780, -0.2499999999999998890, 0.2499999999999999445 ) ) ;
#9415 = CARTESIAN_POINT ( 'NONE',  ( -0.06503813254809825972, 0.3010000000383806218, 0.1652124337543380006 ) ) ;
#9416 = CARTESIAN_POINT ( 'NONE',  ( -0.3217935729080182439, 0.3010000000383806773, 0.07087144628550495762 ) ) ;
#9417 = EDGE_CURVE ( 'NONE', #8987, #470, #9292, .T. ) ;
#9418 = EDGE_LOOP ( 'NONE', ( #2942, #7451, #11277, #5312 ) ) ;
#9419 = SURFACE_SIDE_STYLE ('',( #5648 ) ) ;
#9420 = FILL_AREA_STYLE ('',( #2806 ) ) ;
#9421 = CARTESIAN_POINT ( 'NONE',  ( -0.07962566394887087007, 0.3010000000383806218, 0.06469702645513186745 ) ) ;
#9422 = VERTEX_POINT ( 'NONE', #7437 ) ;
#9423 = UNCERTAINTY_MEASURE_WITH_UNIT (LENGTH_MEASURE( 1.000000000000000082E-05 ), #4657, 'distance_accuracy_value', 'NONE');
#9424 = DIRECTION ( 'NONE',  ( -0.0000000000000000000, -1.000000000000000000, -0.0000000000000000000 ) ) ;
#9425 =( NAMED_UNIT ( * ) SI_UNIT ( $, .STERADIAN. ) SOLID_ANGLE_UNIT ( ) );
#9426 = CARTESIAN_POINT ( 'NONE',  ( -0.06001256712046578595, 0.3000000000000000444, 0.09655994141222511151 ) ) ;
#9427 = CARTESIAN_POINT ( 'NONE',  ( 0.1737393428458150479, 0.3010000000383806218, 0.07657331726434679631 ) ) ;
#9428 = VERTEX_POINT ( 'NONE', #10966 ) ;
#9429 =( NAMED_UNIT ( * ) PLANE_ANGLE_UNIT ( ) SI_UNIT ( $, .RADIAN. ) );
#9430 = VECTOR ( 'NONE', #9776, 1000.000000000000000 ) ;
#9431 =( NAMED_UNIT ( * ) PLANE_ANGLE_UNIT ( ) SI_UNIT ( $, .RADIAN. ) );
#9432 = CARTESIAN_POINT ( 'NONE',  ( -0.04527823971281177279, 0.3010000000383806773, 0.09061289925227901387 ) ) ;
#9433 = CARTESIAN_POINT ( 'NONE',  ( -0.05083871614368025427, 0.3000000000383806209, 0.1731115215830306420 ) ) ;
#9434 = LINE ( 'NONE', #2566, #5164 ) ;
#9435 = AXIS2_PLACEMENT_3D ( 'NONE', #12131, #3696, #9346 ) ;
#9436 = SURFACE_STYLE_FILL_AREA ( #1911 ) ;
#9437 = EDGE_LOOP ( 'NONE', ( #5838, #5979, #5813, #7197 ) ) ;
#9438 = FILL_AREA_STYLE ('',( #4797 ) ) ;
#9439 = CARTESIAN_POINT ( 'NONE',  ( -0.2694921949318911936, 0.3000000000000000444, 0.1074892588887059880 ) ) ;
#9440 = LINE ( 'NONE', #6897, #1420 ) ;
#9441 = EDGE_LOOP ( 'NONE', ( #4688, #11027, #331, #7393, #6786, #2864, #1493, #2661, #9221, #7784, #2326, #1765, #9588, #4341, #7368 ) ) ;
#9442 = CARTESIAN_POINT ( 'NONE',  ( -0.2533890728402347636, 0.3000000000000000444, 0.1086640477255515214 ) ) ;
#9443 = CARTESIAN_POINT ( 'NONE',  ( -0.5000000000000002220, 0.3000000000000000444, 0.2999999999999999889 ) ) ;
#9444 = VECTOR ( 'NONE', #8069, 1000.000000000000000 ) ;
#9445 = CARTESIAN_POINT ( 'NONE',  ( 0.1737516491317239731, 0.3000000000383806209, 0.07483816968016406002 ) ) ;
#9446 = CARTESIAN_POINT ( 'NONE',  ( -0.1253060634596191714, 0.3010000000383806218, 0.09952814405407076070 ) ) ;
#9447 = CARTESIAN_POINT ( 'NONE',  ( 0.2083560186164092054, 0.3010000000383806218, 0.08896540894212422168 ) ) ;
#9448 = ORIENTED_EDGE ( 'NONE', *, *, #9387, .T. ) ;
#9449 = DIRECTION ( 'NONE',  ( -0.0000000000000000000, -1.000000000000000000, -0.0000000000000000000 ) ) ;
#9450 = EDGE_LOOP ( 'NONE', ( #11915, #6450, #4937, #6085 ) ) ;
#9451 = ADVANCED_FACE ( 'NONE', ( #8113 ), #1570, .T. ) ;
#9452 = SURFACE_SIDE_STYLE ('',( #11497 ) ) ;
#9453 = MECHANICAL_DESIGN_GEOMETRIC_PRESENTATION_REPRESENTATION (  '', ( #4117 ), #6882 ) ;
#9454 = COLOUR_RGB ( '',1.000000000000000000, 1.000000000000000000, 1.000000000000000000 ) ;
#9455 = CARTESIAN_POINT ( 'NONE',  ( 0.1282318878819781460, 0.3000000000000000444, 0.07061105711684040331 ) ) ;
#9456 = VERTEX_POINT ( 'NONE', #3601 ) ;
#9457 = SURFACE_STYLE_FILL_AREA ( #11564 ) ;
#9458 = VERTEX_POINT ( 'NONE', #12019 ) ;
#9459 =( NAMED_UNIT ( * ) SI_UNIT ( $, .STERADIAN. ) SOLID_ANGLE_UNIT ( ) );
#9460 =( LENGTH_UNIT ( ) NAMED_UNIT ( * ) SI_UNIT ( .MILLI., .METRE. ) );
#9461 = CARTESIAN_POINT ( 'NONE',  ( -0.06330585771785759985, 0.3000000000383806209, 0.06830644680900753440 ) ) ;
#9462 = CARTESIAN_POINT ( 'NONE',  ( -0.06571274714772742942, 0.3000000000000000444, 0.2009554253597677365 ) ) ;
#9463 = SURFACE_STYLE_FILL_AREA ( #2907 ) ;
#9464 = DIRECTION ( 'NONE',  ( 0.9999748501857348426, 0.0000000000000000000, 0.007092178509962076237 ) ) ;
#9465 = CARTESIAN_POINT ( 'NONE',  ( -0.1707648134645446958, 0.3010000000383806773, 0.2130620896785551666 ) ) ;
#9466 = ORIENTED_EDGE ( 'NONE', *, *, #3779, .F. ) ;
#9467 = EDGE_CURVE ( 'NONE', #158, #9341, #3534, .T. ) ;
#9468 = CARTESIAN_POINT ( 'NONE',  ( -0.1356768246753327356, 0.3000000000000000444, 0.03560145137876107035 ) ) ;
#9469 = CARTESIAN_POINT ( 'NONE',  ( -0.1081278071893977261, 0.3000000000383806209, 0.05466891965310177737 ) ) ;
#9470 = PRESENTATION_STYLE_ASSIGNMENT (( #5111 ) ) ;
#9471 = SURFACE_STYLE_USAGE ( .BOTH. , #6691 ) ;
#9472 = SURFACE_SIDE_STYLE ('',( #8546 ) ) ;
#9473 = PRESENTATION_LAYER_ASSIGNMENT (  '', '', ( #2557 ) ) ;
#9474 = DIRECTION ( 'NONE',  ( 0.9999748501857348426, -0.0000000000000000000, 0.007092178509963928054 ) ) ;
#9475 = CARTESIAN_POINT ( 'NONE',  ( -0.1224997779783061347, 0.3000000000000000444, 0.06670126856538299842 ) ) ;
#9476 =( NAMED_UNIT ( * ) SI_UNIT ( $, .STERADIAN. ) SOLID_ANGLE_UNIT ( ) );
#9477 = ORIENTED_EDGE ( 'NONE', *, *, #2235, .F. ) ;
#9478 = UNCERTAINTY_MEASURE_WITH_UNIT (LENGTH_MEASURE( 1.000000000000000082E-05 ), #4259, 'distance_accuracy_value', 'NONE');
#9479 = CARTESIAN_POINT ( 'NONE',  ( -0.1945390498360939080, 0.3000000000383806209, 0.1829476931888865954 ) ) ;
#9480 = VERTEX_POINT ( 'NONE', #11444 ) ;
#9481 = EDGE_CURVE ( 'NONE', #4017, #10330, #11609, .T. ) ;
#9482 = COLOUR_RGB ( '',1.000000000000000000, 1.000000000000000000, 1.000000000000000000 ) ;
#9483 = PRESENTATION_STYLE_ASSIGNMENT (( #6770 ) ) ;
#9484 = STYLED_ITEM ( 'NONE', ( #1101 ), #10531 ) ;
#9485 = FACE_OUTER_BOUND ( 'NONE', #8997, .T. ) ;
#9486 = LINE ( 'NONE', #10465, #2602 ) ;
#9487 = VERTEX_POINT ( 'NONE', #5767 ) ;
#9488 = CARTESIAN_POINT ( 'NONE',  ( 0.2169301805050373178, 0.3010000000383806218, 0.1645086717987799263 ) ) ;
#9489 = LINE ( 'NONE', #6649, #1060 ) ;
#9490 = VECTOR ( 'NONE', #10796, 1000.000000000000000 ) ;
#9491 = VERTEX_POINT ( 'NONE', #71 ) ;
#9492 = MECHANICAL_DESIGN_GEOMETRIC_PRESENTATION_REPRESENTATION (  '', ( #3170 ), #7514 ) ;
#9493 = AXIS2_PLACEMENT_3D ( 'NONE', #4107, #9741, #1276 ) ;
#9494 =( LENGTH_UNIT ( ) NAMED_UNIT ( * ) SI_UNIT ( .MILLI., .METRE. ) );
#9495 = CARTESIAN_POINT ( 'NONE',  ( 0.2398746465872760858, 0.3010000000383806218, 0.1711785080609857512 ) ) ;
#9496 =( NAMED_UNIT ( * ) SI_UNIT ( $, .STERADIAN. ) SOLID_ANGLE_UNIT ( ) );
#9497 = SURFACE_STYLE_FILL_AREA ( #6456 ) ;
#9498 = CARTESIAN_POINT ( 'NONE',  ( 0.05054126773848501702, 0.3010000000383806773, 0.07613335299045410898 ) ) ;
#9499 = SURFACE_SIDE_STYLE ('',( #8380 ) ) ;
#9500 = ORIENTED_EDGE ( 'NONE', *, *, #3599, .T. ) ;
#9501 = AXIS2_PLACEMENT_3D ( 'NONE', #11812, #7108, #10871 ) ;
#9502 = STYLED_ITEM ( 'NONE', ( #5921 ), #8543 ) ;
#9503 = COLOUR_RGB ( '',1.000000000000000000, 1.000000000000000000, 1.000000000000000000 ) ;
#9504 =( NAMED_UNIT ( * ) SI_UNIT ( $, .STERADIAN. ) SOLID_ANGLE_UNIT ( ) );
#9505 = ORIENTED_EDGE ( 'NONE', *, *, #2667, .F. ) ;
#9506 = PRESENTATION_LAYER_ASSIGNMENT (  '', '', ( #10890 ) ) ;
#9507 = FILL_AREA_STYLE ('',( #292 ) ) ;
#9508 = B_SPLINE_SURFACE_WITH_KNOTS ( 'NONE', 3, 1, ( 
 ( #7811, #8748 ),
 ( #8617, #4158 ),
 ( #330, #143 ),
 ( #4103, #2999 ) ),
 .UNSPECIFIED., .F., .F., .F.,
 ( 4, 4 ),
 ( 2, 2 ),
 ( 17.00000000000000000, 18.00000000000000000 ),
 ( 0.0000000000000000000, 1.000000000000000000 ),
 .UNSPECIFIED. ) ;
#9509 = DIRECTION ( 'NONE',  ( 0.0000000000000000000, -0.0000000000000000000, -1.000000000000000000 ) ) ;
#9510 = VECTOR ( 'NONE', #10593, 1000.000000000000000 ) ;
#9511 = MECHANICAL_DESIGN_GEOMETRIC_PRESENTATION_REPRESENTATION (  '', ( #9700 ), #4375 ) ;
#9512 = CARTESIAN_POINT ( 'NONE',  ( 0.1157474825709722266, 0.3010000000383806773, 0.05707450097645833109 ) ) ;
#9513 = VECTOR ( 'NONE', #7932, 1000.000000000000000 ) ;
#9514 = CARTESIAN_POINT ( 'NONE',  ( -0.05922714204050389536, 0.3010000000383806218, 0.1903332390616054581 ) ) ;
#9515 = VECTOR ( 'NONE', #8256, 1000.000000000000114 ) ;
#9516 = MECHANICAL_DESIGN_GEOMETRIC_PRESENTATION_REPRESENTATION (  '', ( #1830 ), #6753 ) ;
#9517 = CARTESIAN_POINT ( 'NONE',  ( 0.2234092700980876978, 0.3010000000383806218, 0.1684588857120254135 ) ) ;
#9518 = ORIENTED_EDGE ( 'NONE', *, *, #5620, .T. ) ;
#9519 = SURFACE_STYLE_FILL_AREA ( #8700 ) ;
#9520 = MECHANICAL_DESIGN_GEOMETRIC_PRESENTATION_REPRESENTATION (  '', ( #2794 ), #429 ) ;
#9521 = CARTESIAN_POINT ( 'NONE',  ( -0.2531802341626471775, 0.3010000000383806773, 0.06162569770674542619 ) ) ;
#9522 = ORIENTED_EDGE ( 'NONE', *, *, #11559, .F. ) ;
#9523 = PRESENTATION_LAYER_ASSIGNMENT (  '', '', ( #10113 ) ) ;
#9524 = VECTOR ( 'NONE', #8559, 1000.000000000000000 ) ;
#9525 = CARTESIAN_POINT ( 'NONE',  ( -0.3053734500857562817, 0.3010000000383806773, 0.1153138984199494621 ) ) ;
#9526 = EDGE_LOOP ( 'NONE', ( #1083, #9068, #11403, #6875 ) ) ;
#9527 = MECHANICAL_DESIGN_GEOMETRIC_PRESENTATION_REPRESENTATION (  '', ( #9715 ), #3594 ) ;
#9528 = EDGE_LOOP ( 'NONE', ( #10514, #5952, #10443, #3440 ) ) ;
#9529 = PRESENTATION_LAYER_ASSIGNMENT (  '', '', ( #2803 ) ) ;
#9530 = VECTOR ( 'NONE', #5688, 1000.000000000000114 ) ;
#9531 = CARTESIAN_POINT ( 'NONE',  ( -0.08235852309880657696, 0.3010000000383806218, 0.2147184848664923373 ) ) ;
#9532 = COLOUR_RGB ( '',1.000000000000000000, 1.000000000000000000, 1.000000000000000000 ) ;
#9533 = VECTOR ( 'NONE', #11224, 1000.000000000000000 ) ;
#9534 = CARTESIAN_POINT ( 'NONE',  ( -0.1937739655706610942, 0.3010000000383806773, 0.2048197783621315826 ) ) ;
#9535 = ORIENTED_EDGE ( 'NONE', *, *, #10685, .F. ) ;
#9536 = MECHANICAL_DESIGN_GEOMETRIC_PRESENTATION_REPRESENTATION (  '', ( #446 ), #3007 ) ;
#9537 = AXIS2_PLACEMENT_3D ( 'NONE', #3992, #8682, #152 ) ;
#9538 = CARTESIAN_POINT ( 'NONE',  ( -0.01533904742765626779, 0.3010000000383806773, 0.05635639687801814735 ) ) ;
#9539 = AXIS2_PLACEMENT_3D ( 'NONE', #4184, #9692, #8763 ) ;
#9540 = CARTESIAN_POINT ( 'NONE',  ( 0.06103209410671232849, 0.3000000000383806209, 0.06492878069961534326 ) ) ;
#9541 = LINE ( 'NONE', #9759, #4965 ) ;
#9542 = FACE_OUTER_BOUND ( 'NONE', #6030, .T. ) ;
#9543 = CARTESIAN_POINT ( 'NONE',  ( 0.2000000000000054512, 0.2499999999999998335, -0.02000000000000000042 ) ) ;
#9544 = B_SPLINE_CURVE_WITH_KNOTS ( 'NONE', 3,
 ( #8836, #1422, #6049, #2113 ),
 .UNSPECIFIED., .F., .F.,
 ( 4, 4 ),
 ( 2.000000000000000000, 3.000000000000000000 ),
 .UNSPECIFIED. ) ;
#9545 = DIRECTION ( 'NONE',  ( -0.007092178509964560361, -0.0000000000000000000, 0.9999748501857348426 ) ) ;
#9546 = CARTESIAN_POINT ( 'NONE',  ( 0.2000000000000054512, 0.2499999999999998335, -0.02000000000000000042 ) ) ;
#9547 = EDGE_CURVE ( 'NONE', #8223, #353, #8206, .T. ) ;
#9548 = EDGE_CURVE ( 'NONE', #5283, #10977, #6634, .T. ) ;
#9549 =( GEOMETRIC_REPRESENTATION_CONTEXT ( 3 ) GLOBAL_UNCERTAINTY_ASSIGNED_CONTEXT ( ( #10664 ) ) GLOBAL_UNIT_ASSIGNED_CONTEXT ( ( #7334, #3616, #8374 ) ) REPRESENTATION_CONTEXT ( 'NONE', 'WORKASPACE' ) );
#9550 =( NAMED_UNIT ( * ) SI_UNIT ( $, .STERADIAN. ) SOLID_ANGLE_UNIT ( ) );
#9551 = DIRECTION ( 'NONE',  ( -0.0000000000000000000, -1.000000000000000000, -0.0000000000000000000 ) ) ;
#9552 = COLOUR_RGB ( '',1.000000000000000000, 1.000000000000000000, 1.000000000000000000 ) ;
#9553 = VERTEX_POINT ( 'NONE', #1946 ) ;
#9554 = SURFACE_STYLE_USAGE ( .BOTH. , #134 ) ;
#9555 = EDGE_LOOP ( 'NONE', ( #6190, #8277, #8265, #8481 ) ) ;
#9556 = UNCERTAINTY_MEASURE_WITH_UNIT (LENGTH_MEASURE( 1.000000000000000082E-05 ), #1037, 'distance_accuracy_value', 'NONE');
#9557 = DIRECTION ( 'NONE',  ( -0.9999748501857348426, -0.0000000000000000000, -0.007092178509963836981 ) ) ;
#9558 = FILL_AREA_STYLE ('',( #382 ) ) ;
#9559 = STYLED_ITEM ( 'NONE', ( #8423 ), #5222 ) ;
#9560 = CARTESIAN_POINT ( 'NONE',  ( -0.07010858147790999251, 0.3000000000000000444, 0.08185857505698615477 ) ) ;
#9561 = LINE ( 'NONE', #8799, #10307 ) ;
#9562 = CARTESIAN_POINT ( 'NONE',  ( -0.3089545502276059841, 0.3010000000383806218, 0.1056497016812256162 ) ) ;
#9563 = EDGE_LOOP ( 'NONE', ( #3525, #6046, #6414, #1650 ) ) ;
#9564 = FACE_OUTER_BOUND ( 'NONE', #4067, .T. ) ;
#9565 = EDGE_CURVE ( 'NONE', #12171, #2087, #7026, .T. ) ;
#9566 = ADVANCED_FACE ( 'NONE', ( #11517 ), #127, .F. ) ;
#9567 = EDGE_CURVE ( 'NONE', #5629, #9739, #2199, .T. ) ;
#9568 = CARTESIAN_POINT ( 'NONE',  ( 0.2835423920232607031, 0.3000000000000000444, 0.06954353933260110088 ) ) ;
#9569 = DIRECTION ( 'NONE',  ( -0.0000000000000000000, -1.000000000000000000, -0.0000000000000000000 ) ) ;
#9570 = LINE ( 'NONE', #10474, #10719 ) ;
#9571 =( NAMED_UNIT ( * ) PLANE_ANGLE_UNIT ( ) SI_UNIT ( $, .RADIAN. ) );
#9572 = EDGE_LOOP ( 'NONE', ( #510, #982, #8118, #9606, #4102, #8209, #1476, #11988 ) ) ;
#9573 = CARTESIAN_POINT ( 'NONE',  ( -0.08303488103793564556, 0.3010000000383806218, 0.08357612140341477702 ) ) ;
#9574 = LINE ( 'NONE', #3012, #10877 ) ;
#9575 = FACE_OUTER_BOUND ( 'NONE', #534, .T. ) ;
#9576 = ORIENTED_EDGE ( 'NONE', *, *, #3250, .T. ) ;
#9577 = CARTESIAN_POINT ( 'NONE',  ( -0.05995991569839124319, 0.3010000000383806773, 0.08913625659843756044 ) ) ;
#9578 = LINE ( 'NONE', #12174, #81 ) ;
#9579 = CARTESIAN_POINT ( 'NONE',  ( -0.1009030003828082500, 0.3000000000000000444, 0.06516999043137589043 ) ) ;
#9580 = FILL_AREA_STYLE ('',( #8577 ) ) ;
#9581 = FILL_AREA_STYLE_COLOUR ( '', #11310 ) ;
#9582 = ORIENTED_EDGE ( 'NONE', *, *, #11510, .T. ) ;
#9583 =( GEOMETRIC_REPRESENTATION_CONTEXT ( 3 ) GLOBAL_UNCERTAINTY_ASSIGNED_CONTEXT ( ( #4972 ) ) GLOBAL_UNIT_ASSIGNED_CONTEXT ( ( #3605, #9658, #4832 ) ) REPRESENTATION_CONTEXT ( 'NONE', 'WORKASPACE' ) );
#9584 = CARTESIAN_POINT ( 'NONE',  ( -0.07504465569276723425, 0.3010000000383806218, 0.1005084863354538394 ) ) ;
#9585 = ORIENTED_EDGE ( 'NONE', *, *, #1322, .T. ) ;
#9586 = PLANE ( 'NONE',  #2748 ) ;
#9587 = DIRECTION ( 'NONE',  ( -0.9999748501857348426, 0.0000000000000000000, -0.007092178509962994773 ) ) ;
#9588 = ORIENTED_EDGE ( 'NONE', *, *, #11613, .F. ) ;
#9589 = ORIENTED_EDGE ( 'NONE', *, *, #5446, .F. ) ;
#9590 =( LENGTH_UNIT ( ) NAMED_UNIT ( * ) SI_UNIT ( .MILLI., .METRE. ) );
#9591 = PLANE ( 'NONE',  #757 ) ;
#9592 = SURFACE_STYLE_FILL_AREA ( #5810 ) ;
#9593 = CARTESIAN_POINT ( 'NONE',  ( -0.1113433495717457700, 0.3010000000383806218, 0.09242146902170773892 ) ) ;
#9594 = CARTESIAN_POINT ( 'NONE',  ( -0.1303702161949420180, 0.3000000000383806209, 0.07026389716086435533 ) ) ;
#9595 = EDGE_LOOP ( 'NONE', ( #10725, #8579, #11821, #2441 ) ) ;
#9596 = CARTESIAN_POINT ( 'NONE',  ( -0.08283843371524417243, 0.3000000000383806764, 0.05587766714118960060 ) ) ;
#9597 = SURFACE_SIDE_STYLE ('',( #3896 ) ) ;
#9598 =( LENGTH_UNIT ( ) NAMED_UNIT ( * ) SI_UNIT ( .MILLI., .METRE. ) );
#9599 = CARTESIAN_POINT ( 'NONE',  ( -0.2634012480001319823, 0.3010000000383806218, 0.1129289373639017213 ) ) ;
#9600 = EDGE_CURVE ( 'NONE', #494, #8676, #6422, .T. ) ;
#9601 = PLANE ( 'NONE',  #144 ) ;
#9602 = SURFACE_STYLE_USAGE ( .BOTH. , #5702 ) ;
#9603 =( NAMED_UNIT ( * ) PLANE_ANGLE_UNIT ( ) SI_UNIT ( $, .RADIAN. ) );
#9604 = EDGE_LOOP ( 'NONE', ( #7193, #1110, #8105, #4823 ) ) ;
#9605 = FILL_AREA_STYLE ('',( #2075 ) ) ;
#9606 = ORIENTED_EDGE ( 'NONE', *, *, #162, .T. ) ;
#9607 = DIRECTION ( 'NONE',  ( 0.007092178509962489101, 0.0000000000000000000, -0.9999748501857348426 ) ) ;
#9608 = CARTESIAN_POINT ( 'NONE',  ( -0.1032275776034935477, 0.3000000000000000444, 0.08065668413473843501 ) ) ;
#9609 = VECTOR ( 'NONE', #9344, 1000.000000000000114 ) ;
#9610 = ADVANCED_FACE ( 'NONE', ( #6693 ), #8662, .F. ) ;
#9611 = EDGE_CURVE ( 'NONE', #1727, #4131, #3388, .T. ) ;
#9612 = CARTESIAN_POINT ( 'NONE',  ( -0.09679829535651728045, 0.3000000000000000444, 0.2121205910882233703 ) ) ;
#9613 = CARTESIAN_POINT ( 'NONE',  ( -0.04527823971281177279, 0.3000000000383806764, 0.09061289925227901387 ) ) ;
#9614 = ORIENTED_EDGE ( 'NONE', *, *, #6486, .T. ) ;
#9615 = EDGE_CURVE ( 'NONE', #6173, #2707, #10853, .T. ) ;
#9616 = COLOUR_RGB ( '',1.000000000000000000, 1.000000000000000000, 1.000000000000000000 ) ;
#9617 = DIRECTION ( 'NONE',  ( 1.000000000000000000, 0.0000000000000000000, 0.0000000000000000000 ) ) ;
#9618 = DIRECTION ( 'NONE',  ( 0.9999748501857348426, -0.0000000000000000000, 0.007092178509963316564 ) ) ;
#9619 = UNCERTAINTY_MEASURE_WITH_UNIT (LENGTH_MEASURE( 1.000000000000000082E-05 ), #2233, 'distance_accuracy_value', 'NONE');
#9620 = EDGE_LOOP ( 'NONE', ( #5861, #8525, #11751, #10872 ) ) ;
#9621 = EDGE_CURVE ( 'NONE', #7460, #6714, #2124, .T. ) ;
#9622 =( NAMED_UNIT ( * ) SI_UNIT ( $, .STERADIAN. ) SOLID_ANGLE_UNIT ( ) );
#9623 = PLANE ( 'NONE',  #3357 ) ;
#9624 = VECTOR ( 'NONE', #7625, 1000.000000000000114 ) ;
#9625 = EDGE_CURVE ( 'NONE', #1912, #10656, #1486, .T. ) ;
#9626 = LINE ( 'NONE', #10614, #5545 ) ;
#9627 = LINE ( 'NONE', #8507, #8914 ) ;
#9628 = ORIENTED_EDGE ( 'NONE', *, *, #5635, .T. ) ;
#9629 = CARTESIAN_POINT ( 'NONE',  ( -0.2346538951962383601, 0.3010000000383806773, 0.2005370724958138451 ) ) ;
#9630 = PRESENTATION_LAYER_ASSIGNMENT (  '', '', ( #6458 ) ) ;
#9631 = CARTESIAN_POINT ( 'NONE',  ( -0.2691773925217667007, 0.3010000000383806218, 0.06310310977246418040 ) ) ;
#9632 = VERTEX_POINT ( 'NONE', #486 ) ;
#9633 = CARTESIAN_POINT ( 'NONE',  ( -0.2286452180045759619, 0.3010000000383806773, 0.05484355339127713197 ) ) ;
#9634 = DIRECTION ( 'NONE',  ( -0.0000000000000000000, -1.000000000000000000, -0.0000000000000000000 ) ) ;
#9635 = ORIENTED_EDGE ( 'NONE', *, *, #1308, .T. ) ;
#9636 = CARTESIAN_POINT ( 'NONE',  ( -0.02340991431105948761, 0.3010000000383806773, 0.08378064829231048061 ) ) ;
#9637 = CARTESIAN_POINT ( 'NONE',  ( -0.1697108044815270333, 0.3000000000383806764, 0.1590111914590974507 ) ) ;
#9638 = ORIENTED_EDGE ( 'NONE', *, *, #8089, .T. ) ;
#9639 = PRESENTATION_LAYER_ASSIGNMENT (  '', '', ( #4298 ) ) ;
#9640 = CARTESIAN_POINT ( 'NONE',  ( 0.03419893732606900383, 0.3000000000000000444, 0.1172291181780548558 ) ) ;
#9641 = VERTEX_POINT ( 'NONE', #11990 ) ;
#9642 = VECTOR ( 'NONE', #8820, 1000.000000000000114 ) ;
#9643 = FILL_AREA_STYLE ('',( #11754 ) ) ;
#9644 = CARTESIAN_POINT ( 'NONE',  ( -0.06927822973042647992, 0.3010000000383806218, 0.05494445472113325402 ) ) ;
#9645 = SURFACE_STYLE_USAGE ( .BOTH. , #3034 ) ;
#9646 = EDGE_CURVE ( 'NONE', #10992, #2093, #11746, .T. ) ;
#9647 = SURFACE_STYLE_USAGE ( .BOTH. , #8655 ) ;
#9648 = FACE_OUTER_BOUND ( 'NONE', #9528, .T. ) ;
#9649 =( GEOMETRIC_REPRESENTATION_CONTEXT ( 3 ) GLOBAL_UNCERTAINTY_ASSIGNED_CONTEXT ( ( #8484 ) ) GLOBAL_UNIT_ASSIGNED_CONTEXT ( ( #10215, #11200, #811 ) ) REPRESENTATION_CONTEXT ( 'NONE', 'WORKASPACE' ) );
#9650 = CARTESIAN_POINT ( 'NONE',  ( -0.1278432262494003657, 0.3000000000000000444, 0.07461771903355486624 ) ) ;
#9651 = ORIENTED_EDGE ( 'NONE', *, *, #2496, .F. ) ;
#9652 = COLOUR_RGB ( '',1.000000000000000000, 0.8117647058823529438, 0.5019607843137254832 ) ;
#9653 = DIRECTION ( 'NONE',  ( 0.007092178509953212667, 0.0000000000000000000, -0.9999748501857349536 ) ) ;
#9654 = SURFACE_SIDE_STYLE ('',( #184 ) ) ;
#9655 = COLOUR_RGB ( '',1.000000000000000000, 1.000000000000000000, 1.000000000000000000 ) ;
#9656 =( NAMED_UNIT ( * ) PLANE_ANGLE_UNIT ( ) SI_UNIT ( $, .RADIAN. ) );
#9657 = FACE_OUTER_BOUND ( 'NONE', #7416, .T. ) ;
#9658 =( NAMED_UNIT ( * ) PLANE_ANGLE_UNIT ( ) SI_UNIT ( $, .RADIAN. ) );
#9659 = ORIENTED_EDGE ( 'NONE', *, *, #3944, .F. ) ;
#9660 = LINE ( 'NONE', #4091, #1815 ) ;
#9661 = CARTESIAN_POINT ( 'NONE',  ( -0.05922756360300536482, 0.3010000000383806218, 0.05844702505212615723 ) ) ;
#9662 = ORIENTED_EDGE ( 'NONE', *, *, #6639, .T. ) ;
#9663 = UNCERTAINTY_MEASURE_WITH_UNIT (LENGTH_MEASURE( 1.000000000000000082E-05 ), #10340, 'distance_accuracy_value', 'NONE');
#9664 = EDGE_CURVE ( 'NONE', #5705, #9005, #670, .T. ) ;
#9665 = CARTESIAN_POINT ( 'NONE',  ( -0.1284783512381004744, 0.3000000000000000444, 0.09819551713281136907 ) ) ;
#9666 = B_SPLINE_CURVE_WITH_KNOTS ( 'NONE', 3,
 ( #6425, #7251, #11009, #5448 ),
 .UNSPECIFIED., .F., .F.,
 ( 4, 4 ),
 ( 7.000000000000000000, 8.000000000000000000 ),
 .UNSPECIFIED. ) ;
#9667 = CARTESIAN_POINT ( 'NONE',  ( -0.08283843371524417243, 0.3010000000383806773, 0.05587766714118960060 ) ) ;
#9668 = CARTESIAN_POINT ( 'NONE',  ( -0.2454264887174818222, 0.3000000000000000444, 0.05472453463045744149 ) ) ;
#9669 = SURFACE_STYLE_FILL_AREA ( #7690 ) ;
#9670 = ORIENTED_EDGE ( 'NONE', *, *, #8573, .F. ) ;
#9671 = SURFACE_SIDE_STYLE ('',( #5085 ) ) ;
#9672 =( LENGTH_UNIT ( ) NAMED_UNIT ( * ) SI_UNIT ( .MILLI., .METRE. ) );
#9673 = FACE_OUTER_BOUND ( 'NONE', #8392, .T. ) ;
#9674 = DIRECTION ( 'NONE',  ( -0.3427414958247869126, -0.0000000000000000000, -0.9394297563095324044 ) ) ;
#9675 = UNCERTAINTY_MEASURE_WITH_UNIT (LENGTH_MEASURE( 1.000000000000000082E-05 ), #938, 'distance_accuracy_value', 'NONE');
#9676 =( LENGTH_UNIT ( ) NAMED_UNIT ( * ) SI_UNIT ( .MILLI., .METRE. ) );
#9677 = LINE ( 'NONE', #4054, #45 ) ;
#9678 = VERTEX_POINT ( 'NONE', #7237 ) ;
#9679 = CARTESIAN_POINT ( 'NONE',  ( -0.1529269886429297232, 0.3010000000383806773, 0.1521740728647053287 ) ) ;
#9680 = SURFACE_SIDE_STYLE ('',( #6838 ) ) ;
#9681 = DIRECTION ( 'NONE',  ( -0.0000000000000000000, -1.000000000000000000, -0.0000000000000000000 ) ) ;
#9682 = STYLED_ITEM ( 'NONE', ( #6754 ), #8304 ) ;
#9683 = LINE ( 'NONE', #10482, #1015 ) ;
#9684 = VERTEX_POINT ( 'NONE', #256 ) ;
#9685 =( GEOMETRIC_REPRESENTATION_CONTEXT ( 3 ) GLOBAL_UNCERTAINTY_ASSIGNED_CONTEXT ( ( #8140 ) ) GLOBAL_UNIT_ASSIGNED_CONTEXT ( ( #2464, #10000, #10988 ) ) REPRESENTATION_CONTEXT ( 'NONE', 'WORKASPACE' ) );
#9686 = PRESENTATION_STYLE_ASSIGNMENT (( #2042 ) ) ;
#9687 = PRESENTATION_LAYER_ASSIGNMENT (  '', '', ( #4935 ) ) ;
#9688 = SURFACE_STYLE_USAGE ( .BOTH. , #4061 ) ;
#9689 = ADVANCED_FACE ( 'NONE', ( #2467 ), #8022, .F. ) ;
#9690 = EDGE_CURVE ( 'NONE', #2953, #3022, #2411, .T. ) ;
#9691 =( NAMED_UNIT ( * ) SI_UNIT ( $, .STERADIAN. ) SOLID_ANGLE_UNIT ( ) );
#9692 = DIRECTION ( 'NONE',  ( -0.9385291719746151617, 0.0000000000000000000, -0.3451999324342973074 ) ) ;
#9693 = CARTESIAN_POINT ( 'NONE',  ( 0.4999999999999997780, 0.2500000000000000000, 0.0000000000000000000 ) ) ;
#9694 = EDGE_LOOP ( 'NONE', ( #3936, #10779, #1678, #6028 ) ) ;
#9695 = MECHANICAL_DESIGN_GEOMETRIC_PRESENTATION_REPRESENTATION (  '', ( #1615 ), #11282 ) ;
#9696 = VECTOR ( 'NONE', #790, 1000.000000000000000 ) ;
#9697 = ORIENTED_EDGE ( 'NONE', *, *, #3182, .F. ) ;
#9698 = AXIS2_PLACEMENT_3D ( 'NONE', #4886, #4835, #6872 ) ;
#9699 = VERTEX_POINT ( 'NONE', #5245 ) ;
#9700 = STYLED_ITEM ( 'NONE', ( #9324 ), #8639 ) ;
#9701 = DIRECTION ( 'NONE',  ( 0.0000000000000000000, 1.000000000000000000, 0.0000000000000000000 ) ) ;
#9702 = STYLED_ITEM ( 'NONE', ( #1193 ), #1162 ) ;
#9703 = EDGE_CURVE ( 'NONE', #6271, #7853, #9019, .T. ) ;
#9704 = MECHANICAL_DESIGN_GEOMETRIC_PRESENTATION_REPRESENTATION (  '', ( #8917 ), #10889 ) ;
#9705 = CARTESIAN_POINT ( 'NONE',  ( -0.1370307987126414551, 0.3010000000383806218, 0.03518633272571661252 ) ) ;
#9706 = COLOUR_RGB ( '',1.000000000000000000, 1.000000000000000000, 1.000000000000000000 ) ;
#9707 = EDGE_CURVE ( 'NONE', #1498, #379, #11869, .T. ) ;
#9708 =( NAMED_UNIT ( * ) SI_UNIT ( $, .STERADIAN. ) SOLID_ANGLE_UNIT ( ) );
#9709 = FILL_AREA_STYLE_COLOUR ( '', #3791 ) ;
#9710 = ORIENTED_EDGE ( 'NONE', *, *, #6879, .F. ) ;
#9711 = AXIS2_PLACEMENT_3D ( 'NONE', #4821, #11631, #5868 ) ;
#9712 = MECHANICAL_DESIGN_GEOMETRIC_PRESENTATION_REPRESENTATION (  '', ( #5769 ), #233 ) ;
#9713 =( LENGTH_UNIT ( ) NAMED_UNIT ( * ) SI_UNIT ( .MILLI., .METRE. ) );
#9715 = STYLED_ITEM ( 'NONE', ( #8726 ), #30 ) ;
#9714 = VECTOR ( 'NONE', #6756, 1000.000000000000114 ) ;
#9716 = COLOUR_RGB ( '',1.000000000000000000, 1.000000000000000000, 1.000000000000000000 ) ;
#9717 = STYLED_ITEM ( 'NONE', ( #11962 ), #474 ) ;
#9718 = STYLED_ITEM ( 'NONE', ( #3690 ), #4559 ) ;
#9719 =( NAMED_UNIT ( * ) PLANE_ANGLE_UNIT ( ) SI_UNIT ( $, .RADIAN. ) );
#9720 = VECTOR ( 'NONE', #2967, 1000.000000000000114 ) ;
#9721 = DIRECTION ( 'NONE',  ( 0.3625544875035016101, -0.0000000000000000000, -0.9319625762824778059 ) ) ;
#9722 = FACE_OUTER_BOUND ( 'NONE', #2409, .T. ) ;
#9723 = STYLED_ITEM ( 'NONE', ( #4677 ), #10450 ) ;
#9724 = CARTESIAN_POINT ( 'NONE',  ( -0.1081278071893977261, 0.3010000000383806218, 0.05466891965310177737 ) ) ;
#9725 = DIRECTION ( 'NONE',  ( 0.9999748501857348426, 0.0000000000000000000, 0.007092178509963797950 ) ) ;
#9726 = EDGE_LOOP ( 'NONE', ( #364, #414, #355, #3216 ) ) ;
#9727 =( GEOMETRIC_REPRESENTATION_CONTEXT ( 3 ) GLOBAL_UNCERTAINTY_ASSIGNED_CONTEXT ( ( #6669 ) ) GLOBAL_UNIT_ASSIGNED_CONTEXT ( ( #11165, #9191, #9425 ) ) REPRESENTATION_CONTEXT ( 'NONE', 'WORKASPACE' ) );
#9728 = CARTESIAN_POINT ( 'NONE',  ( -0.02326434861474186572, 0.3000000000000000444, 0.06325634321975937002 ) ) ;
#9729 = CARTESIAN_POINT ( 'NONE',  ( 0.2109310183554720664, 0.3000000000000000444, 0.2152215261950932990 ) ) ;
#9730 = STYLED_ITEM ( 'NONE', ( #10424 ), #4786 ) ;
#9731 = ORIENTED_EDGE ( 'NONE', *, *, #11418, .F. ) ;
#9732 =( LENGTH_UNIT ( ) NAMED_UNIT ( * ) SI_UNIT ( .MILLI., .METRE. ) );
#9733 = CARTESIAN_POINT ( 'NONE',  ( -0.08066651669031489613, 0.3000000000000000444, 0.1586757261441945344 ) ) ;
#9734 = FACE_OUTER_BOUND ( 'NONE', #3449, .T. ) ;
#9735 = CARTESIAN_POINT ( 'NONE',  ( -0.05339103524580324917, 0.3010000000383806218, 0.1657317484329678681 ) ) ;
#9736 = VERTEX_POINT ( 'NONE', #10319 ) ;
#9737 = CARTESIAN_POINT ( 'NONE',  ( -0.1218664269627946772, 0.3010000000383806218, 0.06976272567273819614 ) ) ;
#9738 = EDGE_CURVE ( 'NONE', #4837, #4403, #9202, .T. ) ;
#9739 = VERTEX_POINT ( 'NONE', #5430 ) ;
#9740 = CARTESIAN_POINT ( 'NONE',  ( 0.4500000000000018430, -0.2500000000000001665, -0.02000000000000000042 ) ) ;
#9741 = DIRECTION ( 'NONE',  ( 0.0000000000000000000, 0.0000000000000000000, 1.000000000000000000 ) ) ;
#9742 = AXIS2_PLACEMENT_3D ( 'NONE', #7080, #3354, #2266 ) ;
#9743 = CARTESIAN_POINT ( 'NONE',  ( 0.06103209410671232849, 0.3010000000383806773, 0.06492878069961534326 ) ) ;
#9744 = SURFACE_SIDE_STYLE ('',( #9436 ) ) ;
#9745 =( NAMED_UNIT ( * ) SI_UNIT ( $, .STERADIAN. ) SOLID_ANGLE_UNIT ( ) );
#9746 = LINE ( 'NONE', #6035, #817 ) ;
#9747 = FILL_AREA_STYLE ('',( #4855 ) ) ;
#9748 = ORIENTED_EDGE ( 'NONE', *, *, #3406, .F. ) ;
#9749 = SURFACE_SIDE_STYLE ('',( #5909 ) ) ;
#9750 = VECTOR ( 'NONE', #2183, 1000.000000000000000 ) ;
#9751 = CARTESIAN_POINT ( 'NONE',  ( -0.1400545387897615124, 0.3010000000383806218, 0.04149717224798589454 ) ) ;
#9752 = FACE_OUTER_BOUND ( 'NONE', #9000, .T. ) ;
#9753 = CARTESIAN_POINT ( 'NONE',  ( -0.2000000000000054512, 0.2499999999999998335, -0.02000000000000000042 ) ) ;
#9754 = VERTEX_POINT ( 'NONE', #3684 ) ;
#9755 = CARTESIAN_POINT ( 'NONE',  ( -0.04719765512167783950, 0.3000000000383806764, 0.1171449732959795598 ) ) ;
#9756 = B_SPLINE_SURFACE_WITH_KNOTS ( 'NONE', 3, 1, ( 
 ( #1446, #8102 ),
 ( #1376, #5327 ),
 ( #11079, #8912 ),
 ( #2367, #3289 ) ),
 .UNSPECIFIED., .F., .F., .F.,
 ( 4, 4 ),
 ( 2, 2 ),
 ( 16.00000000000000000, 17.00000000000000000 ),
 ( 0.0000000000000000000, 1.000000000000000000 ),
 .UNSPECIFIED. ) ;
#9757 = ADVANCED_FACE ( 'NONE', ( #5668 ), #11643, .T. ) ;
#9758 = ADVANCED_FACE ( 'NONE', ( #8510 ), #5427, .F. ) ;
#9759 = CARTESIAN_POINT ( 'NONE',  ( -0.3854161690472781565, 0.2375113646789956401, 0.2999999999999999889 ) ) ;
#9760 = VERTEX_POINT ( 'NONE', #6465 ) ;
#9761 = ORIENTED_EDGE ( 'NONE', *, *, #3929, .F. ) ;
#9762 = ADVANCED_FACE ( 'NONE', ( #1787 ), #5549, .T. ) ;
#9763 = SURFACE_STYLE_FILL_AREA ( #2057 ) ;
#9764 = CARTESIAN_POINT ( 'NONE',  ( -0.2557314568895266427, 0.3000000000000000444, 0.1156659771520022750 ) ) ;
#9765 = SURFACE_SIDE_STYLE ('',( #6917 ) ) ;
#9766 = PRESENTATION_STYLE_ASSIGNMENT (( #9645 ) ) ;
#9767 =( LENGTH_UNIT ( ) NAMED_UNIT ( * ) SI_UNIT ( .MILLI., .METRE. ) );
#9768 = CARTESIAN_POINT ( 'NONE',  ( 0.1281795864602693624, 0.3000000000383806209, 0.07798539298053178137 ) ) ;
#9769 = SURFACE_STYLE_FILL_AREA ( #9828 ) ;
#9770 = EDGE_LOOP ( 'NONE', ( #11368, #8231, #8235, #11002 ) ) ;
#9771 = CARTESIAN_POINT ( 'NONE',  ( -0.1879702705965884679, 0.3000000000383806209, 0.2001819119379253109 ) ) ;
#9772 = ADVANCED_FACE ( 'NONE', ( #10674 ), #11482, .F. ) ;
#9773 = STYLED_ITEM ( 'NONE', ( #1055 ), #6235 ) ;
#9774 = FILL_AREA_STYLE_COLOUR ( '', #11502 ) ;
#9775 = CARTESIAN_POINT ( 'NONE',  ( 0.2301529359484426329, 0.3010000000383806218, 0.1962703437822883312 ) ) ;
#9776 = DIRECTION ( 'NONE',  ( -0.0000000000000000000, -1.000000000000000000, -0.0000000000000000000 ) ) ;
#9777 = CARTESIAN_POINT ( 'NONE',  ( -0.1089518509067853441, 0.3000000000000000444, 0.06090177964109294573 ) ) ;
#9778 = LINE ( 'NONE', #9963, #5826 ) ;
#9779 = CARTESIAN_POINT ( 'NONE',  ( -0.2059845006927038535, 0.3000000000383806764, 0.1517977700540079633 ) ) ;
#9780 = ORIENTED_EDGE ( 'NONE', *, *, #8600, .T. ) ;
#9781 = LINE ( 'NONE', #2984, #4767 ) ;
#9782 = FACE_OUTER_BOUND ( 'NONE', #9595, .T. ) ;
#9783 = CARTESIAN_POINT ( 'NONE',  ( 0.2584566845650436706, 0.3010000000383806218, 0.05895426299984748292 ) ) ;
#9784 = ORIENTED_EDGE ( 'NONE', *, *, #7719, .T. ) ;
#9785 = UNCERTAINTY_MEASURE_WITH_UNIT (LENGTH_MEASURE( 1.000000000000000082E-05 ), #8777, 'distance_accuracy_value', 'NONE');
#9786 = LINE ( 'NONE', #8859, #7140 ) ;
#9787 = CARTESIAN_POINT ( 'NONE',  ( -0.02345946859065687132, 0.3000000000383806764, 0.09076764576379139915 ) ) ;
#9788 = EDGE_CURVE ( 'NONE', #12123, #1887, #10395, .T. ) ;
#9789 = CARTESIAN_POINT ( 'NONE',  ( -0.1937739655706610942, 0.3000000000000000444, 0.2048197783621315826 ) ) ;
#9790 = VERTEX_POINT ( 'NONE', #1975 ) ;
#9791 = LINE ( 'NONE', #4895, #10218 ) ;
#9792 = FACE_OUTER_BOUND ( 'NONE', #2882, .T. ) ;
#9793 = ORIENTED_EDGE ( 'NONE', *, *, #2069, .T. ) ;
#9794 =( NAMED_UNIT ( * ) PLANE_ANGLE_UNIT ( ) SI_UNIT ( $, .RADIAN. ) );
#9795 = CARTESIAN_POINT ( 'NONE',  ( -0.1944850710672459682, 0.3000000000383806209, 0.1753368566573257903 ) ) ;
#9796 = COLOUR_RGB ( '',0.7921568627450980005, 0.8196078431372548767, 0.9333333333333333481 ) ;
#9797 = CARTESIAN_POINT ( 'NONE',  ( -0.1763802318002337111, 0.3010000000383806773, 0.09879158556078007636 ) ) ;
#9798 = UNCERTAINTY_MEASURE_WITH_UNIT (LENGTH_MEASURE( 1.000000000000000082E-05 ), #3786, 'distance_accuracy_value', 'NONE');
#9799 = PLANE ( 'NONE',  #11697 ) ;
#9800 =( LENGTH_UNIT ( ) NAMED_UNIT ( * ) SI_UNIT ( .MILLI., .METRE. ) );
#9801 = CARTESIAN_POINT ( 'NONE',  ( -0.2785402912896446925, 0.3010000000383806218, 0.08577678229140707489 ) ) ;
#9802 = CARTESIAN_POINT ( 'NONE',  ( -0.4499999999999981792, 0.2499999999999998335, -0.02000000000000000042 ) ) ;
#9803 = ORIENTED_EDGE ( 'NONE', *, *, #9061, .T. ) ;
#9804 = STYLED_ITEM ( 'NONE', ( #7609 ), #1819 ) ;
#9805 = DIRECTION ( 'NONE',  ( 0.9999748501857348426, 0.0000000000000000000, 0.007092178509966687999 ) ) ;
#9806 = CARTESIAN_POINT ( 'NONE',  ( 0.2301529359484426329, 0.3010000000383806218, 0.1962703437822883312 ) ) ;
#9807 = CARTESIAN_POINT ( 'NONE',  ( -0.1180266107297594513, 0.3010000000383806218, 0.08033336945613479829 ) ) ;
#9808 = B_SPLINE_CURVE_WITH_KNOTS ( 'NONE', 3,
 ( #5025, #10655, #10724, #5960 ),
 .UNSPECIFIED., .F., .F.,
 ( 4, 4 ),
 ( 26.00000000000000000, 27.00000000000000000 ),
 .UNSPECIFIED. ) ;
#9809 = CARTESIAN_POINT ( 'NONE',  ( 0.2398746465872760858, 0.3010000000383806218, 0.1711785080609857512 ) ) ;
#9810 = CARTESIAN_POINT ( 'NONE',  ( -0.2454264887174818222, 0.3010000000383806218, 0.05472453463045744149 ) ) ;
#9811 = DIRECTION ( 'NONE',  ( 0.9999748501857348426, -0.0000000000000000000, 0.007092178509964266325 ) ) ;
#9812 = CARTESIAN_POINT ( 'NONE',  ( -0.2636122843015362704, 0.3010000000383806773, 0.06791518837213486592 ) ) ;
#9813 = VERTEX_POINT ( 'NONE', #3874 ) ;
#9814 = EDGE_CURVE ( 'NONE', #5388, #7970, #10551, .T. ) ;
#9815 = LINE ( 'NONE', #2342, #8086 ) ;
#9816 = SURFACE_STYLE_FILL_AREA ( #6044 ) ;
#9817 = CARTESIAN_POINT ( 'NONE',  ( -0.1843058568177773915, 0.3010000000383806773, 0.05515802396470818186 ) ) ;
#9818 = ORIENTED_EDGE ( 'NONE', *, *, #11684, .F. ) ;
#9819 = UNCERTAINTY_MEASURE_WITH_UNIT (LENGTH_MEASURE( 1.000000000000000082E-05 ), #9239, 'distance_accuracy_value', 'NONE');
#9820 = ORIENTED_EDGE ( 'NONE', *, *, #782, .F. ) ;
#9821 = CARTESIAN_POINT ( 'NONE',  ( -0.1303498635443924858, 0.3000000000000000444, 0.06739423748499547007 ) ) ;
#9822 = VECTOR ( 'NONE', #7870, 1000.000000000000000 ) ;
#9823 = SURFACE_SIDE_STYLE ('',( #9879 ) ) ;
#9824 = CARTESIAN_POINT ( 'NONE',  ( -0.2335456966632236675, 0.3010000000383806773, 0.2048184447495342564 ) ) ;
#9825 = EDGE_CURVE ( 'NONE', #6807, #7682, #2943, .T. ) ;
#9826 = DIRECTION ( 'NONE',  ( -0.007092178509964265458, -0.0000000000000000000, 0.9999748501857348426 ) ) ;
#9827 = CARTESIAN_POINT ( 'NONE',  ( -0.1011086274763220716, 0.3010000000383806218, 0.08756548084747654837 ) ) ;
#9828 = FILL_AREA_STYLE ('',( #9709 ) ) ;
#9829 = VERTEX_POINT ( 'NONE', #9629 ) ;
#9830 = FILL_AREA_STYLE_COLOUR ( '', #411 ) ;
#9831 = FACE_OUTER_BOUND ( 'NONE', #556, .T. ) ;
#9832 = CARTESIAN_POINT ( 'NONE',  ( -0.1106294728516832582, 0.3010000000383806218, 0.08412905523827095278 ) ) ;
#9833 = CARTESIAN_POINT ( 'NONE',  ( -0.05995991569839129870, 0.3000000000000000444, 0.08913625659843754656 ) ) ;
#9834 = CARTESIAN_POINT ( 'NONE',  ( -0.1533597036915596568, 0.3000000000383806764, 0.2131855329286255207 ) ) ;
#9835 = PLANE ( 'NONE',  #10824 ) ;
#9836 = VERTEX_POINT ( 'NONE', #7707 ) ;
#9837 = PRESENTATION_LAYER_ASSIGNMENT (  '', '', ( #11420 ) ) ;
#9838 = LINE ( 'NONE', #190, #218 ) ;
#9839 = ADVANCED_FACE ( 'NONE', ( #4003 ), #4230, .F. ) ;
#9840 = PLANE ( 'NONE',  #850 ) ;
#9841 = VERTEX_POINT ( 'NONE', #4244 ) ;
#9842 = CARTESIAN_POINT ( 'NONE',  ( -0.2464830428257746564, 0.3010000000383806773, 0.1157315702051295442 ) ) ;
#9843 = FACE_OUTER_BOUND ( 'NONE', #4013, .T. ) ;
#9844 =( NAMED_UNIT ( * ) PLANE_ANGLE_UNIT ( ) SI_UNIT ( $, .RADIAN. ) );
#9845 = AXIS2_PLACEMENT_3D ( 'NONE', #8921, #10782, #11017 ) ;
#9846 = CARTESIAN_POINT ( 'NONE',  ( -0.2286452180045759619, 0.3010000000383806773, 0.05484355339127713197 ) ) ;
#9847 = CARTESIAN_POINT ( 'NONE',  ( -0.07515791287049466973, 0.3010000000383806218, 0.05490275390995420779 ) ) ;
#9848 = ORIENTED_EDGE ( 'NONE', *, *, #1346, .F. ) ;
#9849 = EDGE_CURVE ( 'NONE', #6383, #7545, #4373, .T. ) ;
#9850 = FILL_AREA_STYLE ('',( #461 ) ) ;
#9851 = CARTESIAN_POINT ( 'NONE',  ( -0.2161146890077369209, 0.3000000000383806764, 0.1089284109582266957 ) ) ;
#9852 = B_SPLINE_SURFACE_WITH_KNOTS ( 'NONE', 3, 1, ( 
 ( #2659, #7189 ),
 ( #623, #6253 ),
 ( #2708, #808 ),
 ( #3465, #7305 ) ),
 .UNSPECIFIED., .F., .F., .F.,
 ( 4, 4 ),
 ( 2, 2 ),
 ( 12.00000000000000000, 13.00000000000000000 ),
 ( 0.0000000000000000000, 1.000000000000000000 ),
 .UNSPECIFIED. ) ;
#9853 = CARTESIAN_POINT ( 'NONE',  ( -0.1357250516081565661, 0.3010000000383806773, 0.04240129713246750670 ) ) ;
#9854 = EDGE_CURVE ( 'NONE', #11393, #3144, #9989, .T. ) ;
#9855 = EDGE_LOOP ( 'NONE', ( #7716, #4867, #9307, #6737, #42, #4745, #1129, #3591, #4422, #4740, #844, #2425, #8759, #7584 ) ) ;
#9856 = VECTOR ( 'NONE', #1248, 1000.000000000000000 ) ;
#9857 =( NAMED_UNIT ( * ) PLANE_ANGLE_UNIT ( ) SI_UNIT ( $, .RADIAN. ) );
#9858 = CARTESIAN_POINT ( 'NONE',  ( -0.1220943914609887576, 0.3010000000383806218, 0.05572402396699576571 ) ) ;
#9859 = SURFACE_STYLE_FILL_AREA ( #7156 ) ;
#9860 = ORIENTED_EDGE ( 'NONE', *, *, #4697, .T. ) ;
#9861 = CARTESIAN_POINT ( 'NONE',  ( 0.2301529359484426329, 0.3000000000000000444, 0.1962703437822883312 ) ) ;
#9862 = PRESENTATION_LAYER_ASSIGNMENT (  '', '', ( #2954 ) ) ;
#9863 = PRESENTATION_LAYER_ASSIGNMENT (  '', '', ( #4350 ) ) ;
#9864 = CARTESIAN_POINT ( 'NONE',  ( -0.1697082593558360553, 0.3000000000000000444, 0.1520550541038856174 ) ) ;
#9865 = UNCERTAINTY_MEASURE_WITH_UNIT (LENGTH_MEASURE( 1.000000000000000082E-05 ), #10595, 'distance_accuracy_value', 'NONE');
#9866 = DIRECTION ( 'NONE',  ( -0.007092178509961149895, -0.0000000000000000000, 0.9999748501857348426 ) ) ;
#9867 = DIRECTION ( 'NONE',  ( 0.0000000000000000000, -0.0000000000000000000, -1.000000000000000000 ) ) ;
#9868 = FACE_OUTER_BOUND ( 'NONE', #4273, .T. ) ;
#9869 = ORIENTED_EDGE ( 'NONE', *, *, #5436, .T. ) ;
#9870 = COLOUR_RGB ( '',1.000000000000000000, 1.000000000000000000, 1.000000000000000000 ) ;
#9871 = CARTESIAN_POINT ( 'NONE',  ( -0.06503813254809825972, 0.3000000000000000444, 0.1652124337543380006 ) ) ;
#9872 = CARTESIAN_POINT ( 'NONE',  ( -0.07962566394887087007, 0.3010000000383806218, 0.06469702645513186745 ) ) ;
#9873 =( GEOMETRIC_REPRESENTATION_CONTEXT ( 3 ) GLOBAL_UNCERTAINTY_ASSIGNED_CONTEXT ( ( #10166 ) ) GLOBAL_UNIT_ASSIGNED_CONTEXT ( ( #191, #6055, #5650 ) ) REPRESENTATION_CONTEXT ( 'NONE', 'WORKASPACE' ) );
#9874 = ORIENTED_EDGE ( 'NONE', *, *, #2418, .F. ) ;
#9875 = CARTESIAN_POINT ( 'NONE',  ( -0.2702572791969076738, 0.3010000000383806218, 0.08561717371546391508 ) ) ;
#9876 = ORIENTED_EDGE ( 'NONE', *, *, #5092, .T. ) ;
#9877 = CARTESIAN_POINT ( 'NONE',  ( -0.02433419011534256396, 0.3000000000383806764, 0.2141006279177168348 ) ) ;
#9878 = CARTESIAN_POINT ( 'NONE',  ( -0.05396123398767669471, 0.3010000000383806218, 0.1999469980149642667 ) ) ;
#9879 = SURFACE_STYLE_FILL_AREA ( #8713 ) ;
#9880 = DIRECTION ( 'NONE',  ( -0.0000000000000000000, -1.000000000000000000, -0.0000000000000000000 ) ) ;
#9881 = ADVANCED_FACE ( 'NONE', ( #6160 ), #2362, .T. ) ;
#9882 = VECTOR ( 'NONE', #2515, 1000.000000000000000 ) ;
#9883 = MECHANICAL_DESIGN_GEOMETRIC_PRESENTATION_REPRESENTATION (  '', ( #4162 ), #9107 ) ;
#9884 = CARTESIAN_POINT ( 'NONE',  ( 0.1282318878819781460, 0.3000000000000000444, 0.07061105711684040331 ) ) ;
#9885 = CARTESIAN_POINT ( 'NONE',  ( -0.1400545387897615124, 0.3010000000383806218, 0.04149717224798589454 ) ) ;
#9886 = SURFACE_STYLE_USAGE ( .BOTH. , #2355 ) ;
#9887 = CARTESIAN_POINT ( 'NONE',  ( -0.05339103524580324917, 0.3000000000000000444, 0.1657317484329678681 ) ) ;
#9888 = ORIENTED_EDGE ( 'NONE', *, *, #2496, .T. ) ;
#9889 = CARTESIAN_POINT ( 'NONE',  ( -0.05988339222454173300, 0.3000000000000000444, 0.2058941521792218843 ) ) ;
#9890 = STYLED_ITEM ( 'NONE', ( #6226 ), #9881 ) ;
#9891 = PRESENTATION_LAYER_ASSIGNMENT (  '', '', ( #7332 ) ) ;
#9892 = FILL_AREA_STYLE ('',( #4267 ) ) ;
#9893 = SURFACE_STYLE_USAGE ( .BOTH. , #6062 ) ;
#9894 = FACE_OUTER_BOUND ( 'NONE', #11053, .T. ) ;
#9895 =( GEOMETRIC_REPRESENTATION_CONTEXT ( 3 ) GLOBAL_UNCERTAINTY_ASSIGNED_CONTEXT ( ( #11917 ) ) GLOBAL_UNIT_ASSIGNED_CONTEXT ( ( #12119, #10200, #5491 ) ) REPRESENTATION_CONTEXT ( 'NONE', 'WORKASPACE' ) );
#9896 = FILL_AREA_STYLE_COLOUR ( '', #10223 ) ;
#9897 = CARTESIAN_POINT ( 'NONE',  ( 0.05207026960083024208, 0.3000000000383806209, 0.1663760543917789936 ) ) ;
#9898 = DIRECTION ( 'NONE',  ( 0.0000000000000000000, -1.000000000000000000, 0.0000000000000000000 ) ) ;
#9899 = CARTESIAN_POINT ( 'NONE',  ( -0.2608823379689205746, 0.3010000000383806773, 0.1514084150000267748 ) ) ;
#9900 = EDGE_LOOP ( 'NONE', ( #3823, #1814, #10990, #3516 ) ) ;
#9901 = DIRECTION ( 'NONE',  ( -0.9999748501857349536, 0.0000000000000000000, -0.007092178509958388215 ) ) ;
#9902 = AXIS2_PLACEMENT_3D ( 'NONE', #6201, #9901, #7987 ) ;
#9903 = CARTESIAN_POINT ( 'NONE',  ( 0.1956716209133519679, 0.3000000000383806209, 0.2259584781534839659 ) ) ;
#9904 =( GEOMETRIC_REPRESENTATION_CONTEXT ( 3 ) GLOBAL_UNCERTAINTY_ASSIGNED_CONTEXT ( ( #1380 ) ) GLOBAL_UNIT_ASSIGNED_CONTEXT ( ( #6785, #11362, #9504 ) ) REPRESENTATION_CONTEXT ( 'NONE', 'WORKASPACE' ) );
#9905 = VECTOR ( 'NONE', #6773, 1000.000000000000114 ) ;
#9906 = FACE_OUTER_BOUND ( 'NONE', #10075, .T. ) ;
#9907 = VERTEX_POINT ( 'NONE', #10462 ) ;
#9908 =( GEOMETRIC_REPRESENTATION_CONTEXT ( 3 ) GLOBAL_UNCERTAINTY_ASSIGNED_CONTEXT ( ( #8302 ) ) GLOBAL_UNIT_ASSIGNED_CONTEXT ( ( #993, #12255, #3768 ) ) REPRESENTATION_CONTEXT ( 'NONE', 'WORKASPACE' ) );
#9909 = UNCERTAINTY_MEASURE_WITH_UNIT (LENGTH_MEASURE( 1.000000000000000082E-05 ), #4191, 'distance_accuracy_value', 'NONE');
#9910 = PRESENTATION_STYLE_ASSIGNMENT (( #10781 ) ) ;
#9911 = AXIS2_PLACEMENT_3D ( 'NONE', #3953, #11377, #925 ) ;
#9912 = FILL_AREA_STYLE ('',( #1383 ) ) ;
#9913 = MECHANICAL_DESIGN_GEOMETRIC_PRESENTATION_REPRESENTATION (  '', ( #10713 ), #6960 ) ;
#9914 = ADVANCED_FACE ( 'NONE', ( #7756 ), #11846, .F. ) ;
#9915 = LINE ( 'NONE', #1513, #5358 ) ;
#9916 = EDGE_CURVE ( 'NONE', #2550, #9394, #11531, .T. ) ;
#9917 = MECHANICAL_DESIGN_GEOMETRIC_PRESENTATION_REPRESENTATION (  '', ( #434 ), #1220 ) ;
#9918 = LINE ( 'NONE', #6027, #3784 ) ;
#9919 = DIRECTION ( 'NONE',  ( 1.000000000000000000, -0.0000000000000000000, -0.0000000000000000000 ) ) ;
#9920 = PRESENTATION_STYLE_ASSIGNMENT (( #7014 ) ) ;
#9921 = PRESENTATION_LAYER_ASSIGNMENT (  '', '', ( #3217 ) ) ;
#9922 = VECTOR ( 'NONE', #351, 1000.000000000000000 ) ;
#9923 = VERTEX_POINT ( 'NONE', #6771 ) ;
#9924 = CARTESIAN_POINT ( 'NONE',  ( 0.4500000000000018430, -0.2500000000000001665, -0.02000000000000000042 ) ) ;
#9925 = ORIENTED_EDGE ( 'NONE', *, *, #8600, .F. ) ;
#9926 = UNCERTAINTY_MEASURE_WITH_UNIT (LENGTH_MEASURE( 1.000000000000000082E-05 ), #4974, 'distance_accuracy_value', 'NONE');
#9927 = CARTESIAN_POINT ( 'NONE',  ( -0.09639389703908625429, 0.3010000000383806773, 0.1551017010080659730 ) ) ;
#9928 =( GEOMETRIC_REPRESENTATION_CONTEXT ( 3 ) GLOBAL_UNCERTAINTY_ASSIGNED_CONTEXT ( ( #4914 ) ) GLOBAL_UNIT_ASSIGNED_CONTEXT ( ( #2623, #2680, #2737 ) ) REPRESENTATION_CONTEXT ( 'NONE', 'WORKASPACE' ) );
#9929 = MECHANICAL_DESIGN_GEOMETRIC_PRESENTATION_REPRESENTATION (  '', ( #7364 ), #5386 ) ;
#9930 = PLANE ( 'NONE',  #436 ) ;
#9931 = PRESENTATION_LAYER_ASSIGNMENT (  '', '', ( #4588 ) ) ;
#9932 = EDGE_CURVE ( 'NONE', #9276, #228, #9786, .T. ) ;
#9933 =( LENGTH_UNIT ( ) NAMED_UNIT ( * ) SI_UNIT ( .MILLI., .METRE. ) );
#9934 = ORIENTED_EDGE ( 'NONE', *, *, #1361, .F. ) ;
#9935 = EDGE_CURVE ( 'NONE', #8676, #6348, #3903, .T. ) ;
#9936 = PRESENTATION_LAYER_ASSIGNMENT (  '', '', ( #4015 ) ) ;
#9937 = DIRECTION ( 'NONE',  ( -0.9999748501857348426, -0.0000000000000000000, -0.007092178509963803154 ) ) ;
#9938 = STYLED_ITEM ( 'NONE', ( #3238 ), #4296 ) ;
#9939 = CARTESIAN_POINT ( 'NONE',  ( 0.2234092700980876978, 0.3010000000383806218, 0.1684588857120254135 ) ) ;
#9940 = FACE_OUTER_BOUND ( 'NONE', #7773, .T. ) ;
#9941 = CARTESIAN_POINT ( 'NONE',  ( -0.2454290338427567442, 0.3000000000383806764, 0.06168067198567347975 ) ) ;
#9942 = LINE ( 'NONE', #9198, #11511 ) ;
#9943 = EDGE_LOOP ( 'NONE', ( #10579, #10014, #418, #10628 ) ) ;
#9944 = CARTESIAN_POINT ( 'NONE',  ( -0.2460753435467916139, 0.3000000000383806764, 0.1682019657593467887 ) ) ;
#9945 = VECTOR ( 'NONE', #5471, 1000.000000000000000 ) ;
#9946 = FILL_AREA_STYLE ('',( #6175 ) ) ;
#9947 = VERTEX_POINT ( 'NONE', #4098 ) ;
#9948 =( LENGTH_UNIT ( ) NAMED_UNIT ( * ) SI_UNIT ( .MILLI., .METRE. ) );
#9949 = DIRECTION ( 'NONE',  ( -0.007092178509959735228, -0.0000000000000000000, 0.9999748501857349536 ) ) ;
#9950 = ORIENTED_EDGE ( 'NONE', *, *, #8198, .T. ) ;
#9951 = PLANE ( 'NONE',  #9372 ) ;
#9952 = CARTESIAN_POINT ( 'NONE',  ( -0.1032275776034935477, 0.3000000000000000444, 0.08065668413473843501 ) ) ;
#9953 = CARTESIAN_POINT ( 'NONE',  ( 0.4499999999999981792, 0.2499999999999998335, -0.02000000000000000042 ) ) ;
#9954 = CARTESIAN_POINT ( 'NONE',  ( 0.06122284118621485610, 0.3010000000383806218, 0.09920087318832886136 ) ) ;
#9955 = SURFACE_STYLE_USAGE ( .BOTH. , #6187 ) ;
#9956 = AXIS2_PLACEMENT_3D ( 'NONE', #3763, #8404, #10385 ) ;
#9957 = FILL_AREA_STYLE ('',( #6188 ) ) ;
#9958 = PRESENTATION_STYLE_ASSIGNMENT (( #8158 ) ) ;
#9959 = ORIENTED_EDGE ( 'NONE', *, *, #3709, .T. ) ;
#9960 = SURFACE_STYLE_USAGE ( .BOTH. , #11879 ) ;
#9961 = VERTEX_POINT ( 'NONE', #6945 ) ;
#9962 = CARTESIAN_POINT ( 'NONE',  ( 0.3108954633881262919, 0.3010000000383806218, 0.1274338729253616798 ) ) ;
#9963 = CARTESIAN_POINT ( 'NONE',  ( -0.3634856939638865803, 0.2375113646789956401, 0.2999999999999999889 ) ) ;
#9964 = PLANE ( 'NONE',  #4891 ) ;
#9965 = ORIENTED_EDGE ( 'NONE', *, *, #6667, .F. ) ;
#9966 = FACE_OUTER_BOUND ( 'NONE', #11791, .T. ) ;
#9967 = SURFACE_STYLE_USAGE ( .BOTH. , #6021 ) ;
#9968 = VERTEX_POINT ( 'NONE', #2261 ) ;
#9969 = SURFACE_STYLE_FILL_AREA ( #507 ) ;
#9970 = CARTESIAN_POINT ( 'NONE',  ( -0.04719765512167783950, 0.3010000000383806773, 0.1171449732959795598 ) ) ;
#9971 = EDGE_CURVE ( 'NONE', #1394, #11237, #6824, .T. ) ;
#9972 = DIRECTION ( 'NONE',  ( -0.0000000000000000000, -1.000000000000000000, -0.0000000000000000000 ) ) ;
#9973 = FILL_AREA_STYLE_COLOUR ( '', #7775 ) ;
#9974 = B_SPLINE_SURFACE_WITH_KNOTS ( 'NONE', 3, 1, ( 
 ( #5309, #1617 ),
 ( #6357, #9209 ),
 ( #11131, #10012 ),
 ( #7294, #3455 ) ),
 .UNSPECIFIED., .F., .F., .F.,
 ( 4, 4 ),
 ( 2, 2 ),
 ( 3.000000000000000000, 4.000000000000000000 ),
 ( 0.0000000000000000000, 1.000000000000000000 ),
 .UNSPECIFIED. ) ;
#9975 = ORIENTED_EDGE ( 'NONE', *, *, #7130, .F. ) ;
#9976 = CARTESIAN_POINT ( 'NONE',  ( -0.09644743335900980707, 0.3000000000000000444, 0.1626501536337019438 ) ) ;
#9977 = CARTESIAN_POINT ( 'NONE',  ( -0.1303498635443924858, 0.3000000000000000444, 0.06739423748499547007 ) ) ;
#9978 = ORIENTED_EDGE ( 'NONE', *, *, #1708, .F. ) ;
#9979 = EDGE_CURVE ( 'NONE', #2087, #10326, #6116, .T. ) ;
#9980 = EDGE_CURVE ( 'NONE', #9968, #9280, #2078, .T. ) ;
#9981 = CARTESIAN_POINT ( 'NONE',  ( -0.05396123398767669471, 0.3000000000000000444, 0.1999469980149642667 ) ) ;
#9982 = LINE ( 'NONE', #6153, #6354 ) ;
#9983 = EDGE_CURVE ( 'NONE', #11380, #2682, #7752, .T. ) ;
#9984 = CARTESIAN_POINT ( 'NONE',  ( -0.06888600850529047470, 0.3010000000383806218, 0.06121713441612319090 ) ) ;
#9985 = DIRECTION ( 'NONE',  ( -0.9999748501857348426, 0.0000000000000000000, -0.007092178509964422450 ) ) ;
#9986 = PRESENTATION_STYLE_ASSIGNMENT (( #3432 ) ) ;
#9987 = VERTEX_POINT ( 'NONE', #5888 ) ;
#9988 = B_SPLINE_CURVE_WITH_KNOTS ( 'NONE', 3,
 ( #589, #5176, #4376, #10982 ),
 .UNSPECIFIED., .F., .F.,
 ( 4, 4 ),
 ( 17.00000000000000000, 18.00000000000000000 ),
 .UNSPECIFIED. ) ;
#9989 = LINE ( 'NONE', #7030, #7919 ) ;
#9990 = LINE ( 'NONE', #11041, #9444 ) ;
#9991 = UNCERTAINTY_MEASURE_WITH_UNIT (LENGTH_MEASURE( 1.000000000000000082E-05 ), #2262, 'distance_accuracy_value', 'NONE');
#9992 = CARTESIAN_POINT ( 'NONE',  ( -0.09644743335900975156, 0.3000000000383806764, 0.1626501536337019438 ) ) ;
#9993 = EDGE_CURVE ( 'NONE', #5315, #9947, #1258, .T. ) ;
#9994 = CARTESIAN_POINT ( 'NONE',  ( 0.09015416326393556334, 0.3000000000000000444, 0.05689298402215262757 ) ) ;
#9995 = SURFACE_SIDE_STYLE ('',( #1474 ) ) ;
#9996 = DIRECTION ( 'NONE',  ( -0.0000000000000000000, -0.0000000000000000000, 1.000000000000000000 ) ) ;
#9997 = EDGE_LOOP ( 'NONE', ( #9189, #4626, #11005, #9247 ) ) ;
#9998 =( NAMED_UNIT ( * ) SI_UNIT ( $, .STERADIAN. ) SOLID_ANGLE_UNIT ( ) );
#9999 = AXIS2_PLACEMENT_3D ( 'NONE', #3097, #10641, #5941 ) ;
#10000 =( NAMED_UNIT ( * ) PLANE_ANGLE_UNIT ( ) SI_UNIT ( $, .RADIAN. ) );
#10001 = CARTESIAN_POINT ( 'NONE',  ( -0.2028862170221215622, 0.3010000000383806218, 0.1921529681343294438 ) ) ;
#10002 = ORIENTED_EDGE ( 'NONE', *, *, #4816, .F. ) ;
#10003 = SURFACE_SIDE_STYLE ('',( #6238 ) ) ;
#10004 = SURFACE_STYLE_FILL_AREA ( #5878 ) ;
#10005 = VERTEX_POINT ( 'NONE', #9728 ) ;
#10006 = B_SPLINE_CURVE_WITH_KNOTS ( 'NONE', 3,
 ( #4585, #9228, #5514, #2719 ),
 .UNSPECIFIED., .F., .F.,
 ( 4, 4 ),
 ( 5.000000000000000000, 6.000000000000000000 ),
 .UNSPECIFIED. ) ;
#10007 = DIRECTION ( 'NONE',  ( 7.264154555652881286E-15, 1.000000000000000000, 0.0000000000000000000 ) ) ;
#10008 = MECHANICAL_DESIGN_GEOMETRIC_PRESENTATION_REPRESENTATION (  '', ( #3682 ), #9227 ) ;
#10009 = CARTESIAN_POINT ( 'NONE',  ( 0.0000000000000000000, 0.0000000000000000000, -0.02000000000000000042 ) ) ;
#10011 = EDGE_CURVE ( 'NONE', #1328, #2452, #265, .T. ) ;
#10010 = PRESENTATION_STYLE_ASSIGNMENT (( #6471 ) ) ;
#10012 = CARTESIAN_POINT ( 'NONE',  ( -0.1192617886232077706, 0.3000000000000000444, 0.07196474523745087504 ) ) ;
#10013 = CARTESIAN_POINT ( 'NONE',  ( -0.07962566394887087007, 0.3000000000383806209, 0.06469702645513186745 ) ) ;
#10014 = ORIENTED_EDGE ( 'NONE', *, *, #10439, .F. ) ;
#10015 = CARTESIAN_POINT ( 'NONE',  ( -0.1278432262494003657, 0.3010000000383806218, 0.07461771903355486624 ) ) ;
#10016 = ORIENTED_EDGE ( 'NONE', *, *, #9387, .F. ) ;
#10017 = STYLED_ITEM ( 'NONE', ( #10019 ), #2488 ) ;
#10018 = ORIENTED_EDGE ( 'NONE', *, *, #9979, .T. ) ;
#10019 = PRESENTATION_STYLE_ASSIGNMENT (( #7188 ) ) ;
#10020 = EDGE_CURVE ( 'NONE', #10702, #5711, #9660, .T. ) ;
#10021 = CARTESIAN_POINT ( 'NONE',  ( -0.1081278071893977261, 0.3010000000383806773, 0.05466891965310177737 ) ) ;
#10022 = CARTESIAN_POINT ( 'NONE',  ( -0.3137952773955881014, 0.3010000000383806773, 0.1152541678150744431 ) ) ;
#10023 = ORIENTED_EDGE ( 'NONE', *, *, #10661, .T. ) ;
#10024 = MECHANICAL_DESIGN_GEOMETRIC_PRESENTATION_REPRESENTATION (  '', ( #4298 ), #5086 ) ;
#10025 = DIRECTION ( 'NONE',  ( -0.9999748501857348426, 0.0000000000000000000, -0.007092178509963204674 ) ) ;
#10026 = ORIENTED_EDGE ( 'NONE', *, *, #12172, .F. ) ;
#10027 = UNCERTAINTY_MEASURE_WITH_UNIT (LENGTH_MEASURE( 1.000000000000000082E-05 ), #491, 'distance_accuracy_value', 'NONE');
#10028 = CARTESIAN_POINT ( 'NONE',  ( -0.2636884999578180677, 0.3000000000383806209, 0.1028513924644997024 ) ) ;
#10029 =( NAMED_UNIT ( * ) SI_UNIT ( $, .STERADIAN. ) SOLID_ANGLE_UNIT ( ) );
#10030 =( NAMED_UNIT ( * ) PLANE_ANGLE_UNIT ( ) SI_UNIT ( $, .RADIAN. ) );
#10031 =( NAMED_UNIT ( * ) PLANE_ANGLE_UNIT ( ) SI_UNIT ( $, .RADIAN. ) );
#10032 = CARTESIAN_POINT ( 'NONE',  ( 0.1844086016753657686, 0.3000000000000000444, 0.1013759932615268117 ) ) ;
#10033 = CARTESIAN_POINT ( 'NONE',  ( -0.3278980124440741828, 0.3010000000383806773, 0.05413961715163378291 ) ) ;
#10034 = PRESENTATION_LAYER_ASSIGNMENT (  '', '', ( #3910 ) ) ;
#10035 = CARTESIAN_POINT ( 'NONE',  ( -0.1414015620100129988, 0.3010000000383806773, 0.1522558153035966089 ) ) ;
#10036 =( GEOMETRIC_REPRESENTATION_CONTEXT ( 3 ) GLOBAL_UNCERTAINTY_ASSIGNED_CONTEXT ( ( #506 ) ) GLOBAL_UNIT_ASSIGNED_CONTEXT ( ( #5659, #839, #31 ) ) REPRESENTATION_CONTEXT ( 'NONE', 'WORKASPACE' ) );
#10037 = FILL_AREA_STYLE_COLOUR ( '', #12152 ) ;
#10038 = ORIENTED_EDGE ( 'NONE', *, *, #254, .T. ) ;
#10039 = CARTESIAN_POINT ( 'NONE',  ( -0.1357250516081565661, 0.3010000000383806773, 0.04240129713246750670 ) ) ;
#10040 = LINE ( 'NONE', #7322, #4505 ) ;
#10041 = DIRECTION ( 'NONE',  ( -0.0000000000000000000, -1.000000000000000000, -0.0000000000000000000 ) ) ;
#10042 = ORIENTED_EDGE ( 'NONE', *, *, #11301, .T. ) ;
#10043 = UNCERTAINTY_MEASURE_WITH_UNIT (LENGTH_MEASURE( 1.000000000000000082E-05 ), #3549, 'distance_accuracy_value', 'NONE');
#10044 = CARTESIAN_POINT ( 'NONE',  ( -0.06537249139256422203, 0.3010000000383806218, 0.07381304289953131981 ) ) ;
#10045 = PRESENTATION_LAYER_ASSIGNMENT (  '', '', ( #8459 ) ) ;
#10046 = STYLED_ITEM ( 'NONE', ( #10225 ), #7203 ) ;
#10047 = FILL_AREA_STYLE ('',( #5163 ) ) ;
#10048 = CARTESIAN_POINT ( 'NONE',  ( -0.02345946859065687132, 0.3010000000383806773, 0.09076764576379139915 ) ) ;
#10049 = VERTEX_POINT ( 'NONE', #6068 ) ;
#10050 = SURFACE_STYLE_FILL_AREA ( #10978 ) ;
#10051 = ADVANCED_FACE ( 'NONE', ( #10649 ), #6020, .F. ) ;
#10052 = B_SPLINE_SURFACE_WITH_KNOTS ( 'NONE', 3, 1, ( 
 ( #12179, #350 ),
 ( #11618, #4122 ),
 ( #5915, #5798 ),
 ( #166, #6977 ) ),
 .UNSPECIFIED., .F., .F., .F.,
 ( 4, 4 ),
 ( 2, 2 ),
 ( 5.000000000000000000, 6.000000000000000000 ),
 ( 0.0000000000000000000, 1.000000000000000000 ),
 .UNSPECIFIED. ) ;
#10053 =( GEOMETRIC_REPRESENTATION_CONTEXT ( 3 ) GLOBAL_UNCERTAINTY_ASSIGNED_CONTEXT ( ( #4712 ) ) GLOBAL_UNIT_ASSIGNED_CONTEXT ( ( #9265, #3241, #10029 ) ) REPRESENTATION_CONTEXT ( 'NONE', 'WORKASPACE' ) );
#10054 = CARTESIAN_POINT ( 'NONE',  ( 0.1844086016753657686, 0.3000000000000000444, 0.1013759932615268117 ) ) ;
#10055 = CARTESIAN_POINT ( 'NONE',  ( -0.2369041256808862850, 0.3010000000383806773, 0.1087809648539770080 ) ) ;
#10056 = FILL_AREA_STYLE ('',( #6286 ) ) ;
#10057 = CARTESIAN_POINT ( 'NONE',  ( -0.1611858963196588501, 0.3010000000383806773, 0.2061114843274022279 ) ) ;
#10058 = ORIENTED_EDGE ( 'NONE', *, *, #5414, .F. ) ;
#10059 = FACE_OUTER_BOUND ( 'NONE', #10327, .T. ) ;
#10060 = B_SPLINE_SURFACE_WITH_KNOTS ( 'NONE', 3, 1, ( 
 ( #5393, #2480 ),
 ( #10268, #9165 ),
 ( #810, #4572 ),
 ( #3467, #8169 ) ),
 .UNSPECIFIED., .F., .F., .F.,
 ( 4, 4 ),
 ( 2, 2 ),
 ( 27.00000000000000000, 28.00000000000000000 ),
 ( 0.0000000000000000000, 1.000000000000000000 ),
 .UNSPECIFIED. ) ;
#10061 =( GEOMETRIC_REPRESENTATION_CONTEXT ( 3 ) GLOBAL_UNCERTAINTY_ASSIGNED_CONTEXT ( ( #7074 ) ) GLOBAL_UNIT_ASSIGNED_CONTEXT ( ( #4138, #2358, #4396 ) ) REPRESENTATION_CONTEXT ( 'NONE', 'WORKASPACE' ) );
#10062 = CARTESIAN_POINT ( 'NONE',  ( -0.4499999999999981237, -0.2500000000000001665, -0.02000000000000000042 ) ) ;
#10063 = EDGE_LOOP ( 'NONE', ( #2170, #975, #5739, #9173 ) ) ;
#10064 =( NAMED_UNIT ( * ) SI_UNIT ( $, .STERADIAN. ) SOLID_ANGLE_UNIT ( ) );
#10065 = EDGE_CURVE ( 'NONE', #291, #3346, #8667, .T. ) ;
#10066 =( LENGTH_UNIT ( ) NAMED_UNIT ( * ) SI_UNIT ( .MILLI., .METRE. ) );
#10067 = ORIENTED_EDGE ( 'NONE', *, *, #9235, .F. ) ;
#10068 = EDGE_CURVE ( 'NONE', #10378, #9754, #9838, .T. ) ;
#10069 = CARTESIAN_POINT ( 'NONE',  ( -0.1090203425049694058, 0.3000000000383806764, 0.2135000035020551135 ) ) ;
#10070 = CARTESIAN_POINT ( 'NONE',  ( 0.2336201379977393688, 0.3000000000000000444, 0.1967287431326869840 ) ) ;
#10071 = CARTESIAN_POINT ( 'NONE',  ( -0.3094510777426409120, 0.3000000000383806209, 0.1074865979289164747 ) ) ;
#10072 = ORIENTED_EDGE ( 'NONE', *, *, #454, .F. ) ;
#10073 = COLOUR_RGB ( '',1.000000000000000000, 1.000000000000000000, 1.000000000000000000 ) ;
#10074 = PLANE ( 'NONE',  #4369 ) ;
#10075 = EDGE_LOOP ( 'NONE', ( #4453, #5935, #8853, #10174 ) ) ;
#10076 = VECTOR ( 'NONE', #4183, 1000.000000000000000 ) ;
#10077 = CARTESIAN_POINT ( 'NONE',  ( 0.2835608266892032936, 0.3000000000000000444, 0.1281076399072667571 ) ) ;
#10078 = CARTESIAN_POINT ( 'NONE',  ( -0.3082354757770474629, 0.3000000000383806764, 0.1032217068980687963 ) ) ;
#10079 = ORIENTED_EDGE ( 'NONE', *, *, #6820, .T. ) ;
#10080 = EDGE_CURVE ( 'NONE', #9276, #10146, #9781, .T. ) ;
#10081 = ORIENTED_EDGE ( 'NONE', *, *, #1985, .F. ) ;
#10082 = MECHANICAL_DESIGN_GEOMETRIC_PRESENTATION_REPRESENTATION (  '', ( #5338 ), #1199 ) ;
#10083 = CARTESIAN_POINT ( 'NONE',  ( 0.2901568176952524225, 0.3000000000000000444, 0.1767407862493474702 ) ) ;
#10084 = CARTESIAN_POINT ( 'NONE',  ( -0.3094510777426408565, 0.3000000000383806764, 0.1074865979289164747 ) ) ;
#10085 = VECTOR ( 'NONE', #11622, 1000.000000000000000 ) ;
#10086 = EDGE_CURVE ( 'NONE', #4878, #11810, #4353, .T. ) ;
#10087 = VECTOR ( 'NONE', #11280, 1000.000000000000114 ) ;
#10088 = ADVANCED_FACE ( 'NONE', ( #7683 ), #5075, .F. ) ;
#10089 = FILL_AREA_STYLE_COLOUR ( '', #4640 ) ;
#10090 = PRESENTATION_STYLE_ASSIGNMENT (( #10960 ) ) ;
#10091 = ORIENTED_EDGE ( 'NONE', *, *, #1545, .T. ) ;
#10092 = CARTESIAN_POINT ( 'NONE',  ( -0.3092639260244501864, 0.3000000000383806764, 0.1074879252756928555 ) ) ;
#10093 = CARTESIAN_POINT ( 'NONE',  ( 0.09256921454294994578, 0.3000000000000000444, 0.08337233655035197755 ) ) ;
#10094 = B_SPLINE_CURVE_WITH_KNOTS ( 'NONE', 3,
 ( #5233, #10980, #9010, #5106 ),
 .UNSPECIFIED., .F., .F.,
 ( 4, 4 ),
 ( 14.00000000000000000, 15.00000000000000000 ),
 .UNSPECIFIED. ) ;
#10095 = FILL_AREA_STYLE ('',( #5452 ) ) ;
#10096 = ORIENTED_EDGE ( 'NONE', *, *, #3844, .T. ) ;
#10097 = VECTOR ( 'NONE', #8212, 1000.000000000000000 ) ;
#10098 = MECHANICAL_DESIGN_GEOMETRIC_PRESENTATION_REPRESENTATION (  '', ( #7332 ), #4364 ) ;
#10099 = PRESENTATION_STYLE_ASSIGNMENT (( #4413 ) ) ;
#10100 = PRESENTATION_LAYER_ASSIGNMENT (  '', '', ( #4162 ) ) ;
#10101 =( NAMED_UNIT ( * ) SI_UNIT ( $, .STERADIAN. ) SOLID_ANGLE_UNIT ( ) );
#10102 = VECTOR ( 'NONE', #4498, 1000.000000000000000 ) ;
#10103 = CARTESIAN_POINT ( 'NONE',  ( -0.2702572791969076738, 0.3000000000383806209, 0.08561717371546391508 ) ) ;
#10104 = VECTOR ( 'NONE', #11414, 1000.000000000000114 ) ;
#10105 =( NAMED_UNIT ( * ) SI_UNIT ( $, .STERADIAN. ) SOLID_ANGLE_UNIT ( ) );
#10106 = ORIENTED_EDGE ( 'NONE', *, *, #11510, .F. ) ;
#10107 = VECTOR ( 'NONE', #10654, 1000.000000000000114 ) ;
#10108 =( GEOMETRIC_REPRESENTATION_CONTEXT ( 3 ) GLOBAL_UNCERTAINTY_ASSIGNED_CONTEXT ( ( #3473 ) ) GLOBAL_UNIT_ASSIGNED_CONTEXT ( ( #10735, #9857, #4234 ) ) REPRESENTATION_CONTEXT ( 'NONE', 'WORKASPACE' ) );
#10109 = CARTESIAN_POINT ( 'NONE',  ( -0.07010858147790996475, 0.3010000000383806773, 0.08185857505698616865 ) ) ;
#10110 = PRESENTATION_LAYER_ASSIGNMENT (  '', '', ( #7740 ) ) ;
#10111 = B_SPLINE_CURVE_WITH_KNOTS ( 'NONE', 3,
 ( #8618, #1201, #5713, #4790 ),
 .UNSPECIFIED., .F., .F.,
 ( 4, 4 ),
 ( 10.00000000000000000, 11.00000000000000000 ),
 .UNSPECIFIED. ) ;
#10112 = EDGE_LOOP ( 'NONE', ( #8703, #3574, #9349, #2162, #5720, #1098, #10347, #2696, #4192, #7782, #2312, #5246 ) ) ;
#10113 = STYLED_ITEM ( 'NONE', ( #3951 ), #10310 ) ;
#10114 = VECTOR ( 'NONE', #1839, 1000.000000000000114 ) ;
#10115 =( NAMED_UNIT ( * ) SI_UNIT ( $, .STERADIAN. ) SOLID_ANGLE_UNIT ( ) );
#10116 = FILL_AREA_STYLE_COLOUR ( '', #4149 ) ;
#10117 = VECTOR ( 'NONE', #8874, 1000.000000000000000 ) ;
#10118 = FACE_OUTER_BOUND ( 'NONE', #11650, .T. ) ;
#10119 = VECTOR ( 'NONE', #5142, 1000.000000000000114 ) ;
#10120 = EDGE_LOOP ( 'NONE', ( #10942, #10419, #6225, #8000 ) ) ;
#10121 =( GEOMETRIC_REPRESENTATION_CONTEXT ( 3 ) GLOBAL_UNCERTAINTY_ASSIGNED_CONTEXT ( ( #2272 ) ) GLOBAL_UNIT_ASSIGNED_CONTEXT ( ( #7118, #6859, #4323 ) ) REPRESENTATION_CONTEXT ( 'NONE', 'WORKASPACE' ) );
#10122 = ADVANCED_FACE ( 'NONE', ( #9168 ), #9756, .F. ) ;
#10123 = LINE ( 'NONE', #3730, #9945 ) ;
#10124 = FACE_BOUND ( 'NONE', #9441, .T. ) ;
#10125 = UNCERTAINTY_MEASURE_WITH_UNIT (LENGTH_MEASURE( 1.000000000000000082E-05 ), #1945, 'distance_accuracy_value', 'NONE');
#10126 = VECTOR ( 'NONE', #6570, 1000.000000000000114 ) ;
#10127 = LINE ( 'NONE', #6168, #10129 ) ;
#10128 = DIRECTION ( 'NONE',  ( 0.9999748501857348426, -0.0000000000000000000, 0.007092178509964026066 ) ) ;
#10129 = VECTOR ( 'NONE', #528, 1000.000000000000000 ) ;
#10130 = FILL_AREA_STYLE ('',( #7100 ) ) ;
#10131 = EDGE_LOOP ( 'NONE', ( #6302, #9710, #9651, #5566 ) ) ;
#10132 =( NAMED_UNIT ( * ) SI_UNIT ( $, .STERADIAN. ) SOLID_ANGLE_UNIT ( ) );
#10133 = FILL_AREA_STYLE ('',( #9259 ) ) ;
#10134 = VERTEX_POINT ( 'NONE', #7068 ) ;
#10135 = EDGE_CURVE ( 'NONE', #10882, #8081, #4404, .T. ) ;
#10136 = VERTEX_POINT ( 'NONE', #8985 ) ;
#10137 = MECHANICAL_DESIGN_GEOMETRIC_PRESENTATION_REPRESENTATION (  '', ( #248 ), #3025 ) ;
#10138 = PRESENTATION_LAYER_ASSIGNMENT (  '', '', ( #4568 ) ) ;
#10139 = SURFACE_STYLE_FILL_AREA ( #5432 ) ;
#10140 = PLANE ( 'NONE',  #11686 ) ;
#10141 = DIRECTION ( 'NONE',  ( 0.9999748501857348426, -0.0000000000000000000, 0.007092178509963292278 ) ) ;
#10142 = FACE_OUTER_BOUND ( 'NONE', #11201, .T. ) ;
#10143 = VERTEX_POINT ( 'NONE', #3410 ) ;
#10144 = SURFACE_STYLE_FILL_AREA ( #3457 ) ;
#10145 = CARTESIAN_POINT ( 'NONE',  ( -0.04714787961761831431, 0.3000000000383806764, 0.1101267838715366404 ) ) ;
#10146 = VERTEX_POINT ( 'NONE', #504 ) ;
#10147 = EDGE_CURVE ( 'NONE', #7003, #8643, #4927, .T. ) ;
#10148 = ADVANCED_FACE ( 'NONE', ( #12010 ), #11833, .F. ) ;
#10149 = AXIS2_PLACEMENT_3D ( 'NONE', #1002, #7849, #5877 ) ;
#10150 =( GEOMETRIC_REPRESENTATION_CONTEXT ( 3 ) GLOBAL_UNCERTAINTY_ASSIGNED_CONTEXT ( ( #4595 ) ) GLOBAL_UNIT_ASSIGNED_CONTEXT ( ( #2548, #7209, #11213 ) ) REPRESENTATION_CONTEXT ( 'NONE', 'WORKASPACE' ) );
#10151 = CARTESIAN_POINT ( 'NONE',  ( 0.2729500142091998427, 0.3000000000000000444, 0.09506304592161925193 ) ) ;
#10152 = ORIENTED_EDGE ( 'NONE', *, *, #6536, .T. ) ;
#10153 = EDGE_CURVE ( 'NONE', #7721, #8911, #10390, .T. ) ;
#10154 = LINE ( 'NONE', #804, #1926 ) ;
#10155 = ORIENTED_EDGE ( 'NONE', *, *, #2813, .F. ) ;
#10156 = CARTESIAN_POINT ( 'NONE',  ( -0.1776708434785890245, 0.3010000000383806218, 0.2059945671989796834 ) ) ;
#10157 = CARTESIAN_POINT ( 'NONE',  ( 0.3032626830731077749, 0.3010000000383806218, 0.1638195300207760940 ) ) ;
#10158 = VECTOR ( 'NONE', #11143, 1000.000000000000000 ) ;
#10159 = SURFACE_STYLE_USAGE ( .BOTH. , #5575 ) ;
#10160 = SURFACE_STYLE_FILL_AREA ( #4272 ) ;
#10161 = ORIENTED_EDGE ( 'NONE', *, *, #3023, .F. ) ;
#10162 = CARTESIAN_POINT ( 'NONE',  ( -0.2232137446759145660, 0.3010000000383806773, 0.1752578767396400505 ) ) ;
#10163 = CARTESIAN_POINT ( 'NONE',  ( -0.07558621805047235909, 0.3010000000383806218, 0.2076543934544113346 ) ) ;
#10164 = EDGE_LOOP ( 'NONE', ( #917, #10673, #2538, #709 ) ) ;
#10165 = EDGE_CURVE ( 'NONE', #1328, #1271, #947, .T. ) ;
#10166 = UNCERTAINTY_MEASURE_WITH_UNIT (LENGTH_MEASURE( 1.000000000000000082E-05 ), #191, 'distance_accuracy_value', 'NONE');
#10167 = FACE_OUTER_BOUND ( 'NONE', #9242, .T. ) ;
#10168 = CARTESIAN_POINT ( 'NONE',  ( -0.1173749001724034291, 0.3000000000000000444, 0.09400075425657250516 ) ) ;
#10169 = VECTOR ( 'NONE', #4871, 1000.000000000000114 ) ;
#10170 = SURFACE_SIDE_STYLE ('',( #8476 ) ) ;
#10171 = CARTESIAN_POINT ( 'NONE',  ( -0.2171197913716588490, 0.3000000000383806764, 0.05492529583016843298 ) ) ;
#10172 = CARTESIAN_POINT ( 'NONE',  ( -0.08303488103793564556, 0.3010000000383806218, 0.08357612140341477702 ) ) ;
#10173 = CARTESIAN_POINT ( 'NONE',  ( -0.06503813254809825972, 0.3000000000000000444, 0.1652124337543380006 ) ) ;
#10174 = ORIENTED_EDGE ( 'NONE', *, *, #9301, .T. ) ;
#10175 = PRESENTATION_STYLE_ASSIGNMENT (( #6384 ) ) ;
#10176 = VECTOR ( 'NONE', #293, 1000.000000000000114 ) ;
#10177 = DIRECTION ( 'NONE',  ( -0.9999748501857348426, 0.0000000000000000000, -0.007092178509963615804 ) ) ;
#10178 = B_SPLINE_SURFACE_WITH_KNOTS ( 'NONE', 3, 1, ( 
 ( #3155, #6113 ),
 ( #5005, #11701 ),
 ( #5934, #9887 ),
 ( #3224, #4136 ) ),
 .UNSPECIFIED., .F., .F., .F.,
 ( 4, 4 ),
 ( 2, 2 ),
 ( 2.000000000000000000, 3.000000000000000000 ),
 ( 0.0000000000000000000, 1.000000000000000000 ),
 .UNSPECIFIED. ) ;
#10179 = ORIENTED_EDGE ( 'NONE', *, *, #9170, .F. ) ;
#10180 = UNCERTAINTY_MEASURE_WITH_UNIT (LENGTH_MEASURE( 1.000000000000000082E-05 ), #8549, 'distance_accuracy_value', 'NONE');
#10181 = CARTESIAN_POINT ( 'NONE',  ( -0.2691773925217667007, 0.3000000000000000444, 0.06310310977246418040 ) ) ;
#10182 = DIRECTION ( 'NONE',  ( -0.0000000000000000000, -1.000000000000000000, -0.0000000000000000000 ) ) ;
#10183 = AXIS2_PLACEMENT_3D ( 'NONE', #11646, #1503, #4144 ) ;
#10184 = CARTESIAN_POINT ( 'NONE',  ( -0.08182569249341933859, 0.3010000000383806773, 0.06702093721743172805 ) ) ;
#10185 = ORIENTED_EDGE ( 'NONE', *, *, #10438, .T. ) ;
#10186 = PRESENTATION_STYLE_ASSIGNMENT (( #8197 ) ) ;
#10187 = ADVANCED_FACE ( 'NONE', ( #4752 ), #1693, .T. ) ;
#10188 = CARTESIAN_POINT ( 'NONE',  ( -0.1253703211595268707, 0.3010000000383806218, 0.05800911053237797071 ) ) ;
#10189 = CARTESIAN_POINT ( 'NONE',  ( -0.5000000000000000000, -0.2999999999999999334, 0.2999999999999999889 ) ) ;
#10190 = CARTESIAN_POINT ( 'NONE',  ( -0.1558462982421120469, 0.3010000000383806773, 0.06459315182292355018 ) ) ;
#10191 = CARTESIAN_POINT ( 'NONE',  ( -0.2027550309158670239, 0.3010000000383806218, 0.1736561400068279970 ) ) ;
#10192 = LINE ( 'NONE', #780, #1448 ) ;
#10193 = ORIENTED_EDGE ( 'NONE', *, *, #1321, .F. ) ;
#10194 = FILL_AREA_STYLE_COLOUR ( '', #9870 ) ;
#10195 = PRESENTATION_STYLE_ASSIGNMENT (( #3384 ) ) ;
#10196 = DIRECTION ( 'NONE',  ( 0.007092178509963393759, 0.0000000000000000000, -0.9999748501857348426 ) ) ;
#10197 = ORIENTED_EDGE ( 'NONE', *, *, #7943, .F. ) ;
#10198 = FILL_AREA_STYLE ('',( #12049 ) ) ;
#10199 = ORIENTED_EDGE ( 'NONE', *, *, #9983, .T. ) ;
#10200 =( NAMED_UNIT ( * ) PLANE_ANGLE_UNIT ( ) SI_UNIT ( $, .RADIAN. ) );
#10201 = CARTESIAN_POINT ( 'NONE',  ( -0.1923767237013861153, 0.3010000000383806773, 0.08258227537899906490 ) ) ;
#10202 = PRESENTATION_STYLE_ASSIGNMENT (( #4499 ) ) ;
#10203 = VERTEX_POINT ( 'NONE', #5636 ) ;
#10204 = EDGE_CURVE ( 'NONE', #787, #4072, #2716, .T. ) ;
#10205 = CARTESIAN_POINT ( 'NONE',  ( -0.06927822973042647992, 0.3010000000383806218, 0.05494445472113325402 ) ) ;
#10206 = PRESENTATION_LAYER_ASSIGNMENT (  '', '', ( #11004 ) ) ;
#10207 = FACE_BOUND ( 'NONE', #4708, .T. ) ;
#10208 = ORIENTED_EDGE ( 'NONE', *, *, #7944, .T. ) ;
#10209 = CARTESIAN_POINT ( 'NONE',  ( 0.2578167557320734105, 0.3010000000383806218, 0.08801480081575580039 ) ) ;
#10210 = VERTEX_POINT ( 'NONE', #11326 ) ;
#10211 = ORIENTED_EDGE ( 'NONE', *, *, #8444, .T. ) ;
#10212 = CARTESIAN_POINT ( 'NONE',  ( -0.1089518509067853441, 0.3010000000383806218, 0.06090177964109294573 ) ) ;
#10213 = VECTOR ( 'NONE', #740, 1000.000000000000000 ) ;
#10214 = EDGE_CURVE ( 'NONE', #4884, #7629, #8350, .T. ) ;
#10215 =( LENGTH_UNIT ( ) NAMED_UNIT ( * ) SI_UNIT ( .MILLI., .METRE. ) );
#10216 = VERTEX_POINT ( 'NONE', #9405 ) ;
#10217 = ORIENTED_EDGE ( 'NONE', *, *, #10147, .T. ) ;
#10218 = VECTOR ( 'NONE', #6777, 1000.000000000000000 ) ;
#10219 = CARTESIAN_POINT ( 'NONE',  ( -0.1563250175356250826, 0.3010000000383806218, 0.06611823915281013486 ) ) ;
#10220 =( NAMED_UNIT ( * ) SI_UNIT ( $, .STERADIAN. ) SOLID_ANGLE_UNIT ( ) );
#10221 = EDGE_CURVE ( 'NONE', #10203, #8174, #3651, .T. ) ;
#10222 = EDGE_LOOP ( 'NONE', ( #3030, #1318, #9662, #6544, #5488, #2309, #10211, #3500, #6552, #11856, #9780, #8243 ) ) ;
#10223 = COLOUR_RGB ( '',1.000000000000000000, 1.000000000000000000, 1.000000000000000000 ) ;
#10224 =( NAMED_UNIT ( * ) SI_UNIT ( $, .STERADIAN. ) SOLID_ANGLE_UNIT ( ) );
#10225 = PRESENTATION_STYLE_ASSIGNMENT (( #245 ) ) ;
#10226 = ORIENTED_EDGE ( 'NONE', *, *, #2368, .T. ) ;
#10227 = LINE ( 'NONE', #11223, #2604 ) ;
#10228 = CARTESIAN_POINT ( 'NONE',  ( -0.2784732602775099042, 0.3000000000000000444, 0.07632562053298402871 ) ) ;
#10229 = COLOUR_RGB ( '',1.000000000000000000, 1.000000000000000000, 1.000000000000000000 ) ;
#10230 = CARTESIAN_POINT ( 'NONE',  ( -0.08182569249341933859, 0.3000000000383806209, 0.06702093721743172805 ) ) ;
#10231 = EDGE_LOOP ( 'NONE', ( #8078, #2760, #3019, #3691 ) ) ;
#10232 = AXIS2_PLACEMENT_3D ( 'NONE', #9740, #391, #4229 ) ;
#10233 = EDGE_CURVE ( 'NONE', #1598, #4137, #924, .T. ) ;
#10234 = EDGE_CURVE ( 'NONE', #3945, #10376, #6427, .T. ) ;
#10235 = LINE ( 'NONE', #10876, #1559 ) ;
#10236 = PRESENTATION_STYLE_ASSIGNMENT (( #1088 ) ) ;
#10237 = VECTOR ( 'NONE', #9725, 1000.000000000000114 ) ;
#10238 = UNCERTAINTY_MEASURE_WITH_UNIT (LENGTH_MEASURE( 1.000000000000000082E-05 ), #6137, 'distance_accuracy_value', 'NONE');
#10239 = CARTESIAN_POINT ( 'NONE',  ( -0.1168465351328578788, 0.3000000000000000444, 0.2064259549008332639 ) ) ;
#10240 = VECTOR ( 'NONE', #10762, 1000.000000000000114 ) ;
#10241 = CARTESIAN_POINT ( 'NONE',  ( -0.08268347050467753090, 0.3010000000383806218, 0.06261656694756101427 ) ) ;
#10242 = CARTESIAN_POINT ( 'NONE',  ( 0.1587568035690821167, 0.3010000000383806218, 0.2317699638499286230 ) ) ;
#10243 = ORIENTED_EDGE ( 'NONE', *, *, #4552, .T. ) ;
#10244 = CARTESIAN_POINT ( 'NONE',  ( -0.1384772654616892862, 0.3010000000383806773, 0.1797580483409171037 ) ) ;
#10245 = CARTESIAN_POINT ( 'NONE',  ( -0.1142006192852175334, 0.3010000000383806218, 0.08185779380888048851 ) ) ;
#10246 = CARTESIAN_POINT ( 'NONE',  ( -0.3082354757770475184, 0.3000000000383806209, 0.1032217068980687963 ) ) ;
#10247 = ORIENTED_EDGE ( 'NONE', *, *, #2382, .T. ) ;
#10248 = CARTESIAN_POINT ( 'NONE',  ( -0.2592552612880864027, 0.3010000000383806218, 0.1067196377811700375 ) ) ;
#10249 = CARTESIAN_POINT ( 'NONE',  ( 0.2516268547034526404, 0.3000000000383806209, 0.1044555731240748297 ) ) ;
#10250 = CARTESIAN_POINT ( 'NONE',  ( 0.1127817436576376564, 0.3000000000000000444, 0.1082427051004219570 ) ) ;
#10251 = CARTESIAN_POINT ( 'NONE',  ( 0.2336201379977393688, 0.3010000000383806218, 0.1967287431326869840 ) ) ;
#10252 = PRESENTATION_STYLE_ASSIGNMENT (( #792 ) ) ;
#10253 =( NAMED_UNIT ( * ) SI_UNIT ( $, .STERADIAN. ) SOLID_ANGLE_UNIT ( ) );
#10254 = CARTESIAN_POINT ( 'NONE',  ( -0.2369041256808862850, 0.3010000000383806773, 0.1087809648539770080 ) ) ;
#10255 = VERTEX_POINT ( 'NONE', #12195 ) ;
#10256 = DIRECTION ( 'NONE',  ( 0.3492990578015338077, -0.0000000000000000000, 0.9370112956730888287 ) ) ;
#10257 = CARTESIAN_POINT ( 'NONE',  ( -0.2454290338427567442, 0.3010000000383806773, 0.06168067198567349363 ) ) ;
#10258 = VERTEX_POINT ( 'NONE', #813 ) ;
#10259 = CARTESIAN_POINT ( 'NONE',  ( -0.2206694978298006649, 0.3000000000383806764, 0.1683821530840460545 ) ) ;
#10260 =( LENGTH_UNIT ( ) NAMED_UNIT ( * ) SI_UNIT ( .MILLI., .METRE. ) );
#10261 = ORIENTED_EDGE ( 'NONE', *, *, #2353, .T. ) ;
#10262 = CARTESIAN_POINT ( 'NONE',  ( -0.2592552612880864027, 0.3000000000383806209, 0.1067196377811700375 ) ) ;
#10263 = EDGE_LOOP ( 'NONE', ( #5725, #11624, #1674, #2767 ) ) ;
#10264 = ADVANCED_FACE ( 'NONE', ( #4575 ), #481, .F. ) ;
#10265 =( NAMED_UNIT ( * ) SI_UNIT ( $, .STERADIAN. ) SOLID_ANGLE_UNIT ( ) );
#10266 = B_SPLINE_CURVE_WITH_KNOTS ( 'NONE', 3,
 ( #11727, #3915, #11595, #3245 ),
 .UNSPECIFIED., .F., .F.,
 ( 4, 4 ),
 ( 10.00000000000000000, 11.00000000000000000 ),
 .UNSPECIFIED. ) ;
#10267 = PRESENTATION_LAYER_ASSIGNMENT (  '', '', ( #1782 ) ) ;
#10268 = CARTESIAN_POINT ( 'NONE',  ( 0.1220635311277044333, 0.3010000000383806218, 0.08401532121141504217 ) ) ;
#10269 = SURFACE_STYLE_FILL_AREA ( #5576 ) ;
#10270 = VERTEX_POINT ( 'NONE', #8714 ) ;
#10271 = FILL_AREA_STYLE_COLOUR ( '', #1824 ) ;
#10272 = PRESENTATION_LAYER_ASSIGNMENT (  '', '', ( #9484 ) ) ;
#10273 = ORIENTED_EDGE ( 'NONE', *, *, #4672, .T. ) ;
#10274 = UNCERTAINTY_MEASURE_WITH_UNIT (LENGTH_MEASURE( 1.000000000000000082E-05 ), #3376, 'distance_accuracy_value', 'NONE');
#10275 = PRESENTATION_STYLE_ASSIGNMENT (( #7434 ) ) ;
#10276 = CARTESIAN_POINT ( 'NONE',  ( 0.2268149738132373416, 0.3000000000000000444, 0.05525936241691851991 ) ) ;
#10277 = VECTOR ( 'NONE', #3998, 1000.000000000000000 ) ;
#10278 = DIRECTION ( 'NONE',  ( -0.0000000000000000000, -1.000000000000000000, -0.0000000000000000000 ) ) ;
#10279 = COLOUR_RGB ( '',1.000000000000000000, 1.000000000000000000, 1.000000000000000000 ) ;
#10280 = CARTESIAN_POINT ( 'NONE',  ( -0.4500000000000000111, -0.2499999999999998890, 0.2499999999999999445 ) ) ;
#10281 = DIRECTION ( 'NONE',  ( 0.0000000000000000000, -1.000000000000000000, -0.0000000000000000000 ) ) ;
#10282 =( LENGTH_UNIT ( ) NAMED_UNIT ( * ) SI_UNIT ( .MILLI., .METRE. ) );
#10283 = CARTESIAN_POINT ( 'NONE',  ( -0.1542511951100558332, 0.3010000000383806773, 0.06619533448549147492 ) ) ;
#10284 = EDGE_LOOP ( 'NONE', ( #1739, #10729, #12140, #2284 ) ) ;
#10285 = PRESENTATION_LAYER_ASSIGNMENT (  '', '', ( #9103 ) ) ;
#10286 = FACE_OUTER_BOUND ( 'NONE', #5052, .T. ) ;
#10287 = COLOUR_RGB ( '',0.7686274509803920907, 0.7686274509803920907, 0.7686274509803920907 ) ;
#10288 = CARTESIAN_POINT ( 'NONE',  ( -0.2817027300535174250, 0.3010000000383806773, 0.05446725058058569241 ) ) ;
#10289 = VECTOR ( 'NONE', #2343, 1000.000000000000000 ) ;
#10290 = CARTESIAN_POINT ( 'NONE',  ( -0.2702033004280597339, 0.3010000000383806218, 0.07800633718390394267 ) ) ;
#10291 = ORIENTED_EDGE ( 'NONE', *, *, #4406, .T. ) ;
#10292 = STYLED_ITEM ( 'NONE', ( #4204 ), #11221 ) ;
#10293 = UNCERTAINTY_MEASURE_WITH_UNIT (LENGTH_MEASURE( 1.000000000000000082E-05 ), #3228, 'distance_accuracy_value', 'NONE');
#10294 = CARTESIAN_POINT ( 'NONE',  ( -0.2161146890077369209, 0.3010000000383806773, 0.1089284109582266957 ) ) ;
#10295 = STYLED_ITEM ( 'NONE', ( #8390 ), #6548 ) ;
#10296 = EDGE_CURVE ( 'NONE', #2056, #9487, #7599, .T. ) ;
#10297 = ADVANCED_FACE ( 'NONE', ( #7901 ), #1240, .F. ) ;
#10298 = LINE ( 'NONE', #944, #9533 ) ;
#10299 = SURFACE_STYLE_USAGE ( .BOTH. , #7391 ) ;
#10300 = DIRECTION ( 'NONE',  ( -0.8873869422626032843, 0.0000000000000000000, 0.4610253948556706227 ) ) ;
#10301 = ORIENTED_EDGE ( 'NONE', *, *, #7040, .T. ) ;
#10302 = EDGE_CURVE ( 'NONE', #6426, #5711, #2965, .T. ) ;
#10303 =( NAMED_UNIT ( * ) PLANE_ANGLE_UNIT ( ) SI_UNIT ( $, .RADIAN. ) );
#10304 = CARTESIAN_POINT ( 'NONE',  ( -0.4134856939638866247, 0.2375113646789956401, 0.2999999999999999889 ) ) ;
#10305 = SURFACE_SIDE_STYLE ('',( #4606 ) ) ;
#10306 =( LENGTH_UNIT ( ) NAMED_UNIT ( * ) SI_UNIT ( .MILLI., .METRE. ) );
#10307 = VECTOR ( 'NONE', #5834, 1000.000000000000000 ) ;
#10308 = FACE_OUTER_BOUND ( 'NONE', #10901, .T. ) ;
#10309 = EDGE_LOOP ( 'NONE', ( #12042, #6547, #7541, #4176 ) ) ;
#10310 = ADVANCED_FACE ( 'NONE', ( #4077 ), #177, .F. ) ;
#10311 = AXIS2_PLACEMENT_3D ( 'NONE', #8291, #3711, #11269 ) ;
#10312 =( GEOMETRIC_REPRESENTATION_CONTEXT ( 3 ) GLOBAL_UNCERTAINTY_ASSIGNED_CONTEXT ( ( #3120 ) ) GLOBAL_UNIT_ASSIGNED_CONTEXT ( ( #5496, #5311, #4501 ) ) REPRESENTATION_CONTEXT ( 'NONE', 'WORKASPACE' ) );
#10313 = VECTOR ( 'NONE', #2483, 1000.000000000000114 ) ;
#10314 = EDGE_CURVE ( 'NONE', #7187, #6936, #3221, .T. ) ;
#10315 = PLANE ( 'NONE',  #205 ) ;
#10316 = DIRECTION ( 'NONE',  ( 0.9999748501857348426, -0.0000000000000000000, 0.007092178509964422450 ) ) ;
#10317 = ORIENTED_EDGE ( 'NONE', *, *, #3504, .F. ) ;
#10318 = VECTOR ( 'NONE', #10996, 1000.000000000000114 ) ;
#10319 = CARTESIAN_POINT ( 'NONE',  ( -0.08299351206344997289, 0.3000000000383806764, 0.07774322619278853375 ) ) ;
#10320 = VECTOR ( 'NONE', #8421, 1000.000000000000000 ) ;
#10321 = CARTESIAN_POINT ( 'NONE',  ( -0.09639389703908625429, 0.3000000000000000444, 0.1551017010080659453 ) ) ;
#10322 =( GEOMETRIC_REPRESENTATION_CONTEXT ( 3 ) GLOBAL_UNCERTAINTY_ASSIGNED_CONTEXT ( ( #3200 ) ) GLOBAL_UNIT_ASSIGNED_CONTEXT ( ( #3095, #11770, #3282 ) ) REPRESENTATION_CONTEXT ( 'NONE', 'WORKASPACE' ) );
#10323 = PRESENTATION_LAYER_ASSIGNMENT (  '', '', ( #634 ) ) ;
#10324 = FACE_OUTER_BOUND ( 'NONE', #3560, .T. ) ;
#10325 = DIRECTION ( 'NONE',  ( 0.9999748501857348426, -0.0000000000000000000, 0.007092178509963453607 ) ) ;
#10326 = VERTEX_POINT ( 'NONE', #1359 ) ;
#10327 = EDGE_LOOP ( 'NONE', ( #12085, #6730, #12194, #5771 ) ) ;
#10328 = PRESENTATION_LAYER_ASSIGNMENT (  '', '', ( #3409 ) ) ;
#10329 =( NAMED_UNIT ( * ) SI_UNIT ( $, .STERADIAN. ) SOLID_ANGLE_UNIT ( ) );
#10330 = VERTEX_POINT ( 'NONE', #7051 ) ;
#10331 = STYLED_ITEM ( 'NONE', ( #6229 ), #4043 ) ;
#10332 = VERTEX_POINT ( 'NONE', #4319 ) ;
#10333 = CARTESIAN_POINT ( 'NONE',  ( -0.1704031184300309476, 0.3010000000383806218, 0.2060461124987401083 ) ) ;
#10334 = LINE ( 'NONE', #7612, #10169 ) ;
#10335 = ORIENTED_EDGE ( 'NONE', *, *, #438, .T. ) ;
#10336 = CARTESIAN_POINT ( 'NONE',  ( -0.06428918235199458653, 0.3010000000383806218, 0.09259922635856329687 ) ) ;
#10337 = CARTESIAN_POINT ( 'NONE',  ( 0.1844086016753657964, 0.3010000000383806773, 0.1013759932615268117 ) ) ;
#10338 = ORIENTED_EDGE ( 'NONE', *, *, #7323, .T. ) ;
#10339 = CARTESIAN_POINT ( 'NONE',  ( -0.1879702705965884679, 0.3010000000383806218, 0.2001819119379253109 ) ) ;
#10340 =( LENGTH_UNIT ( ) NAMED_UNIT ( * ) SI_UNIT ( .MILLI., .METRE. ) );
#10341 = LINE ( 'NONE', #11332, #12088 ) ;
#10342 =( NAMED_UNIT ( * ) SI_UNIT ( $, .STERADIAN. ) SOLID_ANGLE_UNIT ( ) );
#10343 = CARTESIAN_POINT ( 'NONE',  ( -0.1370307987126414551, 0.3000000000383806209, 0.03518633272571661252 ) ) ;
#10344 = DIRECTION ( 'NONE',  ( -0.0000000000000000000, -1.000000000000000000, -0.0000000000000000000 ) ) ;
#10345 = SURFACE_STYLE_FILL_AREA ( #6580 ) ;
#10346 = CARTESIAN_POINT ( 'NONE',  ( -0.1077855840852782604, 0.3010000000383806218, 0.07678755391980310319 ) ) ;
#10347 = ORIENTED_EDGE ( 'NONE', *, *, #7323, .F. ) ;
#10348 = CARTESIAN_POINT ( 'NONE',  ( 0.1226849798473183956, 0.3010000000383806218, 0.05755750462487636832 ) ) ;
#10349 = DIRECTION ( 'NONE',  ( -0.0000000000000000000, -1.000000000000000000, -0.0000000000000000000 ) ) ;
#10350 = PRESENTATION_STYLE_ASSIGNMENT (( #1131 ) ) ;
#10351 = ORIENTED_EDGE ( 'NONE', *, *, #1378, .T. ) ;
#10352 = VECTOR ( 'NONE', #6740, 1000.000000000000114 ) ;
#10353 = SURFACE_SIDE_STYLE ('',( #12033 ) ) ;
#10354 = CARTESIAN_POINT ( 'NONE',  ( -0.5000000000000002220, 0.3000000000000000444, 0.2999999999999999889 ) ) ;
#10355 = ORIENTED_EDGE ( 'NONE', *, *, #11271, .T. ) ;
#10356 = FILL_AREA_STYLE_COLOUR ( '', #10408 ) ;
#10357 = CARTESIAN_POINT ( 'NONE',  ( -0.1611858963196588501, 0.3010000000383806773, 0.2061114843274022279 ) ) ;
#10358 = EDGE_CURVE ( 'NONE', #1105, #9760, #3331, .T. ) ;
#10359 = ADVANCED_FACE ( 'NONE', ( #7240 ), #2463, .T. ) ;
#10360 = SURFACE_STYLE_FILL_AREA ( #8497 ) ;
#10361 = SURFACE_SIDE_STYLE ('',( #148 ) ) ;
#10362 = UNCERTAINTY_MEASURE_WITH_UNIT (LENGTH_MEASURE( 1.000000000000000082E-05 ), #1052, 'distance_accuracy_value', 'NONE');
#10363 = SURFACE_STYLE_USAGE ( .BOTH. , #8440 ) ;
#10364 = CARTESIAN_POINT ( 'NONE',  ( -0.3086168583962264900, 0.3000000000383806209, 0.1042171947001448995 ) ) ;
#10365 = ORIENTED_EDGE ( 'NONE', *, *, #7817, .T. ) ;
#10366 =( GEOMETRIC_REPRESENTATION_CONTEXT ( 3 ) GLOBAL_UNCERTAINTY_ASSIGNED_CONTEXT ( ( #12156 ) ) GLOBAL_UNIT_ASSIGNED_CONTEXT ( ( #6437, #1896, #11214 ) ) REPRESENTATION_CONTEXT ( 'NONE', 'WORKASPACE' ) );
#10367 = SURFACE_SIDE_STYLE ('',( #3814 ) ) ;
#10368 = SURFACE_STYLE_FILL_AREA ( #10133 ) ;
#10369 = ORIENTED_EDGE ( 'NONE', *, *, #2816, .T. ) ;
#10370 = CARTESIAN_POINT ( 'NONE',  ( -0.1225117240992817658, 0.3010000000383806218, 0.06838563402743316755 ) ) ;
#10371 = CARTESIAN_POINT ( 'NONE',  ( -0.07947823490188062057, 0.3010000000383806218, 0.1516656114126317401 ) ) ;
#10372 = ADVANCED_FACE ( 'NONE', ( #6243 ), #544, .F. ) ;
#10373 = DIRECTION ( 'NONE',  ( -0.007092178509958840110, 0.0000000000000000000, 0.9999748501857349536 ) ) ;
#10374 = SURFACE_STYLE_FILL_AREA ( #8391 ) ;
#10375 =( NAMED_UNIT ( * ) SI_UNIT ( $, .STERADIAN. ) SOLID_ANGLE_UNIT ( ) );
#10376 = VERTEX_POINT ( 'NONE', #3688 ) ;
#10377 = CARTESIAN_POINT ( 'NONE',  ( -0.1934591631605366568, 0.3000000000000000444, 0.1604336292458889701 ) ) ;
#10378 = VERTEX_POINT ( 'NONE', #8337 ) ;
#10379 = FACE_OUTER_BOUND ( 'NONE', #12218, .T. ) ;
#10380 = LINE ( 'NONE', #11254, #3570 ) ;
#10381 = ORIENTED_EDGE ( 'NONE', *, *, #7276, .T. ) ;
#10382 = ORIENTED_EDGE ( 'NONE', *, *, #5414, .T. ) ;
#10383 = B_SPLINE_CURVE_WITH_KNOTS ( 'NONE', 3,
 ( #10109, #7213, #1704, #5462 ),
 .UNSPECIFIED., .F., .F.,
 ( 4, 4 ),
 ( 9.000000000000000000, 10.00000000000000000 ),
 .UNSPECIFIED. ) ;
#10384 = FILL_AREA_STYLE_COLOUR ( '', #5682 ) ;
#10385 = DIRECTION ( 'NONE',  ( 0.9999748501857348426, 0.0000000000000000000, 0.007092178509963777133 ) ) ;
#10386 = EDGE_CURVE ( 'NONE', #9739, #9553, #2579, .T. ) ;
#10387 = FILL_AREA_STYLE ('',( #2710 ) ) ;
#10388 = LINE ( 'NONE', #2780, #3517 ) ;
#10389 = EDGE_CURVE ( 'NONE', #9020, #11971, #7007, .T. ) ;
#10390 = LINE ( 'NONE', #8468, #7931 ) ;
#10391 = LINE ( 'NONE', #1885, #8336 ) ;
#10392 = B_SPLINE_SURFACE_WITH_KNOTS ( 'NONE', 3, 1, ( 
 ( #9962, #7544 ),
 ( #11321, #1741 ),
 ( #11195, #5568 ),
 ( #9160, #1877 ) ),
 .UNSPECIFIED., .F., .F., .F.,
 ( 4, 4 ),
 ( 2, 2 ),
 ( 7.000000000000000000, 8.000000000000000000 ),
 ( 0.0000000000000000000, 1.000000000000000000 ),
 .UNSPECIFIED. ) ;
#10393 = CARTESIAN_POINT ( 'NONE',  ( -0.1937739655706610942, 0.3000000000000000444, 0.2048197783621315826 ) ) ;
#10394 = ORIENTED_EDGE ( 'NONE', *, *, #2285, .T. ) ;
#10395 = B_SPLINE_CURVE_WITH_KNOTS ( 'NONE', 3,
 ( #11611, #7597, #11364, #6663 ),
 .UNSPECIFIED., .F., .F.,
 ( 4, 4 ),
 ( 11.00000000000000000, 12.00000000000000000 ),
 .UNSPECIFIED. ) ;
#10396 = PLANE ( 'NONE',  #373 ) ;
#10397 = FILL_AREA_STYLE_COLOUR ( '', #6916 ) ;
#10398 = AXIS2_PLACEMENT_3D ( 'NONE', #1553, #5200, #554 ) ;
#10399 = EDGE_CURVE ( 'NONE', #5217, #3853, #12176, .T. ) ;
#10400 =( NAMED_UNIT ( * ) PLANE_ANGLE_UNIT ( ) SI_UNIT ( $, .RADIAN. ) );
#10401 = DIRECTION ( 'NONE',  ( 0.2455530343989390241, -0.0000000000000000000, 0.9693831581461860303 ) ) ;
#10402 = LINE ( 'NONE', #2068, #5413 ) ;
#10403 = SURFACE_STYLE_USAGE ( .BOTH. , #2862 ) ;
#10404 = B_SPLINE_CURVE_WITH_KNOTS ( 'NONE', 3,
 ( #9637, #10501, #2166, #1168 ),
 .UNSPECIFIED., .F., .F.,
 ( 4, 4 ),
 ( 2.000000000000000000, 3.000000000000000000 ),
 .UNSPECIFIED. ) ;
#10405 = FILL_AREA_STYLE_COLOUR ( '', #3412 ) ;
#10406 = ORIENTED_EDGE ( 'NONE', *, *, #915, .F. ) ;
#10407 =( NAMED_UNIT ( * ) SI_UNIT ( $, .STERADIAN. ) SOLID_ANGLE_UNIT ( ) );
#10408 = COLOUR_RGB ( '',1.000000000000000000, 1.000000000000000000, 1.000000000000000000 ) ;
#10409 =( LENGTH_UNIT ( ) NAMED_UNIT ( * ) SI_UNIT ( .MILLI., .METRE. ) );
#10410 = ORIENTED_EDGE ( 'NONE', *, *, #9384, .F. ) ;
#10411 = UNCERTAINTY_MEASURE_WITH_UNIT (LENGTH_MEASURE( 1.000000000000000082E-05 ), #12233, 'distance_accuracy_value', 'NONE');
#10412 = PLANE ( 'NONE',  #5963 ) ;
#10413 = B_SPLINE_CURVE_WITH_KNOTS ( 'NONE', 3,
 ( #2308, #1256, #3164, #3287 ),
 .UNSPECIFIED., .F., .F.,
 ( 4, 4 ),
 ( 2.000000000000000000, 3.000000000000000000 ),
 .UNSPECIFIED. ) ;
#10414 = DIRECTION ( 'NONE',  ( -0.007092178509963836981, 0.0000000000000000000, 0.9999748501857348426 ) ) ;
#10415 = LINE ( 'NONE', #3061, #2031 ) ;
#10416 = ORIENTED_EDGE ( 'NONE', *, *, #6662, .T. ) ;
#10417 = PLANE ( 'NONE',  #6261 ) ;
#10418 = VECTOR ( 'NONE', #5840, 1000.000000000000000 ) ;
#10419 = ORIENTED_EDGE ( 'NONE', *, *, #9073, .F. ) ;
#10420 = CARTESIAN_POINT ( 'NONE',  ( 0.2584566845650436706, 0.3010000000383806218, 0.05895426299984748292 ) ) ;
#10421 = FACE_OUTER_BOUND ( 'NONE', #6982, .T. ) ;
#10422 = SURFACE_STYLE_FILL_AREA ( #1775 ) ;
#10423 = VECTOR ( 'NONE', #11695, 1000.000000000000000 ) ;
#10424 = PRESENTATION_STYLE_ASSIGNMENT (( #11174 ) ) ;
#10425 = ORIENTED_EDGE ( 'NONE', *, *, #5917, .T. ) ;
#10426 = SURFACE_SIDE_STYLE ('',( #2693 ) ) ;
#10427 = CARTESIAN_POINT ( 'NONE',  ( 0.2398746465872760858, 0.3010000000383806218, 0.1711785080609857512 ) ) ;
#10428 = VERTEX_POINT ( 'NONE', #3747 ) ;
#10429 = DIRECTION ( 'NONE',  ( 0.0000000000000000000, 0.0000000000000000000, -1.000000000000000000 ) ) ;
#10430 = DIRECTION ( 'NONE',  ( -0.0000000000000000000, -1.000000000000000000, -0.0000000000000000000 ) ) ;
#10431 = VECTOR ( 'NONE', #3916, 1000.000000000000000 ) ;
#10432 = CARTESIAN_POINT ( 'NONE',  ( -0.3053734500857562817, 0.3010000000383806773, 0.1153138984199494621 ) ) ;
#10433 = CARTESIAN_POINT ( 'NONE',  ( 0.1014171741586473718, 0.3000000000383806209, 0.1814754786806165032 ) ) ;
#10434 = ORIENTED_EDGE ( 'NONE', *, *, #7948, .T. ) ;
#10435 = CARTESIAN_POINT ( 'NONE',  ( -0.1085876274563394861, 0.3010000000383806773, 0.1524885434381348659 ) ) ;
#10436 = ORIENTED_EDGE ( 'NONE', *, *, #2440, .T. ) ;
#10437 = PLANE ( 'NONE',  #3550 ) ;
#10438 = EDGE_CURVE ( 'NONE', #6991, #1697, #973, .T. ) ;
#10439 = EDGE_CURVE ( 'NONE', #6173, #7094, #7291, .T. ) ;
#10440 = STYLED_ITEM ( 'NONE', ( #3091 ), #7176 ) ;
#10441 = FILL_AREA_STYLE ('',( #4069 ) ) ;
#10442 = ORIENTED_EDGE ( 'NONE', *, *, #7719, .F. ) ;
#10443 = ORIENTED_EDGE ( 'NONE', *, *, #3702, .T. ) ;
#10444 = CARTESIAN_POINT ( 'NONE',  ( -0.2028862170221215622, 0.3010000000383806218, 0.1921529681343294438 ) ) ;
#10445 = CARTESIAN_POINT ( 'NONE',  ( -0.1562488046639261552, 0.3010000000383806773, 0.04877518144947042000 ) ) ;
#10446 = FACE_OUTER_BOUND ( 'NONE', #3483, .T. ) ;
#10447 = CARTESIAN_POINT ( 'NONE',  ( -0.2028220619280017845, 0.3000000000000000444, 0.1831073017652502244 ) ) ;
#10448 = ORIENTED_EDGE ( 'NONE', *, *, #3023, .T. ) ;
#10449 = SURFACE_STYLE_FILL_AREA ( #10704 ) ;
#10450 = ADVANCED_FACE ( 'NONE', ( #7467 ), #1731, .F. ) ;
#10451 = FACE_BOUND ( 'NONE', #9604, .T. ) ;
#10452 = CARTESIAN_POINT ( 'NONE',  ( -0.1923767237013861153, 0.3010000000383806773, 0.08258227537899906490 ) ) ;
#10453 = ADVANCED_FACE ( 'NONE', ( #10324 ), #11049, .F. ) ;
#10454 = CARTESIAN_POINT ( 'NONE',  ( -0.2171197913716588490, 0.3010000000383806773, 0.05492529583016843298 ) ) ;
#10455 = SURFACE_STYLE_USAGE ( .BOTH. , #9472 ) ;
#10456 = SURFACE_STYLE_FILL_AREA ( #1126 ) ;
#10457 = CARTESIAN_POINT ( 'NONE',  ( -0.1089770739765454771, 0.3010000000383806218, 0.08644909526872657235 ) ) ;
#10458 = VECTOR ( 'NONE', #9866, 1000.000000000000000 ) ;
#10459 = ORIENTED_EDGE ( 'NONE', *, *, #10613, .F. ) ;
#10460 = ORIENTED_EDGE ( 'NONE', *, *, #5612, .T. ) ;
#10461 = COLOUR_RGB ( '',1.000000000000000000, 1.000000000000000000, 1.000000000000000000 ) ;
#10462 = CARTESIAN_POINT ( 'NONE',  ( -0.01645822198339212672, 0.3010000000383806773, 0.2141564870944953070 ) ) ;
#10463 = CARTESIAN_POINT ( 'NONE',  ( -0.06330585771785759985, 0.3010000000383806218, 0.06830644680900753440 ) ) ;
#10464 = CARTESIAN_POINT ( 'NONE',  ( -0.2454264887174818222, 0.3010000000383806218, 0.05472453463045744149 ) ) ;
#10465 = CARTESIAN_POINT ( 'NONE',  ( -0.2454264887174818222, 0.3010000000383806773, 0.05472453463045744149 ) ) ;
#10466 = ORIENTED_EDGE ( 'NONE', *, *, #8021, .T. ) ;
#10467 = SURFACE_STYLE_FILL_AREA ( #7236 ) ;
#10468 = FILL_AREA_STYLE_COLOUR ( '', #3820 ) ;
#10469 = AXIS2_PLACEMENT_3D ( 'NONE', #4941, #8725, #4031 ) ;
#10470 =( GEOMETRIC_REPRESENTATION_CONTEXT ( 3 ) GLOBAL_UNCERTAINTY_ASSIGNED_CONTEXT ( ( #2717 ) ) GLOBAL_UNIT_ASSIGNED_CONTEXT ( ( #2583, #1428, #8219 ) ) REPRESENTATION_CONTEXT ( 'NONE', 'WORKASPACE' ) );
#10471 = CARTESIAN_POINT ( 'NONE',  ( -0.2436912618190237023, 0.3010000000383806773, 0.1751126428800156842 ) ) ;
#10472 = UNCERTAINTY_MEASURE_WITH_UNIT (LENGTH_MEASURE( 1.000000000000000082E-05 ), #5573, 'distance_accuracy_value', 'NONE');
#10473 =( NAMED_UNIT ( * ) PLANE_ANGLE_UNIT ( ) SI_UNIT ( $, .RADIAN. ) );
#10474 = CARTESIAN_POINT ( 'NONE',  ( -0.08288621819914061828, 0.3000000000383806764, 0.06261512898855499387 ) ) ;
#10475 =( NAMED_UNIT ( * ) SI_UNIT ( $, .STERADIAN. ) SOLID_ANGLE_UNIT ( ) );
#10476 = ORIENTED_EDGE ( 'NONE', *, *, #4001, .F. ) ;
#10477 = STYLED_ITEM ( 'NONE', ( #1801 ), #8420 ) ;
#10478 = CARTESIAN_POINT ( 'NONE',  ( 0.2169301805050373178, 0.3000000000000000444, 0.1645086717987799263 ) ) ;
#10479 = EDGE_CURVE ( 'NONE', #2056, #4810, #47, .T. ) ;
#10480 = CARTESIAN_POINT ( 'NONE',  ( -0.1472914026776793173, 0.3010000000383806773, 0.03489520620640342713 ) ) ;
#10481 = AXIS2_PLACEMENT_3D ( 'NONE', #8810, #150, #5718 ) ;
#10482 = CARTESIAN_POINT ( 'NONE',  ( -0.01577176247628619271, 0.3000000000383806764, 0.1173678569419379508 ) ) ;
#10483 = ORIENTED_EDGE ( 'NONE', *, *, #1921, .F. ) ;
#10484 = DIRECTION ( 'NONE',  ( -0.9999748501857349536, 0.0000000000000000000, -0.007092178509959874873 ) ) ;
#10485 = FILL_AREA_STYLE ('',( #2835 ) ) ;
#10486 = VECTOR ( 'NONE', #7918, 1000.000000000000000 ) ;
#10487 = STYLED_ITEM ( 'NONE', ( #6236 ), #8568 ) ;
#10488 =( NAMED_UNIT ( * ) PLANE_ANGLE_UNIT ( ) SI_UNIT ( $, .RADIAN. ) );
#10489 = VECTOR ( 'NONE', #3109, 1000.000000000000000 ) ;
#10490 = UNCERTAINTY_MEASURE_WITH_UNIT (LENGTH_MEASURE( 1.000000000000000082E-05 ), #7622, 'distance_accuracy_value', 'NONE');
#10491 =( NAMED_UNIT ( * ) SI_UNIT ( $, .STERADIAN. ) SOLID_ANGLE_UNIT ( ) );
#10492 = VECTOR ( 'NONE', #1323, 1000.000000000000114 ) ;
#10493 = CARTESIAN_POINT ( 'NONE',  ( 0.2007324811674408849, 0.3010000000383806218, 0.06288291641348210670 ) ) ;
#10494 = ORIENTED_EDGE ( 'NONE', *, *, #6378, .T. ) ;
#10495 = PRESENTATION_LAYER_ASSIGNMENT (  '', '', ( #1022 ) ) ;
#10496 = CARTESIAN_POINT ( 'NONE',  ( 0.1272750778494582125, 0.3000000000000000444, 0.2055182605355260761 ) ) ;
#10497 = ORIENTED_EDGE ( 'NONE', *, *, #4348, .T. ) ;
#10498 = ADVANCED_FACE ( 'NONE', ( #4915 ), #8696, .F. ) ;
#10499 = MECHANICAL_DESIGN_GEOMETRIC_PRESENTATION_REPRESENTATION (  '', ( #11293 ), #8520 ) ;
#10500 = VECTOR ( 'NONE', #831, 1000.000000000000000 ) ;
#10501 = CARTESIAN_POINT ( 'NONE',  ( -0.1774620048014195484, 0.3000000000383806209, 0.1589562171801693902 ) ) ;
#10502 = ORIENTED_EDGE ( 'NONE', *, *, #307, .T. ) ;
#10503 = MECHANICAL_DESIGN_GEOMETRIC_PRESENTATION_REPRESENTATION (  '', ( #7355 ), #8930 ) ;
#10504 =( NAMED_UNIT ( * ) SI_UNIT ( $, .STERADIAN. ) SOLID_ANGLE_UNIT ( ) );
#10505 = ORIENTED_EDGE ( 'NONE', *, *, #5007, .F. ) ;
#10506 = MECHANICAL_DESIGN_GEOMETRIC_PRESENTATION_REPRESENTATION (  '', ( #6954 ), #10902 ) ;
#10507 = MECHANICAL_DESIGN_GEOMETRIC_PRESENTATION_REPRESENTATION (  '', ( #8932 ), #3008 ) ;
#10508 = VECTOR ( 'NONE', #10325, 1000.000000000000114 ) ;
#10509 = DIRECTION ( 'NONE',  ( -0.0000000000000000000, -1.000000000000000000, -0.0000000000000000000 ) ) ;
#10510 = EDGE_CURVE ( 'NONE', #8004, #343, #2892, .T. ) ;
#10511 = EDGE_CURVE ( 'NONE', #291, #1105, #801, .T. ) ;
#10512 = DIRECTION ( 'NONE',  ( -0.0000000000000000000, -1.000000000000000000, -0.0000000000000000000 ) ) ;
#10513 = PLANE ( 'NONE',  #8133 ) ;
#10514 = ORIENTED_EDGE ( 'NONE', *, *, #7909, .F. ) ;
#10515 = VECTOR ( 'NONE', #6376, 1000.000000000000000 ) ;
#10516 = PRESENTATION_LAYER_ASSIGNMENT (  '', '', ( #7364 ) ) ;
#10517 = CARTESIAN_POINT ( 'NONE',  ( -0.3366005673301507017, 0.3010000000383806773, 0.05407789552660156873 ) ) ;
#10518 = B_SPLINE_CURVE_WITH_KNOTS ( 'NONE', 3,
 ( #11513, #251, #9540, #11384 ),
 .UNSPECIFIED., .F., .F.,
 ( 4, 4 ),
 ( 33.00000000000000000, 34.00000000000000000 ),
 .UNSPECIFIED. ) ;
#10519 = EDGE_CURVE ( 'NONE', #2682, #494, #198, .T. ) ;
#10520 = VECTOR ( 'NONE', #10981, 1000.000000000000000 ) ;
#10521 = DIRECTION ( 'NONE',  ( -0.007092178509957183449, -0.0000000000000000000, 0.9999748501857349536 ) ) ;
#10522 = FACE_OUTER_BOUND ( 'NONE', #11453, .T. ) ;
#10523 =( LENGTH_UNIT ( ) NAMED_UNIT ( * ) SI_UNIT ( .MILLI., .METRE. ) );
#10524 = CARTESIAN_POINT ( 'NONE',  ( -0.1205641077928972654, 0.3000000000000000444, 0.07086373545509425109 ) ) ;
#10525 = LINE ( 'NONE', #3782, #8972 ) ;
#10526 = VECTOR ( 'NONE', #344, 1000.000000000000000 ) ;
#10527 = CARTESIAN_POINT ( 'NONE',  ( 0.08141997130647916914, 0.3000000000000000444, 0.1874069485851547756 ) ) ;
#10528 = SURFACE_SIDE_STYLE ('',( #11392 ) ) ;
#10529 = ORIENTED_EDGE ( 'NONE', *, *, #6516, .F. ) ;
#10530 = FILL_AREA_STYLE_COLOUR ( '', #5171 ) ;
#10531 = ADVANCED_FACE ( 'NONE', ( #7658 ), #12044, .F. ) ;
#10532 = FILL_AREA_STYLE ('',( #1951 ) ) ;
#10533 = DIRECTION ( 'NONE',  ( -0.0000000000000000000, -1.000000000000000000, -0.0000000000000000000 ) ) ;
#10534 = EDGE_LOOP ( 'NONE', ( #7824, #1379, #10081, #1297 ) ) ;
#10535 = UNCERTAINTY_MEASURE_WITH_UNIT (LENGTH_MEASURE( 1.000000000000000082E-05 ), #9060, 'distance_accuracy_value', 'NONE');
#10536 = LINE ( 'NONE', #4779, #3203 ) ;
#10537 = DIRECTION ( 'NONE',  ( -0.0000000000000000000, -1.000000000000000000, -0.0000000000000000000 ) ) ;
#10538 = CARTESIAN_POINT ( 'NONE',  ( -0.06428918235199458653, 0.3000000000000000444, 0.09259922635856329687 ) ) ;
#10539 = LINE ( 'NONE', #3980, #9905 ) ;
#10540 = LINE ( 'NONE', #3802, #2218 ) ;
#10541 = ORIENTED_EDGE ( 'NONE', *, *, #10583, .F. ) ;
#10542 = DIRECTION ( 'NONE',  ( -0.0000000000000000000, -1.000000000000000000, -0.0000000000000000000 ) ) ;
#10543 = DIRECTION ( 'NONE',  ( -0.0000000000000000000, -1.000000000000000000, -0.0000000000000000000 ) ) ;
#10544 = B_SPLINE_CURVE_WITH_KNOTS ( 'NONE', 3,
 ( #7052, #6989, #5251, #8970 ),
 .UNSPECIFIED., .F., .F.,
 ( 4, 4 ),
 ( 3.000000000000000000, 4.000000000000000000 ),
 .UNSPECIFIED. ) ;
#10545 = EDGE_LOOP ( 'NONE', ( #6984, #460, #2809, #267, #10970, #12001, #4903, #5266, #10494, #2021, #8566, #9628, #916, #5511 ) ) ;
#10546 = PRESENTATION_LAYER_ASSIGNMENT (  '', '', ( #1470 ) ) ;
#10547 = CARTESIAN_POINT ( 'NONE',  ( -0.2904052849400102776, 0.3010000000383806773, 0.05440552895555052226 ) ) ;
#10548 = CARTESIAN_POINT ( 'NONE',  ( -0.05560797249322050467, 0.3010000000383806773, 0.07587868176061063341 ) ) ;
#10549 = DIRECTION ( 'NONE',  ( -0.0000000000000000000, -1.000000000000000000, -0.0000000000000000000 ) ) ;
#10550 = VERTEX_POINT ( 'NONE', #2506 ) ;
#10551 = B_SPLINE_CURVE_WITH_KNOTS ( 'NONE', 3,
 ( #5793, #4857, #8635, #159 ),
 .UNSPECIFIED., .F., .F.,
 ( 4, 4 ),
 ( 0.0000000000000000000, 1.000000000000000000 ),
 .UNSPECIFIED. ) ;
#10552 = LINE ( 'NONE', #4904, #2219 ) ;
#10553 = FILL_AREA_STYLE ('',( #11300 ) ) ;
#10554 = CARTESIAN_POINT ( 'NONE',  ( -0.1173749001724034291, 0.3010000000383806218, 0.09400075425657250516 ) ) ;
#10555 =( GEOMETRIC_REPRESENTATION_CONTEXT ( 3 ) GLOBAL_UNCERTAINTY_ASSIGNED_CONTEXT ( ( #9190 ) ) GLOBAL_UNIT_ASSIGNED_CONTEXT ( ( #9460, #5805, #3032 ) ) REPRESENTATION_CONTEXT ( 'NONE', 'WORKASPACE' ) );
#10556 = CARTESIAN_POINT ( 'NONE',  ( -0.1386509009049984031, 0.3000000000000000444, 0.04150712734879691279 ) ) ;
#10557 = ORIENTED_EDGE ( 'NONE', *, *, #1706, .T. ) ;
#10558 = EDGE_CURVE ( 'NONE', #625, #9907, #3313, .T. ) ;
#10559 = FILL_AREA_STYLE ('',( #6787 ) ) ;
#10560 = DIRECTION ( 'NONE',  ( -0.9999748501857348426, 0.0000000000000000000, -0.007092178509963051151 ) ) ;
#10561 = FACE_OUTER_BOUND ( 'NONE', #8734, .T. ) ;
#10562 = CARTESIAN_POINT ( 'NONE',  ( -0.1356768246753327356, 0.3000000000000000444, 0.03560145137876107035 ) ) ;
#10563 = CARTESIAN_POINT ( 'NONE',  ( -0.1704031184300309476, 0.3010000000383806218, 0.2060461124987401083 ) ) ;
#10564 = ORIENTED_EDGE ( 'NONE', *, *, #1145, .F. ) ;
#10565 = COLOUR_RGB ( '',1.000000000000000000, 1.000000000000000000, 1.000000000000000000 ) ;
#10566 = CARTESIAN_POINT ( 'NONE',  ( -0.1194479430906966455, 0.3000000000000000444, 0.06082733760946434226 ) ) ;
#10567 = VERTEX_POINT ( 'NONE', #6166 ) ;
#10568 = CARTESIAN_POINT ( 'NONE',  ( -0.08624688870241548067, 0.3010000000383806773, 0.1516176057042715741 ) ) ;
#10569 = SURFACE_STYLE_USAGE ( .BOTH. , #6797 ) ;
#10570 = ORIENTED_EDGE ( 'NONE', *, *, #11559, .T. ) ;
#10571 = CARTESIAN_POINT ( 'NONE',  ( 0.05054126773848501702, 0.3000000000000000444, 0.07613335299045410898 ) ) ;
#10572 = EDGE_LOOP ( 'NONE', ( #8754, #7557, #5690, #9793 ) ) ;
#10573 = AXIS2_PLACEMENT_3D ( 'NONE', #7747, #3051, #5881 ) ;
#10574 = FACE_OUTER_BOUND ( 'NONE', #7522, .T. ) ;
#10575 = SURFACE_SIDE_STYLE ('',( #5574 ) ) ;
#10576 =( NAMED_UNIT ( * ) PLANE_ANGLE_UNIT ( ) SI_UNIT ( $, .RADIAN. ) );
#10577 = SURFACE_SIDE_STYLE ('',( #5808 ) ) ;
#10578 = SURFACE_STYLE_USAGE ( .BOTH. , #8298 ) ;
#10579 = ORIENTED_EDGE ( 'NONE', *, *, #6486, .F. ) ;
#10580 =( NAMED_UNIT ( * ) SI_UNIT ( $, .STERADIAN. ) SOLID_ANGLE_UNIT ( ) );
#10581 = SURFACE_SIDE_STYLE ('',( #1179 ) ) ;
#10582 = SURFACE_SIDE_STYLE ('',( #11442 ) ) ;
#10583 = EDGE_CURVE ( 'NONE', #10864, #9456, #10094, .T. ) ;
#10584 = FILL_AREA_STYLE_COLOUR ( '', #1635 ) ;
#10585 = CARTESIAN_POINT ( 'NONE',  ( 0.1921521249427060318, 0.3010000000383806218, 0.1105408630350661198 ) ) ;
#10586 = CARTESIAN_POINT ( 'NONE',  ( -0.06905856497853075926, 0.3000000000383806209, 0.09434343094896985304 ) ) ;
#10587 = FILL_AREA_STYLE ('',( #11390 ) ) ;
#10588 = FACE_OUTER_BOUND ( 'NONE', #3460, .T. ) ;
#10589 = VERTEX_POINT ( 'NONE', #409 ) ;
#10590 = CARTESIAN_POINT ( 'NONE',  ( -0.1945930286049418756, 0.3010000000383806218, 0.1905585297204474005 ) ) ;
#10591 = VERTEX_POINT ( 'NONE', #7225 ) ;
#10592 = CARTESIAN_POINT ( 'NONE',  ( -0.1069435372699124170, 0.3010000000383806218, 0.06196880468565757472 ) ) ;
#10593 = DIRECTION ( 'NONE',  ( -0.0000000000000000000, -1.000000000000000000, -0.0000000000000000000 ) ) ;
#10594 = VECTOR ( 'NONE', #2961, 1000.000000000000114 ) ;
#10595 =( LENGTH_UNIT ( ) NAMED_UNIT ( * ) SI_UNIT ( .MILLI., .METRE. ) );
#10596 = EDGE_CURVE ( 'NONE', #2699, #9684, #8070, .T. ) ;
#10597 = CARTESIAN_POINT ( 'NONE',  ( -0.2691773925217667007, 0.3000000000000000444, 0.06310310977246418040 ) ) ;
#10598 = ADVANCED_FACE ( 'NONE', ( #4120 ), #5521, .F. ) ;
#10599 = FACE_OUTER_BOUND ( 'NONE', #2429, .T. ) ;
#10600 = ORIENTED_EDGE ( 'NONE', *, *, #9021, .T. ) ;
#10601 = CARTESIAN_POINT ( 'NONE',  ( -0.1533597036915596568, 0.3010000000383806773, 0.2131855329286255207 ) ) ;
#10602 = DIRECTION ( 'NONE',  ( 0.9999748501857349536, -0.0000000000000000000, 0.007092178509959736095 ) ) ;
#10603 = STYLED_ITEM ( 'NONE', ( #1960 ), #1974 ) ;
#10604 = SURFACE_STYLE_USAGE ( .BOTH. , #7763 ) ;
#10605 = FILL_AREA_STYLE_COLOUR ( '', #12022 ) ;
#10606 = CARTESIAN_POINT ( 'NONE',  ( -0.1924262779809833845, 0.3000000000383806764, 0.08956927285047998344 ) ) ;
#10607 = CARTESIAN_POINT ( 'NONE',  ( -0.05988339222454173300, 0.3000000000000000444, 0.2058941521792218843 ) ) ;
#10608 = PRESENTATION_STYLE_ASSIGNMENT (( #3183 ) ) ;
#10609 = VERTEX_POINT ( 'NONE', #1472 ) ;
#10610 = CARTESIAN_POINT ( 'NONE',  ( -0.1835282869466451361, 0.3000000000383806209, 0.1610343524383840708 ) ) ;
#10611 = CARTESIAN_POINT ( 'NONE',  ( -0.08303488103793564556, 0.3000000000000000444, 0.08357612140341477702 ) ) ;
#10612 = AXIS2_PLACEMENT_3D ( 'NONE', #10033, #8241, #1571 ) ;
#10613 = EDGE_CURVE ( 'NONE', #10428, #3360, #6228, .T. ) ;
#10614 = CARTESIAN_POINT ( 'NONE',  ( -0.3053734500857562817, 0.3010000000383806773, 0.1153138984199494621 ) ) ;
#10615 = DIRECTION ( 'NONE',  ( -0.0000000000000000000, -1.000000000000000000, -0.0000000000000000000 ) ) ;
#10616 = ORIENTED_EDGE ( 'NONE', *, *, #4841, .F. ) ;
#10617 = ADVANCED_FACE ( 'NONE', ( #7959 ), #1533, .F. ) ;
#10618 = EDGE_CURVE ( 'NONE', #7665, #9280, #5065, .T. ) ;
#10619 = CARTESIAN_POINT ( 'NONE',  ( -0.1261413847512703745, 0.3000000000000000444, 0.07656378746473867236 ) ) ;
#10620 = FILL_AREA_STYLE ('',( #11614 ) ) ;
#10621 = VECTOR ( 'NONE', #6801, 1000.000000000000000 ) ;
#10622 = UNCERTAINTY_MEASURE_WITH_UNIT (LENGTH_MEASURE( 1.000000000000000082E-05 ), #6155, 'distance_accuracy_value', 'NONE');
#10623 = FACE_OUTER_BOUND ( 'NONE', #9199, .T. ) ;
#10624 = CARTESIAN_POINT ( 'NONE',  ( -0.06936772024716261753, 0.3010000000383806218, 0.1005487491876268652 ) ) ;
#10625 = PRESENTATION_STYLE_ASSIGNMENT (( #3021 ) ) ;
#10626 = ORIENTED_EDGE ( 'NONE', *, *, #1763, .F. ) ;
#10627 =( NAMED_UNIT ( * ) PLANE_ANGLE_UNIT ( ) SI_UNIT ( $, .RADIAN. ) );
#10628 = ORIENTED_EDGE ( 'NONE', *, *, #5876, .T. ) ;
#10629 =( NAMED_UNIT ( * ) PLANE_ANGLE_UNIT ( ) SI_UNIT ( $, .RADIAN. ) );
#10630 = ORIENTED_EDGE ( 'NONE', *, *, #203, .T. ) ;
#10631 = STYLED_ITEM ( 'NONE', ( #5912 ), #6599 ) ;
#10632 = SURFACE_STYLE_FILL_AREA ( #4928 ) ;
#10633 =( NAMED_UNIT ( * ) PLANE_ANGLE_UNIT ( ) SI_UNIT ( $, .RADIAN. ) );
#10634 = CARTESIAN_POINT ( 'NONE',  ( -0.4500000000000001776, 0.3000000000000000444, 0.2499999999999999445 ) ) ;
#10635 = FILL_AREA_STYLE_COLOUR ( '', #7348 ) ;
#10636 =( NAMED_UNIT ( * ) PLANE_ANGLE_UNIT ( ) SI_UNIT ( $, .RADIAN. ) );
#10637 = VERTEX_POINT ( 'NONE', #6522 ) ;
#10638 = VECTOR ( 'NONE', #4651, 1000.000000000000000 ) ;
#10639 = CARTESIAN_POINT ( 'NONE',  ( 0.06096441017970172932, 0.3000000000383806209, 0.1356388318012229088 ) ) ;
#10640 = ADVANCED_FACE ( 'NONE', ( #11982 ), #3646, .F. ) ;
#10641 = DIRECTION ( 'NONE',  ( -0.1263225772768188371, 0.0000000000000000000, -0.9919892169122315195 ) ) ;
#10642 = CARTESIAN_POINT ( 'NONE',  ( -0.2335456966632236675, 0.3010000000383806773, 0.2048184447495342841 ) ) ;
#10643 = CARTESIAN_POINT ( 'NONE',  ( -0.05995991569839129870, 0.3000000000000000444, 0.08913625659843754656 ) ) ;
#10644 = B_SPLINE_SURFACE_WITH_KNOTS ( 'NONE', 3, 1, ( 
 ( #9531, #7972 ),
 ( #3329, #5928 ),
 ( #2236, #5190 ),
 ( #7111, #10875 ) ),
 .UNSPECIFIED., .F., .F., .F.,
 ( 4, 4 ),
 ( 2, 2 ),
 ( 4.000000000000000000, 5.000000000000000000 ),
 ( 0.0000000000000000000, 1.000000000000000000 ),
 .UNSPECIFIED. ) ;
#10645 = CARTESIAN_POINT ( 'NONE',  ( -0.1009030003828083610, 0.3000000000000000444, 0.06516999043137589043 ) ) ;
#10646 = PRESENTATION_LAYER_ASSIGNMENT (  '', '', ( #1167 ) ) ;
#10647 = PLANE ( 'NONE',  #6871 ) ;
#10648 = ORIENTED_EDGE ( 'NONE', *, *, #825, .F. ) ;
#10649 = FACE_OUTER_BOUND ( 'NONE', #5026, .T. ) ;
#10650 = ORIENTED_EDGE ( 'NONE', *, *, #11942, .T. ) ;
#10651 = UNCERTAINTY_MEASURE_WITH_UNIT (LENGTH_MEASURE( 1.000000000000000082E-05 ), #11413, 'distance_accuracy_value', 'NONE');
#10652 = PRESENTATION_STYLE_ASSIGNMENT (( #943 ) ) ;
#10653 = CARTESIAN_POINT ( 'NONE',  ( -0.09644743335900980707, 0.3010000000383806773, 0.1626501536337019438 ) ) ;
#10654 = DIRECTION ( 'NONE',  ( -0.007092178509970722966, -0.0000000000000000000, 0.9999748501857347316 ) ) ;
#10655 = CARTESIAN_POINT ( 'NONE',  ( 0.1129571241926249081, 0.3010000000383806218, 0.08351693488165369550 ) ) ;
#10656 = VERTEX_POINT ( 'NONE', #5355 ) ;
#10657 =( LENGTH_UNIT ( ) NAMED_UNIT ( * ) SI_UNIT ( .MILLI., .METRE. ) );
#10658 = VECTOR ( 'NONE', #1721, 1000.000000000000000 ) ;
#10659 = FACE_OUTER_BOUND ( 'NONE', #773, .T. ) ;
#10660 = CARTESIAN_POINT ( 'NONE',  ( -0.2557314568895266427, 0.3000000000383806209, 0.1156659771520022750 ) ) ;
#10661 = EDGE_CURVE ( 'NONE', #1724, #11877, #6696, .T. ) ;
#10662 = EDGE_CURVE ( 'NONE', #6718, #170, #4485, .T. ) ;
#10663 = COLOUR_RGB ( '',1.000000000000000000, 1.000000000000000000, 1.000000000000000000 ) ;
#10664 = UNCERTAINTY_MEASURE_WITH_UNIT (LENGTH_MEASURE( 1.000000000000000082E-05 ), #7334, 'distance_accuracy_value', 'NONE');
#10665 = CARTESIAN_POINT ( 'NONE',  ( -0.1106294728516832582, 0.3010000000383806218, 0.08412905523827095278 ) ) ;
#10666 = ORIENTED_EDGE ( 'NONE', *, *, #3552, .T. ) ;
#10667 = CARTESIAN_POINT ( 'NONE',  ( -0.08670215959540425454, 0.3000000000383806209, 0.1586329192107028274 ) ) ;
#10668 = EDGE_CURVE ( 'NONE', #4949, #9684, #898, .T. ) ;
#10669 = DIRECTION ( 'NONE',  ( 0.007092178509963797950, 0.0000000000000000000, -0.9999748501857348426 ) ) ;
#10670 = CARTESIAN_POINT ( 'NONE',  ( -0.1357250516081565384, 0.3000000000000000444, 0.04240129713246746507 ) ) ;
#10671 = COLOUR_RGB ( '',1.000000000000000000, 1.000000000000000000, 1.000000000000000000 ) ;
#10672 = SURFACE_STYLE_USAGE ( .BOTH. , #3306 ) ;
#10673 = ORIENTED_EDGE ( 'NONE', *, *, #4329, .F. ) ;
#10674 = FACE_OUTER_BOUND ( 'NONE', #6407, .T. ) ;
#10675 = CARTESIAN_POINT ( 'NONE',  ( -0.1261413847512703745, 0.3010000000383806218, 0.07656378746473867236 ) ) ;
#10676 = B_SPLINE_CURVE_WITH_KNOTS ( 'NONE', 3,
 ( #6833, #11602, #3990, #5897 ),
 .UNSPECIFIED., .F., .F.,
 ( 4, 4 ),
 ( 17.00000000000000000, 18.00000000000000000 ),
 .UNSPECIFIED. ) ;
#10677 = DIRECTION ( 'NONE',  ( 1.000000000000000000, 0.0000000000000000000, 0.0000000000000000000 ) ) ;
#10678 = AXIS2_PLACEMENT_3D ( 'NONE', #4471, #2611, #8240 ) ;
#10679 = EDGE_CURVE ( 'NONE', #11933, #9480, #8305, .T. ) ;
#10680 =( LENGTH_UNIT ( ) NAMED_UNIT ( * ) SI_UNIT ( .MILLI., .METRE. ) );
#10681 = COLOUR_RGB ( '',1.000000000000000000, 1.000000000000000000, 1.000000000000000000 ) ;
#10682 = FILL_AREA_STYLE_COLOUR ( '', #2202 ) ;
#10683 =( NAMED_UNIT ( * ) PLANE_ANGLE_UNIT ( ) SI_UNIT ( $, .RADIAN. ) );
#10684 = ORIENTED_EDGE ( 'NONE', *, *, #4104, .T. ) ;
#10685 = EDGE_CURVE ( 'NONE', #1733, #3585, #4664, .T. ) ;
#10686 = STYLED_ITEM ( 'NONE', ( #5294 ), #11432 ) ;
#10687 = STYLED_ITEM ( 'NONE', ( #731 ), #6495 ) ;
#10688 = CARTESIAN_POINT ( 'NONE',  ( -0.1284783512381004744, 0.3010000000383806773, 0.09819551713281136907 ) ) ;
#10689 = DIRECTION ( 'NONE',  ( 0.3962797719141810115, -0.0000000000000000000, -0.9181298069290880770 ) ) ;
#10690 = SURFACE_STYLE_FILL_AREA ( #8769 ) ;
#10691 = VERTEX_POINT ( 'NONE', #6455 ) ;
#10693 =( NAMED_UNIT ( * ) SI_UNIT ( $, .STERADIAN. ) SOLID_ANGLE_UNIT ( ) );
#10692 = COLOUR_RGB ( '',1.000000000000000000, 1.000000000000000000, 1.000000000000000000 ) ;
#10694 = ORIENTED_EDGE ( 'NONE', *, *, #6608, .T. ) ;
#10695 = AXIS2_PLACEMENT_3D ( 'NONE', #6969, #1526, #6224 ) ;
#10696 = CARTESIAN_POINT ( 'NONE',  ( -0.2634012480001319823, 0.3010000000383806773, 0.1129289373639017213 ) ) ;
#10697 = COLOUR_RGB ( '',1.000000000000000000, 1.000000000000000000, 1.000000000000000000 ) ;
#10698 =( NAMED_UNIT ( * ) PLANE_ANGLE_UNIT ( ) SI_UNIT ( $, .RADIAN. ) );
#10699 = MECHANICAL_DESIGN_GEOMETRIC_PRESENTATION_REPRESENTATION (  '', ( #2419 ), #1214 ) ;
#10700 = SURFACE_STYLE_USAGE ( .BOTH. , #6922 ) ;
#10701 = CARTESIAN_POINT ( 'NONE',  ( -0.2785402912896446925, 0.3010000000383806218, 0.08577678229140707489 ) ) ;
#10702 = VERTEX_POINT ( 'NONE', #10239 ) ;
#10703 = VECTOR ( 'NONE', #4157, 1000.000000000000000 ) ;
#10704 = FILL_AREA_STYLE ('',( #4030 ) ) ;
#10705 = MECHANICAL_DESIGN_GEOMETRIC_PRESENTATION_REPRESENTATION (  '', ( #4773 ), #2423 ) ;
#10706 = B_SPLINE_CURVE_WITH_KNOTS ( 'NONE', 3,
 ( #8877, #5166, #400, #4175 ),
 .UNSPECIFIED., .F., .F.,
 ( 4, 4 ),
 ( 3.000000000000000000, 4.000000000000000000 ),
 .UNSPECIFIED. ) ;
#10707 = PRESENTATION_LAYER_ASSIGNMENT (  '', '', ( #632 ) ) ;
#10708 = CARTESIAN_POINT ( 'NONE',  ( -0.1684574757390471245, 0.3010000000383806773, 0.09884777657425046493 ) ) ;
#10709 =( NAMED_UNIT ( * ) PLANE_ANGLE_UNIT ( ) SI_UNIT ( $, .RADIAN. ) );
#10710 = LINE ( 'NONE', #70, #2315 ) ;
#10711 = CARTESIAN_POINT ( 'NONE',  ( 0.07674063706369825544, 0.3000000000000000444, 0.1743595492369753863 ) ) ;
#10712 = CARTESIAN_POINT ( 'NONE',  ( 0.3032626830731077749, 0.3000000000383806209, 0.1638195300207760940 ) ) ;
#10713 = STYLED_ITEM ( 'NONE', ( #10252 ), #10453 ) ;
#10714 = CARTESIAN_POINT ( 'NONE',  ( -0.09067934299154382927, 0.3000000000000000444, 0.08386503289269026107 ) ) ;
#10715 =( NAMED_UNIT ( * ) PLANE_ANGLE_UNIT ( ) SI_UNIT ( $, .RADIAN. ) );
#10716 = EDGE_LOOP ( 'NONE', ( #3307, #3400, #7591, #6022 ) ) ;
#10717 =( GEOMETRIC_REPRESENTATION_CONTEXT ( 3 ) GLOBAL_UNCERTAINTY_ASSIGNED_CONTEXT ( ( #11665 ) ) GLOBAL_UNIT_ASSIGNED_CONTEXT ( ( #6095, #5423, #11985 ) ) REPRESENTATION_CONTEXT ( 'NONE', 'WORKASPACE' ) );
#10718 = B_SPLINE_CURVE_WITH_KNOTS ( 'NONE', 3,
 ( #339, #6967, #9858, #10737 ),
 .UNSPECIFIED., .F., .F.,
 ( 4, 4 ),
 ( 18.00000000000000000, 19.00000000000000000 ),
 .UNSPECIFIED. ) ;
#10719 = VECTOR ( 'NONE', #2030, 1000.000000000000114 ) ;
#10720 = DIRECTION ( 'NONE',  ( 0.9370112956751686095, 0.0000000000000000000, -0.3492990577959547149 ) ) ;
#10721 = ORIENTED_EDGE ( 'NONE', *, *, #11395, .F. ) ;
#10722 = CARTESIAN_POINT ( 'NONE',  ( -0.1253703211595268707, 0.3000000000000000444, 0.05800911053237797071 ) ) ;
#10723 = CARTESIAN_POINT ( 'NONE',  ( -0.06401210045334768117, 0.3000000000383806209, 0.06452702172152816051 ) ) ;
#10724 = CARTESIAN_POINT ( 'NONE',  ( 0.1138216214719212915, 0.3010000000383806218, 0.08395686664675178212 ) ) ;
#10725 = ORIENTED_EDGE ( 'NONE', *, *, #3551, .T. ) ;
#10726 = STYLED_ITEM ( 'NONE', ( #870 ), #4307 ) ;
#10727 = PRESENTATION_STYLE_ASSIGNMENT (( #1196 ) ) ;
#10728 =( NAMED_UNIT ( * ) PLANE_ANGLE_UNIT ( ) SI_UNIT ( $, .RADIAN. ) );
#10729 = ORIENTED_EDGE ( 'NONE', *, *, #4260, .F. ) ;
#10730 = CARTESIAN_POINT ( 'NONE',  ( -0.5000000000000000000, -0.2499999999999998890, 0.0000000000000000000 ) ) ;
#10731 = EDGE_CURVE ( 'NONE', #11747, #5791, #10676, .T. ) ;
#10732 = PRESENTATION_STYLE_ASSIGNMENT (( #3180 ) ) ;
#10733 = B_SPLINE_CURVE_WITH_KNOTS ( 'NONE', 3,
 ( #1209, #4056, #8812, #10478 ),
 .UNSPECIFIED., .F., .F.,
 ( 4, 4 ),
 ( 19.00000000000000000, 20.00000000000000000 ),
 .UNSPECIFIED. ) ;
#10734 = PRESENTATION_LAYER_ASSIGNMENT (  '', '', ( #2252 ) ) ;
#10735 =( LENGTH_UNIT ( ) NAMED_UNIT ( * ) SI_UNIT ( .MILLI., .METRE. ) );
#10736 = CARTESIAN_POINT ( 'NONE',  ( -0.06548442679329812000, 0.3000000000383806209, 0.06320645153347548284 ) ) ;
#10737 = CARTESIAN_POINT ( 'NONE',  ( -0.1253703211595268707, 0.3010000000383806218, 0.05800911053237797071 ) ) ;
#10738 = LINE ( 'NONE', #11608, #10277 ) ;
#10739 = ORIENTED_EDGE ( 'NONE', *, *, #2418, .T. ) ;
#10740 = EDGE_CURVE ( 'NONE', #9280, #8827, #8903, .T. ) ;
#10741 = SURFACE_STYLE_FILL_AREA ( #2454 ) ;
#10742 = COLOUR_RGB ( '',1.000000000000000000, 1.000000000000000000, 1.000000000000000000 ) ;
#10743 = CARTESIAN_POINT ( 'NONE',  ( -0.1278432262494003657, 0.3000000000000000444, 0.07461771903355486624 ) ) ;
#10744 = CARTESIAN_POINT ( 'NONE',  ( -0.3634856939638865803, -0.2375113646789956401, 0.2999999999999999889 ) ) ;
#10745 = UNCERTAINTY_MEASURE_WITH_UNIT (LENGTH_MEASURE( 1.000000000000000082E-05 ), #3869, 'distance_accuracy_value', 'NONE');
#10746 = SURFACE_SIDE_STYLE ('',( #7779 ) ) ;
#10747 = CARTESIAN_POINT ( 'NONE',  ( -0.2636122843015362704, 0.3000000000383806209, 0.06791518837213486592 ) ) ;
#10748 = ORIENTED_EDGE ( 'NONE', *, *, #5460, .F. ) ;
#10749 =( GEOMETRIC_REPRESENTATION_CONTEXT ( 3 ) GLOBAL_UNCERTAINTY_ASSIGNED_CONTEXT ( ( #7945 ) ) GLOBAL_UNIT_ASSIGNED_CONTEXT ( ( #5371, #10993, #1609 ) ) REPRESENTATION_CONTEXT ( 'NONE', 'WORKASPACE' ) );
#10750 = FILL_AREA_STYLE ('',( #3139 ) ) ;
#10751 = B_SPLINE_SURFACE_WITH_KNOTS ( 'NONE', 3, 1, ( 
 ( #4918, #7340 ),
 ( #9067, #531 ),
 ( #3379, #11932 ),
 ( #2459, #3439 ) ),
 .UNSPECIFIED., .F., .F., .F.,
 ( 4, 4 ),
 ( 2, 2 ),
 ( 6.000000000000000000, 7.000000000000000000 ),
 ( 0.0000000000000000000, 1.000000000000000000 ),
 .UNSPECIFIED. ) ;
#10752 = FACE_OUTER_BOUND ( 'NONE', #10231, .T. ) ;
#10753 = CARTESIAN_POINT ( 'NONE',  ( 0.05207026960083024208, 0.3010000000383806218, 0.1663760543917789936 ) ) ;
#10754 = ORIENTED_EDGE ( 'NONE', *, *, #7794, .F. ) ;
#10755 = FACE_OUTER_BOUND ( 'NONE', #6037, .T. ) ;
#10756 = ADVANCED_FACE ( 'NONE', ( #5536 ), #1781, .F. ) ;
#10757 = VERTEX_POINT ( 'NONE', #11354 ) ;
#10758 = DIRECTION ( 'NONE',  ( -0.007092178509964645362, -0.0000000000000000000, 0.9999748501857348426 ) ) ;
#10759 = MECHANICAL_DESIGN_GEOMETRIC_PRESENTATION_REPRESENTATION (  '', ( #6023 ), #5019 ) ;
#10760 =( NAMED_UNIT ( * ) PLANE_ANGLE_UNIT ( ) SI_UNIT ( $, .RADIAN. ) );
#10761 = CARTESIAN_POINT ( 'NONE',  ( -0.1558462982421120469, 0.3000000000383806209, 0.06459315182292355018 ) ) ;
#10762 = DIRECTION ( 'NONE',  ( 0.3625544875035016101, -0.0000000000000000000, -0.9319625762824778059 ) ) ;
#10763 = SURFACE_STYLE_USAGE ( .BOTH. , #7973 ) ;
#10764 = EDGE_LOOP ( 'NONE', ( #7711, #9089, #1672, #5836 ) ) ;
#10765 = LINE ( 'NONE', #9158, #3750 ) ;
#10766 = DIRECTION ( 'NONE',  ( 0.9999748501857348426, 0.0000000000000000000, 0.007092178509963661774 ) ) ;
#10767 = B_SPLINE_SURFACE_WITH_KNOTS ( 'NONE', 3, 1, ( 
 ( #11852, #3430 ),
 ( #3304, #2499 ),
 ( #6088, #2392 ),
 ( #10926, #2448 ) ),
 .UNSPECIFIED., .F., .F., .F.,
 ( 4, 4 ),
 ( 2, 2 ),
 ( 8.000000000000000000, 9.000000000000000000 ),
 ( 0.0000000000000000000, 1.000000000000000000 ),
 .UNSPECIFIED. ) ;
#10768 = PLANE ( 'NONE',  #10398 ) ;
#10769 = EDGE_CURVE ( 'NONE', #7941, #3317, #8752, .T. ) ;
#10770 = CARTESIAN_POINT ( 'NONE',  ( -0.1707648134645446403, 0.3010000000383806773, 0.2130620896785551666 ) ) ;
#10771 = CARTESIAN_POINT ( 'NONE',  ( -0.1089518509067853441, 0.3010000000383806773, 0.06090177964109294573 ) ) ;
#10772 = EDGE_CURVE ( 'NONE', #9684, #2033, #11544, .T. ) ;
#10773 = CARTESIAN_POINT ( 'NONE',  ( -0.2592465163078721546, 0.3000000000383806209, 0.06370383296454304456 ) ) ;
#10774 = CARTESIAN_POINT ( 'NONE',  ( -0.2171691244267939802, 0.3010000000383806773, 0.06188110134868816253 ) ) ;
#10775 = ORIENTED_EDGE ( 'NONE', *, *, #8444, .F. ) ;
#10776 = DIRECTION ( 'NONE',  ( -0.9999748501857348426, 0.0000000000000000000, -0.007092178509963204674 ) ) ;
#10777 = LINE ( 'NONE', #2311, #11885 ) ;
#10778 =( NAMED_UNIT ( * ) PLANE_ANGLE_UNIT ( ) SI_UNIT ( $, .RADIAN. ) );
#10779 = ORIENTED_EDGE ( 'NONE', *, *, #2125, .F. ) ;
#10780 = UNCERTAINTY_MEASURE_WITH_UNIT (LENGTH_MEASURE( 1.000000000000000082E-05 ), #229, 'distance_accuracy_value', 'NONE');
#10781 = SURFACE_STYLE_USAGE ( .BOTH. , #6206 ) ;
#10782 = DIRECTION ( 'NONE',  ( -1.000000000000000000, 0.0000000000000000000, -0.0000000000000000000 ) ) ;
#10783 = EDGE_CURVE ( 'NONE', #2033, #224, #957, .T. ) ;
#10784 = SURFACE_STYLE_USAGE ( .BOTH. , #453 ) ;
#10785 = CARTESIAN_POINT ( 'NONE',  ( -0.09673989209842151493, 0.3000000000000000444, 0.2038859154969985266 ) ) ;
#10786 = SURFACE_STYLE_FILL_AREA ( #3352 ) ;
#10787 = DIRECTION ( 'NONE',  ( 0.9999748501857348426, -0.0000000000000000000, 0.007092178509964101527 ) ) ;
#10788 =( NAMED_UNIT ( * ) SI_UNIT ( $, .STERADIAN. ) SOLID_ANGLE_UNIT ( ) );
#10789 = ORIENTED_EDGE ( 'NONE', *, *, #11578, .F. ) ;
#10790 = CARTESIAN_POINT ( 'NONE',  ( -0.1684574757390471245, 0.3010000000383806773, 0.09884777657425046493 ) ) ;
#10791 = VECTOR ( 'NONE', #3988, 1000.000000000000000 ) ;
#10792 = CARTESIAN_POINT ( 'NONE',  ( -0.1180266107297594513, 0.3000000000000000444, 0.08033336945613479829 ) ) ;
#10793 = ORIENTED_EDGE ( 'NONE', *, *, #539, .F. ) ;
#10794 = UNCERTAINTY_MEASURE_WITH_UNIT (LENGTH_MEASURE( 1.000000000000000082E-05 ), #5107, 'distance_accuracy_value', 'NONE');
#10795 = LINE ( 'NONE', #4361, #11705 ) ;
#10796 = DIRECTION ( 'NONE',  ( -0.0000000000000000000, -1.000000000000000000, -0.0000000000000000000 ) ) ;
#10797 = DIRECTION ( 'NONE',  ( -0.9999748501857348426, 0.0000000000000000000, -0.007092178509964941133 ) ) ;
#10798 =( NAMED_UNIT ( * ) PLANE_ANGLE_UNIT ( ) SI_UNIT ( $, .RADIAN. ) );
#10799 = ORIENTED_EDGE ( 'NONE', *, *, #3551, .F. ) ;
#10800 = ADVANCED_FACE ( 'NONE', ( #1966 ), #8621, .F. ) ;
#10801 = DIRECTION ( 'NONE',  ( 0.0000000000000000000, -1.000000000000000000, 0.0000000000000000000 ) ) ;
#10802 =( LENGTH_UNIT ( ) NAMED_UNIT ( * ) SI_UNIT ( .MILLI., .METRE. ) );
#10803 = FILL_AREA_STYLE_COLOUR ( '', #12253 ) ;
#10804 = CARTESIAN_POINT ( 'NONE',  ( -0.1835370319264455485, 0.3010000000383806218, 0.2040501572550144083 ) ) ;
#10805 = DIRECTION ( 'NONE',  ( 0.9999748501857348426, -0.0000000000000000000, 0.007092178509970722966 ) ) ;
#10806 = MECHANICAL_DESIGN_GEOMETRIC_PRESENTATION_REPRESENTATION (  '', ( #8825 ), #8237 ) ;
#10807 = FACE_OUTER_BOUND ( 'NONE', #8815, .T. ) ;
#10808 = ORIENTED_EDGE ( 'NONE', *, *, #11826, .F. ) ;
#10809 = LINE ( 'NONE', #9755, #2758 ) ;
#10810 = CARTESIAN_POINT ( 'NONE',  ( 0.03444812248131896154, 0.3010000000383806218, 0.1432592926200335626 ) ) ;
#10811 = VERTEX_POINT ( 'NONE', #8936 ) ;
#10812 = CARTESIAN_POINT ( 'NONE',  ( 0.1120895504005327142, 0.3000000000000000444, 0.08351078173869919130 ) ) ;
#10813 = EDGE_LOOP ( 'NONE', ( #8492, #746, #1707, #9369 ) ) ;
#10814 = CARTESIAN_POINT ( 'NONE',  ( -0.1345518228300271180, 0.3000000000000000444, 0.09908824756497884578 ) ) ;
#10815 = VECTOR ( 'NONE', #11886, 1000.000000000000000 ) ;
#10816 = STYLED_ITEM ( 'NONE', ( #10175 ), #3422 ) ;
#10817 = CARTESIAN_POINT ( 'NONE',  ( -0.1400545387897615124, 0.3010000000383806218, 0.04149717224798589454 ) ) ;
#10818 = DIRECTION ( 'NONE',  ( -0.0000000000000000000, -1.000000000000000000, -0.0000000000000000000 ) ) ;
#10819 = SURFACE_STYLE_FILL_AREA ( #430 ) ;
#10820 = FACE_BOUND ( 'NONE', #4359, .T. ) ;
#10821 = EDGE_LOOP ( 'NONE', ( #2446, #5410, #8406, #2886, #6103, #6792 ) ) ;
#10822 = EDGE_CURVE ( 'NONE', #6296, #1924, #2445, .T. ) ;
#10823 = EDGE_CURVE ( 'NONE', #11787, #1980, #11724, .T. ) ;
#10824 = AXIS2_PLACEMENT_3D ( 'NONE', #2365, #7002, #6128 ) ;
#10825 = COLOUR_RGB ( '',0.1019607843137254888, 0.1019607843137254888, 0.1019607843137254888 ) ;
#10826 = FACE_OUTER_BOUND ( 'NONE', #8744, .T. ) ;
#10827 = MECHANICAL_DESIGN_GEOMETRIC_PRESENTATION_REPRESENTATION (  '', ( #1244 ), #4076 ) ;
#10828 = B_SPLINE_CURVE_WITH_KNOTS ( 'NONE', 3,
 ( #2877, #2686, #3675, #9495 ),
 .UNSPECIFIED., .F., .F.,
 ( 4, 4 ),
 ( 18.00000000000000000, 19.00000000000000000 ),
 .UNSPECIFIED. ) ;
#10829 = CARTESIAN_POINT ( 'NONE',  ( -0.1089894625464456063, 0.3010000000383806218, 0.08819584463670156194 ) ) ;
#10830 = SURFACE_STYLE_FILL_AREA ( #8852 ) ;
#10831 = ORIENTED_EDGE ( 'NONE', *, *, #11480, .T. ) ;
#10832 = PRESENTATION_LAYER_ASSIGNMENT (  '', '', ( #9253 ) ) ;
#10833 = PRESENTATION_STYLE_ASSIGNMENT (( #3290 ) ) ;
#10834 = PRESENTATION_LAYER_ASSIGNMENT (  '', '', ( #10440 ) ) ;
#10835 = ORIENTED_EDGE ( 'NONE', *, *, #2684, .T. ) ;
#10836 = EDGE_CURVE ( 'NONE', #1727, #3615, #9095, .T. ) ;
#10837 = PLANE ( 'NONE',  #5774 ) ;
#10838 = FACE_OUTER_BOUND ( 'NONE', #892, .T. ) ;
#10839 = EDGE_CURVE ( 'NONE', #7043, #9736, #514, .T. ) ;
#10840 = EDGE_CURVE ( 'NONE', #10049, #10591, #11847, .T. ) ;
#10841 =( LENGTH_UNIT ( ) NAMED_UNIT ( * ) SI_UNIT ( .MILLI., .METRE. ) );
#10842 = FILL_AREA_STYLE ('',( #7137 ) ) ;
#10843 = CARTESIAN_POINT ( 'NONE',  ( -0.05083871614368025427, 0.3010000000383806218, 0.1731115215830306420 ) ) ;
#10844 = STYLED_ITEM ( 'NONE', ( #10010 ), #7367 ) ;
#10845 = ORIENTED_EDGE ( 'NONE', *, *, #3878, .T. ) ;
#10846 = CARTESIAN_POINT ( 'NONE',  ( -0.08296386798547464303, 0.3000000000383806764, 0.07356350449083751131 ) ) ;
#10847 = B_SPLINE_SURFACE_WITH_KNOTS ( 'NONE', 3, 1, ( 
 ( #1818, #4699 ),
 ( #6377, #7378 ),
 ( #4642, #6572 ),
 ( #7488, #10168 ) ),
 .UNSPECIFIED., .F., .F., .F.,
 ( 4, 4 ),
 ( 2, 2 ),
 ( 11.00000000000000000, 12.00000000000000000 ),
 ( 0.0000000000000000000, 1.000000000000000000 ),
 .UNSPECIFIED. ) ;
#10848 = CARTESIAN_POINT ( 'NONE',  ( -0.2694921949318911936, 0.3000000000000000444, 0.1074892588887059880 ) ) ;
#10849 = VERTEX_POINT ( 'NONE', #5282 ) ;
#10850 = MECHANICAL_DESIGN_GEOMETRIC_PRESENTATION_REPRESENTATION (  '', ( #1382 ), #179 ) ;
#10851 = CARTESIAN_POINT ( 'NONE',  ( -0.05097322061687430822, 0.3000000000000000444, 0.1920762290057998756 ) ) ;
#10852 = SURFACE_SIDE_STYLE ('',( #8007 ) ) ;
#10853 = B_SPLINE_CURVE_WITH_KNOTS ( 'NONE', 3,
 ( #10642, #8729, #7286, #4384 ),
 .UNSPECIFIED., .F., .F.,
 ( 4, 4 ),
 ( 3.000000000000000000, 4.000000000000000000 ),
 .UNSPECIFIED. ) ;
#10854 = CARTESIAN_POINT ( 'NONE',  ( -0.06001256712046583452, 0.3010000000383806773, 0.09655994141222509763 ) ) ;
#10855 = ORIENTED_EDGE ( 'NONE', *, *, #9980, .T. ) ;
#10856 =( GEOMETRIC_REPRESENTATION_CONTEXT ( 3 ) GLOBAL_UNCERTAINTY_ASSIGNED_CONTEXT ( ( #7925 ) ) GLOBAL_UNIT_ASSIGNED_CONTEXT ( ( #8567, #6604, #11549 ) ) REPRESENTATION_CONTEXT ( 'NONE', 'WORKASPACE' ) );
#10857 = PRESENTATION_LAYER_ASSIGNMENT (  '', '', ( #3939 ) ) ;
#10858 = CARTESIAN_POINT ( 'NONE',  ( -0.1697082593558360553, 0.3000000000000000444, 0.1520550541038856174 ) ) ;
#10859 = UNCERTAINTY_MEASURE_WITH_UNIT (LENGTH_MEASURE( 1.000000000000000082E-05 ), #6928, 'distance_accuracy_value', 'NONE');
#10860 = CARTESIAN_POINT ( 'NONE',  ( 0.2316327286574872968, 0.3000000000000000444, 0.1711200534376403071 ) ) ;
#10861 =( NAMED_UNIT ( * ) SI_UNIT ( $, .STERADIAN. ) SOLID_ANGLE_UNIT ( ) );
#10862 =( NAMED_UNIT ( * ) PLANE_ANGLE_UNIT ( ) SI_UNIT ( $, .RADIAN. ) );
#10863 = DIRECTION ( 'NONE',  ( -3.614007241618348278E-16, 1.000000000000000000, 0.0000000000000000000 ) ) ;
#10864 = VERTEX_POINT ( 'NONE', #10792 ) ;
#10865 = VECTOR ( 'NONE', #8846, 1000.000000000000114 ) ;
#10866 = DIRECTION ( 'NONE',  ( -0.0000000000000000000, -1.000000000000000000, -0.0000000000000000000 ) ) ;
#10867 = SURFACE_SIDE_STYLE ('',( #7231 ) ) ;
#10868 = MECHANICAL_DESIGN_GEOMETRIC_PRESENTATION_REPRESENTATION (  '', ( #2389 ), #10470 ) ;
#10869 = CARTESIAN_POINT ( 'NONE',  ( 0.3046317330356290709, 0.3000000000383806209, 0.09311868384888523364 ) ) ;
#10870 = ORIENTED_EDGE ( 'NONE', *, *, #1531, .F. ) ;
#10871 = DIRECTION ( 'NONE',  ( 0.007092178509964645362, 0.0000000000000000000, -0.9999748501857348426 ) ) ;
#10872 = ORIENTED_EDGE ( 'NONE', *, *, #11151, .T. ) ;
#10873 = FILL_AREA_STYLE ('',( #4387 ) ) ;
#10874 = AXIS2_PLACEMENT_3D ( 'NONE', #9525, #3940, #9587 ) ;
#10875 = CARTESIAN_POINT ( 'NONE',  ( -0.05988339222454173300, 0.3000000000000000444, 0.2058941521792218843 ) ) ;
#10876 = CARTESIAN_POINT ( 'NONE',  ( -0.08283843371524417243, 0.3010000000383806773, 0.05587766714118960060 ) ) ;
#10877 = VECTOR ( 'NONE', #4111, 1000.000000000000000 ) ;
#10878 =( NAMED_UNIT ( * ) PLANE_ANGLE_UNIT ( ) SI_UNIT ( $, .RADIAN. ) );
#10879 = DIRECTION ( 'NONE',  ( -0.007092178509953184912, -0.0000000000000000000, 0.9999748501857349536 ) ) ;
#10880 = EDGE_CURVE ( 'NONE', #11719, #9699, #3359, .T. ) ;
#10881 = DIRECTION ( 'NONE',  ( 0.0000000000000000000, -1.000000000000000000, 0.0000000000000000000 ) ) ;
#10882 = VERTEX_POINT ( 'NONE', #8056 ) ;
#10883 = DIRECTION ( 'NONE',  ( -1.000000000000000000, 0.0000000000000000000, 0.0000000000000000000 ) ) ;
#10884 = PRESENTATION_LAYER_ASSIGNMENT (  '', '', ( #9890 ) ) ;
#10885 = STYLED_ITEM ( 'NONE', ( #3519 ), #8398 ) ;
#10886 = SURFACE_STYLE_FILL_AREA ( #1624 ) ;
#10887 = ORIENTED_EDGE ( 'NONE', *, *, #4472, .T. ) ;
#10888 = STYLED_ITEM ( 'NONE', ( #11796 ), #990 ) ;
#10889 =( GEOMETRIC_REPRESENTATION_CONTEXT ( 3 ) GLOBAL_UNCERTAINTY_ASSIGNED_CONTEXT ( ( #3707 ) ) GLOBAL_UNIT_ASSIGNED_CONTEXT ( ( #4437, #10862, #7962 ) ) REPRESENTATION_CONTEXT ( 'NONE', 'WORKASPACE' ) );
#10890 = STYLED_ITEM ( 'NONE', ( #2642 ), #6443 ) ;
#10891 = EDGE_CURVE ( 'NONE', #2656, #6419, #6888, .T. ) ;
#10892 = EDGE_CURVE ( 'NONE', #2770, #7857, #6084, .T. ) ;
#10893 = CARTESIAN_POINT ( 'NONE',  ( -0.09075765645126747383, 0.3000000000383806209, 0.09490698425427500362 ) ) ;
#10894 = CARTESIAN_POINT ( 'NONE',  ( -0.04815298198153811216, 0.3000000000383806764, 0.05612366874347839152 ) ) ;
#10895 = VERTEX_POINT ( 'NONE', #5091 ) ;
#10896 = SURFACE_STYLE_USAGE ( .BOTH. , #5267 ) ;
#10897 =( GEOMETRIC_REPRESENTATION_CONTEXT ( 3 ) GLOBAL_UNCERTAINTY_ASSIGNED_CONTEXT ( ( #11529 ) ) GLOBAL_UNIT_ASSIGNED_CONTEXT ( ( #2540, #4338, #11890 ) ) REPRESENTATION_CONTEXT ( 'NONE', 'WORKASPACE' ) );
#10898 = MECHANICAL_DESIGN_GEOMETRIC_PRESENTATION_REPRESENTATION (  '', ( #11090 ), #9904 ) ;
#10899 = EDGE_CURVE ( 'NONE', #3062, #9365, #1245, .T. ) ;
#10900 = FACE_OUTER_BOUND ( 'NONE', #9081, .T. ) ;
#10901 = EDGE_LOOP ( 'NONE', ( #3695, #464, #8647 ) ) ;
#10902 =( GEOMETRIC_REPRESENTATION_CONTEXT ( 3 ) GLOBAL_UNCERTAINTY_ASSIGNED_CONTEXT ( ( #1639 ) ) GLOBAL_UNIT_ASSIGNED_CONTEXT ( ( #8369, #9243, #2810 ) ) REPRESENTATION_CONTEXT ( 'NONE', 'WORKASPACE' ) );
#10903 = UNCERTAINTY_MEASURE_WITH_UNIT (LENGTH_MEASURE( 1.000000000000000082E-05 ), #11569, 'distance_accuracy_value', 'NONE');
#10904 = CARTESIAN_POINT ( 'NONE',  ( -0.1697082593558360553, 0.3010000000383806218, 0.1520550541038856174 ) ) ;
#10905 = VECTOR ( 'NONE', #10512, 1000.000000000000000 ) ;
#10906 = FACE_OUTER_BOUND ( 'NONE', #3253, .T. ) ;
#10907 = CARTESIAN_POINT ( 'NONE',  ( 0.4499999999999997335, -8.131516293641278325E-17, 0.2499999999999999445 ) ) ;
#10908 = DIRECTION ( 'NONE',  ( -0.0000000000000000000, -1.000000000000000000, -0.0000000000000000000 ) ) ;
#10909 =( GEOMETRIC_REPRESENTATION_CONTEXT ( 3 ) GLOBAL_UNCERTAINTY_ASSIGNED_CONTEXT ( ( #8430 ) ) GLOBAL_UNIT_ASSIGNED_CONTEXT ( ( #4241, #6157, #342 ) ) REPRESENTATION_CONTEXT ( 'NONE', 'WORKASPACE' ) );
#10910 = CARTESIAN_POINT ( 'NONE',  ( -0.02345946859065680887, 0.3000000000000000444, 0.09076764576379139915 ) ) ;
#10911 = LINE ( 'NONE', #8994, #5865 ) ;
#10912 = FILL_AREA_STYLE_COLOUR ( '', #7580 ) ;
#10913 = PRESENTATION_LAYER_ASSIGNMENT (  '', '', ( #5772 ) ) ;
#10914 = EDGE_CURVE ( 'NONE', #3094, #3385, #3450, .T. ) ;
#10915 = MECHANICAL_DESIGN_GEOMETRIC_PRESENTATION_REPRESENTATION (  '', ( #9330 ), #8745 ) ;
#10916 = AXIS2_PLACEMENT_3D ( 'NONE', #11424, #1043, #4736 ) ;
#10917 = ORIENTED_EDGE ( 'NONE', *, *, #10135, .T. ) ;
#10918 = EDGE_CURVE ( 'NONE', #8165, #2109, #7865, .T. ) ;
#10919 = CARTESIAN_POINT ( 'NONE',  ( 0.2345708033078058308, 0.3010000000383806218, 0.06268909288007280811 ) ) ;
#10920 = CARTESIAN_POINT ( 'NONE',  ( -0.1563250175356250826, 0.3010000000383806218, 0.06611823915281013486 ) ) ;
#10921 = ORIENTED_EDGE ( 'NONE', *, *, #10661, .F. ) ;
#10922 = UNCERTAINTY_MEASURE_WITH_UNIT (LENGTH_MEASURE( 1.000000000000000082E-05 ), #9590, 'distance_accuracy_value', 'NONE');
#10923 = CARTESIAN_POINT ( 'NONE',  ( -0.05396123398767669471, 0.3010000000383806218, 0.1999469980149642667 ) ) ;
#10924 = COLOUR_RGB ( '',1.000000000000000000, 1.000000000000000000, 1.000000000000000000 ) ;
#10925 =( GEOMETRIC_REPRESENTATION_CONTEXT ( 3 ) GLOBAL_UNCERTAINTY_ASSIGNED_CONTEXT ( ( #10043 ) ) GLOBAL_UNIT_ASSIGNED_CONTEXT ( ( #3549, #11980, #5351 ) ) REPRESENTATION_CONTEXT ( 'NONE', 'WORKASPACE' ) );
#10926 = CARTESIAN_POINT ( 'NONE',  ( -0.1181675307123672830, 0.3010000000383806773, 0.1002026435160618817 ) ) ;
#10927 = CARTESIAN_POINT ( 'NONE',  ( -0.06435189913898473058, 0.3010000000383806773, 0.09924300173480912757 ) ) ;
#10928 = EDGE_LOOP ( 'NONE', ( #11180, #1574, #5503, #1463 ) ) ;
#10929 =( NAMED_UNIT ( * ) SI_UNIT ( $, .STERADIAN. ) SOLID_ANGLE_UNIT ( ) );
#10930 = STYLED_ITEM ( 'NONE', ( #90 ), #5122 ) ;
#10931 = LINE ( 'NONE', #8312, #11025 ) ;
#10932 = STYLED_ITEM ( 'NONE', ( #8234 ), #4405 ) ;
#10933 = CARTESIAN_POINT ( 'NONE',  ( 0.2169301805050373178, 0.3000000000000000444, 0.1645086717987799263 ) ) ;
#10934 =( NAMED_UNIT ( * ) PLANE_ANGLE_UNIT ( ) SI_UNIT ( $, .RADIAN. ) );
#10935 = PLANE ( 'NONE',  #6532 ) ;
#10936 = CARTESIAN_POINT ( 'NONE',  ( 0.09599332851341779715, 0.3010000000383806218, 0.1510705165380208104 ) ) ;
#10937 = ORIENTED_EDGE ( 'NONE', *, *, #11743, .T. ) ;
#10938 = EDGE_CURVE ( 'NONE', #9754, #4445, #4166, .T. ) ;
#10939 = CARTESIAN_POINT ( 'NONE',  ( 0.2930118290230381839, 0.3010000000383806218, 0.08002207605094992238 ) ) ;
#10940 = COLOUR_RGB ( '',1.000000000000000000, 1.000000000000000000, 1.000000000000000000 ) ;
#10941 = CARTESIAN_POINT ( 'NONE',  ( -0.1077855840852782604, 0.3000000000383806209, 0.07678755391980310319 ) ) ;
#10942 = ORIENTED_EDGE ( 'NONE', *, *, #3905, .T. ) ;
#10943 = LINE ( 'NONE', #9875, #3096 ) ;
#10944 = DIRECTION ( 'NONE',  ( -3.614007241618348278E-16, 1.000000000000000000, -0.0000000000000000000 ) ) ;
#10945 = ORIENTED_EDGE ( 'NONE', *, *, #11176, .F. ) ;
#10946 = SURFACE_STYLE_USAGE ( .BOTH. , #1675 ) ;
#10947 = FILL_AREA_STYLE_COLOUR ( '', #7942 ) ;
#10948 = FACE_OUTER_BOUND ( 'NONE', #8368, .T. ) ;
#10949 = FILL_AREA_STYLE ('',( #5493 ) ) ;
#10950 = AXIS2_PLACEMENT_3D ( 'NONE', #2724, #10281, #8242 ) ;
#10951 = DIRECTION ( 'NONE',  ( 0.0000000000000000000, -0.0000000000000000000, -1.000000000000000000 ) ) ;
#10952 = CARTESIAN_POINT ( 'NONE',  ( -0.2785402912896446925, 0.3000000000000000444, 0.08577678229140707489 ) ) ;
#10953 = ORIENTED_EDGE ( 'NONE', *, *, #9611, .F. ) ;
#10954 = ORIENTED_EDGE ( 'NONE', *, *, #10914, .F. ) ;
#10955 = DIRECTION ( 'NONE',  ( -0.0000000000000000000, -1.000000000000000000, -0.0000000000000000000 ) ) ;
#10956 = ORIENTED_EDGE ( 'NONE', *, *, #11284, .T. ) ;
#10957 = PRESENTATION_LAYER_ASSIGNMENT (  '', '', ( #11551 ) ) ;
#10958 = B_SPLINE_SURFACE_WITH_KNOTS ( 'NONE', 3, 1, ( 
 ( #95, #4726 ),
 ( #10190, #7399 ),
 ( #12165, #7589 ),
 ( #1718, #5477 ) ),
 .UNSPECIFIED., .F., .F., .F.,
 ( 4, 4 ),
 ( 2, 2 ),
 ( 12.00000000000000000, 13.00000000000000000 ),
 ( 0.0000000000000000000, 1.000000000000000000 ),
 .UNSPECIFIED. ) ;
#10959 = CARTESIAN_POINT ( 'NONE',  ( -0.1126506403741447809, 0.3010000000383806218, 0.05463684210604041053 ) ) ;
#10960 = SURFACE_STYLE_USAGE ( .BOTH. , #9037 ) ;
#10961 = VERTEX_POINT ( 'NONE', #10920 ) ;
#10962 =( NAMED_UNIT ( * ) SI_UNIT ( $, .STERADIAN. ) SOLID_ANGLE_UNIT ( ) );
#10963 = CARTESIAN_POINT ( 'NONE',  ( -0.2365705191914510841, 0.3000000000383806764, 0.06174349973301983957 ) ) ;
#10964 = ORIENTED_EDGE ( 'NONE', *, *, #8088, .F. ) ;
#10965 = FILL_AREA_STYLE_COLOUR ( '', #5165 ) ;
#10966 = CARTESIAN_POINT ( 'NONE',  ( -0.2325172464158174468, 0.3000000000383806209, 0.2005522263714948350 ) ) ;
#10967 = FACE_OUTER_BOUND ( 'NONE', #5797, .T. ) ;
#10968 = B_SPLINE_SURFACE_WITH_KNOTS ( 'NONE', 3, 1, ( 
 ( #7844, #8900 ),
 ( #8971, #11762 ),
 ( #3092, #6805 ),
 ( #9885, #309 ) ),
 .UNSPECIFIED., .F., .F., .F.,
 ( 4, 4 ),
 ( 2, 2 ),
 ( 5.000000000000000000, 6.000000000000000000 ),
 ( 0.0000000000000000000, 1.000000000000000000 ),
 .UNSPECIFIED. ) ;
#10969 = CARTESIAN_POINT ( 'NONE',  ( -0.2380770480339418904, 0.3010000000383806773, 0.2125846872885029937 ) ) ;
#10970 = ORIENTED_EDGE ( 'NONE', *, *, #2016, .T. ) ;
#10971 = DIRECTION ( 'NONE',  ( 1.000000000000000000, 0.0000000000000000000, 0.0000000000000000000 ) ) ;
#10972 = VERTEX_POINT ( 'NONE', #9977 ) ;
#10973 = ADVANCED_FACE ( 'NONE', ( #5220 ), #2324, .F. ) ;
#10974 = EDGE_CURVE ( 'NONE', #5630, #10864, #3054, .T. ) ;
#10975 = SURFACE_STYLE_FILL_AREA ( #10047 ) ;
#10976 = CARTESIAN_POINT ( 'NONE',  ( 0.1585076185311927455, 0.3010000000383806218, 0.2057397728603544695 ) ) ;
#10977 = VERTEX_POINT ( 'NONE', #8428 ) ;
#10978 = FILL_AREA_STYLE ('',( #8879 ) ) ;
#10979 = CARTESIAN_POINT ( 'NONE',  ( -0.2636884999578180677, 0.3010000000383806218, 0.1028513924644997024 ) ) ;
#10980 = CARTESIAN_POINT ( 'NONE',  ( -0.1142006192852175334, 0.3000000000383806209, 0.08185779380888048851 ) ) ;
#10981 = DIRECTION ( 'NONE',  ( -0.0000000000000000000, -1.000000000000000000, -0.0000000000000000000 ) ) ;
#10982 = CARTESIAN_POINT ( 'NONE',  ( -0.1303498635443924858, 0.3010000000383806218, 0.06739423748499547007 ) ) ;
#10983 = CYLINDRICAL_SURFACE ( 'NONE', #238, 0.05000000000000002359 ) ;
#10984 = ORIENTED_EDGE ( 'NONE', *, *, #231, .T. ) ;
#10985 = EDGE_CURVE ( 'NONE', #1230, #7008, #4155, .T. ) ;
#10986 = LINE ( 'NONE', #845, #785 ) ;
#10987 = COLOUR_RGB ( '',1.000000000000000000, 1.000000000000000000, 1.000000000000000000 ) ;
#10988 =( NAMED_UNIT ( * ) SI_UNIT ( $, .STERADIAN. ) SOLID_ANGLE_UNIT ( ) );
#10989 = EDGE_CURVE ( 'NONE', #10811, #5046, #11161, .T. ) ;
#10990 = ORIENTED_EDGE ( 'NONE', *, *, #3764, .F. ) ;
#10991 = SURFACE_SIDE_STYLE ('',( #10004 ) ) ;
#10992 = VERTEX_POINT ( 'NONE', #2677 ) ;
#10993 =( NAMED_UNIT ( * ) PLANE_ANGLE_UNIT ( ) SI_UNIT ( $, .RADIAN. ) );
#10994 = CARTESIAN_POINT ( 'NONE',  ( -0.04820231503667318784, 0.3010000000383806773, 0.06307947426199811414 ) ) ;
#10995 = AXIS2_PLACEMENT_3D ( 'NONE', #3215, #7969, #1418 ) ;
#10996 = DIRECTION ( 'NONE',  ( 0.9999748501857348426, -0.0000000000000000000, 0.007092178509963615804 ) ) ;
#10997 = CARTESIAN_POINT ( 'NONE',  ( -0.1923767237013860598, 0.3000000000000000444, 0.08258227537899903714 ) ) ;
#10998 = EDGE_LOOP ( 'NONE', ( #11479, #7464, #9294, #10448 ) ) ;
#10999 = FILL_AREA_STYLE_COLOUR ( '', #37 ) ;
#11000 = EDGE_LOOP ( 'NONE', ( #1871, #994, #4615, #7248 ) ) ;
#11001 = CARTESIAN_POINT ( 'NONE',  ( 0.1587568035690821167, 0.3010000000383806218, 0.2317699638499286230 ) ) ;
#11002 = ORIENTED_EDGE ( 'NONE', *, *, #7512, .T. ) ;
#11003 =( GEOMETRIC_REPRESENTATION_CONTEXT ( 3 ) GLOBAL_UNCERTAINTY_ASSIGNED_CONTEXT ( ( #3807 ) ) GLOBAL_UNIT_ASSIGNED_CONTEXT ( ( #700, #2547, #2613 ) ) REPRESENTATION_CONTEXT ( 'NONE', 'WORKASPACE' ) );
#11005 = ORIENTED_EDGE ( 'NONE', *, *, #3626, .F. ) ;
#11004 = STYLED_ITEM ( 'NONE', ( #279 ), #3210 ) ;
#11006 = SURFACE_SIDE_STYLE ('',( #3464 ) ) ;
#11007 = LINE ( 'NONE', #10084, #4221 ) ;
#11008 = FILL_AREA_STYLE ('',( #1808 ) ) ;
#11009 = CARTESIAN_POINT ( 'NONE',  ( -0.09239027418676834524, 0.3010000000383806218, 0.2063498592553102695 ) ) ;
#11010 = EDGE_LOOP ( 'NONE', ( #2150, #8171, #9031, #10436 ) ) ;
#11011 = PRESENTATION_STYLE_ASSIGNMENT (( #10896 ) ) ;
#11012 = LINE ( 'NONE', #7310, #8727 ) ;
#11013 = MECHANICAL_DESIGN_GEOMETRIC_PRESENTATION_REPRESENTATION (  '', ( #4885 ), #5285 ) ;
#11014 = ORIENTED_EDGE ( 'NONE', *, *, #9401, .F. ) ;
#11016 = EDGE_CURVE ( 'NONE', #692, #3596, #8367, .T. ) ;
#11015 = FILL_AREA_STYLE_COLOUR ( '', #6167 ) ;
#11017 = DIRECTION ( 'NONE',  ( 0.0000000000000000000, 0.0000000000000000000, 1.000000000000000000 ) ) ;
#11018 = CARTESIAN_POINT ( 'NONE',  ( 0.2344354346322558846, 0.3000000000000000444, 0.08177565011530317507 ) ) ;
#11019 = CARTESIAN_POINT ( 'NONE',  ( 0.4999999999999996669, -0.2999999999999999334, 0.2499999999999999445 ) ) ;
#11020 = SURFACE_STYLE_FILL_AREA ( #4415 ) ;
#11021 = B_SPLINE_CURVE_WITH_KNOTS ( 'NONE', 3,
 ( #3345, #7071, #5785, #9783 ),
 .UNSPECIFIED., .F., .F.,
 ( 4, 4 ),
 ( 8.000000000000000000, 9.000000000000000000 ),
 .UNSPECIFIED. ) ;
#11022 = SURFACE_STYLE_USAGE ( .BOTH. , #11786 ) ;
#11023 = MECHANICAL_DESIGN_GEOMETRIC_PRESENTATION_REPRESENTATION (  '', ( #3910 ), #1158 ) ;
#11024 = CARTESIAN_POINT ( 'NONE',  ( -0.2703112579657556136, 0.3000000000383806209, 0.09322801024702592754 ) ) ;
#11025 = VECTOR ( 'NONE', #776, 1000.000000000000000 ) ;
#11026 = CARTESIAN_POINT ( 'NONE',  ( -0.2461213477916746606, 0.3010000000383806773, 0.1087155930253119601 ) ) ;
#11027 = ORIENTED_EDGE ( 'NONE', *, *, #11823, .F. ) ;
#11028 = DIRECTION ( 'NONE',  ( 0.4987484692609969739, 0.0000000000000000000, 0.8667467706370831637 ) ) ;
#11029 = DIRECTION ( 'NONE',  ( -0.007092178509957183449, -0.0000000000000000000, 0.9999748501857349536 ) ) ;
#11030 = ORIENTED_EDGE ( 'NONE', *, *, #6879, .T. ) ;
#11031 = UNCERTAINTY_MEASURE_WITH_UNIT (LENGTH_MEASURE( 1.000000000000000082E-05 ), #4007, 'distance_accuracy_value', 'NONE');
#11032 = CARTESIAN_POINT ( 'NONE',  ( -0.06376158359162573119, 0.3000000000000000444, 0.1545533029709388884 ) ) ;
#11033 = PRESENTATION_STYLE_ASSIGNMENT (( #7947 ) ) ;
#11034 = PRESENTATION_STYLE_ASSIGNMENT (( #7564 ) ) ;
#11035 = CARTESIAN_POINT ( 'NONE',  ( -0.1284783512381004744, 0.3010000000383806773, 0.09819551713281136907 ) ) ;
#11036 = ORIENTED_EDGE ( 'NONE', *, *, #8695, .F. ) ;
#11037 = SURFACE_STYLE_FILL_AREA ( #11288 ) ;
#11038 = B_SPLINE_SURFACE_WITH_KNOTS ( 'NONE', 3, 1, ( 
 ( #394, #3255 ),
 ( #3303, #6272 ),
 ( #8939, #6033 ),
 ( #517, #7946 ) ),
 .UNSPECIFIED., .F., .F., .F.,
 ( 4, 4 ),
 ( 2, 2 ),
 ( 10.00000000000000000, 11.00000000000000000 ),
 ( 0.0000000000000000000, 1.000000000000000000 ),
 .UNSPECIFIED. ) ;
#11039 = EDGE_CURVE ( 'NONE', #6296, #10326, #11098, .T. ) ;
#11040 = EDGE_CURVE ( 'NONE', #10258, #2512, #1833, .T. ) ;
#11041 = CARTESIAN_POINT ( 'NONE',  ( -0.1479273002113785374, 0.3010000000383806218, 0.04758645964856490079 ) ) ;
#11042 =( LENGTH_UNIT ( ) NAMED_UNIT ( * ) SI_UNIT ( .MILLI., .METRE. ) );
#11043 = CARTESIAN_POINT ( 'NONE',  ( -0.1032275776034935477, 0.3010000000383806218, 0.08065668413473843501 ) ) ;
#11045 = EDGE_CURVE ( 'NONE', #5711, #8429, #3541, .T. ) ;
#11044 = CARTESIAN_POINT ( 'NONE',  ( -0.1937739655706610942, 0.3000000000000000444, 0.2048197783621315826 ) ) ;
#11046 = DIRECTION ( 'NONE',  ( -0.0000000000000000000, -1.000000000000000000, -0.0000000000000000000 ) ) ;
#11047 = ORIENTED_EDGE ( 'NONE', *, *, #5226, .F. ) ;
#11048 = SURFACE_STYLE_USAGE ( .BOTH. , #12169 ) ;
#11049 = B_SPLINE_SURFACE_WITH_KNOTS ( 'NONE', 3, 1, ( 
 ( #12120, #10562 ),
 ( #294, #4009 ),
 ( #6723, #5730 ),
 ( #2102, #8514 ) ),
 .UNSPECIFIED., .F., .F., .F.,
 ( 4, 4 ),
 ( 2, 2 ),
 ( 2.000000000000000000, 3.000000000000000000 ),
 ( 0.0000000000000000000, 1.000000000000000000 ),
 .UNSPECIFIED. ) ;
#11050 = FACE_OUTER_BOUND ( 'NONE', #9526, .T. ) ;
#11051 =( GEOMETRIC_REPRESENTATION_CONTEXT ( 3 ) GLOBAL_UNCERTAINTY_ASSIGNED_CONTEXT ( ( #268 ) ) GLOBAL_UNIT_ASSIGNED_CONTEXT ( ( #5628, #11136, #5498 ) ) REPRESENTATION_CONTEXT ( 'NONE', 'WORKASPACE' ) );
#11052 = CARTESIAN_POINT ( 'NONE',  ( -0.1011086274763220716, 0.3000000000000000444, 0.08756548084747654837 ) ) ;
#11053 = EDGE_LOOP ( 'NONE', ( #606, #4500, #3742, #11066, #7618, #11527, #3749, #3624, #676, #4457, #10042, #7341 ) ) ;
#11054 = CARTESIAN_POINT ( 'NONE',  ( -0.2461213477916747161, 0.3000000000000000444, 0.1087155930253119601 ) ) ;
#11055 = ORIENTED_EDGE ( 'NONE', *, *, #11806, .F. ) ;
#11056 = FACE_OUTER_BOUND ( 'NONE', #8518, .T. ) ;
#11057 = EDGE_CURVE ( 'NONE', #9117, #3084, #5341, .T. ) ;
#11058 = LINE ( 'NONE', #11874, #10102 ) ;
#11059 = ADVANCED_FACE ( 'NONE', ( #648 ), #7296, .T. ) ;
#11060 = DIRECTION ( 'NONE',  ( -0.3427414958247869126, -0.0000000000000000000, -0.9394297563095324044 ) ) ;
#11061 = CARTESIAN_POINT ( 'NONE',  ( 0.03419893732606900383, 0.3010000000383806218, 0.1172291181780548558 ) ) ;
#11062 =( NAMED_UNIT ( * ) PLANE_ANGLE_UNIT ( ) SI_UNIT ( $, .RADIAN. ) );
#11063 = EDGE_LOOP ( 'NONE', ( #3423, #2268, #9848, #10684 ) ) ;
#11064 = STYLED_ITEM ( 'NONE', ( #3997 ), #8107 ) ;
#11065 = FILL_AREA_STYLE ('',( #5438 ) ) ;
#11066 = ORIENTED_EDGE ( 'NONE', *, *, #6132, .T. ) ;
#11067 = COLOUR_RGB ( '',1.000000000000000000, 1.000000000000000000, 1.000000000000000000 ) ;
#11068 = FACE_OUTER_BOUND ( 'NONE', #2919, .T. ) ;
#11069 = CARTESIAN_POINT ( 'NONE',  ( -0.2365705191914510841, 0.3010000000383806773, 0.06174349973301983957 ) ) ;
#11070 = ORIENTED_EDGE ( 'NONE', *, *, #6973, .F. ) ;
#11071 = SURFACE_STYLE_USAGE ( .BOTH. , #684 ) ;
#11072 = ORIENTED_EDGE ( 'NONE', *, *, #7881, .T. ) ;
#11073 = CARTESIAN_POINT ( 'NONE',  ( -0.06332267077700831637, 0.3010000000383806218, 0.07067703523706080071 ) ) ;
#11074 = CARTESIAN_POINT ( 'NONE',  ( -0.1835282869466451361, 0.3010000000383806218, 0.1610343524383840708 ) ) ;
#11075 = AXIS2_PLACEMENT_3D ( 'NONE', #3319, #1538, #1482 ) ;
#11076 = VECTOR ( 'NONE', #9299, 1000.000000000000000 ) ;
#11077 = LINE ( 'NONE', #691, #7472 ) ;
#11078 = EDGE_LOOP ( 'NONE', ( #11895, #6746, #7402, #9260 ) ) ;
#11079 = CARTESIAN_POINT ( 'NONE',  ( -0.1295294717710495647, 0.3010000000383806218, 0.07267176121460015847 ) ) ;
#11080 = SURFACE_SIDE_STYLE ('',( #1633 ) ) ;
#11081 = ORIENTED_EDGE ( 'NONE', *, *, #8183, .F. ) ;
#11082 = VECTOR ( 'NONE', #4447, 1000.000000000000114 ) ;
#11083 = PRESENTATION_LAYER_ASSIGNMENT (  '', '', ( #8906 ) ) ;
#11084 =( NAMED_UNIT ( * ) PLANE_ANGLE_UNIT ( ) SI_UNIT ( $, .RADIAN. ) );
#11085 = VECTOR ( 'NONE', #12175, 1000.000000000000000 ) ;
#11086 = FILL_AREA_STYLE_COLOUR ( '', #9655 ) ;
#11087 = LINE ( 'NONE', #1759, #6949 ) ;
#11088 = CARTESIAN_POINT ( 'NONE',  ( -0.1400545387897615124, 0.3000000000000000444, 0.04149717224798589454 ) ) ;
#11089 =( GEOMETRIC_REPRESENTATION_CONTEXT ( 3 ) GLOBAL_UNCERTAINTY_ASSIGNED_CONTEXT ( ( #10535 ) ) GLOBAL_UNIT_ASSIGNED_CONTEXT ( ( #9060, #7955, #1340 ) ) REPRESENTATION_CONTEXT ( 'NONE', 'WORKASPACE' ) );
#11090 = STYLED_ITEM ( 'NONE', ( #8571 ), #8760 ) ;
#11091 = FILL_AREA_STYLE ('',( #820 ) ) ;
#11092 = VERTEX_POINT ( 'NONE', #3608 ) ;
#11093 = VECTOR ( 'NONE', #11723, 1000.000000000000227 ) ;
#11094 =( GEOMETRIC_REPRESENTATION_CONTEXT ( 3 ) GLOBAL_UNCERTAINTY_ASSIGNED_CONTEXT ( ( #6569 ) ) GLOBAL_UNIT_ASSIGNED_CONTEXT ( ( #9676, #3866, #3121 ) ) REPRESENTATION_CONTEXT ( 'NONE', 'WORKASPACE' ) );
#11095 = SURFACE_SIDE_STYLE ('',( #9295 ) ) ;
#11096 = CARTESIAN_POINT ( 'NONE',  ( -0.2335456966632236675, 0.3000000000383806764, 0.2048184447495342841 ) ) ;
#11097 = VECTOR ( 'NONE', #8233, 1000.000000000000000 ) ;
#11098 = LINE ( 'NONE', #12092, #2771 ) ;
#11099 = ORIENTED_EDGE ( 'NONE', *, *, #6769, .T. ) ;
#11100 =( NAMED_UNIT ( * ) PLANE_ANGLE_UNIT ( ) SI_UNIT ( $, .RADIAN. ) );
#11101 = MECHANICAL_DESIGN_GEOMETRIC_PRESENTATION_REPRESENTATION (  '', ( #4180 ), #10897 ) ;
#11102 = FACE_OUTER_BOUND ( 'NONE', #3689, .T. ) ;
#11103 = STYLED_ITEM ( 'NONE', ( #287 ), #84 ) ;
#11104 = FILL_AREA_STYLE ('',( #7093 ) ) ;
#11105 =( GEOMETRIC_REPRESENTATION_CONTEXT ( 3 ) GLOBAL_UNCERTAINTY_ASSIGNED_CONTEXT ( ( #11382 ) ) GLOBAL_UNIT_ASSIGNED_CONTEXT ( ( #5270, #4343, #6318 ) ) REPRESENTATION_CONTEXT ( 'NONE', 'WORKASPACE' ) );
#11106 = VERTEX_POINT ( 'NONE', #6584 ) ;
#11107 = STYLED_ITEM ( 'NONE', ( #1735 ), #4529 ) ;
#11108 = STYLED_ITEM ( 'NONE', ( #3279 ), #3815 ) ;
#11109 = FACE_OUTER_BOUND ( 'NONE', #4268, .T. ) ;
#11110 = ADVANCED_FACE ( 'NONE', ( #3722 ), #2988, .F. ) ;
#11111 = FACE_BOUND ( 'NONE', #1165, .T. ) ;
#11112 = FACE_BOUND ( 'NONE', #1450, .T. ) ;
#11113 = CARTESIAN_POINT ( 'NONE',  ( -0.1178441005482067094, 0.3010000000383806218, 0.05460000823303651218 ) ) ;
#11114 =( GEOMETRIC_REPRESENTATION_CONTEXT ( 3 ) GLOBAL_UNCERTAINTY_ASSIGNED_CONTEXT ( ( #7198 ) ) GLOBAL_UNIT_ASSIGNED_CONTEXT ( ( #5512, #1119, #10580 ) ) REPRESENTATION_CONTEXT ( 'NONE', 'WORKASPACE' ) );
#11115 = VECTOR ( 'NONE', #7164, 1000.000000000000000 ) ;
#11116 = CARTESIAN_POINT ( 'NONE',  ( -0.2630076896813623999, 0.3000000000383806209, 0.05743845298056739906 ) ) ;
#11117 = PRESENTATION_LAYER_ASSIGNMENT (  '', '', ( #2615 ) ) ;
#11118 = ORIENTED_EDGE ( 'NONE', *, *, #1233, .T. ) ;
#11119 = EDGE_CURVE ( 'NONE', #1857, #7094, #8485, .T. ) ;
#11120 = SURFACE_SIDE_STYLE ('',( #8076 ) ) ;
#11121 = ORIENTED_EDGE ( 'NONE', *, *, #714, .F. ) ;
#11122 = MECHANICAL_DESIGN_GEOMETRIC_PRESENTATION_REPRESENTATION (  '', ( #2242 ), #3806 ) ;
#11123 =( NAMED_UNIT ( * ) SI_UNIT ( $, .STERADIAN. ) SOLID_ANGLE_UNIT ( ) );
#11124 = EDGE_LOOP ( 'NONE', ( #3993, #2845, #2082, #617 ) ) ;
#11125 = MECHANICAL_DESIGN_GEOMETRIC_PRESENTATION_REPRESENTATION (  '', ( #1049 ), #9549 ) ;
#11126 =( GEOMETRIC_REPRESENTATION_CONTEXT ( 3 ) GLOBAL_UNCERTAINTY_ASSIGNED_CONTEXT ( ( #7216 ) ) GLOBAL_UNIT_ASSIGNED_CONTEXT ( ( #7429, #6491, #750 ) ) REPRESENTATION_CONTEXT ( 'NONE', 'WORKASPACE' ) );
#11127 =( LENGTH_UNIT ( ) NAMED_UNIT ( * ) SI_UNIT ( .MILLI., .METRE. ) );
#11128 = SURFACE_STYLE_FILL_AREA ( #9149 ) ;
#11129 = DIRECTION ( 'NONE',  ( 1.000000000000000000, 0.0000000000000000000, -0.0000000000000000000 ) ) ;
#11130 = LINE ( 'NONE', #2643, #3920 ) ;
#11131 = CARTESIAN_POINT ( 'NONE',  ( -0.1192617886232077706, 0.3010000000383806218, 0.07196474523745087504 ) ) ;
#11132 = ORIENTED_EDGE ( 'NONE', *, *, #9621, .T. ) ;
#11133 = PLANE ( 'NONE',  #11685 ) ;
#11134 = SURFACE_SIDE_STYLE ('',( #548 ) ) ;
#11135 = EDGE_LOOP ( 'NONE', ( #11949, #11732, #2465, #5196 ) ) ;
#11136 =( NAMED_UNIT ( * ) PLANE_ANGLE_UNIT ( ) SI_UNIT ( $, .RADIAN. ) );
#11137 = EDGE_CURVE ( 'NONE', #88, #10656, #3906, .T. ) ;
#11138 = PLANE ( 'NONE',  #7907 ) ;
#11139 = ORIENTED_EDGE ( 'NONE', *, *, #8035, .F. ) ;
#11140 = ORIENTED_EDGE ( 'NONE', *, *, #1915, .F. ) ;
#11141 = B_SPLINE_CURVE_WITH_KNOTS ( 'NONE', 3,
 ( #2114, #60, #5866, #9644 ),
 .UNSPECIFIED., .F., .F.,
 ( 4, 4 ),
 ( 7.000000000000000000, 8.000000000000000000 ),
 .UNSPECIFIED. ) ;
#11142 = CARTESIAN_POINT ( 'NONE',  ( -0.1125910249069113911, 0.3000000000000000444, 0.07481947365459803989 ) ) ;
#11143 = DIRECTION ( 'NONE',  ( 1.000000000000000000, 0.0000000000000000000, 0.0000000000000000000 ) ) ;
#11144 = AXIS2_PLACEMENT_3D ( 'NONE', #11711, #11644, #5945 ) ;
#11145 = LINE ( 'NONE', #6199, #7465 ) ;
#11146 = EDGE_LOOP ( 'NONE', ( #9635, #6248, #7835, #3832 ) ) ;
#11147 = CARTESIAN_POINT ( 'NONE',  ( -0.2461213477916746606, 0.3010000000383806773, 0.1087155930253119601 ) ) ;
#11148 = FILL_AREA_STYLE ('',( #7373 ) ) ;
#11149 = ORIENTED_EDGE ( 'NONE', *, *, #10891, .F. ) ;
#11150 = CARTESIAN_POINT ( 'NONE',  ( -0.2703112579657556136, 0.3000000000383806209, 0.09322801024702592754 ) ) ;
#11151 = EDGE_CURVE ( 'NONE', #4808, #4502, #2808, .T. ) ;
#11152 = VECTOR ( 'NONE', #599, 1000.000000000000000 ) ;
#11153 = SPHERICAL_SURFACE ( 'NONE', #5762, 0.05000000000000000278 ) ;
#11154 = PRESENTATION_STYLE_ASSIGNMENT (( #9290 ) ) ;
#11155 = CARTESIAN_POINT ( 'NONE',  ( -0.08308532021538193868, 0.3010000000383806218, 0.09068788668674329645 ) ) ;
#11156 = CARTESIAN_POINT ( 'NONE',  ( -0.1542511951100558332, 0.3010000000383806773, 0.06619533448549147492 ) ) ;
#11157 =( NAMED_UNIT ( * ) PLANE_ANGLE_UNIT ( ) SI_UNIT ( $, .RADIAN. ) );
#11158 = ORIENTED_EDGE ( 'NONE', *, *, #5300, .F. ) ;
#11159 = STYLED_ITEM ( 'NONE', ( #11 ), #6072 ) ;
#11160 = DIRECTION ( 'NONE',  ( -0.9999748501857348426, 0.0000000000000000000, -0.007092178509963344320 ) ) ;
#11161 = LINE ( 'NONE', #2493, #1191 ) ;
#11162 = ORIENTED_EDGE ( 'NONE', *, *, #8199, .T. ) ;
#11163 = UNCERTAINTY_MEASURE_WITH_UNIT (LENGTH_MEASURE( 1.000000000000000082E-05 ), #1895, 'distance_accuracy_value', 'NONE');
#11164 = B_SPLINE_CURVE_WITH_KNOTS ( 'NONE', 3,
 ( #1326, #9737, #8677, #1269 ),
 .UNSPECIFIED., .F., .F.,
 ( 4, 4 ),
 ( 2.000000000000000000, 3.000000000000000000 ),
 .UNSPECIFIED. ) ;
#11165 =( LENGTH_UNIT ( ) NAMED_UNIT ( * ) SI_UNIT ( .MILLI., .METRE. ) );
#11166 = VECTOR ( 'NONE', #7065, 1000.000000000000114 ) ;
#11167 = SURFACE_SIDE_STYLE ('',( #2739 ) ) ;
#11168 = EDGE_LOOP ( 'NONE', ( #4513, #5872, #11070, #4815 ) ) ;
#11169 = PRESENTATION_STYLE_ASSIGNMENT (( #7396 ) ) ;
#11170 = LINE ( 'NONE', #10979, #752 ) ;
#11171 = CARTESIAN_POINT ( 'NONE',  ( -0.05097322061687430822, 0.3000000000383806209, 0.1920762290057998756 ) ) ;
#11172 = SURFACE_SIDE_STYLE ('',( #10422 ) ) ;
#11173 = CARTESIAN_POINT ( 'NONE',  ( -0.1090203425049694058, 0.3010000000383806773, 0.2135000035020551135 ) ) ;
#11174 = SURFACE_STYLE_USAGE ( .BOTH. , #8502 ) ;
#11175 = ORIENTED_EDGE ( 'NONE', *, *, #9600, .T. ) ;
#11176 = EDGE_CURVE ( 'NONE', #6936, #477, #6641, .T. ) ;
#11177 = LINE ( 'NONE', #6290, #6120 ) ;
#11178 = CARTESIAN_POINT ( 'NONE',  ( -0.1472914026776793173, 0.3000000000000000444, 0.03489520620640342713 ) ) ;
#11179 = CARTESIAN_POINT ( 'NONE',  ( -0.08303488103793564556, 0.3010000000383806218, 0.08357612140341477702 ) ) ;
#11180 = ORIENTED_EDGE ( 'NONE', *, *, #9707, .T. ) ;
#11181 = UNCERTAINTY_MEASURE_WITH_UNIT (LENGTH_MEASURE( 1.000000000000000082E-05 ), #12254, 'distance_accuracy_value', 'NONE');
#11182 = CARTESIAN_POINT ( 'NONE',  ( -0.2533890728402347636, 0.3010000000383806218, 0.1086640477255515214 ) ) ;
#11183 = CARTESIAN_POINT ( 'NONE',  ( 0.2354906620911653981, 0.3000000000383806209, 0.1164877238949527938 ) ) ;
#11184 = CARTESIAN_POINT ( 'NONE',  ( -0.02340991431105948761, 0.3010000000383806773, 0.08378064829231048061 ) ) ;
#11185 =( NAMED_UNIT ( * ) SI_UNIT ( $, .STERADIAN. ) SOLID_ANGLE_UNIT ( ) );
#11186 = DIRECTION ( 'NONE',  ( -0.007092178509962502111, 0.0000000000000000000, 0.9999748501857348426 ) ) ;
#11187 = ORIENTED_EDGE ( 'NONE', *, *, #6439, .F. ) ;
#11188 = CARTESIAN_POINT ( 'NONE',  ( -0.2232137446759145660, 0.3000000000000000444, 0.1752578767396400783 ) ) ;
#11189 = DIRECTION ( 'NONE',  ( -0.9999748501857348426, -0.0000000000000000000, -0.007092178509963582844 ) ) ;
#11190 = ORIENTED_EDGE ( 'NONE', *, *, #1786, .T. ) ;
#11191 = CARTESIAN_POINT ( 'NONE',  ( 0.2578167557320734105, 0.3000000000000000444, 0.08801480081575580039 ) ) ;
#11192 = APPLICATION_CONTEXT ( 'automotive_design' ) ;
#11193 = PLANE ( 'NONE',  #2578 ) ;
#11194 = ORIENTED_EDGE ( 'NONE', *, *, #1872, .F. ) ;
#11195 = CARTESIAN_POINT ( 'NONE',  ( 0.3046317330356290709, 0.3010000000383806218, 0.09311868384888523364 ) ) ;
#11196 = ORIENTED_EDGE ( 'NONE', *, *, #7370, .T. ) ;
#11197 = CARTESIAN_POINT ( 'NONE',  ( -0.05674835674886309633, 0.3010000000383806218, 0.06074173557787726496 ) ) ;
#11198 = VECTOR ( 'NONE', #3859, 1000.000000000000000 ) ;
#11199 = CARTESIAN_POINT ( 'NONE',  ( -0.06537249139256422203, 0.3010000000383806218, 0.07381304289953131981 ) ) ;
#11200 =( NAMED_UNIT ( * ) PLANE_ANGLE_UNIT ( ) SI_UNIT ( $, .RADIAN. ) );
#11201 = EDGE_LOOP ( 'NONE', ( #5507, #8064, #10197, #1075 ) ) ;
#11202 = DIRECTION ( 'NONE',  ( -1.000000000000000000, 0.0000000000000000000, -0.0000000000000000000 ) ) ;
#11203 = ADVANCED_FACE ( 'NONE', ( #7575 ), #11248, .T. ) ;
#11204 = ADVANCED_FACE ( 'NONE', ( #5776 ), #7117, .F. ) ;
#11205 = SURFACE_STYLE_FILL_AREA ( #2713 ) ;
#11206 = ORIENTED_EDGE ( 'NONE', *, *, #4246, .F. ) ;
#11207 = CARTESIAN_POINT ( 'NONE',  ( -0.1542511951100558332, 0.3010000000383806773, 0.06619533448549147492 ) ) ;
#11208 = COLOUR_RGB ( '',1.000000000000000000, 1.000000000000000000, 1.000000000000000000 ) ;
#11209 = PRESENTATION_STYLE_ASSIGNMENT (( #1755 ) ) ;
#11210 = CARTESIAN_POINT ( 'NONE',  ( 0.07477478006641244401, 0.3000000000000000444, 0.08454754994499789900 ) ) ;
#11211 =( NAMED_UNIT ( * ) SI_UNIT ( $, .STERADIAN. ) SOLID_ANGLE_UNIT ( ) );
#11212 = SURFACE_STYLE_USAGE ( .BOTH. , #7438 ) ;
#11213 =( NAMED_UNIT ( * ) SI_UNIT ( $, .STERADIAN. ) SOLID_ANGLE_UNIT ( ) );
#11214 =( NAMED_UNIT ( * ) SI_UNIT ( $, .STERADIAN. ) SOLID_ANGLE_UNIT ( ) );
#11215 = CARTESIAN_POINT ( 'NONE',  ( -0.1125910249069113911, 0.3010000000383806218, 0.07481947365459803989 ) ) ;
#11216 = ORIENTED_EDGE ( 'NONE', *, *, #3701, .F. ) ;
#11217 = MECHANICAL_DESIGN_GEOMETRIC_PRESENTATION_REPRESENTATION (  '', ( #5884 ), #940 ) ;
#11218 = EDGE_CURVE ( 'NONE', #3671, #1234, #492, .T. ) ;
#11219 = SURFACE_SIDE_STYLE ('',( #7385 ) ) ;
#11220 = CARTESIAN_POINT ( 'NONE',  ( -0.4500000000000000111, -0.2499999999999998890, 0.0000000000000000000 ) ) ;
#11221 = ADVANCED_FACE ( 'NONE', ( #11764, #10820 ), #10074, .F. ) ;
#11222 = ORIENTED_EDGE ( 'NONE', *, *, #9690, .T. ) ;
#11223 = CARTESIAN_POINT ( 'NONE',  ( -0.5000000000000000000, -0.2999999999999999334, 0.0000000000000000000 ) ) ;
#11224 = DIRECTION ( 'NONE',  ( -0.0000000000000000000, -1.000000000000000000, -0.0000000000000000000 ) ) ;
#11225 = COLOUR_RGB ( '',1.000000000000000000, 1.000000000000000000, 1.000000000000000000 ) ;
#11226 = CARTESIAN_POINT ( 'NONE',  ( -0.07962566394887087007, 0.3010000000383806218, 0.06469702645513186745 ) ) ;
#11227 = ORIENTED_EDGE ( 'NONE', *, *, #122, .T. ) ;
#11228 = MECHANICAL_DESIGN_GEOMETRIC_PRESENTATION_REPRESENTATION (  '', ( #3315 ), #11627 ) ;
#11229 = ADVANCED_FACE ( 'NONE', ( #2421 ), #7297, .F. ) ;
#11230 = CARTESIAN_POINT ( 'NONE',  ( -0.07504465569276723425, 0.3010000000383806773, 0.1005084863354538394 ) ) ;
#11231 = LINE ( 'NONE', #6712, #6874 ) ;
#11232 = COLOUR_RGB ( '',1.000000000000000000, 1.000000000000000000, 1.000000000000000000 ) ;
#11233 = CARTESIAN_POINT ( 'NONE',  ( -0.1945390498360939080, 0.3010000000383806218, 0.1829476931888865954 ) ) ;
#11234 = CARTESIAN_POINT ( 'NONE',  ( -0.1529269886429297232, 0.3000000000383806764, 0.1521740728647053287 ) ) ;
#11235 = CARTESIAN_POINT ( 'NONE',  ( 0.03444812248131896154, 0.3010000000383806218, 0.1432592926200335626 ) ) ;
#11236 = CARTESIAN_POINT ( 'NONE',  ( -0.3089545502276059841, 0.3000000000383806209, 0.1056497016812256162 ) ) ;
#11237 = VERTEX_POINT ( 'NONE', #10377 ) ;
#11238 = CARTESIAN_POINT ( 'NONE',  ( 0.2833916159034451376, 0.3000000000383806209, 0.1519658281777148956 ) ) ;
#11239 = CARTESIAN_POINT ( 'NONE',  ( -0.1525022293203805168, 0.3010000000383806773, 0.03950608394243423915 ) ) ;
#11240 = EDGE_LOOP ( 'NONE', ( #5429, #9382, #7527, #10845 ) ) ;
#11241 = SURFACE_STYLE_FILL_AREA ( #10198 ) ;
#11242 =( GEOMETRIC_REPRESENTATION_CONTEXT ( 3 ) GLOBAL_UNCERTAINTY_ASSIGNED_CONTEXT ( ( #5706 ) ) GLOBAL_UNIT_ASSIGNED_CONTEXT ( ( #2354, #4392, #10253 ) ) REPRESENTATION_CONTEXT ( 'NONE', 'WORKASPACE' ) );
#11243 = FACE_OUTER_BOUND ( 'NONE', #2989, .T. ) ;
#11244 =( LENGTH_UNIT ( ) NAMED_UNIT ( * ) SI_UNIT ( .MILLI., .METRE. ) );
#11245 = CARTESIAN_POINT ( 'NONE',  ( -0.1284783512381004744, 0.3010000000383806773, 0.09819551713281136907 ) ) ;
#11246 = PLANE ( 'NONE',  #10916 ) ;
#11247 = ORIENTED_EDGE ( 'NONE', *, *, #9567, .T. ) ;
#11248 = B_SPLINE_SURFACE_WITH_KNOTS ( 'NONE', 3, 1, ( 
 ( #3055, #9479 ),
 ( #10590, #79 ),
 ( #3852, #7632 ),
 ( #11397, #6700 ) ),
 .UNSPECIFIED., .F., .F., .F.,
 ( 4, 4 ),
 ( 2, 2 ),
 ( 4.000000000000000000, 5.000000000000000000 ),
 ( 0.0000000000000000000, 1.000000000000000000 ),
 .UNSPECIFIED. ) ;
#11249 = SURFACE_SIDE_STYLE ('',( #6612 ) ) ;
#11250 =( LENGTH_UNIT ( ) NAMED_UNIT ( * ) SI_UNIT ( .MILLI., .METRE. ) );
#11251 = ORIENTED_EDGE ( 'NONE', *, *, #2286, .F. ) ;
#11252 = VECTOR ( 'NONE', #1495, 1000.000000000000000 ) ;
#11253 = CARTESIAN_POINT ( 'NONE',  ( 0.06103209410671232849, 0.3010000000383806218, 0.06492878069961534326 ) ) ;
#11254 = CARTESIAN_POINT ( 'NONE',  ( -0.3082354757770474629, 0.3010000000383806773, 0.1032217068980687963 ) ) ;
#11255 = ORIENTED_EDGE ( 'NONE', *, *, #9184, .T. ) ;
#11256 = CARTESIAN_POINT ( 'NONE',  ( -0.2461213477916747161, 0.3000000000000000444, 0.1087155930253119601 ) ) ;
#11257 = ORIENTED_EDGE ( 'NONE', *, *, #9024, .T. ) ;
#11258 = SURFACE_STYLE_USAGE ( .BOTH. , #6622 ) ;
#11259 = VECTOR ( 'NONE', #3383, 1000.000000000000114 ) ;
#11260 = CARTESIAN_POINT ( 'NONE',  ( -0.06140715081536284731, 0.3010000000383806218, 0.1964317079732118554 ) ) ;
#11261 = VERTEX_POINT ( 'NONE', #7535 ) ;
#11262 = FILL_AREA_STYLE_COLOUR ( '', #2215 ) ;
#11263 = MECHANICAL_DESIGN_GEOMETRIC_PRESENTATION_REPRESENTATION (  '', ( #2563 ), #11664 ) ;
#11264 = CARTESIAN_POINT ( 'NONE',  ( -0.2290779330532058400, 0.3010000000383806773, 0.1158550134551969424 ) ) ;
#11265 = VERTEX_POINT ( 'NONE', #4624 ) ;
#11266 = UNCERTAINTY_MEASURE_WITH_UNIT (LENGTH_MEASURE( 1.000000000000000082E-05 ), #1406, 'distance_accuracy_value', 'NONE');
#11267 = CARTESIAN_POINT ( 'NONE',  ( 0.2085159836680587631, 0.3000000000000000444, 0.1887421675795295517 ) ) ;
#11268 = FACE_OUTER_BOUND ( 'NONE', #812, .T. ) ;
#11269 = DIRECTION ( 'NONE',  ( 0.0000000000000000000, 0.0000000000000000000, 1.000000000000000000 ) ) ;
#11270 = LINE ( 'NONE', #2793, #9296 ) ;
#11271 = EDGE_CURVE ( 'NONE', #4580, #8087, #11313, .T. ) ;
#11272 = CARTESIAN_POINT ( 'NONE',  ( -0.1934591631605366568, 0.3010000000383806218, 0.1604336292458889701 ) ) ;
#11273 = EDGE_CURVE ( 'NONE', #9678, #2782, #8053, .T. ) ;
#11274 = AXIS2_PLACEMENT_3D ( 'NONE', #11913, #7085, #1520 ) ;
#11275 = LINE ( 'NONE', #3716, #2455 ) ;
#11276 = FACE_OUTER_BOUND ( 'NONE', #11240, .T. ) ;
#11277 = ORIENTED_EDGE ( 'NONE', *, *, #6813, .F. ) ;
#11278 = VECTOR ( 'NONE', #3565, 1000.000000000000000 ) ;
#11279 = PLANE ( 'NONE',  #3326 ) ;
#11280 = DIRECTION ( 'NONE',  ( 0.9999748501857348426, 0.0000000000000000000, 0.007092178509969618815 ) ) ;
#11281 = VERTEX_POINT ( 'NONE', #1734 ) ;
#11282 =( GEOMETRIC_REPRESENTATION_CONTEXT ( 3 ) GLOBAL_UNCERTAINTY_ASSIGNED_CONTEXT ( ( #5692 ) ) GLOBAL_UNIT_ASSIGNED_CONTEXT ( ( #7180, #6246, #4681 ) ) REPRESENTATION_CONTEXT ( 'NONE', 'WORKASPACE' ) );
#11283 = UNCERTAINTY_MEASURE_WITH_UNIT (LENGTH_MEASURE( 1.000000000000000082E-05 ), #8047, 'distance_accuracy_value', 'NONE');
#11284 = EDGE_CURVE ( 'NONE', #5629, #10637, #3177, .T. ) ;
#11285 =( NAMED_UNIT ( * ) SI_UNIT ( $, .STERADIAN. ) SOLID_ANGLE_UNIT ( ) );
#11286 = ORIENTED_EDGE ( 'NONE', *, *, #2576, .T. ) ;
#11287 = FACE_OUTER_BOUND ( 'NONE', #8196, .T. ) ;
#11288 = FILL_AREA_STYLE ('',( #4602 ) ) ;
#11289 = VECTOR ( 'NONE', #5405, 1000.000000000000000 ) ;
#11290 = VECTOR ( 'NONE', #6834, 1000.000000000000227 ) ;
#11291 = COLOUR_RGB ( '',1.000000000000000000, 1.000000000000000000, 1.000000000000000000 ) ;
#11292 = CARTESIAN_POINT ( 'NONE',  ( -0.05995991569839124319, 0.3000000000383806764, 0.08913625659843756044 ) ) ;
#11293 = STYLED_ITEM ( 'NONE', ( #1560 ), #10122 ) ;
#11294 = CARTESIAN_POINT ( 'NONE',  ( -0.04820231503667318784, 0.3010000000383806773, 0.06307947426199811414 ) ) ;
#11295 = PRESENTATION_LAYER_ASSIGNMENT (  '', '', ( #5769 ) ) ;
#11296 = ORIENTED_EDGE ( 'NONE', *, *, #8644, .T. ) ;
#11297 = PRESENTATION_LAYER_ASSIGNMENT (  '', '', ( #6954 ) ) ;
#11298 = PRESENTATION_LAYER_ASSIGNMENT (  '', '', ( #8932 ) ) ;
#11299 = STYLED_ITEM ( 'NONE', ( #7730 ), #3800 ) ;
#11300 = FILL_AREA_STYLE_COLOUR ( '', #8887 ) ;
#11301 = EDGE_CURVE ( 'NONE', #6892, #10210, #2769, .T. ) ;
#11302 = CARTESIAN_POINT ( 'NONE',  ( -0.2337328483809981705, 0.3000000000383806209, 0.2048171174027608454 ) ) ;
#11303 = ORIENTED_EDGE ( 'NONE', *, *, #2957, .F. ) ;
#11304 = ADVANCED_FACE ( 'NONE', ( #8393 ), #11133, .F. ) ;
#11305 = CARTESIAN_POINT ( 'NONE',  ( -0.2454264887174818222, 0.3010000000383806218, 0.05472453463045744149 ) ) ;
#11306 = PRESENTATION_LAYER_ASSIGNMENT (  '', '', ( #4744 ) ) ;
#11307 = CARTESIAN_POINT ( 'NONE',  ( -0.09188544274815206581, 0.3000000000383806209, 0.1527629689026110127 ) ) ;
#11308 = MECHANICAL_DESIGN_GEOMETRIC_PRESENTATION_REPRESENTATION (  '', ( #4397 ), #2430 ) ;
#11309 = FILL_AREA_STYLE ('',( #3686 ) ) ;
#11310 = COLOUR_RGB ( '',1.000000000000000000, 1.000000000000000000, 1.000000000000000000 ) ;
#11311 = CARTESIAN_POINT ( 'NONE',  ( 0.2177054820917722067, 0.3010000000383806218, 0.05519475465062153446 ) ) ;
#11312 = ORIENTED_EDGE ( 'NONE', *, *, #5620, .F. ) ;
#11313 = LINE ( 'NONE', #10205, #8301 ) ;
#11314 = CARTESIAN_POINT ( 'NONE',  ( 0.09816225471974694694, 0.3000000000000000444, 0.1510858993367255598 ) ) ;
#11315 = VERTEX_POINT ( 'NONE', #6545 ) ;
#11316 = CARTESIAN_POINT ( 'NONE',  ( -0.2679934270472213997, 0.3010000000383806218, 0.07209524121453195211 ) ) ;
#11317 = VECTOR ( 'NONE', #2487, 1000.000000000000000 ) ;
#11318 = VECTOR ( 'NONE', #2982, 1000.000000000000000 ) ;
#11319 = LINE ( 'NONE', #7475, #3957 ) ;
#11320 = ORIENTED_EDGE ( 'NONE', *, *, #5092, .F. ) ;
#11321 = CARTESIAN_POINT ( 'NONE',  ( 0.3110185257777702827, 0.3010000000383806218, 0.1100824632738998665 ) ) ;
#11322 = ORIENTED_EDGE ( 'NONE', *, *, #6281, .F. ) ;
#11323 = CARTESIAN_POINT ( 'NONE',  ( -0.1095290164786054121, 0.3000000000383806209, 0.08510385924935608137 ) ) ;
#11324 = PRESENTATION_STYLE_ASSIGNMENT (( #11434 ) ) ;
#11325 = CARTESIAN_POINT ( 'NONE',  ( -0.05917272082273143663, 0.3010000000383806218, 0.1826600186241198465 ) ) ;
#11326 = CARTESIAN_POINT ( 'NONE',  ( -0.1085876274563394861, 0.3010000000383806773, 0.1524885434381348659 ) ) ;
#11327 = MECHANICAL_DESIGN_GEOMETRIC_PRESENTATION_REPRESENTATION (  '', ( #10930 ), #1859 ) ;
#11328 = CARTESIAN_POINT ( 'NONE',  ( -0.1876830186384911003, 0.3000000000000000444, 0.2102594568377461060 ) ) ;
#11329 = ORIENTED_EDGE ( 'NONE', *, *, #11976, .T. ) ;
#11330 = CARTESIAN_POINT ( 'NONE',  ( -0.05857630941871455610, 0.3010000000383806218, 0.1601425257019531423 ) ) ;
#11331 = CARTESIAN_POINT ( 'NONE',  ( -0.09673989209842159820, 0.3010000000383806218, 0.2038859154969985266 ) ) ;
#11332 = CARTESIAN_POINT ( 'NONE',  ( -0.1479273002113785096, 0.3010000000383806773, 0.04758645964856490079 ) ) ;
#11333 = PRESENTATION_STYLE_ASSIGNMENT (( #2669 ) ) ;
#11334 = SURFACE_STYLE_FILL_AREA ( #4645 ) ;
#11335 = PRESENTATION_LAYER_ASSIGNMENT (  '', '', ( #5616 ) ) ;
#11336 = CARTESIAN_POINT ( 'NONE',  ( 0.1935981002751219482, 0.3010000000383806218, 0.02899538591180083474 ) ) ;
#11337 = CARTESIAN_POINT ( 'NONE',  ( -0.1095290164786054121, 0.3010000000383806218, 0.08510385924935608137 ) ) ;
#11338 = FILL_AREA_STYLE ('',( #11580 ) ) ;
#11339 = CARTESIAN_POINT ( 'NONE',  ( -0.08819141830943036386, 0.3000000000383806209, 0.2146771158920066924 ) ) ;
#11340 = B_SPLINE_CURVE_WITH_KNOTS ( 'NONE', 3,
 ( #3882, #7662, #11427, #2952 ),
 .UNSPECIFIED., .F., .F.,
 ( 4, 4 ),
 ( 8.000000000000000000, 9.000000000000000000 ),
 .UNSPECIFIED. ) ;
#11341 = ORIENTED_EDGE ( 'NONE', *, *, #1215, .F. ) ;
#11342 = UNCERTAINTY_MEASURE_WITH_UNIT (LENGTH_MEASURE( 1.000000000000000082E-05 ), #2905, 'distance_accuracy_value', 'NONE');
#11343 = ORIENTED_EDGE ( 'NONE', *, *, #2956, .T. ) ;
#11344 = AXIS2_PLACEMENT_3D ( 'NONE', #3509, #3633, #2889 ) ;
#11345 = FILL_AREA_STYLE_COLOUR ( '', #3984 ) ;
#11346 = CARTESIAN_POINT ( 'NONE',  ( 0.2244614296116107244, 0.3000000000383806209, 0.2036046968035146176 ) ) ;
#11347 = CARTESIAN_POINT ( 'NONE',  ( 0.09816225471974686367, 0.3000000000000000444, 0.1510858993367255321 ) ) ;
#11348 = ORIENTED_EDGE ( 'NONE', *, *, #4684, .T. ) ;
#11349 = PRESENTATION_STYLE_ASSIGNMENT (( #9144 ) ) ;
#11350 = CARTESIAN_POINT ( 'NONE',  ( -0.04820231503667318784, 0.3010000000383806773, 0.06307947426199811414 ) ) ;
#11351 = B_SPLINE_SURFACE_WITH_KNOTS ( 'NONE', 3, 1, ( 
 ( #1835, #4596 ),
 ( #7389, #11032 ),
 ( #6509, #3725 ),
 ( #4530, #2679 ) ),
 .UNSPECIFIED., .F., .F., .F.,
 ( 4, 4 ),
 ( 2, 2 ),
 ( 1.000000000000000000, 2.000000000000000000 ),
 ( 0.0000000000000000000, 1.000000000000000000 ),
 .UNSPECIFIED. ) ;
#11352 =( GEOMETRIC_REPRESENTATION_CONTEXT ( 3 ) GLOBAL_UNCERTAINTY_ASSIGNED_CONTEXT ( ( #3610 ) ) GLOBAL_UNIT_ASSIGNED_CONTEXT ( ( #1573, #6789, #11555 ) ) REPRESENTATION_CONTEXT ( 'NONE', 'WORKASPACE' ) );
#11353 = UNCERTAINTY_MEASURE_WITH_UNIT (LENGTH_MEASURE( 1.000000000000000082E-05 ), #5262, 'distance_accuracy_value', 'NONE');
#11354 = CARTESIAN_POINT ( 'NONE',  ( 0.09816225471974694694, 0.3010000000383806218, 0.1510858993367255598 ) ) ;
#11355 = EDGE_CURVE ( 'NONE', #4639, #2616, #8455, .T. ) ;
#11356 = EDGE_CURVE ( 'NONE', #1536, #8320, #1925, .T. ) ;
#11357 = CARTESIAN_POINT ( 'NONE',  ( -0.1357250516081565661, 0.3010000000383806773, 0.04240129713246750670 ) ) ;
#11358 = ORIENTED_EDGE ( 'NONE', *, *, #10558, .T. ) ;
#11359 = STYLED_ITEM ( 'NONE', ( #9348 ), #6219 ) ;
#11360 = LINE ( 'NONE', #5846, #2375 ) ;
#11361 = CARTESIAN_POINT ( 'NONE',  ( -0.5000000000000002220, 0.3000000000000000444, 0.2999999999999999889 ) ) ;
#11362 =( NAMED_UNIT ( * ) PLANE_ANGLE_UNIT ( ) SI_UNIT ( $, .RADIAN. ) );
#11363 = ORIENTED_EDGE ( 'NONE', *, *, #11963, .T. ) ;
#11364 = CARTESIAN_POINT ( 'NONE',  ( -0.06900039478049899144, 0.3010000000383806218, 0.1609108194622984322 ) ) ;
#11365 = DIRECTION ( 'NONE',  ( 0.9999748501857348426, 0.0000000000000000000, 0.007092178509963937595 ) ) ;
#11366 = EDGE_CURVE ( 'NONE', #3346, #9760, #6011, .T. ) ;
#11367 = SURFACE_STYLE_USAGE ( .BOTH. , #6609 ) ;
#11368 = ORIENTED_EDGE ( 'NONE', *, *, #7292, .T. ) ;
#11369 = CARTESIAN_POINT ( 'NONE',  ( -0.06927822973042647992, 0.3010000000383806218, 0.05494445472113325402 ) ) ;
#11370 = ORIENTED_EDGE ( 'NONE', *, *, #8198, .F. ) ;
#11371 = PRESENTATION_STYLE_ASSIGNMENT (( #7605 ) ) ;
#11372 = VERTEX_POINT ( 'NONE', #11188 ) ;
#11373 = VERTEX_POINT ( 'NONE', #6473 ) ;
#11374 = CARTESIAN_POINT ( 'NONE',  ( -0.2608823379689205746, 0.3000000000383806764, 0.1514084150000267748 ) ) ;
#11375 = CARTESIAN_POINT ( 'NONE',  ( -0.1998649125028333640, 0.3010000000383806218, 0.1993800998865170870 ) ) ;
#11376 = SURFACE_SIDE_STYLE ('',( #4692 ) ) ;
#11377 = DIRECTION ( 'NONE',  ( 0.0000000000000000000, 1.000000000000000000, 0.0000000000000000000 ) ) ;
#11378 = B_SPLINE_SURFACE_WITH_KNOTS ( 'NONE', 3, 1, ( 
 ( #6514, #5605 ),
 ( #8435, #8211 ),
 ( #12220, #1605 ),
 ( #11989, #3729 ) ),
 .UNSPECIFIED., .F., .F., .F.,
 ( 4, 4 ),
 ( 2, 2 ),
 ( 7.000000000000000000, 8.000000000000000000 ),
 ( 0.0000000000000000000, 1.000000000000000000 ),
 .UNSPECIFIED. ) ;
#11379 = FILL_AREA_STYLE_COLOUR ( '', #5786 ) ;
#11380 = VERTEX_POINT ( 'NONE', #5558 ) ;
#11381 = ADVANCED_FACE ( 'NONE', ( #9335 ), #10052, .F. ) ;
#11382 = UNCERTAINTY_MEASURE_WITH_UNIT (LENGTH_MEASURE( 1.000000000000000082E-05 ), #5270, 'distance_accuracy_value', 'NONE');
#11383 = PRESENTATION_STYLE_ASSIGNMENT (( #7619 ) ) ;
#11384 = CARTESIAN_POINT ( 'NONE',  ( 0.05054126773848501702, 0.3000000000000000444, 0.07613335299045410898 ) ) ;
#11385 = CARTESIAN_POINT ( 'NONE',  ( -0.1106294728516832582, 0.3010000000383806218, 0.08412905523827095278 ) ) ;
#11386 = FACE_OUTER_BOUND ( 'NONE', #10263, .T. ) ;
#11387 =( GEOMETRIC_REPRESENTATION_CONTEXT ( 3 ) GLOBAL_UNCERTAINTY_ASSIGNED_CONTEXT ( ( #7645 ) ) GLOBAL_UNIT_ASSIGNED_CONTEXT ( ( #2426, #9091, #1438 ) ) REPRESENTATION_CONTEXT ( 'NONE', 'WORKASPACE' ) );
#11388 = FILL_AREA_STYLE_COLOUR ( '', #14 ) ;
#11389 = LINE ( 'NONE', #4945, #7452 ) ;
#11390 = FILL_AREA_STYLE_COLOUR ( '', #8168 ) ;
#11391 = CARTESIAN_POINT ( 'NONE',  ( 0.07674063706369825544, 0.3000000000000000444, 0.1743595492369753863 ) ) ;
#11392 = SURFACE_STYLE_FILL_AREA ( #1070 ) ;
#11393 = VERTEX_POINT ( 'NONE', #6727 ) ;
#11394 = LINE ( 'NONE', #12211, #7635 ) ;
#11395 = EDGE_CURVE ( 'NONE', #7460, #738, #2755, .T. ) ;
#11396 =( GEOMETRIC_REPRESENTATION_CONTEXT ( 3 ) GLOBAL_UNCERTAINTY_ASSIGNED_CONTEXT ( ( #956 ) ) GLOBAL_UNIT_ASSIGNED_CONTEXT ( ( #89, #6707, #3113 ) ) REPRESENTATION_CONTEXT ( 'NONE', 'WORKASPACE' ) );
#11397 = CARTESIAN_POINT ( 'NONE',  ( -0.1879702705965884679, 0.3010000000383806218, 0.2001819119379253109 ) ) ;
#11398 = VERTEX_POINT ( 'NONE', #9693 ) ;
#11399 = UNCERTAINTY_MEASURE_WITH_UNIT (LENGTH_MEASURE( 1.000000000000000082E-05 ), #10260, 'distance_accuracy_value', 'NONE');
#11400 = FILL_AREA_STYLE_COLOUR ( '', #8931 ) ;
#11401 = SURFACE_SIDE_STYLE ('',( #8862 ) ) ;
#11402 = CARTESIAN_POINT ( 'NONE',  ( -0.07278400955674797779, 0.3000000000000000444, 0.07644312066001350547 ) ) ;
#11403 = ORIENTED_EDGE ( 'NONE', *, *, #6734, .F. ) ;
#11404 = SURFACE_STYLE_USAGE ( .BOTH. , #26 ) ;
#11405 = COLOUR_RGB ( '',1.000000000000000000, 1.000000000000000000, 1.000000000000000000 ) ;
#11406 = CARTESIAN_POINT ( 'NONE',  ( -0.09300460198725063465, 0.3010000000383806218, 0.2138007539817342872 ) ) ;
#11407 = ADVANCED_FACE ( 'NONE', ( #9752 ), #9268, .F. ) ;
#11408 = CARTESIAN_POINT ( 'NONE',  ( -0.05090353491118973506, 0.3000000000000000444, 0.1822507638114128914 ) ) ;
#11409 = CARTESIAN_POINT ( 'NONE',  ( 0.09015416326393556334, 0.3010000000383806773, 0.05689298402215262757 ) ) ;
#11410 = VECTOR ( 'NONE', #3966, 1000.000000000000114 ) ;
#11411 = ORIENTED_EDGE ( 'NONE', *, *, #9087, .F. ) ;
#11412 = CARTESIAN_POINT ( 'NONE',  ( -0.1878940549403086968, 0.3000000000383806209, 0.1652457078455596695 ) ) ;
#11413 =( LENGTH_UNIT ( ) NAMED_UNIT ( * ) SI_UNIT ( .MILLI., .METRE. ) );
#11414 = DIRECTION ( 'NONE',  ( 0.007092178509963392025, -0.0000000000000000000, -0.9999748501857348426 ) ) ;
#11415 = ORIENTED_EDGE ( 'NONE', *, *, #10135, .F. ) ;
#11416 = EDGE_CURVE ( 'NONE', #7255, #2009, #5855, .T. ) ;
#11417 = SURFACE_STYLE_FILL_AREA ( #9507 ) ;
#11418 = EDGE_CURVE ( 'NONE', #11563, #11766, #8804, .T. ) ;
#11419 = LINE ( 'NONE', #11184, #10176 ) ;
#11420 = STYLED_ITEM ( 'NONE', ( #3099 ), #2876 ) ;
#11421 = COLOUR_RGB ( '',1.000000000000000000, 1.000000000000000000, 1.000000000000000000 ) ;
#11422 = EDGE_CURVE ( 'NONE', #1138, #11933, #9988, .T. ) ;
#11423 = FILL_AREA_STYLE ('',( #7828 ) ) ;
#11424 = CARTESIAN_POINT ( 'NONE',  ( -0.04824933950742547190, 0.3010000000383806773, 0.1598726395160341429 ) ) ;
#11425 = VERTEX_POINT ( 'NONE', #4011 ) ;
#11426 = FILL_AREA_STYLE_COLOUR ( '', #9503 ) ;
#11427 = CARTESIAN_POINT ( 'NONE',  ( 0.2718794121080188586, 0.3000000000383806209, 0.06251991495498795959 ) ) ;
#11428 = ORIENTED_EDGE ( 'NONE', *, *, #9854, .T. ) ;
#11429 =( GEOMETRIC_REPRESENTATION_CONTEXT ( 3 ) GLOBAL_UNCERTAINTY_ASSIGNED_CONTEXT ( ( #1013 ) ) GLOBAL_UNIT_ASSIGNED_CONTEXT ( ( #5455, #6630, #2608 ) ) REPRESENTATION_CONTEXT ( 'NONE', 'WORKASPACE' ) );
#11430 = CARTESIAN_POINT ( 'NONE',  ( -0.1558462982421120469, 0.3010000000383806218, 0.06459315182292355018 ) ) ;
#11431 = VERTEX_POINT ( 'NONE', #9941 ) ;
#11432 = ADVANCED_FACE ( 'NONE', ( #3497 ), #10935, .F. ) ;
#11433 = ORIENTED_EDGE ( 'NONE', *, *, #7418, .F. ) ;
#11434 = SURFACE_STYLE_USAGE ( .BOTH. , #118 ) ;
#11435 = EDGE_CURVE ( 'NONE', #9092, #8029, #2458, .T. ) ;
#11436 = SURFACE_STYLE_FILL_AREA ( #10387 ) ;
#11437 = B_SPLINE_CURVE_WITH_KNOTS ( 'NONE', 3,
 ( #2417, #11757, #7841, #6050 ),
 .UNSPECIFIED., .F., .F.,
 ( 4, 4 ),
 ( 4.000000000000000000, 5.000000000000000000 ),
 .UNSPECIFIED. ) ;
#11438 = CARTESIAN_POINT ( 'NONE',  ( -0.2146870555787802615, 0.3010000000383806773, 0.1517360484289757561 ) ) ;
#11439 = STYLED_ITEM ( 'NONE', ( #11704 ), #7672 ) ;
#11440 = VERTEX_POINT ( 'NONE', #3438 ) ;
#11441 = CARTESIAN_POINT ( 'NONE',  ( -0.1414508950651480190, 0.3010000000383806773, 0.1592116208221150964 ) ) ;
#11442 = SURFACE_STYLE_FILL_AREA ( #253 ) ;
#11443 = LINE ( 'NONE', #3960, #2801 ) ;
#11444 = CARTESIAN_POINT ( 'NONE',  ( -0.1278432262494003657, 0.3010000000383806218, 0.07461771903355486624 ) ) ;
#11445 = VECTOR ( 'NONE', #65, 1000.000000000000000 ) ;
#11446 = CARTESIAN_POINT ( 'NONE',  ( -0.05922756360300536482, 0.3010000000383806218, 0.05844702505212615723 ) ) ;
#11447 = CARTESIAN_POINT ( 'NONE',  ( -0.1194479430906966455, 0.3000000000383806209, 0.06082733760946434226 ) ) ;
#11448 =( GEOMETRIC_REPRESENTATION_CONTEXT ( 3 ) GLOBAL_UNCERTAINTY_ASSIGNED_CONTEXT ( ( #8537 ) ) GLOBAL_UNIT_ASSIGNED_CONTEXT ( ( #106, #5986, #10491 ) ) REPRESENTATION_CONTEXT ( 'NONE', 'WORKASPACE' ) );
#11449 = DIRECTION ( 'NONE',  ( -0.007092178509964942000, 0.0000000000000000000, 0.9999748501857348426 ) ) ;
#11450 = ORIENTED_EDGE ( 'NONE', *, *, #12199, .T. ) ;
#11451 = DIRECTION ( 'NONE',  ( -0.9999748501857348426, -0.0000000000000000000, -0.007092178509963555089 ) ) ;
#11452 = FILL_AREA_STYLE ('',( #1899 ) ) ;
#11453 = EDGE_LOOP ( 'NONE', ( #6507, #3112, #7430, #2134 ) ) ;
#11454 = CIRCLE ( 'NONE', #185, 0.05000000000000002359 ) ;
#11455 = DIRECTION ( 'NONE',  ( 0.0000000000000000000, -0.0000000000000000000, -1.000000000000000000 ) ) ;
#11456 =( NAMED_UNIT ( * ) SI_UNIT ( $, .STERADIAN. ) SOLID_ANGLE_UNIT ( ) );
#11457 = COLOUR_RGB ( '',0.1019607843137254888, 0.1019607843137254888, 0.1019607843137254888 ) ;
#11458 =( LENGTH_UNIT ( ) NAMED_UNIT ( * ) SI_UNIT ( .MILLI., .METRE. ) );
#11459 = CARTESIAN_POINT ( 'NONE',  ( -0.02326434861474183796, 0.3010000000383806773, 0.06325634321975937002 ) ) ;
#11460 = ORIENTED_EDGE ( 'NONE', *, *, #9024, .F. ) ;
#11461 = SURFACE_STYLE_FILL_AREA ( #1140 ) ;
#11462 = VECTOR ( 'NONE', #7217, 1000.000000000000000 ) ;
#11463 = ORIENTED_EDGE ( 'NONE', *, *, #6016, .T. ) ;
#11464 = MECHANICAL_DESIGN_GEOMETRIC_PRESENTATION_REPRESENTATION (  '', ( #8896 ), #8098 ) ;
#11465 = LINE ( 'NONE', #6595, #11790 ) ;
#11466 =( NAMED_UNIT ( * ) PLANE_ANGLE_UNIT ( ) SI_UNIT ( $, .RADIAN. ) );
#11467 = UNCERTAINTY_MEASURE_WITH_UNIT (LENGTH_MEASURE( 1.000000000000000082E-05 ), #1172, 'distance_accuracy_value', 'NONE');
#11468 = CARTESIAN_POINT ( 'NONE',  ( -0.3137952773955881014, 0.3010000000383806773, 0.1152541678150744431 ) ) ;
#11469 =( NAMED_UNIT ( * ) SI_UNIT ( $, .STERADIAN. ) SOLID_ANGLE_UNIT ( ) );
#11470 = CARTESIAN_POINT ( 'NONE',  ( -0.2290779330532058400, 0.3010000000383806773, 0.1158550134551969424 ) ) ;
#11471 = EDGE_LOOP ( 'NONE', ( #4455, #2740, #9085, #10557 ) ) ;
#11472 = VECTOR ( 'NONE', #3928, 1000.000000000000000 ) ;
#11473 = MECHANICAL_DESIGN_GEOMETRIC_PRESENTATION_REPRESENTATION (  '', ( #10885 ), #2011 ) ;
#11474 = FACE_OUTER_BOUND ( 'NONE', #5582, .T. ) ;
#11475 = PLANE ( 'NONE',  #7313 ) ;
#11476 = CARTESIAN_POINT ( 'NONE',  ( -0.1996288660013571248, 0.3000000000383806209, 0.1660982860377836767 ) ) ;
#11477 = VECTOR ( 'NONE', #10549, 1000.000000000000000 ) ;
#11478 = LINE ( 'NONE', #4798, #8512 ) ;
#11479 = ORIENTED_EDGE ( 'NONE', *, *, #8545, .T. ) ;
#11480 = EDGE_CURVE ( 'NONE', #1306, #10637, #7228, .T. ) ;
#11481 = MECHANICAL_DESIGN_GEOMETRIC_PRESENTATION_REPRESENTATION (  '', ( #10687 ), #4957 ) ;
#11482 = PLANE ( 'NONE',  #3770 ) ;
#11483 = PRESENTATION_LAYER_ASSIGNMENT (  '', '', ( #6947 ) ) ;
#11484 = VECTOR ( 'NONE', #1352, 1000.000000000000000 ) ;
#11485 = DIRECTION ( 'NONE',  ( 1.000000000000000000, 0.0000000000000000000, 0.0000000000000000000 ) ) ;
#11486 = STYLED_ITEM ( 'NONE', ( #4428 ), #997 ) ;
#11487 = UNCERTAINTY_MEASURE_WITH_UNIT (LENGTH_MEASURE( 1.000000000000000082E-05 ), #533, 'distance_accuracy_value', 'NONE');
#11488 = MECHANICAL_DESIGN_GEOMETRIC_PRESENTATION_REPRESENTATION (  '', ( #12087 ), #6156 ) ;
#11489 = ORIENTED_EDGE ( 'NONE', *, *, #852, .T. ) ;
#11490 = STYLED_ITEM ( 'NONE', ( #7792 ), #4423 ) ;
#11491 = CARTESIAN_POINT ( 'NONE',  ( -0.06001256712046579289, 0.3010000000383806773, 0.09655994141222509763 ) ) ;
#11492 = PRESENTATION_LAYER_ASSIGNMENT (  '', '', ( #2794 ) ) ;
#11493 =( NAMED_UNIT ( * ) PLANE_ANGLE_UNIT ( ) SI_UNIT ( $, .RADIAN. ) );
#11494 = ORIENTED_EDGE ( 'NONE', *, *, #6025, .T. ) ;
#11495 = EDGE_CURVE ( 'NONE', #4869, #9456, #2509, .T. ) ;
#11496 = ADVANCED_FACE ( 'NONE', ( #412 ), #3265, .F. ) ;
#11497 = SURFACE_STYLE_FILL_AREA ( #5678 ) ;
#11498 = PRESENTATION_LAYER_ASSIGNMENT (  '', '', ( #2227 ) ) ;
#11499 = VECTOR ( 'NONE', #1662, 1000.000000000000114 ) ;
#11500 = PLANE ( 'NONE',  #7529 ) ;
#11501 = EDGE_LOOP ( 'NONE', ( #10018, #6375, #4778, #6048 ) ) ;
#11502 = COLOUR_RGB ( '',1.000000000000000000, 1.000000000000000000, 1.000000000000000000 ) ;
#11503 = ORIENTED_EDGE ( 'NONE', *, *, #10020, .F. ) ;
#11504 = COLOUR_RGB ( '',1.000000000000000000, 1.000000000000000000, 1.000000000000000000 ) ;
#11505 = MECHANICAL_DESIGN_GEOMETRIC_PRESENTATION_REPRESENTATION (  '', ( #1236 ), #3996 ) ;
#11506 = CARTESIAN_POINT ( 'NONE',  ( -0.1125910249069113911, 0.3010000000383806218, 0.07481947365459803989 ) ) ;
#11507 = FILL_AREA_STYLE ('',( #5807 ) ) ;
#11508 =( NAMED_UNIT ( * ) SI_UNIT ( $, .STERADIAN. ) SOLID_ANGLE_UNIT ( ) );
#11509 = EDGE_LOOP ( 'NONE', ( #4489, #5486, #9975, #421 ) ) ;
#11510 = EDGE_CURVE ( 'NONE', #4403, #6582, #6603, .T. ) ;
#11511 = VECTOR ( 'NONE', #6233, 1000.000000000000000 ) ;
#11512 =( NAMED_UNIT ( * ) PLANE_ANGLE_UNIT ( ) SI_UNIT ( $, .RADIAN. ) );
#11513 = CARTESIAN_POINT ( 'NONE',  ( 0.09015416326393556334, 0.3000000000000000444, 0.05689298402215262757 ) ) ;
#11514 = PLANE ( 'NONE',  #10469 ) ;
#11515 = PRESENTATION_STYLE_ASSIGNMENT (( #2248 ) ) ;
#11516 = PLANE ( 'NONE',  #9999 ) ;
#11517 = FACE_OUTER_BOUND ( 'NONE', #9900, .T. ) ;
#11518 = DIRECTION ( 'NONE',  ( 0.9999748501857348426, 0.0000000000000000000, 0.007092178509963688662 ) ) ;
#11519 = SURFACE_SIDE_STYLE ('',( #2007 ) ) ;
#11520 = COLOUR_RGB ( '',1.000000000000000000, 1.000000000000000000, 1.000000000000000000 ) ;
#11521 = PLANE ( 'NONE',  #488 ) ;
#11522 = CARTESIAN_POINT ( 'NONE',  ( -0.3854161690472781565, 0.2375113646789956401, 0.2999999999999999889 ) ) ;
#11523 = ORIENTED_EDGE ( 'NONE', *, *, #9983, .F. ) ;
#11524 = PRESENTATION_STYLE_ASSIGNMENT (( #4037 ) ) ;
#11525 = CARTESIAN_POINT ( 'NONE',  ( 0.2901568176952524225, 0.3000000000000000444, 0.1767407862493474702 ) ) ;
#11526 = FILL_AREA_STYLE ('',( #7503 ) ) ;
#11527 = ORIENTED_EDGE ( 'NONE', *, *, #10938, .T. ) ;
#11528 = EDGE_CURVE ( 'NONE', #6401, #9092, #833, .T. ) ;
#11529 = UNCERTAINTY_MEASURE_WITH_UNIT (LENGTH_MEASURE( 1.000000000000000082E-05 ), #2540, 'distance_accuracy_value', 'NONE');
#11530 = FACE_OUTER_BOUND ( 'NONE', #9201, .T. ) ;
#11531 = LINE ( 'NONE', #1190, #5552 ) ;
#11532 = EDGE_CURVE ( 'NONE', #10757, #9075, #8014, .T. ) ;
#11533 = MECHANICAL_DESIGN_GEOMETRIC_PRESENTATION_REPRESENTATION (  '', ( #2834 ), #9358 ) ;
#11534 =( NAMED_UNIT ( * ) SI_UNIT ( $, .STERADIAN. ) SOLID_ANGLE_UNIT ( ) );
#11535 = CARTESIAN_POINT ( 'NONE',  ( -0.2785402912896446925, 0.3010000000383806218, 0.08577678229140707489 ) ) ;
#11536 = CARTESIAN_POINT ( 'NONE',  ( -0.08293842717228784578, 0.3000000000383806209, 0.06997642989600150187 ) ) ;
#11537 = ORIENTED_EDGE ( 'NONE', *, *, #1378, .F. ) ;
#11538 = CARTESIAN_POINT ( 'NONE',  ( -0.02433419011534256396, 0.3010000000383806773, 0.2141006279177168348 ) ) ;
#11539 =( NAMED_UNIT ( * ) SI_UNIT ( $, .STERADIAN. ) SOLID_ANGLE_UNIT ( ) );
#11540 = EDGE_LOOP ( 'NONE', ( #11882, #9273, #10793 ) ) ;
#11541 =( NAMED_UNIT ( * ) SI_UNIT ( $, .STERADIAN. ) SOLID_ANGLE_UNIT ( ) );
#11542 = VECTOR ( 'NONE', #7680, 1000.000000000000000 ) ;
#11543 = FACE_OUTER_BOUND ( 'NONE', #8410, .T. ) ;
#11544 = LINE ( 'NONE', #10606, #5727 ) ;
#11545 = CARTESIAN_POINT ( 'NONE',  ( -0.06503813254809825972, 0.3010000000383806218, 0.1652124337543380006 ) ) ;
#11546 = CARTESIAN_POINT ( 'NONE',  ( -0.01577176247628619271, 0.3010000000383806773, 0.1173678569419379508 ) ) ;
#11547 = EDGE_LOOP ( 'NONE', ( #4610, #10953, #6706, #5326 ) ) ;
#11548 = FILL_AREA_STYLE ('',( #3009 ) ) ;
#11549 =( NAMED_UNIT ( * ) SI_UNIT ( $, .STERADIAN. ) SOLID_ANGLE_UNIT ( ) );
#11550 = DIRECTION ( 'NONE',  ( 1.000000000000000000, 3.614007241618348278E-16, -0.0000000000000000000 ) ) ;
#11551 = STYLED_ITEM ( 'NONE', ( #3391 ), #5752 ) ;
#11552 = VERTEX_POINT ( 'NONE', #9197 ) ;
#11553 = UNCERTAINTY_MEASURE_WITH_UNIT (LENGTH_MEASURE( 1.000000000000000082E-05 ), #1473, 'distance_accuracy_value', 'NONE');
#11554 = SURFACE_STYLE_FILL_AREA ( #10559 ) ;
#11555 =( NAMED_UNIT ( * ) SI_UNIT ( $, .STERADIAN. ) SOLID_ANGLE_UNIT ( ) );
#11556 = CARTESIAN_POINT ( 'NONE',  ( -0.1793621688085147992, 0.3010000000383806218, 0.1519865851327462658 ) ) ;
#11557 =( NAMED_UNIT ( * ) SI_UNIT ( $, .STERADIAN. ) SOLID_ANGLE_UNIT ( ) );
#11558 = CARTESIAN_POINT ( 'NONE',  ( 0.1844086016753657964, 0.3010000000383806773, 0.1013759932615268117 ) ) ;
#11559 = EDGE_CURVE ( 'NONE', #10550, #5379, #3558, .T. ) ;
#11560 = CARTESIAN_POINT ( 'NONE',  ( -0.06920899134719891987, 0.3010000000383806218, 0.07596937961273876605 ) ) ;
#11561 = CARTESIAN_POINT ( 'NONE',  ( -0.2963877271910252409, 0.3000000000000000444, 0.07105163361020423729 ) ) ;
#11562 = VERTEX_POINT ( 'NONE', #721 ) ;
#11563 = VERTEX_POINT ( 'NONE', #5540 ) ;
#11564 = FILL_AREA_STYLE ('',( #4925 ) ) ;
#11565 = ORIENTED_EDGE ( 'NONE', *, *, #11356, .T. ) ;
#11566 = VECTOR ( 'NONE', #1442, 1000.000000000000000 ) ;
#11567 = DIRECTION ( 'NONE',  ( -0.0000000000000000000, -1.000000000000000000, -0.0000000000000000000 ) ) ;
#11568 =( LENGTH_UNIT ( ) NAMED_UNIT ( * ) SI_UNIT ( .MILLI., .METRE. ) );
#11569 =( LENGTH_UNIT ( ) NAMED_UNIT ( * ) SI_UNIT ( .MILLI., .METRE. ) );
#11570 = CARTESIAN_POINT ( 'NONE',  ( -0.2161644645117964669, 0.3010000000383806773, 0.1159466003826696290 ) ) ;
#11571 = ORIENTED_EDGE ( 'NONE', *, *, #9021, .F. ) ;
#11572 = DIRECTION ( 'NONE',  ( 0.0000000000000000000, 0.0000000000000000000, 1.000000000000000000 ) ) ;
#11573 = CARTESIAN_POINT ( 'NONE',  ( 0.2835608266892032936, 0.3010000000383806218, 0.1281076399072667571 ) ) ;
#11574 = PRESENTATION_STYLE_ASSIGNMENT (( #9893 ) ) ;
#11575 = PRESENTATION_STYLE_ASSIGNMENT (( #2180 ) ) ;
#11576 = CARTESIAN_POINT ( 'NONE',  ( -0.1225117240992817658, 0.3000000000383806209, 0.06838563402743316755 ) ) ;
#11577 = SURFACE_STYLE_USAGE ( .BOTH. , #2305 ) ;
#11578 = EDGE_CURVE ( 'NONE', #7387, #5388, #108, .T. ) ;
#11579 = EDGE_CURVE ( 'NONE', #9325, #9394, #4526, .T. ) ;
#11580 = FILL_AREA_STYLE_COLOUR ( '', #6223 ) ;
#11581 = FILL_AREA_STYLE_COLOUR ( '', #8657 ) ;
#11582 = EDGE_LOOP ( 'NONE', ( #6388, #6725, #4850, #3887, #9670, #4124, #5999, #3260, #11523, #2422, #728, #1389, #3644, #3057, #10541, #5310, #5185, #11312, #4215, #1702, #8535 ) ) ;
#11583 =( NAMED_UNIT ( * ) SI_UNIT ( $, .STERADIAN. ) SOLID_ANGLE_UNIT ( ) );
#11584 = CARTESIAN_POINT ( 'NONE',  ( 0.1585076185311927455, 0.3000000000000000444, 0.2057397728603544695 ) ) ;
#11585 = ADVANCED_FACE ( 'NONE', ( #4608 ), #1567, .F. ) ;
#11586 = EDGE_LOOP ( 'NONE', ( #2076, #5494, #4687, #6794, #1931, #3271, #12006, #6215, #9270, #7171, #5140, #6527, #795, #6614, #1554, #905, #8295, #310, #7414, #2593, #11118 ) ) ;
#11587 = DIRECTION ( 'NONE',  ( -0.007092178509962860332, 0.0000000000000000000, 0.9999748501857348426 ) ) ;
#11588 = CARTESIAN_POINT ( 'NONE',  ( -0.1218793731190529334, 0.3000000000383806209, 0.1001763178050260605 ) ) ;
#11589 = COLOUR_RGB ( '',1.000000000000000000, 1.000000000000000000, 1.000000000000000000 ) ;
#11590 = SURFACE_STYLE_FILL_AREA ( #2079 ) ;
#11591 = CARTESIAN_POINT ( 'NONE',  ( -0.2702572791969076738, 0.3010000000383806218, 0.08561717371546391508 ) ) ;
#11592 = CARTESIAN_POINT ( 'NONE',  ( -0.05090353491118973506, 0.3000000000000000444, 0.1822507638114128914 ) ) ;
#11593 = ORIENTED_EDGE ( 'NONE', *, *, #12113, .T. ) ;
#11594 = B_SPLINE_CURVE_WITH_KNOTS ( 'NONE', 3,
 ( #6074, #7858, #7992, #11652 ),
 .UNSPECIFIED., .F., .F.,
 ( 4, 4 ),
 ( 4.000000000000000000, 5.000000000000000000 ),
 .UNSPECIFIED. ) ;
#11595 = CARTESIAN_POINT ( 'NONE',  ( -0.05912095429850876271, 0.3010000000383806218, 0.1753611016225989638 ) ) ;
#11596 = EDGE_CURVE ( 'NONE', #7663, #6892, #5663, .T. ) ;
#11597 = ORIENTED_EDGE ( 'NONE', *, *, #10358, .F. ) ;
#11598 = VECTOR ( 'NONE', #9046, 1000.000000000000000 ) ;
#11599 = LINE ( 'NONE', #10790, #8856 ) ;
#11600 = UNCERTAINTY_MEASURE_WITH_UNIT (LENGTH_MEASURE( 1.000000000000000082E-05 ), #4214, 'distance_accuracy_value', 'NONE');
#11601 = B_SPLINE_CURVE_WITH_KNOTS ( 'NONE', 3,
 ( #6104, #357, #2349, #4198 ),
 .UNSPECIFIED., .F., .F.,
 ( 4, 4 ),
 ( 18.00000000000000000, 19.00000000000000000 ),
 .UNSPECIFIED. ) ;
#11602 = CARTESIAN_POINT ( 'NONE',  ( 0.2729500142091998427, 0.3010000000383806218, 0.09506304592161925193 ) ) ;
#11603 = CARTESIAN_POINT ( 'NONE',  ( 0.07496245016367407421, 0.3010000000383806773, 0.05808665684566197834 ) ) ;
#11604 = ORIENTED_EDGE ( 'NONE', *, *, #12183, .F. ) ;
#11605 = PRESENTATION_STYLE_ASSIGNMENT (( #11734 ) ) ;
#11606 = VECTOR ( 'NONE', #6694, 1000.000000000000114 ) ;
#11607 = COLOUR_RGB ( '',1.000000000000000000, 1.000000000000000000, 1.000000000000000000 ) ;
#11608 = CARTESIAN_POINT ( 'NONE',  ( -0.2171691244267939802, 0.3010000000383806773, 0.06188110134868816253 ) ) ;
#11609 = B_SPLINE_CURVE_WITH_KNOTS ( 'NONE', 3,
 ( #12207, #10585, #7678, #3898 ),
 .UNSPECIFIED., .F., .F.,
 ( 4, 4 ),
 ( 15.00000000000000000, 16.00000000000000000 ),
 .UNSPECIFIED. ) ;
#11610 = VERTEX_POINT ( 'NONE', #5478 ) ;
#11611 = CARTESIAN_POINT ( 'NONE',  ( -0.08066651669031489613, 0.3010000000383806218, 0.1586757261441945344 ) ) ;
#11612 = B_SPLINE_CURVE_WITH_KNOTS ( 'NONE', 3,
 ( #6645, #2738, #1838, #9426 ),
 .UNSPECIFIED., .F., .F.,
 ( 4, 4 ),
 ( 0.0000000000000000000, 1.000000000000000000 ),
 .UNSPECIFIED. ) ;
#11613 = EDGE_CURVE ( 'NONE', #2264, #7682, #9434, .T. ) ;
#11614 = FILL_AREA_STYLE_COLOUR ( '', #11824 ) ;
#11615 = STYLED_ITEM ( 'NONE', ( #11628 ), #2709 ) ;
#11616 = CARTESIAN_POINT ( 'NONE',  ( -0.2460753435467916139, 0.3010000000383806773, 0.1682019657593467887 ) ) ;
#11617 = DIRECTION ( 'NONE',  ( 0.9999748501857348426, -0.0000000000000000000, 0.007092178509962842985 ) ) ;
#11618 = CARTESIAN_POINT ( 'NONE',  ( -0.1010896021725460614, 0.3010000000383806218, 0.08488297288938255469 ) ) ;
#11619 = SURFACE_STYLE_FILL_AREA ( #8885 ) ;
#11620 = ORIENTED_EDGE ( 'NONE', *, *, #10221, .T. ) ;
#11621 =( LENGTH_UNIT ( ) NAMED_UNIT ( * ) SI_UNIT ( .MILLI., .METRE. ) );
#11622 = DIRECTION ( 'NONE',  ( -0.0000000000000000000, -1.000000000000000000, -0.0000000000000000000 ) ) ;
#11623 =( NAMED_UNIT ( * ) SI_UNIT ( $, .STERADIAN. ) SOLID_ANGLE_UNIT ( ) );
#11624 = ORIENTED_EDGE ( 'NONE', *, *, #5147, .F. ) ;
#11625 = MECHANICAL_DESIGN_GEOMETRIC_PRESENTATION_REPRESENTATION (  '', ( #11832 ), #9649 ) ;
#11626 = VERTEX_POINT ( 'NONE', #9256 ) ;
#11627 =( GEOMETRIC_REPRESENTATION_CONTEXT ( 3 ) GLOBAL_UNCERTAINTY_ASSIGNED_CONTEXT ( ( #6823 ) ) GLOBAL_UNIT_ASSIGNED_CONTEXT ( ( #7815, #11466, #4899 ) ) REPRESENTATION_CONTEXT ( 'NONE', 'WORKASPACE' ) );
#11628 = PRESENTATION_STYLE_ASSIGNMENT (( #7837 ) ) ;
#11629 =( NAMED_UNIT ( * ) SI_UNIT ( $, .STERADIAN. ) SOLID_ANGLE_UNIT ( ) );
#11630 = FILL_AREA_STYLE_COLOUR ( '', #4370 ) ;
#11631 = DIRECTION ( 'NONE',  ( -0.9999748501857348426, 0.0000000000000000000, -0.007092178509962503846 ) ) ;
#11632 = DIRECTION ( 'NONE',  ( -0.0000000000000000000, -1.000000000000000000, -0.0000000000000000000 ) ) ;
#11633 = DIRECTION ( 'NONE',  ( -0.0000000000000000000, 0.0000000000000000000, 1.000000000000000000 ) ) ;
#11634 = DIRECTION ( 'NONE',  ( -0.3625544875035016101, 0.0000000000000000000, 0.9319625762824778059 ) ) ;
#11635 = ORIENTED_EDGE ( 'NONE', *, *, #12069, .T. ) ;
#11636 = B_SPLINE_CURVE_WITH_KNOTS ( 'NONE', 3,
 ( #9411, #5993, #4826, #11385 ),
 .UNSPECIFIED., .F., .F.,
 ( 4, 4 ),
 ( 14.00000000000000000, 15.00000000000000000 ),
 .UNSPECIFIED. ) ;
#11637 = VECTOR ( 'NONE', #11632, 1000.000000000000000 ) ;
#11638 = CARTESIAN_POINT ( 'NONE',  ( -0.2785402912896446925, 0.3000000000000000444, 0.08577678229140707489 ) ) ;
#11639 =( NAMED_UNIT ( * ) SI_UNIT ( $, .STERADIAN. ) SOLID_ANGLE_UNIT ( ) );
#11640 = SURFACE_STYLE_FILL_AREA ( #2065 ) ;
#11641 = EDGE_CURVE ( 'NONE', #4580, #2041, #1141, .T. ) ;
#11642 = CARTESIAN_POINT ( 'NONE',  ( -0.08288621819914061828, 0.3010000000383806773, 0.06261512898855499387 ) ) ;
#11643 = B_SPLINE_SURFACE_WITH_KNOTS ( 'NONE', 3, 1, ( 
 ( #6408, #1726 ),
 ( #10248, #4732 ),
 ( #11182, #9442 ),
 ( #2761, #11054 ) ),
 .UNSPECIFIED., .F., .F., .F.,
 ( 4, 4 ),
 ( 2, 2 ),
 ( 5.000000000000000000, 6.000000000000000000 ),
 ( 0.0000000000000000000, 1.000000000000000000 ),
 .UNSPECIFIED. ) ;
#11644 = DIRECTION ( 'NONE',  ( -0.0000000000000000000, -1.000000000000000000, 0.0000000000000000000 ) ) ;
#11645 = MECHANICAL_DESIGN_GEOMETRIC_PRESENTATION_REPRESENTATION (  '', ( #4515 ), #11429 ) ;
#11646 = CARTESIAN_POINT ( 'NONE',  ( -0.1284783512381004744, 0.3010000000383806773, 0.09819551713281136907 ) ) ;
#11647 = ORIENTED_EDGE ( 'NONE', *, *, #11416, .F. ) ;
#11648 = DIRECTION ( 'NONE',  ( -0.0000000000000000000, -1.000000000000000000, -0.0000000000000000000 ) ) ;
#11649 = CARTESIAN_POINT ( 'NONE',  ( 0.09992199848931948569, 0.3000000000000000444, 0.2087947179843276935 ) ) ;
#11650 = EDGE_LOOP ( 'NONE', ( #1521, #4589, #11945, #8659 ) ) ;
#11651 = UNCERTAINTY_MEASURE_WITH_UNIT (LENGTH_MEASURE( 1.000000000000000082E-05 ), #1366, 'distance_accuracy_value', 'NONE');
#11652 = CARTESIAN_POINT ( 'NONE',  ( -0.1879702705965884679, 0.3010000000383806218, 0.2001819119379253109 ) ) ;
#11653 =( NAMED_UNIT ( * ) PLANE_ANGLE_UNIT ( ) SI_UNIT ( $, .RADIAN. ) );
#11654 = ADVANCED_FACE ( 'NONE', ( #779 ), #9371, .F. ) ;
#11655 = EDGE_CURVE ( 'NONE', #5518, #11265, #7727, .T. ) ;
#11656 = MECHANICAL_DESIGN_GEOMETRIC_PRESENTATION_REPRESENTATION (  '', ( #11439 ), #4724 ) ;
#11657 =( NAMED_UNIT ( * ) SI_UNIT ( $, .STERADIAN. ) SOLID_ANGLE_UNIT ( ) );
#11658 = DIRECTION ( 'NONE',  ( -0.0000000000000000000, -1.000000000000000000, -0.0000000000000000000 ) ) ;
#11659 = ORIENTED_EDGE ( 'NONE', *, *, #5562, .F. ) ;
#11660 = FILL_AREA_STYLE ('',( #2083 ) ) ;
#11661 = CARTESIAN_POINT ( 'NONE',  ( -0.2702572791969076738, 0.3010000000383806218, 0.08561717371546391508 ) ) ;
#11662 = LINE ( 'NONE', #1272, #5672 ) ;
#11663 = SURFACE_STYLE_FILL_AREA ( #6959 ) ;
#11664 =( GEOMETRIC_REPRESENTATION_CONTEXT ( 3 ) GLOBAL_UNCERTAINTY_ASSIGNED_CONTEXT ( ( #11266 ) ) GLOBAL_UNIT_ASSIGNED_CONTEXT ( ( #1406, #7519, #12164 ) ) REPRESENTATION_CONTEXT ( 'NONE', 'WORKASPACE' ) );
#11665 = UNCERTAINTY_MEASURE_WITH_UNIT (LENGTH_MEASURE( 1.000000000000000082E-05 ), #6095, 'distance_accuracy_value', 'NONE');
#11666 = SURFACE_SIDE_STYLE ('',( #7874 ) ) ;
#11667 =( NAMED_UNIT ( * ) SI_UNIT ( $, .STERADIAN. ) SOLID_ANGLE_UNIT ( ) );
#11668 = EDGE_CURVE ( 'NONE', #1887, #3858, #6890, .T. ) ;
#11669 = CARTESIAN_POINT ( 'NONE',  ( -0.1089894625464456063, 0.3000000000000000444, 0.08819584463670156194 ) ) ;
#11670 = CARTESIAN_POINT ( 'NONE',  ( -0.3278980124440741828, 0.3010000000383806773, 0.05413961715163378291 ) ) ;
#11671 = PRESENTATION_LAYER_ASSIGNMENT (  '', '', ( #5338 ) ) ;
#11672 = ORIENTED_EDGE ( 'NONE', *, *, #4788, .F. ) ;
#11673 = STYLED_ITEM ( 'NONE', ( #3870 ), #716 ) ;
#11674 = DIRECTION ( 'NONE',  ( 0.0000000000000000000, 0.0000000000000000000, 1.000000000000000000 ) ) ;
#11675 = VECTOR ( 'NONE', #11029, 999.9999999999998863 ) ;
#11676 = FACE_OUTER_BOUND ( 'NONE', #4743, .T. ) ;
#11677 = CARTESIAN_POINT ( 'NONE',  ( -0.1872894603197214902, 0.3010000000383806218, 0.1547689724544101253 ) ) ;
#11678 = FILL_AREA_STYLE ('',( #473 ) ) ;
#11679 =( GEOMETRIC_REPRESENTATION_CONTEXT ( 3 ) GLOBAL_UNCERTAINTY_ASSIGNED_CONTEXT ( ( #2868 ) ) GLOBAL_UNIT_ASSIGNED_CONTEXT ( ( #10066, #5011, #6865 ) ) REPRESENTATION_CONTEXT ( 'NONE', 'WORKASPACE' ) );
#11680 =( LENGTH_UNIT ( ) NAMED_UNIT ( * ) SI_UNIT ( .MILLI., .METRE. ) );
#11681 =( NAMED_UNIT ( * ) PLANE_ANGLE_UNIT ( ) SI_UNIT ( $, .RADIAN. ) );
#11682 = SURFACE_STYLE_USAGE ( .BOTH. , #8957 ) ;
#11683 = ORIENTED_EDGE ( 'NONE', *, *, #7736, .F. ) ;
#11684 = EDGE_CURVE ( 'NONE', #11393, #1627, #7819, .T. ) ;
#11685 = AXIS2_PLACEMENT_3D ( 'NONE', #3751, #9392, #2647 ) ;
#11686 = AXIS2_PLACEMENT_3D ( 'NONE', #4675, #2836, #10373 ) ;
#11687 = DIRECTION ( 'NONE',  ( -0.007092178509962488234, 0.0000000000000000000, 0.9999748501857348426 ) ) ;
#11688 = LINE ( 'NONE', #6631, #10289 ) ;
#11689 = FILL_AREA_STYLE ('',( #8830 ) ) ;
#11690 = ORIENTED_EDGE ( 'NONE', *, *, #11668, .T. ) ;
#11692 = LINE ( 'NONE', #4194, #9023 ) ;
#11691 = PRESENTATION_LAYER_ASSIGNMENT (  '', '', ( #7722 ) ) ;
#11693 = ORIENTED_EDGE ( 'NONE', *, *, #6677, .F. ) ;
#11694 = PRESENTATION_LAYER_ASSIGNMENT (  '', '', ( #1816 ) ) ;
#11695 = DIRECTION ( 'NONE',  ( -0.0000000000000000000, -1.000000000000000000, -0.0000000000000000000 ) ) ;
#11696 = VECTOR ( 'NONE', #6321, 1000.000000000000000 ) ;
#11697 = AXIS2_PLACEMENT_3D ( 'NONE', #1767, #888, #6390 ) ;
#11698 = CARTESIAN_POINT ( 'NONE',  ( -0.3094510777426409120, 0.3010000000383806218, 0.1074865979289164747 ) ) ;
#11699 = CARTESIAN_POINT ( 'NONE',  ( -0.1879702705965884679, 0.3000000000383806209, 0.2001819119379253109 ) ) ;
#11700 = CARTESIAN_POINT ( 'NONE',  ( 0.1220635311277044333, 0.3000000000383806209, 0.08401532121141504217 ) ) ;
#11701 = CARTESIAN_POINT ( 'NONE',  ( -0.05083871614368025427, 0.3000000000000000444, 0.1731115215830306420 ) ) ;
#11702 = ORIENTED_EDGE ( 'NONE', *, *, #4028, .F. ) ;
#11703 = VECTOR ( 'NONE', #7372, 1000.000000000000000 ) ;
#11704 = PRESENTATION_STYLE_ASSIGNMENT (( #2473 ) ) ;
#11705 = VECTOR ( 'NONE', #7269, 1000.000000000000000 ) ;
#11706 = MECHANICAL_DESIGN_GEOMETRIC_PRESENTATION_REPRESENTATION (  '', ( #2803 ), #11105 ) ;
#11707 = COLOUR_RGB ( '',1.000000000000000000, 1.000000000000000000, 1.000000000000000000 ) ;
#11708 = CARTESIAN_POINT ( 'NONE',  ( -0.1404462351503606155, 0.3010000000383806773, 0.2132771198560967363 ) ) ;
#11709 = CARTESIAN_POINT ( 'NONE',  ( -0.04815298198153811216, 0.3010000000383806773, 0.05612366874347839152 ) ) ;
#11710 = CARTESIAN_POINT ( 'NONE',  ( -0.1385268197412866664, 0.3000000000383806764, 0.1867450458123980361 ) ) ;
#11711 = CARTESIAN_POINT ( 'NONE',  ( -0.4500000000000001776, 0.2500000000000000000, 0.2499999999999999445 ) ) ;
#11712 = COLOUR_RGB ( '',0.7686274509803920907, 0.7686274509803920907, 0.7686274509803920907 ) ;
#11713 = FILL_AREA_STYLE ('',( #7915 ) ) ;
#11714 = ORIENTED_EDGE ( 'NONE', *, *, #2906, .T. ) ;
#11715 = CARTESIAN_POINT ( 'NONE',  ( -0.05995991569839124319, 0.3010000000383806773, 0.08913625659843756044 ) ) ;
#11716 = CARTESIAN_POINT ( 'NONE',  ( 0.1778433525305151697, 0.3000000000383806209, 0.2319053324667978422 ) ) ;
#11717 = B_SPLINE_CURVE_WITH_KNOTS ( 'NONE', 3,
 ( #7102, #8148, #4379, #5180 ),
 .UNSPECIFIED., .F., .F.,
 ( 4, 4 ),
 ( 7.000000000000000000, 8.000000000000000000 ),
 .UNSPECIFIED. ) ;
#11718 = PLANE ( 'NONE',  #5398 ) ;
#11719 = VERTEX_POINT ( 'NONE', #1090 ) ;
#11720 = CARTESIAN_POINT ( 'NONE',  ( 0.2766141001972113322, 0.3000000000000000444, 0.1900927570203859163 ) ) ;
#11721 = SURFACE_STYLE_FILL_AREA ( #7200 ) ;
#11722 = LINE ( 'NONE', #9108, #6344 ) ;
#11723 = DIRECTION ( 'NONE',  ( -0.3592492403233707443, -0.0000000000000000000, -0.9332416532319380842 ) ) ;
#11724 = B_SPLINE_CURVE_WITH_KNOTS ( 'NONE', 3,
 ( #9052, #1462, #5156, #3301 ),
 .UNSPECIFIED., .F., .F.,
 ( 4, 4 ),
 ( 20.00000000000000000, 21.00000000000000000 ),
 .UNSPECIFIED. ) ;
#11725 = CARTESIAN_POINT ( 'NONE',  ( -0.05090353491118973506, 0.3010000000383806218, 0.1822507638114128914 ) ) ;
#11726 = STYLED_ITEM ( 'NONE', ( #2909 ), #4409 ) ;
#11727 = CARTESIAN_POINT ( 'NONE',  ( -0.06503813254809825972, 0.3010000000383806218, 0.1652124337543380006 ) ) ;
#11728 = ORIENTED_EDGE ( 'NONE', *, *, #11892, .F. ) ;
#11729 = CARTESIAN_POINT ( 'NONE',  ( 0.2835608266892032936, 0.3000000000000000444, 0.1281076399072667571 ) ) ;
#11730 = CARTESIAN_POINT ( 'NONE',  ( -0.1945390498360939080, 0.3000000000383806209, 0.1829476931888865954 ) ) ;
#11731 = CARTESIAN_POINT ( 'NONE',  ( -0.1435480375257111030, 0.3000000000383806209, 0.04147239510818574726 ) ) ;
#11732 = ORIENTED_EDGE ( 'NONE', *, *, #3110, .F. ) ;
#11733 = STYLED_ITEM ( 'NONE', ( #12161 ), #5089 ) ;
#11734 = SURFACE_STYLE_USAGE ( .BOTH. , #2208 ) ;
#11735 = DIRECTION ( 'NONE',  ( -0.0000000000000000000, -1.000000000000000000, -0.0000000000000000000 ) ) ;
#11736 = CARTESIAN_POINT ( 'NONE',  ( -0.06936772024716261753, 0.3010000000383806773, 0.1005487491876268652 ) ) ;
#11737 = ORIENTED_EDGE ( 'NONE', *, *, #853, .F. ) ;
#11738 = PLANE ( 'NONE',  #4407 ) ;
#11739 = B_SPLINE_CURVE_WITH_KNOTS ( 'NONE', 3,
 ( #11649, #5077, #8855, #7920 ),
 .UNSPECIFIED., .F., .F.,
 ( 4, 4 ),
 ( 1.000000000000000000, 2.000000000000000000 ),
 .UNSPECIFIED. ) ;
#11740 = STYLED_ITEM ( 'NONE', ( #3647 ), #5447 ) ;
#11741 = LINE ( 'NONE', #2214, #8580 ) ;
#11742 = EDGE_CURVE ( 'NONE', #3385, #7975, #1206, .T. ) ;
#11743 = EDGE_CURVE ( 'NONE', #7853, #5295, #2206, .T. ) ;
#11744 = SURFACE_SIDE_STYLE ('',( #3201 ) ) ;
#11745 = FILL_AREA_STYLE ('',( #8640 ) ) ;
#11746 = B_SPLINE_CURVE_WITH_KNOTS ( 'NONE', 3,
 ( #7797, #6295, #3324, #8151 ),
 .UNSPECIFIED., .F., .F.,
 ( 4, 4 ),
 ( 2.000000000000000000, 3.000000000000000000 ),
 .UNSPECIFIED. ) ;
#11747 = VERTEX_POINT ( 'NONE', #208 ) ;
#11748 = MECHANICAL_DESIGN_GEOMETRIC_PRESENTATION_REPRESENTATION (  '', ( #3248 ), #5806 ) ;
#11749 = B_SPLINE_SURFACE_WITH_KNOTS ( 'NONE', 3, 1, ( 
 ( #6005, #11996 ),
 ( #12056, #6356 ),
 ( #6412, #2698 ),
 ( #793, #1792 ) ),
 .UNSPECIFIED., .F., .F., .F.,
 ( 4, 4 ),
 ( 2, 2 ),
 ( 5.000000000000000000, 6.000000000000000000 ),
 ( 0.0000000000000000000, 1.000000000000000000 ),
 .UNSPECIFIED. ) ;
#11750 =( NAMED_UNIT ( * ) PLANE_ANGLE_UNIT ( ) SI_UNIT ( $, .RADIAN. ) );
#11751 = ORIENTED_EDGE ( 'NONE', *, *, #635, .T. ) ;
#11752 = ORIENTED_EDGE ( 'NONE', *, *, #10938, .F. ) ;
#11753 =( NAMED_UNIT ( * ) PLANE_ANGLE_UNIT ( ) SI_UNIT ( $, .RADIAN. ) );
#11754 = FILL_AREA_STYLE_COLOUR ( '', #5419 ) ;
#11755 = ADVANCED_FACE ( 'NONE', ( #7700 ), #7201, .F. ) ;
#11756 =( GEOMETRIC_REPRESENTATION_CONTEXT ( 3 ) GLOBAL_UNCERTAINTY_ASSIGNED_CONTEXT ( ( #11792 ) ) GLOBAL_UNIT_ASSIGNED_CONTEXT ( ( #10282, #11157, #10105 ) ) REPRESENTATION_CONTEXT ( 'NONE', 'WORKASPACE' ) );
#11757 = CARTESIAN_POINT ( 'NONE',  ( 0.2336201379977393688, 0.3010000000383806218, 0.1967287431326869840 ) ) ;
#11758 = FILL_AREA_STYLE ('',( #6804 ) ) ;
#11759 = EDGE_CURVE ( 'NONE', #1668, #625, #11793, .T. ) ;
#11760 = CARTESIAN_POINT ( 'NONE',  ( -0.2325172464158174468, 0.3000000000383806209, 0.2005522263714948350 ) ) ;
#11761 = DIRECTION ( 'NONE',  ( -0.3216389368451683106, 0.0000000000000000000, -0.9468623945986607282 ) ) ;
#11762 = CARTESIAN_POINT ( 'NONE',  ( -0.1461669451910468098, 0.3000000000000000444, 0.04348139981061993620 ) ) ;
#11763 = ADVANCED_FACE ( 'NONE', ( #8059 ), #11038, .F. ) ;
#11764 = FACE_OUTER_BOUND ( 'NONE', #4542, .T. ) ;
#11765 = FACE_OUTER_BOUND ( 'NONE', #8346, .T. ) ;
#11766 = VERTEX_POINT ( 'NONE', #10044 ) ;
#11767 = CARTESIAN_POINT ( 'NONE',  ( 0.2578167557320734105, 0.3010000000383806218, 0.08801480081575580039 ) ) ;
#11768 = COLOUR_RGB ( '',0.7686274509803920907, 0.7686274509803920907, 0.7686274509803920907 ) ;
#11769 = PLANE ( 'NONE',  #816 ) ;
#11770 =( NAMED_UNIT ( * ) PLANE_ANGLE_UNIT ( ) SI_UNIT ( $, .RADIAN. ) );
#11771 = B_SPLINE_SURFACE_WITH_KNOTS ( 'NONE', 3, 1, ( 
 ( #11325, #3698 ),
 ( #8593, #7482 ),
 ( #11260, #6624 ),
 ( #5633, #9462 ) ),
 .UNSPECIFIED., .F., .F., .F.,
 ( 4, 4 ),
 ( 2, 2 ),
 ( 9.000000000000000000, 10.00000000000000000 ),
 ( 0.0000000000000000000, 1.000000000000000000 ),
 .UNSPECIFIED. ) ;
#11772 = LINE ( 'NONE', #4086, #9750 ) ;
#11773 = B_SPLINE_CURVE_WITH_KNOTS ( 'NONE', 3,
 ( #2871, #3727, #8558, #2681 ),
 .UNSPECIFIED., .F., .F.,
 ( 4, 4 ),
 ( 4.000000000000000000, 5.000000000000000000 ),
 .UNSPECIFIED. ) ;
#11774 =( LENGTH_UNIT ( ) NAMED_UNIT ( * ) SI_UNIT ( .MILLI., .METRE. ) );
#11775 = FACE_OUTER_BOUND ( 'NONE', #1505, .T. ) ;
#11776 = ORIENTED_EDGE ( 'NONE', *, *, #7210, .F. ) ;
#11777 =( LENGTH_UNIT ( ) NAMED_UNIT ( * ) SI_UNIT ( .MILLI., .METRE. ) );
#11778 = LINE ( 'NONE', #378, #3191 ) ;
#11779 = SURFACE_STYLE_FILL_AREA ( #5208 ) ;
#11780 = ORIENTED_EDGE ( 'NONE', *, *, #2507, .T. ) ;
#11781 = UNCERTAINTY_MEASURE_WITH_UNIT (LENGTH_MEASURE( 1.000000000000000082E-05 ), #480, 'distance_accuracy_value', 'NONE');
#11782 = DIRECTION ( 'NONE',  ( 7.264154555652879708E-15, -1.000000000000000000, -0.0000000000000000000 ) ) ;
#11783 = CARTESIAN_POINT ( 'NONE',  ( -0.2206694978298006649, 0.3010000000383806773, 0.1683821530840460545 ) ) ;
#11784 = SURFACE_STYLE_USAGE ( .BOTH. , #6262 ) ;
#11785 = CARTESIAN_POINT ( 'NONE',  ( -0.1513366261722605965, 0.3000000000383806764, 0.05548543408044907810 ) ) ;
#11786 = SURFACE_SIDE_STYLE ('',( #11967 ) ) ;
#11787 = VERTEX_POINT ( 'NONE', #2391 ) ;
#11788 = SURFACE_SIDE_STYLE ('',( #7144 ) ) ;
#11789 = FACE_OUTER_BOUND ( 'NONE', #4161, .T. ) ;
#11790 = VECTOR ( 'NONE', #2147, 1000.000000000000000 ) ;
#11791 = EDGE_LOOP ( 'NONE', ( #12024, #7238, #12035, #3459 ) ) ;
#11792 = UNCERTAINTY_MEASURE_WITH_UNIT (LENGTH_MEASURE( 1.000000000000000082E-05 ), #10282, 'distance_accuracy_value', 'NONE');
#11793 = LINE ( 'NONE', #5225, #6542 ) ;
#11794 = PRESENTATION_STYLE_ASSIGNMENT (( #8061 ) ) ;
#11795 = CARTESIAN_POINT ( 'NONE',  ( -0.1167080486193376176, 0.3000000000000000444, 0.1868997923239089920 ) ) ;
#11796 = PRESENTATION_STYLE_ASSIGNMENT (( #6089 ) ) ;
#11797 = SURFACE_SIDE_STYLE ('',( #5101 ) ) ;
#11798 = ORIENTED_EDGE ( 'NONE', *, *, #6972, .T. ) ;
#11799 = COLOUR_RGB ( '',1.000000000000000000, 1.000000000000000000, 1.000000000000000000 ) ;
#11800 = SURFACE_SIDE_STYLE ('',( #10050 ) ) ;
#11801 = DIRECTION ( 'NONE',  ( -0.007092178509963293145, -0.0000000000000000000, 0.9999748501857348426 ) ) ;
#11802 = SURFACE_STYLE_FILL_AREA ( #4249 ) ;
#11803 = COLOUR_RGB ( '',0.1019607843137254888, 0.1019607843137254888, 0.1019607843137254888 ) ;
#11804 = CARTESIAN_POINT ( 'NONE',  ( 0.09469197609897327117, 0.3010000000383806218, 0.1510612868822690524 ) ) ;
#11805 = ORIENTED_EDGE ( 'NONE', *, *, #8167, .F. ) ;
#11806 = EDGE_CURVE ( 'NONE', #5854, #1295, #543, .T. ) ;
#11807 = EDGE_CURVE ( 'NONE', #9907, #8911, #1332, .T. ) ;
#11808 = CARTESIAN_POINT ( 'NONE',  ( 0.2109310183554720664, 0.3010000000383806218, 0.2152215261950932990 ) ) ;
#11809 = CARTESIAN_POINT ( 'NONE',  ( 0.03419893732606900383, 0.3000000000000000444, 0.1172291181780548558 ) ) ;
#11810 = VERTEX_POINT ( 'NONE', #6150 ) ;
#11811 = CARTESIAN_POINT ( 'NONE',  ( -0.1113433495717457700, 0.3000000000000000444, 0.09242146902170773892 ) ) ;
#11812 = CARTESIAN_POINT ( 'NONE',  ( -0.02433419011534256396, 0.3010000000383806773, 0.2141006279177168348 ) ) ;
#11813 = ORIENTED_EDGE ( 'NONE', *, *, #5436, .F. ) ;
#11814 = ADVANCED_FACE ( 'NONE', ( #336 ), #9799, .F. ) ;
#11815 = FACE_OUTER_BOUND ( 'NONE', #5015, .T. ) ;
#11816 = AXIS2_PLACEMENT_3D ( 'NONE', #10280, #878, #4704 ) ;
#11817 =( NAMED_UNIT ( * ) SI_UNIT ( $, .STERADIAN. ) SOLID_ANGLE_UNIT ( ) );
#11818 =( NAMED_UNIT ( * ) PLANE_ANGLE_UNIT ( ) SI_UNIT ( $, .RADIAN. ) );
#11819 = DIRECTION ( 'NONE',  ( -0.0000000000000000000, -1.000000000000000000, -0.0000000000000000000 ) ) ;
#11820 = CARTESIAN_POINT ( 'NONE',  ( -0.1479273002113785374, 0.3010000000383806218, 0.04758645964856490079 ) ) ;
#11821 = ORIENTED_EDGE ( 'NONE', *, *, #9646, .F. ) ;
#11822 = CARTESIAN_POINT ( 'NONE',  ( -0.1180266107297594513, 0.3010000000383806218, 0.08033336945613479829 ) ) ;
#11823 = EDGE_CURVE ( 'NONE', #10326, #8395, #9303, .T. ) ;
#11824 = COLOUR_RGB ( '',1.000000000000000000, 1.000000000000000000, 1.000000000000000000 ) ;
#11825 = ORIENTED_EDGE ( 'NONE', *, *, #1602, .F. ) ;
#11826 = EDGE_CURVE ( 'NONE', #1230, #1306, #10227, .T. ) ;
#11827 = DIRECTION ( 'NONE',  ( -0.9999748501857348426, -0.0000000000000000000, -0.007092178509963895962 ) ) ;
#11828 = DIRECTION ( 'NONE',  ( -0.3427414958530342615, -0.0000000000000000000, -0.9394297562992267592 ) ) ;
#11829 = SURFACE_STYLE_FILL_AREA ( #3286 ) ;
#11830 = SURFACE_STYLE_FILL_AREA ( #6017 ) ;
#11831 = ORIENTED_EDGE ( 'NONE', *, *, #11151, .F. ) ;
#11832 = STYLED_ITEM ( 'NONE', ( #10090 ), #2972 ) ;
#11833 = PLANE ( 'NONE',  #7733 ) ;
#11834 = VECTOR ( 'NONE', #6186, 1000.000000000000000 ) ;
#11835 = DIRECTION ( 'NONE',  ( 0.007092178509957596313, 0.0000000000000000000, -0.9999748501857349536 ) ) ;
#11836 = EDGE_LOOP ( 'NONE', ( #11728, #12155, #2475, #8008, #10442, #1375, #444 ) ) ;
#11837 = PRESENTATION_STYLE_ASSIGNMENT (( #8046 ) ) ;
#11838 = DIRECTION ( 'NONE',  ( -0.007092178509963466618, 0.0000000000000000000, 0.9999748501857348426 ) ) ;
#11839 = ADVANCED_FACE ( 'NONE', ( #7506 ), #11351, .F. ) ;
#11840 = DIRECTION ( 'NONE',  ( -0.9999748501857348426, -0.0000000000000000000, -0.007092178509962077972 ) ) ;
#11841 = CARTESIAN_POINT ( 'NONE',  ( -0.08016290024583248852, 0.3010000000383806218, 0.09426467504032319533 ) ) ;
#11842 = CARTESIAN_POINT ( 'NONE',  ( 0.4999999999999997780, 0.3000000000000000444, 0.2499999999999999445 ) ) ;
#11843 = ORIENTED_EDGE ( 'NONE', *, *, #7046, .T. ) ;
#11844 =( NAMED_UNIT ( * ) PLANE_ANGLE_UNIT ( ) SI_UNIT ( $, .RADIAN. ) );
#11845 = CARTESIAN_POINT ( 'NONE',  ( -0.1922311580050684032, 0.3010000000383806773, 0.06205797030644794737 ) ) ;
#11846 = B_SPLINE_SURFACE_WITH_KNOTS ( 'NONE', 3, 1, ( 
 ( #10653, #2192 ),
 ( #1078, #3977 ),
 ( #8612, #1262 ),
 ( #5083, #9733 ) ),
 .UNSPECIFIED., .F., .F., .F.,
 ( 4, 4 ),
 ( 2, 2 ),
 ( 12.00000000000000000, 13.00000000000000000 ),
 ( 0.0000000000000000000, 1.000000000000000000 ),
 .UNSPECIFIED. ) ;
#11847 = LINE ( 'NONE', #8808, #2966 ) ;
#11848 = EDGE_CURVE ( 'NONE', #735, #6361, #12031, .T. ) ;
#11849 = ORIENTED_EDGE ( 'NONE', *, *, #4851, .F. ) ;
#11850 = STYLED_ITEM ( 'NONE', ( #8090 ), #7693 ) ;
#11851 = PRESENTATION_STYLE_ASSIGNMENT (( #8873 ) ) ;
#11852 = CARTESIAN_POINT ( 'NONE',  ( -0.1284783512381004744, 0.3010000000383806773, 0.09819551713281136907 ) ) ;
#11853 = CARTESIAN_POINT ( 'NONE',  ( -0.06694115715677316503, 0.3010000000383806218, 0.06188599195807011066 ) ) ;
#11854 = PLANE ( 'NONE',  #4953 ) ;
#11855 = CARTESIAN_POINT ( 'NONE',  ( 0.4499999999999981792, 0.2499999999999998335, 0.0000000000000000000 ) ) ;
#11856 = ORIENTED_EDGE ( 'NONE', *, *, #10314, .T. ) ;
#11857 = FACE_BOUND ( 'NONE', #10112, .T. ) ;
#11858 = CARTESIAN_POINT ( 'NONE',  ( 0.2234092700980876978, 0.3000000000000000444, 0.1684588857120254135 ) ) ;
#11859 = PLANE ( 'NONE',  #4008 ) ;
#11860 = DIRECTION ( 'NONE',  ( 0.007092178509964266325, 0.0000000000000000000, -0.9999748501857348426 ) ) ;
#11861 = ORIENTED_EDGE ( 'NONE', *, *, #582, .T. ) ;
#11862 = EDGE_CURVE ( 'NONE', #5295, #902, #3669, .T. ) ;
#11863 = CARTESIAN_POINT ( 'NONE',  ( -0.2369041256808862850, 0.3010000000383806773, 0.1087809648539770080 ) ) ;
#11864 = PRESENTATION_LAYER_ASSIGNMENT (  '', '', ( #5144 ) ) ;
#11865 = STYLED_ITEM ( 'NONE', ( #10732 ), #10973 ) ;
#11866 = CARTESIAN_POINT ( 'NONE',  ( -0.1125910249069113911, 0.3000000000000000444, 0.07481947365459803989 ) ) ;
#11867 = VERTEX_POINT ( 'NONE', #7328 ) ;
#11868 = FILL_AREA_STYLE_COLOUR ( '', #5470 ) ;
#11869 = LINE ( 'NONE', #6239, #6331 ) ;
#11870 = ORIENTED_EDGE ( 'NONE', *, *, #4169, .T. ) ;
#11871 = DIRECTION ( 'NONE',  ( -0.007092178509965236036, -0.0000000000000000000, 0.9999748501857348426 ) ) ;
#11872 =( GEOMETRIC_REPRESENTATION_CONTEXT ( 3 ) GLOBAL_UNCERTAINTY_ASSIGNED_CONTEXT ( ( #7577 ) ) GLOBAL_UNIT_ASSIGNED_CONTEXT ( ( #10523, #3962, #1606 ) ) REPRESENTATION_CONTEXT ( 'NONE', 'WORKASPACE' ) );
#11873 = MECHANICAL_DESIGN_GEOMETRIC_PRESENTATION_REPRESENTATION (  '', ( #6332 ), #6926 ) ;
#11874 = CARTESIAN_POINT ( 'NONE',  ( 0.1120895504005327420, 0.3010000000383806773, 0.08351078173869919130 ) ) ;
#11875 = CARTESIAN_POINT ( 'NONE',  ( -0.09075765645126747383, 0.3010000000383806773, 0.09490698425427500362 ) ) ;
#11876 = CARTESIAN_POINT ( 'NONE',  ( -0.2286452180045759619, 0.3000000000383806764, 0.05484355339127713197 ) ) ;
#11877 = VERTEX_POINT ( 'NONE', #7448 ) ;
#11878 = MECHANICAL_DESIGN_GEOMETRIC_PRESENTATION_REPRESENTATION (  '', ( #614 ), #1208 ) ;
#11879 = SURFACE_SIDE_STYLE ('',( #10886 ) ) ;
#11880 = ORIENTED_EDGE ( 'NONE', *, *, #2528, .F. ) ;
#11881 = SURFACE_STYLE_USAGE ( .BOTH. , #3283 ) ;
#11882 = ORIENTED_EDGE ( 'NONE', *, *, #11655, .T. ) ;
#11883 = VECTOR ( 'NONE', #4973, 1000.000000000000000 ) ;
#11884 = B_SPLINE_CURVE_WITH_KNOTS ( 'NONE', 3,
 ( #4620, #5852, #9445, #3821 ),
 .UNSPECIFIED., .F., .F.,
 ( 4, 4 ),
 ( 11.00000000000000000, 12.00000000000000000 ),
 .UNSPECIFIED. ) ;
#11885 = VECTOR ( 'NONE', #6069, 1000.000000000000114 ) ;
#11886 = DIRECTION ( 'NONE',  ( -0.0000000000000000000, -1.000000000000000000, -0.0000000000000000000 ) ) ;
#11887 = CARTESIAN_POINT ( 'NONE',  ( -0.05552257985069933288, 0.3010000000383806218, 0.06383858790339787259 ) ) ;
#11888 = LINE ( 'NONE', #1691, #552 ) ;
#11889 = ORIENTED_EDGE ( 'NONE', *, *, #11641, .T. ) ;
#11890 =( NAMED_UNIT ( * ) SI_UNIT ( $, .STERADIAN. ) SOLID_ANGLE_UNIT ( ) );
#11891 = ADVANCED_FACE ( 'NONE', ( #4425 ), #2735, .F. ) ;
#11892 = EDGE_CURVE ( 'NONE', #4137, #9276, #4956, .T. ) ;
#11893 = CARTESIAN_POINT ( 'NONE',  ( -0.06170677045693973711, 0.3000000000000000444, 0.05615231452637654136 ) ) ;
#11894 = CARTESIAN_POINT ( 'NONE',  ( -0.07003371823190170098, 0.3010000000383806218, 0.2054478401807157129 ) ) ;
#11895 = ORIENTED_EDGE ( 'NONE', *, *, #7270, .T. ) ;
#11896 = VECTOR ( 'NONE', #3168, 1000.000000000000000 ) ;
#11897 = COLOUR_RGB ( '',1.000000000000000000, 1.000000000000000000, 1.000000000000000000 ) ;
#11898 = COLOUR_RGB ( '',1.000000000000000000, 1.000000000000000000, 1.000000000000000000 ) ;
#11899 = UNCERTAINTY_MEASURE_WITH_UNIT (LENGTH_MEASURE( 1.000000000000000082E-05 ), #9732, 'distance_accuracy_value', 'NONE');
#11900 = SURFACE_STYLE_FILL_AREA ( #7926 ) ;
#11901 = PRESENTATION_LAYER_ASSIGNMENT (  '', '', ( #4968 ) ) ;
#11902 = LINE ( 'NONE', #4156, #8131 ) ;
#11903 = COLOUR_RGB ( '',1.000000000000000000, 1.000000000000000000, 1.000000000000000000 ) ;
#11904 = LINE ( 'NONE', #9044, #4172 ) ;
#11905 = DIRECTION ( 'NONE',  ( 0.0000000000000000000, -0.0000000000000000000, 1.000000000000000000 ) ) ;
#11906 = CARTESIAN_POINT ( 'NONE',  ( -0.2436912618190237023, 0.3010000000383806773, 0.1751126428800156842 ) ) ;
#11907 = VECTOR ( 'NONE', #7767, 1000.000000000000000 ) ;
#11908 = B_SPLINE_CURVE_WITH_KNOTS ( 'NONE', 3,
 ( #9455, #981, #8399, #8274 ),
 .UNSPECIFIED., .F., .F.,
 ( 4, 4 ),
 ( 28.00000000000000000, 29.00000000000000000 ),
 .UNSPECIFIED. ) ;
#11909 = AXIS2_PLACEMENT_3D ( 'NONE', #605, #6301, #5434 ) ;
#11910 = ORIENTED_EDGE ( 'NONE', *, *, #9932, .F. ) ;
#11911 = ADVANCED_FACE ( 'NONE', ( #5707 ), #10412, .F. ) ;
#11912 = CARTESIAN_POINT ( 'NONE',  ( 0.1260660218168953850, 0.3010000000383806773, 0.1313287011573964491 ) ) ;
#11913 = CARTESIAN_POINT ( 'NONE',  ( -0.1404462351503606155, 0.3010000000383806773, 0.2132771198560967363 ) ) ;
#11914 = ADVANCED_FACE ( 'NONE', ( #11530 ), #2869, .F. ) ;
#11915 = ORIENTED_EDGE ( 'NONE', *, *, #582, .F. ) ;
#11916 = EDGE_CURVE ( 'NONE', #4328, #9736, #10536, .T. ) ;
#11917 = UNCERTAINTY_MEASURE_WITH_UNIT (LENGTH_MEASURE( 1.000000000000000082E-05 ), #12119, 'distance_accuracy_value', 'NONE');
#11918 =( NAMED_UNIT ( * ) SI_UNIT ( $, .STERADIAN. ) SOLID_ANGLE_UNIT ( ) );
#11919 = B_SPLINE_CURVE_WITH_KNOTS ( 'NONE', 3,
 ( #7571, #12, #10346, #11215 ),
 .UNSPECIFIED., .F., .F.,
 ( 4, 4 ),
 ( 4.000000000000000000, 5.000000000000000000 ),
 .UNSPECIFIED. ) ;
#11920 = B_SPLINE_CURVE_WITH_KNOTS ( 'NONE', 3,
 ( #2435, #637, #7078, #10785 ),
 .UNSPECIFIED., .F., .F.,
 ( 4, 4 ),
 ( 7.000000000000000000, 8.000000000000000000 ),
 .UNSPECIFIED. ) ;
#11921 = VECTOR ( 'NONE', #3309, 1000.000000000000000 ) ;
#11922 =( NAMED_UNIT ( * ) PLANE_ANGLE_UNIT ( ) SI_UNIT ( $, .RADIAN. ) );
#11923 = ORIENTED_EDGE ( 'NONE', *, *, #6497, .F. ) ;
#11924 = CARTESIAN_POINT ( 'NONE',  ( 0.09816225471974694694, 0.3010000000383806218, 0.1510858993367255598 ) ) ;
#11925 = STYLED_ITEM ( 'NONE', ( #8786 ), #1510 ) ;
#11926 = PRESENTATION_LAYER_ASSIGNMENT (  '', '', ( #10930 ) ) ;
#11927 = SURFACE_STYLE_FILL_AREA ( #1532 ) ;
#11928 = VECTOR ( 'NONE', #10025, 1000.000000000000000 ) ;
#11929 = CARTESIAN_POINT ( 'NONE',  ( 0.2316327286574872968, 0.3010000000383806218, 0.1711200534376403071 ) ) ;
#11930 =( NAMED_UNIT ( * ) PLANE_ANGLE_UNIT ( ) SI_UNIT ( $, .RADIAN. ) );
#11931 =( NAMED_UNIT ( * ) SI_UNIT ( $, .STERADIAN. ) SOLID_ANGLE_UNIT ( ) );
#11932 = CARTESIAN_POINT ( 'NONE',  ( -0.1011360593096691241, 0.3000000000000000444, 0.09143328301897346577 ) ) ;
#11933 = VERTEX_POINT ( 'NONE', #8487 ) ;
#11934 = DIRECTION ( 'NONE',  ( -0.0000000000000000000, -1.000000000000000000, -0.0000000000000000000 ) ) ;
#11935 =( NAMED_UNIT ( * ) SI_UNIT ( $, .STERADIAN. ) SOLID_ANGLE_UNIT ( ) );
#11936 = CARTESIAN_POINT ( 'NONE',  ( -0.2028220619280017845, 0.3010000000383806218, 0.1831073017652502244 ) ) ;
#11937 = ORIENTED_EDGE ( 'NONE', *, *, #2382, .F. ) ;
#11938 = CARTESIAN_POINT ( 'NONE',  ( -0.3097798096351688235, 0.3000000000383806209, 0.1054566875151959487 ) ) ;
#11939 = EDGE_LOOP ( 'NONE', ( #5418, #7749, #7101, #1954 ) ) ;
#11940 = CARTESIAN_POINT ( 'NONE',  ( -0.06571274714772742942, 0.3010000000383806218, 0.2009554253597677365 ) ) ;
#11941 = CARTESIAN_POINT ( 'NONE',  ( 0.2401238400747974511, 0.3010000000383806218, 0.1972086742878463861 ) ) ;
#11942 = EDGE_CURVE ( 'NONE', #7360, #4949, #2077, .T. ) ;
#11943 = FILL_AREA_STYLE_COLOUR ( '', #6304 ) ;
#11944 = SURFACE_STYLE_FILL_AREA ( #10949 ) ;
#11945 = ORIENTED_EDGE ( 'NONE', *, *, #8680, .F. ) ;
#11946 = B_SPLINE_SURFACE_WITH_KNOTS ( 'NONE', 3, 1, ( 
 ( #3708, #4938 ),
 ( #181, #11267 ),
 ( #8598, #2970 ),
 ( #7560, #6629 ) ),
 .UNSPECIFIED., .F., .F., .F.,
 ( 4, 4 ),
 ( 2, 2 ),
 ( 20.00000000000000000, 21.00000000000000000 ),
 ( 0.0000000000000000000, 1.000000000000000000 ),
 .UNSPECIFIED. ) ;
#11947 = PRESENTATION_LAYER_ASSIGNMENT (  '', '', ( #1478 ) ) ;
#11948 = DIRECTION ( 'NONE',  ( -0.0000000000000000000, -1.000000000000000000, -0.0000000000000000000 ) ) ;
#11949 = ORIENTED_EDGE ( 'NONE', *, *, #10840, .T. ) ;
#11950 = DIRECTION ( 'NONE',  ( -0.0000000000000000000, 0.0000000000000000000, -1.000000000000000000 ) ) ;
#11951 = ORIENTED_EDGE ( 'NONE', *, *, #9703, .T. ) ;
#11952 = FILL_AREA_STYLE_COLOUR ( '', #5058 ) ;
#11953 = ORIENTED_EDGE ( 'NONE', *, *, #11596, .F. ) ;
#11954 =( NAMED_UNIT ( * ) PLANE_ANGLE_UNIT ( ) SI_UNIT ( $, .RADIAN. ) );
#11955 = B_SPLINE_SURFACE_WITH_KNOTS ( 'NONE', 3, 1, ( 
 ( #919, #59 ),
 ( #10444, #3833 ),
 ( #11375, #2902 ),
 ( #6802, #6681 ) ),
 .UNSPECIFIED., .F., .F., .F.,
 ( 4, 4 ),
 ( 2, 2 ),
 ( 3.000000000000000000, 4.000000000000000000 ),
 ( 0.0000000000000000000, 1.000000000000000000 ),
 .UNSPECIFIED. ) ;
#11956 = SURFACE_STYLE_USAGE ( .BOTH. , #5320 ) ;
#11957 = FACE_OUTER_BOUND ( 'NONE', #8462, .T. ) ;
#11958 = ORIENTED_EDGE ( 'NONE', *, *, #9854, .F. ) ;
#11959 =( NAMED_UNIT ( * ) PLANE_ANGLE_UNIT ( ) SI_UNIT ( $, .RADIAN. ) );
#11960 = ORIENTED_EDGE ( 'NONE', *, *, #6985, .T. ) ;
#11961 = CARTESIAN_POINT ( 'NONE',  ( -0.2521797830824283881, 0.3010000000383806773, 0.1514701366250619796 ) ) ;
#11962 = PRESENTATION_STYLE_ASSIGNMENT (( #11784 ) ) ;
#11963 = EDGE_CURVE ( 'NONE', #10270, #712, #1077, .T. ) ;
#11964 = DIRECTION ( 'NONE',  ( 1.000000000000000000, 0.0000000000000000000, 0.0000000000000000000 ) ) ;
#11965 = EDGE_CURVE ( 'NONE', #9216, #10550, #3417, .T. ) ;
#11966 = CARTESIAN_POINT ( 'NONE',  ( -0.2702033004280597339, 0.3000000000383806209, 0.07800633718390394267 ) ) ;
#11967 = SURFACE_STYLE_FILL_AREA ( #1645 ) ;
#11968 = B_SPLINE_SURFACE_WITH_KNOTS ( 'NONE', 3, 1, ( 
 ( #9661, #1506 ),
 ( #4462, #11893 ),
 ( #12138, #3411 ),
 ( #1748, #2662 ) ),
 .UNSPECIFIED., .F., .F., .F.,
 ( 4, 4 ),
 ( 2, 2 ),
 ( 7.000000000000000000, 8.000000000000000000 ),
 ( 0.0000000000000000000, 1.000000000000000000 ),
 .UNSPECIFIED. ) ;
#11969 = SURFACE_STYLE_FILL_AREA ( #11091 ) ;
#11970 = EDGE_CURVE ( 'NONE', #8282, #192, #7134, .T. ) ;
#11971 = VERTEX_POINT ( 'NONE', #6944 ) ;
#11972 = PRESENTATION_STYLE_ASSIGNMENT (( #8296 ) ) ;
#11973 = CARTESIAN_POINT ( 'NONE',  ( 0.1127817436576375870, 0.3000000000383806764, 0.1082427051004219570 ) ) ;
#11974 = SURFACE_STYLE_USAGE ( .BOTH. , #8188 ) ;
#11975 = VERTEX_POINT ( 'NONE', #10722 ) ;
#11976 = EDGE_CURVE ( 'NONE', #4719, #2733, #3293, .T. ) ;
#11977 = CARTESIAN_POINT ( 'NONE',  ( -0.1793621688085147992, 0.3010000000383806218, 0.1519865851327462658 ) ) ;
#11978 = CARTESIAN_POINT ( 'NONE',  ( 0.1014171741586473718, 0.3010000000383806218, 0.1814754786806165032 ) ) ;
#11979 = EDGE_LOOP ( 'NONE', ( #7036, #11303, #10394, #4394 ) ) ;
#11980 =( NAMED_UNIT ( * ) PLANE_ANGLE_UNIT ( ) SI_UNIT ( $, .RADIAN. ) );
#11981 = PRESENTATION_LAYER_ASSIGNMENT (  '', '', ( #741 ) ) ;
#11982 = FACE_OUTER_BOUND ( 'NONE', #5117, .T. ) ;
#11983 = LINE ( 'NONE', #1408, #4984 ) ;
#11984 = SURFACE_STYLE_USAGE ( .BOTH. , #9011 ) ;
#11985 =( NAMED_UNIT ( * ) SI_UNIT ( $, .STERADIAN. ) SOLID_ANGLE_UNIT ( ) );
#11986 = EDGE_LOOP ( 'NONE', ( #11222, #9142, #432, #3176 ) ) ;
#11987 = SURFACE_STYLE_FILL_AREA ( #2692 ) ;
#11988 = ORIENTED_EDGE ( 'NONE', *, *, #10839, .T. ) ;
#11989 = CARTESIAN_POINT ( 'NONE',  ( -0.1060716889868553725, 0.3010000000383806218, 0.09682595060005891319 ) ) ;
#11990 = CARTESIAN_POINT ( 'NONE',  ( -0.08283843371524411692, 0.3000000000000000444, 0.05587766714118955202 ) ) ;
#11991 = EDGE_LOOP ( 'NONE', ( #10739, #7639, #4856, #815 ) ) ;
#11992 = LINE ( 'NONE', #5247, #11152 ) ;
#11993 = CARTESIAN_POINT ( 'NONE',  ( -0.2328986290345830268, 0.3000000000383806209, 0.2015477141739892841 ) ) ;
#11994 = PRESENTATION_LAYER_ASSIGNMENT (  '', '', ( #10603 ) ) ;
#11995 = SURFACE_SIDE_STYLE ('',( #10374 ) ) ;
#11996 = CARTESIAN_POINT ( 'NONE',  ( -0.09679829535651728045, 0.3000000000000000444, 0.2121205910882233703 ) ) ;
#11997 =( NAMED_UNIT ( * ) PLANE_ANGLE_UNIT ( ) SI_UNIT ( $, .RADIAN. ) );
#11998 = ORIENTED_EDGE ( 'NONE', *, *, #7129, .F. ) ;
#11999 =( LENGTH_UNIT ( ) NAMED_UNIT ( * ) SI_UNIT ( .MILLI., .METRE. ) );
#12000 = CARTESIAN_POINT ( 'NONE',  ( -0.2786044463837674678, 0.3000000000000000444, 0.09482244866090128177 ) ) ;
#12001 = ORIENTED_EDGE ( 'NONE', *, *, #10511, .T. ) ;
#12002 = ORIENTED_EDGE ( 'NONE', *, *, #7736, .T. ) ;
#12003 = VECTOR ( 'NONE', #622, 1000.000000000000000 ) ;
#12004 = CARTESIAN_POINT ( 'NONE',  ( 0.09256921454295001517, 0.3010000000383806218, 0.08337233655035201918 ) ) ;
#12006 = ORIENTED_EDGE ( 'NONE', *, *, #7670, .T. ) ;
#12005 = MECHANICAL_DESIGN_GEOMETRIC_PRESENTATION_REPRESENTATION (  '', ( #1336 ), #6043 ) ;
#12007 = CARTESIAN_POINT ( 'NONE',  ( 0.03419893732606900383, 0.3010000000383806218, 0.1172291181780548558 ) ) ;
#12008 =( NAMED_UNIT ( * ) PLANE_ANGLE_UNIT ( ) SI_UNIT ( $, .RADIAN. ) );
#12009 = VERTEX_POINT ( 'NONE', #5211 ) ;
#12010 = FACE_OUTER_BOUND ( 'NONE', #10998, .T. ) ;
#12011 = VECTOR ( 'NONE', #918, 1000.000000000000114 ) ;
#12012 = CARTESIAN_POINT ( 'NONE',  ( -0.09067934299154378763, 0.3010000000383806773, 0.08386503289269027495 ) ) ;
#12013 = ORIENTED_EDGE ( 'NONE', *, *, #8317, .F. ) ;
#12014 = CARTESIAN_POINT ( 'NONE',  ( 0.1935981002751219482, 0.3000000000383806209, 0.02899538591180083474 ) ) ;
#12015 = SURFACE_SIDE_STYLE ('',( #3710 ) ) ;
#12016 = CARTESIAN_POINT ( 'NONE',  ( 0.2265750020595469760, 0.3010000000383806218, 0.08909462447471964974 ) ) ;
#12017 = ADVANCED_FACE ( 'NONE', ( #2260 ), #2646, .F. ) ;
#12018 = CARTESIAN_POINT ( 'NONE',  ( -0.2027550309158670239, 0.3010000000383806218, 0.1736561400068279970 ) ) ;
#12019 = CARTESIAN_POINT ( 'NONE',  ( -0.09048046219976775550, 0.3000000000000000444, 0.05582346714787933539 ) ) ;
#12020 = PRESENTATION_LAYER_ASSIGNMENT (  '', '', ( #5095 ) ) ;
#12021 = SURFACE_SIDE_STYLE ('',( #758 ) ) ;
#12022 = COLOUR_RGB ( '',1.000000000000000000, 1.000000000000000000, 1.000000000000000000 ) ;
#12023 = SURFACE_SIDE_STYLE ('',( #880 ) ) ;
#12024 = ORIENTED_EDGE ( 'NONE', *, *, #1590, .T. ) ;
#12025 = CARTESIAN_POINT ( 'NONE',  ( 0.1739393192289856449, 0.3000000000000000444, 0.04837727658082612708 ) ) ;
#12026 = LINE ( 'NONE', #11973, #9056 ) ;
#12027 = CARTESIAN_POINT ( 'NONE',  ( -0.2636122843015362704, 0.3010000000383806218, 0.06791518837213486592 ) ) ;
#12028 = EDGE_LOOP ( 'NONE', ( #8560, #9059, #751, #4206 ) ) ;
#12029 = EDGE_CURVE ( 'NONE', #11877, #12256, #11594, .T. ) ;
#12030 = UNCERTAINTY_MEASURE_WITH_UNIT (LENGTH_MEASURE( 1.000000000000000082E-05 ), #7000, 'distance_accuracy_value', 'NONE');
#12031 = LINE ( 'NONE', #10294, #8321 ) ;
#12032 = MECHANICAL_DESIGN_GEOMETRIC_PRESENTATION_REPRESENTATION (  '', ( #10440 ), #163 ) ;
#12033 = SURFACE_STYLE_FILL_AREA ( #1955 ) ;
#12034 = CARTESIAN_POINT ( 'NONE',  ( -0.07130338486278821331, 0.3010000000383806218, 0.06119998952027910777 ) ) ;
#12035 = ORIENTED_EDGE ( 'NONE', *, *, #5281, .F. ) ;
#12036 = B_SPLINE_CURVE_WITH_KNOTS ( 'NONE', 3,
 ( #2478, #6998, #5391, #8096 ),
 .UNSPECIFIED., .F., .F.,
 ( 4, 4 ),
 ( 27.00000000000000000, 28.00000000000000000 ),
 .UNSPECIFIED. ) ;
#12037 =( GEOMETRIC_REPRESENTATION_CONTEXT ( 3 ) GLOBAL_UNCERTAINTY_ASSIGNED_CONTEXT ( ( #8794 ) ) GLOBAL_UNIT_ASSIGNED_CONTEXT ( ( #8991, #1566, #7256 ) ) REPRESENTATION_CONTEXT ( 'NONE', 'WORKASPACE' ) );
#12038 = FACE_OUTER_BOUND ( 'NONE', #1047, .T. ) ;
#12039 = EDGE_CURVE ( 'NONE', #353, #9365, #323, .T. ) ;
#12040 = FILL_AREA_STYLE_COLOUR ( '', #5187 ) ;
#12041 = CARTESIAN_POINT ( 'NONE',  ( -0.1876830186384911003, 0.3000000000383806209, 0.2102594568377461060 ) ) ;
#12042 = ORIENTED_EDGE ( 'NONE', *, *, #1465, .T. ) ;
#12043 = CARTESIAN_POINT ( 'NONE',  ( -0.2337328483809981705, 0.3010000000383806773, 0.2048171174027608454 ) ) ;
#12044 = B_SPLINE_SURFACE_WITH_KNOTS ( 'NONE', 3, 1, ( 
 ( #4806, #10054 ),
 ( #8012, #527 ),
 ( #2281, #348 ),
 ( #2399, #7884 ) ),
 .UNSPECIFIED., .F., .F., .F.,
 ( 4, 4 ),
 ( 2, 2 ),
 ( 15.00000000000000000, 16.00000000000000000 ),
 ( 0.0000000000000000000, 1.000000000000000000 ),
 .UNSPECIFIED. ) ;
#12045 = FILL_AREA_STYLE ('',( #3503 ) ) ;
#12046 =( NAMED_UNIT ( * ) PLANE_ANGLE_UNIT ( ) SI_UNIT ( $, .RADIAN. ) );
#12047 = ORIENTED_EDGE ( 'NONE', *, *, #4722, .F. ) ;
#12048 = UNCERTAINTY_MEASURE_WITH_UNIT (LENGTH_MEASURE( 1.000000000000000082E-05 ), #3102, 'distance_accuracy_value', 'NONE');
#12049 = FILL_AREA_STYLE_COLOUR ( '', #3798 ) ;
#12050 = ORIENTED_EDGE ( 'NONE', *, *, #1233, .F. ) ;
#12051 = VECTOR ( 'NONE', #1978, 1000.000000000000114 ) ;
#12052 = LINE ( 'NONE', #1728, #6605 ) ;
#12053 = CARTESIAN_POINT ( 'NONE',  ( -0.2343635447031647834, 0.3010000000383806218, 0.2013813568590243908 ) ) ;
#12054 = CARTESIAN_POINT ( 'NONE',  ( -0.2521797830824283881, 0.3000000000383806764, 0.1514701366250619796 ) ) ;
#12055 = EDGE_CURVE ( 'NONE', #8095, #88, #8920, .T. ) ;
#12056 = CARTESIAN_POINT ( 'NONE',  ( -0.09300460198725063465, 0.3010000000383806773, 0.2138007539817342872 ) ) ;
#12057 = LINE ( 'NONE', #7178, #834 ) ;
#12058 = EDGE_LOOP ( 'NONE', ( #12178, #1784, #4378, #7500 ) ) ;
#12059 = MECHANICAL_DESIGN_GEOMETRIC_PRESENTATION_REPRESENTATION (  '', ( #7505 ), #6319 ) ;
#12060 =( NAMED_UNIT ( * ) SI_UNIT ( $, .STERADIAN. ) SOLID_ANGLE_UNIT ( ) );
#12061 = ORIENTED_EDGE ( 'NONE', *, *, #83, .T. ) ;
#12062 = ADVANCED_FACE ( 'NONE', ( #7075 ), #10837, .F. ) ;
#12063 = DIRECTION ( 'NONE',  ( 0.3451999324342971964, 0.0000000000000000000, -0.9385291719746150507 ) ) ;
#12064 = ORIENTED_EDGE ( 'NONE', *, *, #6300, .T. ) ;
#12065 = FILL_AREA_STYLE ('',( #2774 ) ) ;
#12066 = ORIENTED_EDGE ( 'NONE', *, *, #7281, .F. ) ;
#12067 = MECHANICAL_DESIGN_GEOMETRIC_PRESENTATION_REPRESENTATION (  '', ( #9682 ), #3948 ) ;
#12068 = CARTESIAN_POINT ( 'NONE',  ( -0.02340991431105948761, 0.3010000000383806773, 0.08378064829231048061 ) ) ;
#12069 = EDGE_CURVE ( 'NONE', #1834, #3360, #1640, .T. ) ;
#12070 = COLOUR_RGB ( '',1.000000000000000000, 1.000000000000000000, 1.000000000000000000 ) ;
#12071 = FILL_AREA_STYLE ('',( #10089 ) ) ;
#12072 = ORIENTED_EDGE ( 'NONE', *, *, #2139, .F. ) ;
#12073 = CARTESIAN_POINT ( 'NONE',  ( -0.05995991569839124319, 0.3010000000383806773, 0.08913625659843756044 ) ) ;
#12074 = ORIENTED_EDGE ( 'NONE', *, *, #3827, .T. ) ;
#12075 =( GEOMETRIC_REPRESENTATION_CONTEXT ( 3 ) GLOBAL_UNCERTAINTY_ASSIGNED_CONTEXT ( ( #2990 ) ) GLOBAL_UNIT_ASSIGNED_CONTEXT ( ( #3262, #2279, #10929 ) ) REPRESENTATION_CONTEXT ( 'NONE', 'WORKASPACE' ) );
#12076 = PRESENTATION_STYLE_ASSIGNMENT (( #697 ) ) ;
#12077 = SURFACE_STYLE_USAGE ( .BOTH. , #12201 ) ;
#12078 = MECHANICAL_DESIGN_GEOMETRIC_PRESENTATION_REPRESENTATION (  '', ( #6143 ), #11094 ) ;
#12079 = CARTESIAN_POINT ( 'NONE',  ( -0.1404462351503606155, 0.3010000000383806773, 0.2132771198560967363 ) ) ;
#12080 = AXIS2_PLACEMENT_3D ( 'NONE', #243, #4820, #8528 ) ;
#12081 =( NAMED_UNIT ( * ) PLANE_ANGLE_UNIT ( ) SI_UNIT ( $, .RADIAN. ) );
#12082 = CARTESIAN_POINT ( 'NONE',  ( -0.01577176247628619271, 0.3010000000383806773, 0.1173678569419379508 ) ) ;
#12083 = CARTESIAN_POINT ( 'NONE',  ( -0.2703112579657556136, 0.3010000000383806218, 0.09322801024702592754 ) ) ;
#12084 = PRESENTATION_LAYER_ASSIGNMENT (  '', '', ( #9700 ) ) ;
#12085 = ORIENTED_EDGE ( 'NONE', *, *, #8691, .F. ) ;
#12086 = MECHANICAL_DESIGN_GEOMETRIC_PRESENTATION_REPRESENTATION (  '', ( #11486 ), #221 ) ;
#12087 = STYLED_ITEM ( 'NONE', ( #7268 ), #11891 ) ;
#12088 = VECTOR ( 'NONE', #10689, 1000.000000000000114 ) ;
#12089 = FACE_OUTER_BOUND ( 'NONE', #1549, .T. ) ;
#12090 = EDGE_CURVE ( 'NONE', #8791, #7813, #8356, .T. ) ;
#12091 = PRESENTATION_LAYER_ASSIGNMENT (  '', '', ( #4569 ) ) ;
#12092 = CARTESIAN_POINT ( 'NONE',  ( -0.1562488046639261552, 0.3010000000383806773, 0.04877518144947042000 ) ) ;
#12093 = VERTEX_POINT ( 'NONE', #11961 ) ;
#12094 = VECTOR ( 'NONE', #8615, 1000.000000000000000 ) ;
#12095 = CARTESIAN_POINT ( 'NONE',  ( -0.1414015620100129988, 0.3000000000383806764, 0.1522558153035966089 ) ) ;
#12096 = AXIS2_PLACEMENT_3D ( 'NONE', #11709, #1367, #8684 ) ;
#12097 = CARTESIAN_POINT ( 'NONE',  ( -0.07962566394887087007, 0.3000000000383806209, 0.06469702645513186745 ) ) ;
#12098 = COLOUR_RGB ( '',1.000000000000000000, 1.000000000000000000, 1.000000000000000000 ) ;
#12099 = VERTEX_POINT ( 'NONE', #5331 ) ;
#12100 = VECTOR ( 'NONE', #6006, 1000.000000000000000 ) ;
#12101 = DIRECTION ( 'NONE',  ( -0.007092178509964611535, 0.0000000000000000000, 0.9999748501857348426 ) ) ;
#12102 = CARTESIAN_POINT ( 'NONE',  ( 0.2398746465872760858, 0.3000000000000000444, 0.1711785080609857512 ) ) ;
#12103 = CARTESIAN_POINT ( 'NONE',  ( -0.05988339222454173300, 0.3000000000000000444, 0.2058941521792218843 ) ) ;
#12104 = VECTOR ( 'NONE', #6749, 1000.000000000000000 ) ;
#12105 = CARTESIAN_POINT ( 'NONE',  ( -0.07504465569276723425, 0.3010000000383806218, 0.1005084863354538394 ) ) ;
#12106 = SURFACE_STYLE_FILL_AREA ( #3622 ) ;
#12107 = MECHANICAL_DESIGN_GEOMETRIC_PRESENTATION_REPRESENTATION (  '', ( #2615 ), #6581 ) ;
#12108 = ORIENTED_EDGE ( 'NONE', *, *, #2744, .T. ) ;
#12109 = CARTESIAN_POINT ( 'NONE',  ( -0.06927822973042647992, 0.3000000000000000444, 0.05494445472113325402 ) ) ;
#12110 = CARTESIAN_POINT ( 'NONE',  ( -0.1180266107297594513, 0.3000000000000000444, 0.08033336945613479829 ) ) ;
#12111 = CARTESIAN_POINT ( 'NONE',  ( -0.2343635447031647834, 0.3000000000383806209, 0.2013813568590243908 ) ) ;
#12112 = ORIENTED_EDGE ( 'NONE', *, *, #2812, .F. ) ;
#12113 = EDGE_CURVE ( 'NONE', #9632, #3480, #9064, .T. ) ;
#12114 = CARTESIAN_POINT ( 'NONE',  ( -0.1224997779783061347, 0.3010000000383806218, 0.06670126856538299842 ) ) ;
#12115 = ORIENTED_EDGE ( 'NONE', *, *, #1253, .T. ) ;
#12116 = EDGE_CURVE ( 'NONE', #2512, #6460, #1562, .T. ) ;
#12117 = COLOUR_RGB ( '',1.000000000000000000, 1.000000000000000000, 1.000000000000000000 ) ;
#12118 = PRESENTATION_LAYER_ASSIGNMENT (  '', '', ( #10932 ) ) ;
#12119 =( LENGTH_UNIT ( ) NAMED_UNIT ( * ) SI_UNIT ( .MILLI., .METRE. ) );
#12120 = CARTESIAN_POINT ( 'NONE',  ( -0.1356768246753327356, 0.3010000000383806218, 0.03560145137876107035 ) ) ;
#12121 = CARTESIAN_POINT ( 'NONE',  ( -0.1563250175356250549, 0.3010000000383806773, 0.06611823915281013486 ) ) ;
#12122 = ORIENTED_EDGE ( 'NONE', *, *, #914, .T. ) ;
#12123 = VERTEX_POINT ( 'NONE', #6493 ) ;
#12124 = MECHANICAL_DESIGN_GEOMETRIC_PRESENTATION_REPRESENTATION (  '', ( #11733 ), #9156 ) ;
#12125 = FILL_AREA_STYLE_COLOUR ( '', #7882 ) ;
#12126 = FILL_AREA_STYLE ('',( #8344 ) ) ;
#12127 = VERTEX_POINT ( 'NONE', #873 ) ;
#12128 =( LENGTH_UNIT ( ) NAMED_UNIT ( * ) SI_UNIT ( .MILLI., .METRE. ) );
#12129 = EDGE_CURVE ( 'NONE', #6007, #8189, #9175, .T. ) ;
#12130 = ORIENTED_EDGE ( 'NONE', *, *, #10011, .F. ) ;
#12131 = CARTESIAN_POINT ( 'NONE',  ( -0.1513366261722605965, 0.3010000000383806773, 0.05548543408044907810 ) ) ;
#12132 = SURFACE_STYLE_FILL_AREA ( #8166 ) ;
#12133 = ADVANCED_FACE ( 'NONE', ( #10167 ), #9354, .F. ) ;
#12134 = MECHANICAL_DESIGN_GEOMETRIC_PRESENTATION_REPRESENTATION (  '', ( #1470 ), #280 ) ;
#12135 = DIRECTION ( 'NONE',  ( -0.9912876782291656363, 0.0000000000000000000, 0.1317146119116256453 ) ) ;
#12136 = ORIENTED_EDGE ( 'NONE', *, *, #2495, .F. ) ;
#12137 = CARTESIAN_POINT ( 'NONE',  ( -0.1032275776034935477, 0.3010000000383806218, 0.08065668413473843501 ) ) ;
#12138 = CARTESIAN_POINT ( 'NONE',  ( -0.06505172009923927690, 0.3010000000383806218, 0.05497443063580040312 ) ) ;
#12139 = SURFACE_STYLE_USAGE ( .BOTH. , #9172 ) ;
#12140 = ORIENTED_EDGE ( 'NONE', *, *, #4875, .F. ) ;
#12141 = UNCERTAINTY_MEASURE_WITH_UNIT (LENGTH_MEASURE( 1.000000000000000082E-05 ), #2555, 'distance_accuracy_value', 'NONE');
#12142 = DIRECTION ( 'NONE',  ( -0.2455530343989390518, 0.0000000000000000000, -0.9693831581461860303 ) ) ;
#12143 = DIRECTION ( 'NONE',  ( 0.007092178509962502111, -0.0000000000000000000, -0.9999748501857348426 ) ) ;
#12144 = FACE_OUTER_BOUND ( 'NONE', #5449, .T. ) ;
#12145 = CARTESIAN_POINT ( 'NONE',  ( 0.07477478006641244401, 0.3010000000383806218, 0.08454754994499789900 ) ) ;
#12146 = CARTESIAN_POINT ( 'NONE',  ( -0.1008470305938001660, 0.3010000000383806773, 0.05727842632315501697 ) ) ;
#12147 = SURFACE_STYLE_USAGE ( .BOTH. , #12021 ) ;
#12148 = ADVANCED_FACE ( 'NONE', ( #633 ), #11946, .F. ) ;
#12149 = FILL_AREA_STYLE_COLOUR ( '', #10565 ) ;
#12150 = ORIENTED_EDGE ( 'NONE', *, *, #9205, .T. ) ;
#12151 = PRESENTATION_STYLE_ASSIGNMENT (( #7265 ) ) ;
#12152 = COLOUR_RGB ( '',1.000000000000000000, 1.000000000000000000, 1.000000000000000000 ) ;
#12153 = PLANE ( 'NONE',  #2157 ) ;
#12154 = DIRECTION ( 'NONE',  ( 0.9999748501857348426, 0.0000000000000000000, 0.007092178509964134486 ) ) ;
#12155 = ORIENTED_EDGE ( 'NONE', *, *, #10233, .F. ) ;
#12156 = UNCERTAINTY_MEASURE_WITH_UNIT (LENGTH_MEASURE( 1.000000000000000082E-05 ), #6437, 'distance_accuracy_value', 'NONE');
#12157 = CARTESIAN_POINT ( 'NONE',  ( 0.2183422894924522684, 0.3000000000383806209, 0.2100684035978636344 ) ) ;
#12158 = PRESENTATION_LAYER_ASSIGNMENT (  '', '', ( #3654 ) ) ;
#12159 = CARTESIAN_POINT ( 'NONE',  ( 0.09816225471974694694, 0.3010000000383806218, 0.1510858993367255598 ) ) ;
#12160 = ORIENTED_EDGE ( 'NONE', *, *, #3274, .T. ) ;
#12161 = PRESENTATION_STYLE_ASSIGNMENT (( #3672 ) ) ;
#12162 = CARTESIAN_POINT ( 'NONE',  ( -0.06330585771785759985, 0.3000000000383806209, 0.06830644680900753440 ) ) ;
#12163 = CARTESIAN_POINT ( 'NONE',  ( -0.1551615128869879290, 0.3010000000383806773, 0.06260162315677947342 ) ) ;
#12164 =( NAMED_UNIT ( * ) SI_UNIT ( $, .STERADIAN. ) SOLID_ANGLE_UNIT ( ) );
#12165 = CARTESIAN_POINT ( 'NONE',  ( -0.1555259721820835828, 0.3010000000383806773, 0.06341006985373308369 ) ) ;
#12166 = CARTESIAN_POINT ( 'NONE',  ( -0.2454264887174818222, 0.3000000000000000444, 0.05472453463045744149 ) ) ;
#12167 = CARTESIAN_POINT ( 'NONE',  ( -0.3092639260244501864, 0.3010000000383806773, 0.1074879252756928555 ) ) ;
#12168 = ORIENTED_EDGE ( 'NONE', *, *, #332, .T. ) ;
#12169 = SURFACE_SIDE_STYLE ('',( #11987 ) ) ;
#12170 = CARTESIAN_POINT ( 'NONE',  ( 0.09686090230551035185, 0.3000000000383806209, 0.1510766696809753007 ) ) ;
#12171 = VERTEX_POINT ( 'NONE', #9468 ) ;
#12172 = EDGE_CURVE ( 'NONE', #2838, #5854, #1860, .T. ) ;
#12173 = SURFACE_SIDE_STYLE ('',( #11241 ) ) ;
#12174 = CARTESIAN_POINT ( 'NONE',  ( -0.2337328483809981150, 0.3010000000383806773, 0.2048171174027608732 ) ) ;
#12175 = DIRECTION ( 'NONE',  ( 7.264154555652879708E-15, 1.000000000000000000, 0.0000000000000000000 ) ) ;
#12176 = LINE ( 'NONE', #12054, #2811 ) ;
#12177 = FACE_OUTER_BOUND ( 'NONE', #10131, .T. ) ;
#12178 = ORIENTED_EDGE ( 'NONE', *, *, #1095, .T. ) ;
#12179 = CARTESIAN_POINT ( 'NONE',  ( -0.1011086274763220716, 0.3010000000383806218, 0.08756548084747654837 ) ) ;
#12180 = SURFACE_SIDE_STYLE ('',( #4809 ) ) ;
#12181 = ORIENTED_EDGE ( 'NONE', *, *, #7004, .T. ) ;
#12182 = EDGE_CURVE ( 'NONE', #10210, #6951, #4879, .T. ) ;
#12183 = EDGE_CURVE ( 'NONE', #8308, #7441, #12258, .T. ) ;
#12184 = CARTESIAN_POINT ( 'NONE',  ( -0.1166584943397403207, 0.3010000000383806773, 0.1799127948524280318 ) ) ;
#12185 = ORIENTED_EDGE ( 'NONE', *, *, #11641, .F. ) ;
#12186 = EDGE_CURVE ( 'NONE', #8597, #9841, #2120, .T. ) ;
#12187 = CARTESIAN_POINT ( 'NONE',  ( -0.1878940549403086968, 0.3010000000383806218, 0.1652457078455596695 ) ) ;
#12188 = ORIENTED_EDGE ( 'NONE', *, *, #8797, .T. ) ;
#12189 = PLANE ( 'NONE',  #2920 ) ;
#12190 = CARTESIAN_POINT ( 'NONE',  ( 0.07477478006641244401, 0.3000000000383806209, 0.08454754994499789900 ) ) ;
#12191 = AXIS2_PLACEMENT_3D ( 'NONE', #8833, #5997, #9076 ) ;
#12192 = FACE_OUTER_BOUND ( 'NONE', #11146, .T. ) ;
#12193 = B_SPLINE_CURVE_WITH_KNOTS ( 'NONE', 3,
 ( #9475, #7744, #11447, #2796 ),
 .UNSPECIFIED., .F., .F.,
 ( 4, 4 ),
 ( 1.000000000000000000, 2.000000000000000000 ),
 .UNSPECIFIED. ) ;
#12194 = ORIENTED_EDGE ( 'NONE', *, *, #6428, .T. ) ;
#12195 = CARTESIAN_POINT ( 'NONE',  ( -0.08238606380397087148, 0.3000000000000000444, 0.2076061665215889196 ) ) ;
#12196 = LINE ( 'NONE', #9593, #10905 ) ;
#12197 =( NAMED_UNIT ( * ) SI_UNIT ( $, .STERADIAN. ) SOLID_ANGLE_UNIT ( ) );
#12198 = VERTEX_POINT ( 'NONE', #8721 ) ;
#12199 = EDGE_CURVE ( 'NONE', #7685, #7109, #3955, .T. ) ;
#12200 = PRESENTATION_STYLE_ASSIGNMENT (( #1754 ) ) ;
#12201 = SURFACE_SIDE_STYLE ('',( #8413 ) ) ;
#12202 = VECTOR ( 'NONE', #8480, 1000.000000000000000 ) ;
#12203 = DIRECTION ( 'NONE',  ( 0.9999748501857348426, -0.0000000000000000000, 0.007092178509963394627 ) ) ;
#12204 = CARTESIAN_POINT ( 'NONE',  ( 0.1737393428458150757, 0.3010000000383806773, 0.07657331726434679631 ) ) ;
#12205 = CARTESIAN_POINT ( 'NONE',  ( 0.06109670222509443888, 0.3000000000000000444, 0.1169860697357324036 ) ) ;
#12206 = B_SPLINE_CURVE_WITH_KNOTS ( 'NONE', 3,
 ( #771, #6512, #4532, #6392 ),
 .UNSPECIFIED., .F., .F.,
 ( 4, 4 ),
 ( 4.000000000000000000, 5.000000000000000000 ),
 .UNSPECIFIED. ) ;
#12207 = CARTESIAN_POINT ( 'NONE',  ( 0.1844086016753657964, 0.3010000000383806773, 0.1013759932615268117 ) ) ;
#12208 = CARTESIAN_POINT ( 'NONE',  ( -0.07420978241982030543, 0.3010000000383806218, 0.1587215196079294066 ) ) ;
#12209 = PLANE ( 'NONE',  #10950 ) ;
#12210 = ORIENTED_EDGE ( 'NONE', *, *, #11965, .F. ) ;
#12211 = CARTESIAN_POINT ( 'NONE',  ( -0.1684574757390471245, 0.3010000000383806773, 0.09884777657425046493 ) ) ;
#12212 = CARTESIAN_POINT ( 'NONE',  ( -0.1008470305938001660, 0.3010000000383806773, 0.05727842632315501697 ) ) ;
#12213 = PRESENTATION_STYLE_ASSIGNMENT (( #9554 ) ) ;
#12214 = EDGE_LOOP ( 'NONE', ( #1564, #2653, #7055, #8949 ) ) ;
#12215 = FILL_AREA_STYLE_COLOUR ( '', #631 ) ;
#12216 = FILL_AREA_STYLE_COLOUR ( '', #2802 ) ;
#12217 = PRESENTATION_STYLE_ASSIGNMENT (( #1771 ) ) ;
#12218 = EDGE_LOOP ( 'NONE', ( #1736, #2381, #3692, #2852 ) ) ;
#12219 = VECTOR ( 'NONE', #717, 1000.000000000000114 ) ;
#12220 = CARTESIAN_POINT ( 'NONE',  ( -0.1093632146618768869, 0.3010000000383806218, 0.09911092655362621628 ) ) ;
#12221 = CARTESIAN_POINT ( 'NONE',  ( -0.06702701012145938220, 0.3010000000383806218, 0.09955546006437338002 ) ) ;
#12222 = CARTESIAN_POINT ( 'NONE',  ( -0.1553642605812432242, 0.3000000000000000444, 0.06260018519777491020 ) ) ;
#12223 = CARTESIAN_POINT ( 'NONE',  ( -0.08819141830943036386, 0.3010000000383806218, 0.2146771158920066924 ) ) ;
#12224 = CARTESIAN_POINT ( 'NONE',  ( -0.1922751976859913281, 0.3010000000383806218, 0.1694257606879575884 ) ) ;
#12225 = CARTESIAN_POINT ( 'NONE',  ( 0.09469197609897327117, 0.3000000000000000444, 0.1510612868822690524 ) ) ;
#12226 = VECTOR ( 'NONE', #2385, 1000.000000000000227 ) ;
#12227 = CARTESIAN_POINT ( 'NONE',  ( -0.2550803981701580403, 0.3000000000383806209, 0.05465606565931812461 ) ) ;
#12228 = FILL_AREA_STYLE_COLOUR ( '', #2424 ) ;
#12229 = VERTEX_POINT ( 'NONE', #1889 ) ;
#12230 =( GEOMETRIC_REPRESENTATION_CONTEXT ( 3 ) GLOBAL_UNCERTAINTY_ASSIGNED_CONTEXT ( ( #10238 ) ) GLOBAL_UNIT_ASSIGNED_CONTEXT ( ( #6137, #10031, #5273 ) ) REPRESENTATION_CONTEXT ( 'NONE', 'WORKASPACE' ) );
#12231 = CARTESIAN_POINT ( 'NONE',  ( -0.2785402912896446925, 0.3000000000000000444, 0.08577678229140707489 ) ) ;
#12232 = ORIENTED_EDGE ( 'NONE', *, *, #512, .T. ) ;
#12233 =( LENGTH_UNIT ( ) NAMED_UNIT ( * ) SI_UNIT ( .MILLI., .METRE. ) );
#12234 = CARTESIAN_POINT ( 'NONE',  ( -0.2904052849400102776, 0.3000000000383806764, 0.05440552895555052226 ) ) ;
#12235 = CYLINDRICAL_SURFACE ( 'NONE', #1620, 0.04999999999999999584 ) ;
#12236 = CARTESIAN_POINT ( 'NONE',  ( 0.4499999999999997891, 0.3000000000000000444, 0.2999999999999999889 ) ) ;
#12237 = CARTESIAN_POINT ( 'NONE',  ( 0.2930118290230381839, 0.3010000000383806218, 0.08002207605094992238 ) ) ;
#12238 = ORIENTED_EDGE ( 'NONE', *, *, #2830, .T. ) ;
#12239 = CARTESIAN_POINT ( 'NONE',  ( -0.1999999999999981515, -0.2500000000000001665, -0.02000000000000000042 ) ) ;
#12240 = CARTESIAN_POINT ( 'NONE',  ( 0.1844086016753657686, 0.3000000000000000444, 0.1013759932615268117 ) ) ;
#12241 = ORIENTED_EDGE ( 'NONE', *, *, #6972, .F. ) ;
#12242 = STYLED_ITEM ( 'NONE', ( #4939 ), #7642 ) ;
#12243 = SURFACE_STYLE_USAGE ( .BOTH. , #8458 ) ;
#12244 = CARTESIAN_POINT ( 'NONE',  ( -0.1925647644945036041, 0.3010000000383806773, 0.1090954354274051019 ) ) ;
#12245 = ORIENTED_EDGE ( 'NONE', *, *, #9106, .T. ) ;
#12246 =( LENGTH_UNIT ( ) NAMED_UNIT ( * ) SI_UNIT ( .MILLI., .METRE. ) );
#12247 = ORIENTED_EDGE ( 'NONE', *, *, #240, .T. ) ;
#12248 = CARTESIAN_POINT ( 'NONE',  ( -0.1835370319264455485, 0.3010000000383806218, 0.2040501572550144083 ) ) ;
#12249 = SURFACE_STYLE_FILL_AREA ( #7725 ) ;
#12250 = MECHANICAL_DESIGN_GEOMETRIC_PRESENTATION_REPRESENTATION (  '', ( #11064 ), #10856 ) ;
#12251 = FACE_OUTER_BOUND ( 'NONE', #7667, .T. ) ;
#12252 = DIRECTION ( 'NONE',  ( 0.9999748501857349536, -0.0000000000000000000, 0.007092178509959796810 ) ) ;
#12253 = COLOUR_RGB ( '',0.1019607843137254888, 0.1019607843137254888, 0.1019607843137254888 ) ;
#12254 =( LENGTH_UNIT ( ) NAMED_UNIT ( * ) SI_UNIT ( .MILLI., .METRE. ) );
#12255 =( NAMED_UNIT ( * ) PLANE_ANGLE_UNIT ( ) SI_UNIT ( $, .RADIAN. ) );
#12256 = VERTEX_POINT ( 'NONE', #10339 ) ;
#12257 = UNCERTAINTY_MEASURE_WITH_UNIT (LENGTH_MEASURE( 1.000000000000000082E-05 ), #5640, 'distance_accuracy_value', 'NONE');
#12258 = LINE ( 'NONE', #7487, #3603 ) ;
#12259 = CARTESIAN_POINT ( 'NONE',  ( -0.1042038153965082758, 0.3000000000383806209, 0.05557016861915701350 ) ) ;
ENDSEC;
END-ISO-10303-21;
